
===========================================================================
report_checks -path_delay min (Hold)
============================================================================
======================= Typical Corner ===================================

Startpoint: _329_ (rising edge-triggered flip-flop clocked by clk)
Endpoint: _329_ (rising edge-triggered flip-flop clocked by clk)
Path Group: clk
Path Type: min

Fanout     Cap    Slew   Delay    Time   Description
-----------------------------------------------------------------------------
                  0.15    0.00    0.00   clock clk (rise edge)
                          0.00    0.00   clock network delay (ideal)
                  0.15    0.00    0.00 ^ _329_/CLK (sky130_fd_sc_hd__dfrtp_1)
                  0.08    0.37    0.37 ^ _329_/Q (sky130_fd_sc_hd__dfrtp_1)
     3    0.01                           baud_count[15] (net)
                  0.08    0.00    0.37 ^ _250_/A1 (sky130_fd_sc_hd__a21oi_1)
                  0.03    0.06    0.43 v _250_/Y (sky130_fd_sc_hd__a21oi_1)
     1    0.00                           _006_ (net)
                  0.03    0.00    0.43 v _329_/D (sky130_fd_sc_hd__dfrtp_1)
                                  0.43   data arrival time

                  0.15    0.00    0.00   clock clk (rise edge)
                          0.00    0.00   clock network delay (ideal)
                          0.25    0.25   clock uncertainty
                          0.00    0.25   clock reconvergence pessimism
                                  0.25 ^ _329_/CLK (sky130_fd_sc_hd__dfrtp_1)
                         -0.02    0.23   library hold time
                                  0.23   data required time
-----------------------------------------------------------------------------
                                  0.23   data required time
                                 -0.43   data arrival time
-----------------------------------------------------------------------------
                                  0.19   slack (MET)


Startpoint: _298_ (rising edge-triggered flip-flop clocked by clk)
Endpoint: _298_ (rising edge-triggered flip-flop clocked by clk)
Path Group: clk
Path Type: min

Fanout     Cap    Slew   Delay    Time   Description
-----------------------------------------------------------------------------
                  0.15    0.00    0.00   clock clk (rise edge)
                          0.00    0.00   clock network delay (ideal)
                  0.15    0.00    0.00 ^ _298_/CLK (sky130_fd_sc_hd__dfrtp_1)
                  0.10    0.38    0.38 ^ _298_/Q (sky130_fd_sc_hd__dfrtp_1)
     4    0.01                           state[2] (net)
                  0.10    0.00    0.38 ^ _185_/A1 (sky130_fd_sc_hd__a21bo_1)
                  0.03    0.11    0.49 ^ _185_/X (sky130_fd_sc_hd__a21bo_1)
     1    0.00                           _018_ (net)
                  0.03    0.00    0.49 ^ _298_/D (sky130_fd_sc_hd__dfrtp_1)
                                  0.49   data arrival time

                  0.15    0.00    0.00   clock clk (rise edge)
                          0.00    0.00   clock network delay (ideal)
                          0.25    0.25   clock uncertainty
                          0.00    0.25   clock reconvergence pessimism
                                  0.25 ^ _298_/CLK (sky130_fd_sc_hd__dfrtp_1)
                         -0.02    0.23   library hold time
                                  0.23   data required time
-----------------------------------------------------------------------------
                                  0.23   data required time
                                 -0.49   data arrival time
-----------------------------------------------------------------------------
                                  0.25   slack (MET)


Startpoint: _328_ (rising edge-triggered flip-flop clocked by clk)
Endpoint: _328_ (rising edge-triggered flip-flop clocked by clk)
Path Group: clk
Path Type: min

Fanout     Cap    Slew   Delay    Time   Description
-----------------------------------------------------------------------------
                  0.15    0.00    0.00   clock clk (rise edge)
                          0.00    0.00   clock network delay (ideal)
                  0.15    0.00    0.00 ^ _328_/CLK (sky130_fd_sc_hd__dfrtp_1)
                  0.09    0.38    0.38 ^ _328_/Q (sky130_fd_sc_hd__dfrtp_1)
     4    0.01                           baud_count[14] (net)
                  0.09    0.00    0.38 ^ _247_/A1 (sky130_fd_sc_hd__o21a_1)
                  0.04    0.12    0.50 ^ _247_/X (sky130_fd_sc_hd__o21a_1)
     1    0.00                           _005_ (net)
                  0.04    0.00    0.50 ^ _328_/D (sky130_fd_sc_hd__dfrtp_1)
                                  0.50   data arrival time

                  0.15    0.00    0.00   clock clk (rise edge)
                          0.00    0.00   clock network delay (ideal)
                          0.25    0.25   clock uncertainty
                          0.00    0.25   clock reconvergence pessimism
                                  0.25 ^ _328_/CLK (sky130_fd_sc_hd__dfrtp_1)
                         -0.02    0.23   library hold time
                                  0.23   data required time
-----------------------------------------------------------------------------
                                  0.23   data required time
                                 -0.50   data arrival time
-----------------------------------------------------------------------------
                                  0.26   slack (MET)


Startpoint: _325_ (rising edge-triggered flip-flop clocked by clk)
Endpoint: _325_ (rising edge-triggered flip-flop clocked by clk)
Path Group: clk
Path Type: min

Fanout     Cap    Slew   Delay    Time   Description
-----------------------------------------------------------------------------
                  0.15    0.00    0.00   clock clk (rise edge)
                          0.00    0.00   clock network delay (ideal)
                  0.15    0.00    0.00 ^ _325_/CLK (sky130_fd_sc_hd__dfrtp_1)
                  0.08    0.36    0.36 ^ _325_/Q (sky130_fd_sc_hd__dfrtp_1)
     3    0.01                           baud_count[11] (net)
                  0.08    0.00    0.36 ^ _238_/A1 (sky130_fd_sc_hd__o211a_1)
                  0.04    0.14    0.51 ^ _238_/X (sky130_fd_sc_hd__o211a_1)
     1    0.00                           _002_ (net)
                  0.04    0.00    0.51 ^ _325_/D (sky130_fd_sc_hd__dfrtp_1)
                                  0.51   data arrival time

                  0.15    0.00    0.00   clock clk (rise edge)
                          0.00    0.00   clock network delay (ideal)
                          0.25    0.25   clock uncertainty
                          0.00    0.25   clock reconvergence pessimism
                                  0.25 ^ _325_/CLK (sky130_fd_sc_hd__dfrtp_1)
                         -0.02    0.23   library hold time
                                  0.23   data required time
-----------------------------------------------------------------------------
                                  0.23   data required time
                                 -0.51   data arrival time
-----------------------------------------------------------------------------
                                  0.28   slack (MET)


Startpoint: _298_ (rising edge-triggered flip-flop clocked by clk)
Endpoint: _297_ (rising edge-triggered flip-flop clocked by clk)
Path Group: clk
Path Type: min

Fanout     Cap    Slew   Delay    Time   Description
-----------------------------------------------------------------------------
                  0.15    0.00    0.00   clock clk (rise edge)
                          0.00    0.00   clock network delay (ideal)
                  0.15    0.00    0.00 ^ _298_/CLK (sky130_fd_sc_hd__dfrtp_1)
                  0.10    0.38    0.38 ^ _298_/Q (sky130_fd_sc_hd__dfrtp_1)
     4    0.01                           state[2] (net)
                  0.10    0.00    0.38 ^ _189_/A1 (sky130_fd_sc_hd__a22o_1)
                  0.04    0.13    0.51 ^ _189_/X (sky130_fd_sc_hd__a22o_1)
     1    0.00                           _017_ (net)
                  0.04    0.00    0.51 ^ _297_/D (sky130_fd_sc_hd__dfrtp_4)
                                  0.51   data arrival time

                  0.15    0.00    0.00   clock clk (rise edge)
                          0.00    0.00   clock network delay (ideal)
                          0.25    0.25   clock uncertainty
                          0.00    0.25   clock reconvergence pessimism
                                  0.25 ^ _297_/CLK (sky130_fd_sc_hd__dfrtp_4)
                         -0.02    0.23   library hold time
                                  0.23   data required time
-----------------------------------------------------------------------------
                                  0.23   data required time
                                 -0.51   data arrival time
-----------------------------------------------------------------------------
                                  0.28   slack (MET)


Startpoint: _320_ (rising edge-triggered flip-flop clocked by clk)
Endpoint: _320_ (rising edge-triggered flip-flop clocked by clk)
Path Group: clk
Path Type: min

Fanout     Cap    Slew   Delay    Time   Description
-----------------------------------------------------------------------------
                  0.15    0.00    0.00   clock clk (rise edge)
                          0.00    0.00   clock network delay (ideal)
                  0.15    0.00    0.00 ^ _320_/CLK (sky130_fd_sc_hd__dfrtp_1)
                  0.11    0.39    0.39 ^ _320_/Q (sky130_fd_sc_hd__dfrtp_1)
     5    0.01                           baud_count[6] (net)
                  0.11    0.00    0.39 ^ _217_/A1 (sky130_fd_sc_hd__o21a_1)
                  0.04    0.13    0.52 ^ _217_/X (sky130_fd_sc_hd__o21a_1)
     1    0.00                           _012_ (net)
                  0.04    0.00    0.52 ^ _320_/D (sky130_fd_sc_hd__dfrtp_1)
                                  0.52   data arrival time

                  0.15    0.00    0.00   clock clk (rise edge)
                          0.00    0.00   clock network delay (ideal)
                          0.25    0.25   clock uncertainty
                          0.00    0.25   clock reconvergence pessimism
                                  0.25 ^ _320_/CLK (sky130_fd_sc_hd__dfrtp_1)
                         -0.02    0.23   library hold time
                                  0.23   data required time
-----------------------------------------------------------------------------
                                  0.23   data required time
                                 -0.52   data arrival time
-----------------------------------------------------------------------------
                                  0.29   slack (MET)


Startpoint: _300_ (rising edge-triggered flip-flop clocked by clk)
Endpoint: _300_ (rising edge-triggered flip-flop clocked by clk)
Path Group: clk
Path Type: min

Fanout     Cap    Slew   Delay    Time   Description
-----------------------------------------------------------------------------
                  0.15    0.00    0.00   clock clk (rise edge)
                          0.00    0.00   clock network delay (ideal)
                  0.15    0.00    0.00 ^ _300_/CLK (sky130_fd_sc_hd__dfrtp_4)
                  0.11    0.46    0.46 ^ _300_/Q (sky130_fd_sc_hd__dfrtp_4)
     8    0.03                           bit_index[0] (net)
                  0.11    0.00    0.46 ^ _183_/A1 (sky130_fd_sc_hd__a21oi_1)
                  0.03    0.07    0.53 v _183_/Y (sky130_fd_sc_hd__a21oi_1)
     1    0.00                           _054_ (net)
                  0.03    0.00    0.53 v _300_/D (sky130_fd_sc_hd__dfrtp_4)
                                  0.53   data arrival time

                  0.15    0.00    0.00   clock clk (rise edge)
                          0.00    0.00   clock network delay (ideal)
                          0.25    0.25   clock uncertainty
                          0.00    0.25   clock reconvergence pessimism
                                  0.25 ^ _300_/CLK (sky130_fd_sc_hd__dfrtp_4)
                         -0.01    0.24   library hold time
                                  0.24   data required time
-----------------------------------------------------------------------------
                                  0.24   data required time
                                 -0.53   data arrival time
-----------------------------------------------------------------------------
                                  0.29   slack (MET)


Startpoint: _299_ (rising edge-triggered flip-flop clocked by clk)
Endpoint: _299_ (rising edge-triggered flip-flop clocked by clk)
Path Group: clk
Path Type: min

Fanout     Cap    Slew   Delay    Time   Description
-----------------------------------------------------------------------------
                  0.15    0.00    0.00   clock clk (rise edge)
                          0.00    0.00   clock network delay (ideal)
                  0.15    0.00    0.00 ^ _299_/CLK (sky130_fd_sc_hd__dfrtp_1)
                  0.14    0.41    0.41 ^ _299_/Q (sky130_fd_sc_hd__dfrtp_1)
     5    0.01                           state[3] (net)
                  0.14    0.00    0.41 ^ _187_/A1 (sky130_fd_sc_hd__a21bo_1)
                  0.03    0.12    0.52 ^ _187_/X (sky130_fd_sc_hd__a21bo_1)
     1    0.00                           _019_ (net)
                  0.03    0.00    0.52 ^ _299_/D (sky130_fd_sc_hd__dfrtp_1)
                                  0.52   data arrival time

                  0.15    0.00    0.00   clock clk (rise edge)
                          0.00    0.00   clock network delay (ideal)
                          0.25    0.25   clock uncertainty
                          0.00    0.25   clock reconvergence pessimism
                                  0.25 ^ _299_/CLK (sky130_fd_sc_hd__dfrtp_1)
                         -0.02    0.23   library hold time
                                  0.23   data required time
-----------------------------------------------------------------------------
                                  0.23   data required time
                                 -0.52   data arrival time
-----------------------------------------------------------------------------
                                  0.29   slack (MET)


Startpoint: _323_ (rising edge-triggered flip-flop clocked by clk)
Endpoint: _323_ (rising edge-triggered flip-flop clocked by clk)
Path Group: clk
Path Type: min

Fanout     Cap    Slew   Delay    Time   Description
-----------------------------------------------------------------------------
                  0.15    0.00    0.00   clock clk (rise edge)
                          0.00    0.00   clock network delay (ideal)
                  0.15    0.00    0.00 ^ _323_/CLK (sky130_fd_sc_hd__dfrtp_1)
                  0.09    0.38    0.38 ^ _323_/Q (sky130_fd_sc_hd__dfrtp_1)
     4    0.01                           baud_count[9] (net)
                  0.09    0.00    0.38 ^ _228_/A1 (sky130_fd_sc_hd__o211a_1)
                  0.04    0.15    0.52 ^ _228_/X (sky130_fd_sc_hd__o211a_1)
     1    0.00                           _015_ (net)
                  0.04    0.00    0.52 ^ _323_/D (sky130_fd_sc_hd__dfrtp_1)
                                  0.52   data arrival time

                  0.15    0.00    0.00   clock clk (rise edge)
                          0.00    0.00   clock network delay (ideal)
                          0.25    0.25   clock uncertainty
                          0.00    0.25   clock reconvergence pessimism
                                  0.25 ^ _323_/CLK (sky130_fd_sc_hd__dfrtp_1)
                         -0.02    0.23   library hold time
                                  0.23   data required time
-----------------------------------------------------------------------------
                                  0.23   data required time
                                 -0.52   data arrival time
-----------------------------------------------------------------------------
                                  0.29   slack (MET)


Startpoint: _311_ (rising edge-triggered flip-flop clocked by clk)
Endpoint: _311_ (rising edge-triggered flip-flop clocked by clk)
Path Group: clk
Path Type: min

Fanout     Cap    Slew   Delay    Time   Description
-----------------------------------------------------------------------------
                  0.15    0.00    0.00   clock clk (rise edge)
                          0.00    0.00   clock network delay (ideal)
                  0.15    0.00    0.00 ^ _311_/CLK (sky130_fd_sc_hd__dfrtp_1)
                  0.06    0.35    0.35 ^ _311_/Q (sky130_fd_sc_hd__dfrtp_1)
     2    0.00                           data_reg[5] (net)
                  0.06    0.00    0.35 ^ _153_/A1 (sky130_fd_sc_hd__mux2_1)
                  0.04    0.12    0.46 ^ _153_/X (sky130_fd_sc_hd__mux2_1)
     1    0.00                           _069_ (net)
                  0.04    0.00    0.46 ^ _154_/A (sky130_fd_sc_hd__clkbuf_1)
                  0.04    0.07    0.53 ^ _154_/X (sky130_fd_sc_hd__clkbuf_1)
     1    0.00                           _063_ (net)
                  0.04    0.00    0.53 ^ _311_/D (sky130_fd_sc_hd__dfrtp_1)
                                  0.53   data arrival time

                  0.15    0.00    0.00   clock clk (rise edge)
                          0.00    0.00   clock network delay (ideal)
                          0.25    0.25   clock uncertainty
                          0.00    0.25   clock reconvergence pessimism
                                  0.25 ^ _311_/CLK (sky130_fd_sc_hd__dfrtp_1)
                         -0.02    0.23   library hold time
                                  0.23   data required time
-----------------------------------------------------------------------------
                                  0.23   data required time
                                 -0.53   data arrival time
-----------------------------------------------------------------------------
                                  0.30   slack (MET)


Startpoint: _308_ (rising edge-triggered flip-flop clocked by clk)
Endpoint: _308_ (rising edge-triggered flip-flop clocked by clk)
Path Group: clk
Path Type: min

Fanout     Cap    Slew   Delay    Time   Description
-----------------------------------------------------------------------------
                  0.15    0.00    0.00   clock clk (rise edge)
                          0.00    0.00   clock network delay (ideal)
                  0.15    0.00    0.00 ^ _308_/CLK (sky130_fd_sc_hd__dfrtp_1)
                  0.06    0.35    0.35 ^ _308_/Q (sky130_fd_sc_hd__dfrtp_1)
     2    0.00                           data_reg[2] (net)
                  0.06    0.00    0.35 ^ _159_/A1 (sky130_fd_sc_hd__mux2_1)
                  0.04    0.11    0.46 ^ _159_/X (sky130_fd_sc_hd__mux2_1)
     1    0.00                           _072_ (net)
                  0.04    0.00    0.46 ^ _160_/A (sky130_fd_sc_hd__clkbuf_1)
                  0.04    0.07    0.53 ^ _160_/X (sky130_fd_sc_hd__clkbuf_1)
     1    0.00                           _060_ (net)
                  0.04    0.00    0.53 ^ _308_/D (sky130_fd_sc_hd__dfrtp_1)
                                  0.53   data arrival time

                  0.15    0.00    0.00   clock clk (rise edge)
                          0.00    0.00   clock network delay (ideal)
                          0.25    0.25   clock uncertainty
                          0.00    0.25   clock reconvergence pessimism
                                  0.25 ^ _308_/CLK (sky130_fd_sc_hd__dfrtp_1)
                         -0.02    0.23   library hold time
                                  0.23   data required time
-----------------------------------------------------------------------------
                                  0.23   data required time
                                 -0.53   data arrival time
-----------------------------------------------------------------------------
                                  0.30   slack (MET)


Startpoint: _313_ (rising edge-triggered flip-flop clocked by clk)
Endpoint: _313_ (rising edge-triggered flip-flop clocked by clk)
Path Group: clk
Path Type: min

Fanout     Cap    Slew   Delay    Time   Description
-----------------------------------------------------------------------------
                  0.15    0.00    0.00   clock clk (rise edge)
                          0.00    0.00   clock network delay (ideal)
                  0.15    0.00    0.00 ^ _313_/CLK (sky130_fd_sc_hd__dfrtp_1)
                  0.06    0.35    0.35 ^ _313_/Q (sky130_fd_sc_hd__dfrtp_1)
     2    0.00                           data_reg[7] (net)
                  0.06    0.00    0.35 ^ _149_/A1 (sky130_fd_sc_hd__mux2_1)
                  0.04    0.11    0.46 ^ _149_/X (sky130_fd_sc_hd__mux2_1)
     1    0.00                           _067_ (net)
                  0.04    0.00    0.46 ^ _150_/A (sky130_fd_sc_hd__clkbuf_1)
                  0.04    0.07    0.53 ^ _150_/X (sky130_fd_sc_hd__clkbuf_1)
     1    0.00                           _065_ (net)
                  0.04    0.00    0.53 ^ _313_/D (sky130_fd_sc_hd__dfrtp_1)
                                  0.53   data arrival time

                  0.15    0.00    0.00   clock clk (rise edge)
                          0.00    0.00   clock network delay (ideal)
                          0.25    0.25   clock uncertainty
                          0.00    0.25   clock reconvergence pessimism
                                  0.25 ^ _313_/CLK (sky130_fd_sc_hd__dfrtp_1)
                         -0.02    0.23   library hold time
                                  0.23   data required time
-----------------------------------------------------------------------------
                                  0.23   data required time
                                 -0.53   data arrival time
-----------------------------------------------------------------------------
                                  0.30   slack (MET)


Startpoint: _309_ (rising edge-triggered flip-flop clocked by clk)
Endpoint: _309_ (rising edge-triggered flip-flop clocked by clk)
Path Group: clk
Path Type: min

Fanout     Cap    Slew   Delay    Time   Description
-----------------------------------------------------------------------------
                  0.15    0.00    0.00   clock clk (rise edge)
                          0.00    0.00   clock network delay (ideal)
                  0.15    0.00    0.00 ^ _309_/CLK (sky130_fd_sc_hd__dfrtp_1)
                  0.06    0.35    0.35 ^ _309_/Q (sky130_fd_sc_hd__dfrtp_1)
     2    0.00                           data_reg[3] (net)
                  0.06    0.00    0.35 ^ _157_/A1 (sky130_fd_sc_hd__mux2_1)
                  0.04    0.11    0.46 ^ _157_/X (sky130_fd_sc_hd__mux2_1)
     1    0.00                           _071_ (net)
                  0.04    0.00    0.46 ^ _158_/A (sky130_fd_sc_hd__clkbuf_1)
                  0.04    0.07    0.53 ^ _158_/X (sky130_fd_sc_hd__clkbuf_1)
     1    0.00                           _061_ (net)
                  0.04    0.00    0.53 ^ _309_/D (sky130_fd_sc_hd__dfrtp_1)
                                  0.53   data arrival time

                  0.15    0.00    0.00   clock clk (rise edge)
                          0.00    0.00   clock network delay (ideal)
                          0.25    0.25   clock uncertainty
                          0.00    0.25   clock reconvergence pessimism
                                  0.25 ^ _309_/CLK (sky130_fd_sc_hd__dfrtp_1)
                         -0.02    0.23   library hold time
                                  0.23   data required time
-----------------------------------------------------------------------------
                                  0.23   data required time
                                 -0.53   data arrival time
-----------------------------------------------------------------------------
                                  0.30   slack (MET)


Startpoint: _312_ (rising edge-triggered flip-flop clocked by clk)
Endpoint: _312_ (rising edge-triggered flip-flop clocked by clk)
Path Group: clk
Path Type: min

Fanout     Cap    Slew   Delay    Time   Description
-----------------------------------------------------------------------------
                  0.15    0.00    0.00   clock clk (rise edge)
                          0.00    0.00   clock network delay (ideal)
                  0.15    0.00    0.00 ^ _312_/CLK (sky130_fd_sc_hd__dfrtp_1)
                  0.06    0.34    0.34 ^ _312_/Q (sky130_fd_sc_hd__dfrtp_1)
     2    0.00                           data_reg[6] (net)
                  0.06    0.00    0.34 ^ _151_/A1 (sky130_fd_sc_hd__mux2_1)
                  0.04    0.11    0.46 ^ _151_/X (sky130_fd_sc_hd__mux2_1)
     1    0.00                           _068_ (net)
                  0.04    0.00    0.46 ^ _152_/A (sky130_fd_sc_hd__clkbuf_1)
                  0.04    0.07    0.53 ^ _152_/X (sky130_fd_sc_hd__clkbuf_1)
     1    0.00                           _064_ (net)
                  0.04    0.00    0.53 ^ _312_/D (sky130_fd_sc_hd__dfrtp_1)
                                  0.53   data arrival time

                  0.15    0.00    0.00   clock clk (rise edge)
                          0.00    0.00   clock network delay (ideal)
                          0.25    0.25   clock uncertainty
                          0.00    0.25   clock reconvergence pessimism
                                  0.25 ^ _312_/CLK (sky130_fd_sc_hd__dfrtp_1)
                         -0.02    0.23   library hold time
                                  0.23   data required time
-----------------------------------------------------------------------------
                                  0.23   data required time
                                 -0.53   data arrival time
-----------------------------------------------------------------------------
                                  0.30   slack (MET)


Startpoint: _310_ (rising edge-triggered flip-flop clocked by clk)
Endpoint: _310_ (rising edge-triggered flip-flop clocked by clk)
Path Group: clk
Path Type: min

Fanout     Cap    Slew   Delay    Time   Description
-----------------------------------------------------------------------------
                  0.15    0.00    0.00   clock clk (rise edge)
                          0.00    0.00   clock network delay (ideal)
                  0.15    0.00    0.00 ^ _310_/CLK (sky130_fd_sc_hd__dfrtp_1)
                  0.06    0.34    0.34 ^ _310_/Q (sky130_fd_sc_hd__dfrtp_1)
     2    0.00                           data_reg[4] (net)
                  0.06    0.00    0.34 ^ _155_/A1 (sky130_fd_sc_hd__mux2_1)
                  0.04    0.11    0.46 ^ _155_/X (sky130_fd_sc_hd__mux2_1)
     1    0.00                           _070_ (net)
                  0.04    0.00    0.46 ^ _156_/A (sky130_fd_sc_hd__clkbuf_1)
                  0.04    0.07    0.53 ^ _156_/X (sky130_fd_sc_hd__clkbuf_1)
     1    0.00                           _062_ (net)
                  0.04    0.00    0.53 ^ _310_/D (sky130_fd_sc_hd__dfrtp_1)
                                  0.53   data arrival time

                  0.15    0.00    0.00   clock clk (rise edge)
                          0.00    0.00   clock network delay (ideal)
                          0.25    0.25   clock uncertainty
                          0.00    0.25   clock reconvergence pessimism
                                  0.25 ^ _310_/CLK (sky130_fd_sc_hd__dfrtp_1)
                         -0.02    0.23   library hold time
                                  0.23   data required time
-----------------------------------------------------------------------------
                                  0.23   data required time
                                 -0.53   data arrival time
-----------------------------------------------------------------------------
                                  0.30   slack (MET)


Startpoint: _307_ (rising edge-triggered flip-flop clocked by clk)
Endpoint: _307_ (rising edge-triggered flip-flop clocked by clk)
Path Group: clk
Path Type: min

Fanout     Cap    Slew   Delay    Time   Description
-----------------------------------------------------------------------------
                  0.15    0.00    0.00   clock clk (rise edge)
                          0.00    0.00   clock network delay (ideal)
                  0.15    0.00    0.00 ^ _307_/CLK (sky130_fd_sc_hd__dfrtp_1)
                  0.06    0.35    0.35 ^ _307_/Q (sky130_fd_sc_hd__dfrtp_1)
     2    0.00                           data_reg[1] (net)
                  0.06    0.00    0.35 ^ _161_/A1 (sky130_fd_sc_hd__mux2_1)
                  0.04    0.11    0.46 ^ _161_/X (sky130_fd_sc_hd__mux2_1)
     1    0.00                           _073_ (net)
                  0.04    0.00    0.46 ^ _162_/A (sky130_fd_sc_hd__clkbuf_1)
                  0.04    0.07    0.53 ^ _162_/X (sky130_fd_sc_hd__clkbuf_1)
     1    0.00                           _059_ (net)
                  0.04    0.00    0.53 ^ _307_/D (sky130_fd_sc_hd__dfrtp_1)
                                  0.53   data arrival time

                  0.15    0.00    0.00   clock clk (rise edge)
                          0.00    0.00   clock network delay (ideal)
                          0.25    0.25   clock uncertainty
                          0.00    0.25   clock reconvergence pessimism
                                  0.25 ^ _307_/CLK (sky130_fd_sc_hd__dfrtp_1)
                         -0.02    0.23   library hold time
                                  0.23   data required time
-----------------------------------------------------------------------------
                                  0.23   data required time
                                 -0.53   data arrival time
-----------------------------------------------------------------------------
                                  0.30   slack (MET)


Startpoint: _322_ (rising edge-triggered flip-flop clocked by clk)
Endpoint: _322_ (rising edge-triggered flip-flop clocked by clk)
Path Group: clk
Path Type: min

Fanout     Cap    Slew   Delay    Time   Description
-----------------------------------------------------------------------------
                  0.15    0.00    0.00   clock clk (rise edge)
                          0.00    0.00   clock network delay (ideal)
                  0.15    0.00    0.00 ^ _322_/CLK (sky130_fd_sc_hd__dfrtp_1)
                  0.14    0.40    0.40 ^ _322_/Q (sky130_fd_sc_hd__dfrtp_1)
     6    0.01                           baud_count[8] (net)
                  0.14    0.00    0.40 ^ _225_/A1 (sky130_fd_sc_hd__o21a_1)
                  0.04    0.13    0.53 ^ _225_/X (sky130_fd_sc_hd__o21a_1)
     1    0.00                           _014_ (net)
                  0.04    0.00    0.53 ^ _322_/D (sky130_fd_sc_hd__dfrtp_1)
                                  0.53   data arrival time

                  0.15    0.00    0.00   clock clk (rise edge)
                          0.00    0.00   clock network delay (ideal)
                          0.25    0.25   clock uncertainty
                          0.00    0.25   clock reconvergence pessimism
                                  0.25 ^ _322_/CLK (sky130_fd_sc_hd__dfrtp_1)
                         -0.02    0.23   library hold time
                                  0.23   data required time
-----------------------------------------------------------------------------
                                  0.23   data required time
                                 -0.53   data arrival time
-----------------------------------------------------------------------------
                                  0.30   slack (MET)


Startpoint: _326_ (rising edge-triggered flip-flop clocked by clk)
Endpoint: _326_ (rising edge-triggered flip-flop clocked by clk)
Path Group: clk
Path Type: min

Fanout     Cap    Slew   Delay    Time   Description
-----------------------------------------------------------------------------
                  0.15    0.00    0.00   clock clk (rise edge)
                          0.00    0.00   clock network delay (ideal)
                  0.15    0.00    0.00 ^ _326_/CLK (sky130_fd_sc_hd__dfrtp_1)
                  0.13    0.40    0.40 ^ _326_/Q (sky130_fd_sc_hd__dfrtp_1)
     6    0.01                           baud_count[12] (net)
                  0.13    0.00    0.40 ^ _240_/A1 (sky130_fd_sc_hd__o21a_1)
                  0.04    0.13    0.53 ^ _240_/X (sky130_fd_sc_hd__o21a_1)
     1    0.00                           _003_ (net)
                  0.04    0.00    0.53 ^ _326_/D (sky130_fd_sc_hd__dfrtp_1)
                                  0.53   data arrival time

                  0.15    0.00    0.00   clock clk (rise edge)
                          0.00    0.00   clock network delay (ideal)
                          0.25    0.25   clock uncertainty
                          0.00    0.25   clock reconvergence pessimism
                                  0.25 ^ _326_/CLK (sky130_fd_sc_hd__dfrtp_1)
                         -0.02    0.23   library hold time
                                  0.23   data required time
-----------------------------------------------------------------------------
                                  0.23   data required time
                                 -0.53   data arrival time
-----------------------------------------------------------------------------
                                  0.30   slack (MET)


Startpoint: _303_ (rising edge-triggered flip-flop clocked by clk)
Endpoint: _303_ (rising edge-triggered flip-flop clocked by clk)
Path Group: clk
Path Type: min

Fanout     Cap    Slew   Delay    Time   Description
-----------------------------------------------------------------------------
                  0.15    0.00    0.00   clock clk (rise edge)
                          0.00    0.00   clock network delay (ideal)
                  0.15    0.00    0.00 ^ _303_/CLK (sky130_fd_sc_hd__dfrtp_1)
                  0.07    0.36    0.36 ^ _303_/Q (sky130_fd_sc_hd__dfrtp_1)
     3    0.01                           bit_index[3] (net)
                  0.07    0.00    0.36 ^ _173_/A (sky130_fd_sc_hd__and2_1)
                  0.04    0.11    0.47 ^ _173_/X (sky130_fd_sc_hd__and2_1)
     1    0.00                           _083_ (net)
                  0.04    0.00    0.47 ^ _174_/A (sky130_fd_sc_hd__clkbuf_1)
                  0.04    0.07    0.54 ^ _174_/X (sky130_fd_sc_hd__clkbuf_1)
     1    0.00                           _057_ (net)
                  0.04    0.00    0.54 ^ _303_/D (sky130_fd_sc_hd__dfrtp_1)
                                  0.54   data arrival time

                  0.15    0.00    0.00   clock clk (rise edge)
                          0.00    0.00   clock network delay (ideal)
                          0.25    0.25   clock uncertainty
                          0.00    0.25   clock reconvergence pessimism
                                  0.25 ^ _303_/CLK (sky130_fd_sc_hd__dfrtp_1)
                         -0.02    0.23   library hold time
                                  0.23   data required time
-----------------------------------------------------------------------------
                                  0.23   data required time
                                 -0.54   data arrival time
-----------------------------------------------------------------------------
                                  0.31   slack (MET)


Startpoint: _306_ (rising edge-triggered flip-flop clocked by clk)
Endpoint: _306_ (rising edge-triggered flip-flop clocked by clk)
Path Group: clk
Path Type: min

Fanout     Cap    Slew   Delay    Time   Description
-----------------------------------------------------------------------------
                  0.15    0.00    0.00   clock clk (rise edge)
                          0.00    0.00   clock network delay (ideal)
                  0.15    0.00    0.00 ^ _306_/CLK (sky130_fd_sc_hd__dfrtp_1)
                  0.06    0.35    0.35 ^ _306_/Q (sky130_fd_sc_hd__dfrtp_1)
     2    0.01                           data_reg[0] (net)
                  0.06    0.00    0.35 ^ _163_/A1 (sky130_fd_sc_hd__mux2_1)
                  0.04    0.12    0.46 ^ _163_/X (sky130_fd_sc_hd__mux2_1)
     1    0.00                           _074_ (net)
                  0.04    0.00    0.46 ^ _164_/A (sky130_fd_sc_hd__clkbuf_1)
                  0.04    0.08    0.54 ^ _164_/X (sky130_fd_sc_hd__clkbuf_1)
     1    0.00                           _058_ (net)
                  0.04    0.00    0.54 ^ _306_/D (sky130_fd_sc_hd__dfrtp_1)
                                  0.54   data arrival time

                  0.15    0.00    0.00   clock clk (rise edge)
                          0.00    0.00   clock network delay (ideal)
                          0.25    0.25   clock uncertainty
                          0.00    0.25   clock reconvergence pessimism
                                  0.25 ^ _306_/CLK (sky130_fd_sc_hd__dfrtp_1)
                         -0.02    0.23   library hold time
                                  0.23   data required time
-----------------------------------------------------------------------------
                                  0.23   data required time
                                 -0.54   data arrival time
-----------------------------------------------------------------------------
                                  0.31   slack (MET)


Startpoint: _299_ (rising edge-triggered flip-flop clocked by clk)
Endpoint: _296_ (rising edge-triggered flip-flop clocked by clk)
Path Group: clk
Path Type: min

Fanout     Cap    Slew   Delay    Time   Description
-----------------------------------------------------------------------------
                  0.15    0.00    0.00   clock clk (rise edge)
                          0.00    0.00   clock network delay (ideal)
                  0.15    0.00    0.00 ^ _299_/CLK (sky130_fd_sc_hd__dfrtp_1)
                  0.14    0.41    0.41 ^ _299_/Q (sky130_fd_sc_hd__dfrtp_1)
     5    0.01                           state[3] (net)
                  0.14    0.00    0.41 ^ _191_/B1 (sky130_fd_sc_hd__a22o_1)
                  0.04    0.13    0.54 ^ _191_/X (sky130_fd_sc_hd__a22o_1)
     1    0.00                           _016_ (net)
                  0.04    0.00    0.54 ^ _296_/D (sky130_fd_sc_hd__dfstp_1)
                                  0.54   data arrival time

                  0.15    0.00    0.00   clock clk (rise edge)
                          0.00    0.00   clock network delay (ideal)
                          0.25    0.25   clock uncertainty
                          0.00    0.25   clock reconvergence pessimism
                                  0.25 ^ _296_/CLK (sky130_fd_sc_hd__dfstp_1)
                         -0.02    0.23   library hold time
                                  0.23   data required time
-----------------------------------------------------------------------------
                                  0.23   data required time
                                 -0.54   data arrival time
-----------------------------------------------------------------------------
                                  0.31   slack (MET)


Startpoint: _318_ (rising edge-triggered flip-flop clocked by clk)
Endpoint: _318_ (rising edge-triggered flip-flop clocked by clk)
Path Group: clk
Path Type: min

Fanout     Cap    Slew   Delay    Time   Description
-----------------------------------------------------------------------------
                  0.15    0.00    0.00   clock clk (rise edge)
                          0.00    0.00   clock network delay (ideal)
                  0.15    0.00    0.00 ^ _318_/CLK (sky130_fd_sc_hd__dfrtp_1)
                  0.12    0.39    0.39 ^ _318_/Q (sky130_fd_sc_hd__dfrtp_1)
     5    0.01                           baud_count[4] (net)
                  0.12    0.00    0.39 ^ _209_/A1 (sky130_fd_sc_hd__o211a_1)
                  0.04    0.15    0.55 ^ _209_/X (sky130_fd_sc_hd__o211a_1)
     1    0.00                           _010_ (net)
                  0.04    0.00    0.55 ^ _318_/D (sky130_fd_sc_hd__dfrtp_1)
                                  0.55   data arrival time

                  0.15    0.00    0.00   clock clk (rise edge)
                          0.00    0.00   clock network delay (ideal)
                          0.25    0.25   clock uncertainty
                          0.00    0.25   clock reconvergence pessimism
                                  0.25 ^ _318_/CLK (sky130_fd_sc_hd__dfrtp_1)
                         -0.02    0.23   library hold time
                                  0.23   data required time
-----------------------------------------------------------------------------
                                  0.23   data required time
                                 -0.55   data arrival time
-----------------------------------------------------------------------------
                                  0.32   slack (MET)


Startpoint: _299_ (rising edge-triggered flip-flop clocked by clk)
Endpoint: _304_ (rising edge-triggered flip-flop clocked by clk)
Path Group: clk
Path Type: min

Fanout     Cap    Slew   Delay    Time   Description
-----------------------------------------------------------------------------
                  0.15    0.00    0.00   clock clk (rise edge)
                          0.00    0.00   clock network delay (ideal)
                  0.15    0.00    0.00 ^ _299_/CLK (sky130_fd_sc_hd__dfrtp_1)
                  0.14    0.41    0.41 ^ _299_/Q (sky130_fd_sc_hd__dfrtp_1)
     5    0.01                           state[3] (net)
                  0.14    0.00    0.41 ^ _258_/B1 (sky130_fd_sc_hd__a311o_1)
                  0.06    0.13    0.54 ^ _258_/X (sky130_fd_sc_hd__a311o_1)
     1    0.00                           _147_ (net)
                  0.06    0.00    0.54 ^ _304_/D (sky130_fd_sc_hd__dfstp_1)
                                  0.54   data arrival time

                  0.15    0.00    0.00   clock clk (rise edge)
                          0.00    0.00   clock network delay (ideal)
                          0.25    0.25   clock uncertainty
                          0.00    0.25   clock reconvergence pessimism
                                  0.25 ^ _304_/CLK (sky130_fd_sc_hd__dfstp_1)
                         -0.02    0.23   library hold time
                                  0.23   data required time
-----------------------------------------------------------------------------
                                  0.23   data required time
                                 -0.54   data arrival time
-----------------------------------------------------------------------------
                                  0.32   slack (MET)


Startpoint: _301_ (rising edge-triggered flip-flop clocked by clk)
Endpoint: _301_ (rising edge-triggered flip-flop clocked by clk)
Path Group: clk
Path Type: min

Fanout     Cap    Slew   Delay    Time   Description
-----------------------------------------------------------------------------
                  0.15    0.00    0.00   clock clk (rise edge)
                          0.00    0.00   clock network delay (ideal)
                  0.15    0.00    0.00 ^ _301_/CLK (sky130_fd_sc_hd__dfrtp_2)
                  0.11    0.41    0.41 ^ _301_/Q (sky130_fd_sc_hd__dfrtp_2)
     6    0.02                           bit_index[1] (net)
                  0.11    0.00    0.41 ^ _180_/B1 (sky130_fd_sc_hd__a21oi_1)
                  0.04    0.05    0.46 v _180_/Y (sky130_fd_sc_hd__a21oi_1)
     1    0.00                           _088_ (net)
                  0.04    0.00    0.46 v _181_/B1 (sky130_fd_sc_hd__a21oi_1)
                  0.08    0.09    0.55 ^ _181_/Y (sky130_fd_sc_hd__a21oi_1)
     1    0.00                           _055_ (net)
                  0.08    0.00    0.55 ^ _301_/D (sky130_fd_sc_hd__dfrtp_2)
                                  0.55   data arrival time

                  0.15    0.00    0.00   clock clk (rise edge)
                          0.00    0.00   clock network delay (ideal)
                          0.25    0.25   clock uncertainty
                          0.00    0.25   clock reconvergence pessimism
                                  0.25 ^ _301_/CLK (sky130_fd_sc_hd__dfrtp_2)
                         -0.03    0.22   library hold time
                                  0.22   data required time
-----------------------------------------------------------------------------
                                  0.22   data required time
                                 -0.55   data arrival time
-----------------------------------------------------------------------------
                                  0.33   slack (MET)


Startpoint: _298_ (rising edge-triggered flip-flop clocked by clk)
Endpoint: _305_ (rising edge-triggered flip-flop clocked by clk)
Path Group: clk
Path Type: min

Fanout     Cap    Slew   Delay    Time   Description
-----------------------------------------------------------------------------
                  0.15    0.00    0.00   clock clk (rise edge)
                          0.00    0.00   clock network delay (ideal)
                  0.15    0.00    0.00 ^ _298_/CLK (sky130_fd_sc_hd__dfrtp_1)
                  0.10    0.38    0.38 ^ _298_/Q (sky130_fd_sc_hd__dfrtp_1)
     4    0.01                           state[2] (net)
                  0.10    0.00    0.38 ^ _252_/A (sky130_fd_sc_hd__or3_1)
                  0.04    0.11    0.49 ^ _252_/X (sky130_fd_sc_hd__or3_1)
     1    0.00                           _138_ (net)
                  0.04    0.00    0.49 ^ _253_/A (sky130_fd_sc_hd__clkbuf_1)
                  0.04    0.07    0.56 ^ _253_/X (sky130_fd_sc_hd__clkbuf_1)
     1    0.00                           _146_ (net)
                  0.04    0.00    0.56 ^ _305_/D (sky130_fd_sc_hd__dfrtp_1)
                                  0.56   data arrival time

                  0.15    0.00    0.00   clock clk (rise edge)
                          0.00    0.00   clock network delay (ideal)
                          0.25    0.25   clock uncertainty
                          0.00    0.25   clock reconvergence pessimism
                                  0.25 ^ _305_/CLK (sky130_fd_sc_hd__dfrtp_1)
                         -0.02    0.23   library hold time
                                  0.23   data required time
-----------------------------------------------------------------------------
                                  0.23   data required time
                                 -0.56   data arrival time
-----------------------------------------------------------------------------
                                  0.33   slack (MET)


Startpoint: _319_ (rising edge-triggered flip-flop clocked by clk)
Endpoint: _319_ (rising edge-triggered flip-flop clocked by clk)
Path Group: clk
Path Type: min

Fanout     Cap    Slew   Delay    Time   Description
-----------------------------------------------------------------------------
                  0.15    0.00    0.00   clock clk (rise edge)
                          0.00    0.00   clock network delay (ideal)
                  0.15    0.00    0.00 ^ _319_/CLK (sky130_fd_sc_hd__dfrtp_1)
                  0.08    0.36    0.36 ^ _319_/Q (sky130_fd_sc_hd__dfrtp_1)
     3    0.01                           baud_count[5] (net)
                  0.08    0.00    0.36 ^ _210_/B1 (sky130_fd_sc_hd__a21o_1)
                  0.03    0.08    0.44 ^ _210_/X (sky130_fd_sc_hd__a21o_1)
     1    0.00                           _107_ (net)
                  0.03    0.00    0.44 ^ _214_/B (sky130_fd_sc_hd__and3_1)
                  0.05    0.13    0.57 ^ _214_/X (sky130_fd_sc_hd__and3_1)
     1    0.00                           _111_ (net)
                  0.05    0.00    0.57 ^ _215_/A (sky130_fd_sc_hd__clkbuf_1)
                  0.04    0.07    0.64 ^ _215_/X (sky130_fd_sc_hd__clkbuf_1)
     1    0.00                           _011_ (net)
                  0.04    0.00    0.64 ^ _319_/D (sky130_fd_sc_hd__dfrtp_1)
                                  0.64   data arrival time

                  0.15    0.00    0.00   clock clk (rise edge)
                          0.00    0.00   clock network delay (ideal)
                          0.25    0.25   clock uncertainty
                          0.00    0.25   clock reconvergence pessimism
                                  0.25 ^ _319_/CLK (sky130_fd_sc_hd__dfrtp_1)
                         -0.02    0.23   library hold time
                                  0.23   data required time
-----------------------------------------------------------------------------
                                  0.23   data required time
                                 -0.64   data arrival time
-----------------------------------------------------------------------------
                                  0.41   slack (MET)


Startpoint: _321_ (rising edge-triggered flip-flop clocked by clk)
Endpoint: _321_ (rising edge-triggered flip-flop clocked by clk)
Path Group: clk
Path Type: min

Fanout     Cap    Slew   Delay    Time   Description
-----------------------------------------------------------------------------
                  0.15    0.00    0.00   clock clk (rise edge)
                          0.00    0.00   clock network delay (ideal)
                  0.15    0.00    0.00 ^ _321_/CLK (sky130_fd_sc_hd__dfrtp_1)
                  0.07    0.36    0.36 ^ _321_/Q (sky130_fd_sc_hd__dfrtp_1)
     3    0.01                           baud_count[7] (net)
                  0.07    0.00    0.36 ^ _218_/B1 (sky130_fd_sc_hd__a31o_1)
                  0.04    0.09    0.44 ^ _218_/X (sky130_fd_sc_hd__a31o_1)
     1    0.00                           _113_ (net)
                  0.04    0.00    0.44 ^ _222_/B (sky130_fd_sc_hd__and3_1)
                  0.05    0.13    0.57 ^ _222_/X (sky130_fd_sc_hd__and3_1)
     1    0.00                           _117_ (net)
                  0.05    0.00    0.57 ^ _223_/A (sky130_fd_sc_hd__clkbuf_1)
                  0.04    0.07    0.64 ^ _223_/X (sky130_fd_sc_hd__clkbuf_1)
     1    0.00                           _013_ (net)
                  0.04    0.00    0.64 ^ _321_/D (sky130_fd_sc_hd__dfrtp_1)
                                  0.64   data arrival time

                  0.15    0.00    0.00   clock clk (rise edge)
                          0.00    0.00   clock network delay (ideal)
                          0.25    0.25   clock uncertainty
                          0.00    0.25   clock reconvergence pessimism
                                  0.25 ^ _321_/CLK (sky130_fd_sc_hd__dfrtp_1)
                         -0.02    0.23   library hold time
                                  0.23   data required time
-----------------------------------------------------------------------------
                                  0.23   data required time
                                 -0.64   data arrival time
-----------------------------------------------------------------------------
                                  0.41   slack (MET)


Startpoint: _315_ (rising edge-triggered flip-flop clocked by clk)
Endpoint: _315_ (rising edge-triggered flip-flop clocked by clk)
Path Group: clk
Path Type: min

Fanout     Cap    Slew   Delay    Time   Description
-----------------------------------------------------------------------------
                  0.15    0.00    0.00   clock clk (rise edge)
                          0.00    0.00   clock network delay (ideal)
                  0.15    0.00    0.00 ^ _315_/CLK (sky130_fd_sc_hd__dfrtp_2)
                  0.10    0.41    0.41 ^ _315_/Q (sky130_fd_sc_hd__dfrtp_2)
     7    0.02                           baud_count[1] (net)
                  0.10    0.00    0.41 ^ _196_/A (sky130_fd_sc_hd__nand2_1)
                  0.03    0.05    0.46 v _196_/Y (sky130_fd_sc_hd__nand2_1)
     1    0.00                           _097_ (net)
                  0.03    0.00    0.46 v _198_/A (sky130_fd_sc_hd__and3_1)
                  0.03    0.12    0.58 v _198_/X (sky130_fd_sc_hd__and3_1)
     1    0.00                           _099_ (net)
                  0.03    0.00    0.58 v _199_/A (sky130_fd_sc_hd__clkbuf_1)
                  0.02    0.07    0.66 v _199_/X (sky130_fd_sc_hd__clkbuf_1)
     1    0.00                           _007_ (net)
                  0.02    0.00    0.66 v _315_/D (sky130_fd_sc_hd__dfrtp_2)
                                  0.66   data arrival time

                  0.15    0.00    0.00   clock clk (rise edge)
                          0.00    0.00   clock network delay (ideal)
                          0.25    0.25   clock uncertainty
                          0.00    0.25   clock reconvergence pessimism
                                  0.25 ^ _315_/CLK (sky130_fd_sc_hd__dfrtp_2)
                         -0.01    0.24   library hold time
                                  0.24   data required time
-----------------------------------------------------------------------------
                                  0.24   data required time
                                 -0.66   data arrival time
-----------------------------------------------------------------------------
                                  0.42   slack (MET)


Startpoint: _327_ (rising edge-triggered flip-flop clocked by clk)
Endpoint: _327_ (rising edge-triggered flip-flop clocked by clk)
Path Group: clk
Path Type: min

Fanout     Cap    Slew   Delay    Time   Description
-----------------------------------------------------------------------------
                  0.15    0.00    0.00   clock clk (rise edge)
                          0.00    0.00   clock network delay (ideal)
                  0.15    0.00    0.00 ^ _327_/CLK (sky130_fd_sc_hd__dfrtp_1)
                  0.09    0.37    0.37 ^ _327_/Q (sky130_fd_sc_hd__dfrtp_1)
     4    0.01                           baud_count[13] (net)
                  0.09    0.00    0.37 ^ _241_/B1 (sky130_fd_sc_hd__a21o_1)
                  0.03    0.08    0.45 ^ _241_/X (sky130_fd_sc_hd__a21o_1)
     1    0.00                           _130_ (net)
                  0.03    0.00    0.45 ^ _244_/B (sky130_fd_sc_hd__and3_1)
                  0.05    0.13    0.57 ^ _244_/X (sky130_fd_sc_hd__and3_1)
     1    0.00                           _133_ (net)
                  0.05    0.00    0.57 ^ _245_/A (sky130_fd_sc_hd__clkbuf_1)
                  0.04    0.08    0.65 ^ _245_/X (sky130_fd_sc_hd__clkbuf_1)
     1    0.00                           _004_ (net)
                  0.04    0.00    0.65 ^ _327_/D (sky130_fd_sc_hd__dfrtp_1)
                                  0.65   data arrival time

                  0.15    0.00    0.00   clock clk (rise edge)
                          0.00    0.00   clock network delay (ideal)
                          0.25    0.25   clock uncertainty
                          0.00    0.25   clock reconvergence pessimism
                                  0.25 ^ _327_/CLK (sky130_fd_sc_hd__dfrtp_1)
                         -0.02    0.23   library hold time
                                  0.23   data required time
-----------------------------------------------------------------------------
                                  0.23   data required time
                                 -0.65   data arrival time
-----------------------------------------------------------------------------
                                  0.42   slack (MET)


Startpoint: _324_ (rising edge-triggered flip-flop clocked by clk)
Endpoint: _324_ (rising edge-triggered flip-flop clocked by clk)
Path Group: clk
Path Type: min

Fanout     Cap    Slew   Delay    Time   Description
-----------------------------------------------------------------------------
                  0.15    0.00    0.00   clock clk (rise edge)
                          0.00    0.00   clock network delay (ideal)
                  0.15    0.00    0.00 ^ _324_/CLK (sky130_fd_sc_hd__dfrtp_1)
                  0.09    0.37    0.37 ^ _324_/Q (sky130_fd_sc_hd__dfrtp_1)
     3    0.01                           baud_count[10] (net)
                  0.09    0.00    0.37 ^ _229_/A (sky130_fd_sc_hd__inv_2)
                  0.03    0.04    0.42 v _229_/Y (sky130_fd_sc_hd__inv_2)
     3    0.01                           _121_ (net)
                  0.03    0.00    0.42 v _230_/A (sky130_fd_sc_hd__nand2_1)
                  0.03    0.04    0.46 ^ _230_/Y (sky130_fd_sc_hd__nand2_1)
     1    0.00                           _122_ (net)
                  0.03    0.00    0.46 ^ _232_/B (sky130_fd_sc_hd__and3_1)
                  0.05    0.13    0.58 ^ _232_/X (sky130_fd_sc_hd__and3_1)
     1    0.00                           _124_ (net)
                  0.05    0.00    0.58 ^ _233_/A (sky130_fd_sc_hd__clkbuf_1)
                  0.04    0.07    0.66 ^ _233_/X (sky130_fd_sc_hd__clkbuf_1)
     1    0.00                           _001_ (net)
                  0.04    0.00    0.66 ^ _324_/D (sky130_fd_sc_hd__dfrtp_1)
                                  0.66   data arrival time

                  0.15    0.00    0.00   clock clk (rise edge)
                          0.00    0.00   clock network delay (ideal)
                          0.25    0.25   clock uncertainty
                          0.00    0.25   clock reconvergence pessimism
                                  0.25 ^ _324_/CLK (sky130_fd_sc_hd__dfrtp_1)
                         -0.02    0.23   library hold time
                                  0.23   data required time
-----------------------------------------------------------------------------
                                  0.23   data required time
                                 -0.66   data arrival time
-----------------------------------------------------------------------------
                                  0.43   slack (MET)


Startpoint: _314_ (rising edge-triggered flip-flop clocked by clk)
Endpoint: _314_ (rising edge-triggered flip-flop clocked by clk)
Path Group: clk
Path Type: min

Fanout     Cap    Slew   Delay    Time   Description
-----------------------------------------------------------------------------
                  0.15    0.00    0.00   clock clk (rise edge)
                          0.00    0.00   clock network delay (ideal)
                  0.15    0.00    0.00 ^ _314_/CLK (sky130_fd_sc_hd__dfrtp_2)
                  0.11    0.42    0.42 ^ _314_/Q (sky130_fd_sc_hd__dfrtp_2)
     8    0.02                           baud_count[0] (net)
                  0.11    0.00    0.42 ^ _194_/A_N (sky130_fd_sc_hd__and2b_1)
                  0.03    0.18    0.59 v _194_/X (sky130_fd_sc_hd__and2b_1)
     1    0.00                           _096_ (net)
                  0.03    0.00    0.59 v _195_/A (sky130_fd_sc_hd__clkbuf_1)
                  0.02    0.08    0.67 v _195_/X (sky130_fd_sc_hd__clkbuf_1)
     1    0.00                           _000_ (net)
                  0.02    0.00    0.67 v _314_/D (sky130_fd_sc_hd__dfrtp_2)
                                  0.67   data arrival time

                  0.15    0.00    0.00   clock clk (rise edge)
                          0.00    0.00   clock network delay (ideal)
                          0.25    0.25   clock uncertainty
                          0.00    0.25   clock reconvergence pessimism
                                  0.25 ^ _314_/CLK (sky130_fd_sc_hd__dfrtp_2)
                         -0.01    0.24   library hold time
                                  0.24   data required time
-----------------------------------------------------------------------------
                                  0.24   data required time
                                 -0.67   data arrival time
-----------------------------------------------------------------------------
                                  0.43   slack (MET)


Startpoint: _302_ (rising edge-triggered flip-flop clocked by clk)
Endpoint: _302_ (rising edge-triggered flip-flop clocked by clk)
Path Group: clk
Path Type: min

Fanout     Cap    Slew   Delay    Time   Description
-----------------------------------------------------------------------------
                  0.15    0.00    0.00   clock clk (rise edge)
                          0.00    0.00   clock network delay (ideal)
                  0.15    0.00    0.00 ^ _302_/CLK (sky130_fd_sc_hd__dfrtp_1)
                  0.11    0.39    0.39 ^ _302_/Q (sky130_fd_sc_hd__dfrtp_1)
     4    0.01                           bit_index[2] (net)
                  0.11    0.00    0.39 ^ _175_/B1 (sky130_fd_sc_hd__a31o_1)
                  0.04    0.10    0.48 ^ _175_/X (sky130_fd_sc_hd__a31o_1)
     1    0.00                           _084_ (net)
                  0.04    0.00    0.48 ^ _176_/B (sky130_fd_sc_hd__and2_1)
                  0.05    0.11    0.59 ^ _176_/X (sky130_fd_sc_hd__and2_1)
     1    0.00                           _085_ (net)
                  0.05    0.00    0.59 ^ _177_/A (sky130_fd_sc_hd__clkbuf_1)
                  0.04    0.07    0.66 ^ _177_/X (sky130_fd_sc_hd__clkbuf_1)
     1    0.00                           _056_ (net)
                  0.04    0.00    0.66 ^ _302_/D (sky130_fd_sc_hd__dfrtp_1)
                                  0.66   data arrival time

                  0.15    0.00    0.00   clock clk (rise edge)
                          0.00    0.00   clock network delay (ideal)
                          0.25    0.25   clock uncertainty
                          0.00    0.25   clock reconvergence pessimism
                                  0.25 ^ _302_/CLK (sky130_fd_sc_hd__dfrtp_1)
                         -0.02    0.23   library hold time
                                  0.23   data required time
-----------------------------------------------------------------------------
                                  0.23   data required time
                                 -0.66   data arrival time
-----------------------------------------------------------------------------
                                  0.43   slack (MET)


Startpoint: _317_ (rising edge-triggered flip-flop clocked by clk)
Endpoint: _317_ (rising edge-triggered flip-flop clocked by clk)
Path Group: clk
Path Type: min

Fanout     Cap    Slew   Delay    Time   Description
-----------------------------------------------------------------------------
                  0.15    0.00    0.00   clock clk (rise edge)
                          0.00    0.00   clock network delay (ideal)
                  0.15    0.00    0.00 ^ _317_/CLK (sky130_fd_sc_hd__dfrtp_1)
                  0.08    0.36    0.36 ^ _317_/Q (sky130_fd_sc_hd__dfrtp_1)
     3    0.01                           baud_count[3] (net)
                  0.08    0.00    0.36 ^ _204_/B1 (sky130_fd_sc_hd__a31o_1)
                  0.04    0.09    0.45 ^ _204_/X (sky130_fd_sc_hd__a31o_1)
     1    0.00                           _103_ (net)
                  0.04    0.00    0.45 ^ _205_/C (sky130_fd_sc_hd__and3_1)
                  0.05    0.14    0.59 ^ _205_/X (sky130_fd_sc_hd__and3_1)
     1    0.00                           _104_ (net)
                  0.05    0.00    0.59 ^ _206_/A (sky130_fd_sc_hd__clkbuf_1)
                  0.04    0.08    0.66 ^ _206_/X (sky130_fd_sc_hd__clkbuf_1)
     1    0.00                           _009_ (net)
                  0.04    0.00    0.66 ^ _317_/D (sky130_fd_sc_hd__dfrtp_1)
                                  0.66   data arrival time

                  0.15    0.00    0.00   clock clk (rise edge)
                          0.00    0.00   clock network delay (ideal)
                          0.25    0.25   clock uncertainty
                          0.00    0.25   clock reconvergence pessimism
                                  0.25 ^ _317_/CLK (sky130_fd_sc_hd__dfrtp_1)
                         -0.02    0.23   library hold time
                                  0.23   data required time
-----------------------------------------------------------------------------
                                  0.23   data required time
                                 -0.66   data arrival time
-----------------------------------------------------------------------------
                                  0.43   slack (MET)


Startpoint: _315_ (rising edge-triggered flip-flop clocked by clk)
Endpoint: _316_ (rising edge-triggered flip-flop clocked by clk)
Path Group: clk
Path Type: min

Fanout     Cap    Slew   Delay    Time   Description
-----------------------------------------------------------------------------
                  0.15    0.00    0.00   clock clk (rise edge)
                          0.00    0.00   clock network delay (ideal)
                  0.15    0.00    0.00 ^ _315_/CLK (sky130_fd_sc_hd__dfrtp_2)
                  0.10    0.41    0.41 ^ _315_/Q (sky130_fd_sc_hd__dfrtp_2)
     7    0.02                           baud_count[1] (net)
                  0.10    0.00    0.41 ^ _200_/A (sky130_fd_sc_hd__nand3_1)
                  0.05    0.06    0.47 v _200_/Y (sky130_fd_sc_hd__nand3_1)
     1    0.00                           _100_ (net)
                  0.05    0.00    0.47 v _202_/A (sky130_fd_sc_hd__and3_1)
                  0.03    0.13    0.61 v _202_/X (sky130_fd_sc_hd__and3_1)
     1    0.00                           _102_ (net)
                  0.03    0.00    0.61 v _203_/A (sky130_fd_sc_hd__clkbuf_1)
                  0.03    0.08    0.68 v _203_/X (sky130_fd_sc_hd__clkbuf_1)
     1    0.00                           _008_ (net)
                  0.03    0.00    0.68 v _316_/D (sky130_fd_sc_hd__dfrtp_1)
                                  0.68   data arrival time

                  0.15    0.00    0.00   clock clk (rise edge)
                          0.00    0.00   clock network delay (ideal)
                          0.25    0.25   clock uncertainty
                          0.00    0.25   clock reconvergence pessimism
                                  0.25 ^ _316_/CLK (sky130_fd_sc_hd__dfrtp_1)
                         -0.01    0.24   library hold time
                                  0.24   data required time
-----------------------------------------------------------------------------
                                  0.24   data required time
                                 -0.68   data arrival time
-----------------------------------------------------------------------------
                                  0.45   slack (MET)


Startpoint: reset (input port clocked by clk)
Endpoint: _326_ (removal check against rising-edge clock clk)
Path Group: asynchronous
Path Type: min

Fanout     Cap    Slew   Delay    Time   Description
-----------------------------------------------------------------------------
                  0.15    0.00    0.00   clock clk (rise edge)
                          0.00    0.00   clock network delay (ideal)
                          2.00    2.00 v input external delay
                  0.01    0.00    2.00 v reset (in)
     1    0.00                           reset (net)
                  0.01    0.00    2.00 v input9/A (sky130_fd_sc_hd__buf_2)
                  0.08    0.15    2.15 v input9/X (sky130_fd_sc_hd__buf_2)
     7    0.03                           net9 (net)
                  0.08    0.00    2.15 v _292_/A (sky130_fd_sc_hd__inv_2)
                  0.03    0.05    2.20 ^ _292_/Y (sky130_fd_sc_hd__inv_2)
     1    0.00                           _033_ (net)
                  0.03    0.00    2.20 ^ _326_/RESET_B (sky130_fd_sc_hd__dfrtp_1)
                                  2.20   data arrival time

                  0.15    0.00    0.00   clock clk (rise edge)
                          0.00    0.00   clock network delay (ideal)
                          0.25    0.25   clock uncertainty
                          0.00    0.25   clock reconvergence pessimism
                                  0.25 ^ _326_/CLK (sky130_fd_sc_hd__dfrtp_1)
                          0.35    0.60   library removal time
                                  0.60   data required time
-----------------------------------------------------------------------------
                                  0.60   data required time
                                 -2.20   data arrival time
-----------------------------------------------------------------------------
                                  1.61   slack (MET)


Startpoint: reset (input port clocked by clk)
Endpoint: _327_ (removal check against rising-edge clock clk)
Path Group: asynchronous
Path Type: min

Fanout     Cap    Slew   Delay    Time   Description
-----------------------------------------------------------------------------
                  0.15    0.00    0.00   clock clk (rise edge)
                          0.00    0.00   clock network delay (ideal)
                          2.00    2.00 v input external delay
                  0.01    0.00    2.00 v reset (in)
     1    0.00                           reset (net)
                  0.01    0.00    2.00 v input9/A (sky130_fd_sc_hd__buf_2)
                  0.08    0.15    2.15 v input9/X (sky130_fd_sc_hd__buf_2)
     7    0.03                           net9 (net)
                  0.08    0.00    2.15 v _293_/A (sky130_fd_sc_hd__inv_2)
                  0.03    0.05    2.20 ^ _293_/Y (sky130_fd_sc_hd__inv_2)
     1    0.00                           _034_ (net)
                  0.03    0.00    2.20 ^ _327_/RESET_B (sky130_fd_sc_hd__dfrtp_1)
                                  2.20   data arrival time

                  0.15    0.00    0.00   clock clk (rise edge)
                          0.00    0.00   clock network delay (ideal)
                          0.25    0.25   clock uncertainty
                          0.00    0.25   clock reconvergence pessimism
                                  0.25 ^ _327_/CLK (sky130_fd_sc_hd__dfrtp_1)
                          0.35    0.60   library removal time
                                  0.60   data required time
-----------------------------------------------------------------------------
                                  0.60   data required time
                                 -2.20   data arrival time
-----------------------------------------------------------------------------
                                  1.61   slack (MET)


Startpoint: reset (input port clocked by clk)
Endpoint: _329_ (removal check against rising-edge clock clk)
Path Group: asynchronous
Path Type: min

Fanout     Cap    Slew   Delay    Time   Description
-----------------------------------------------------------------------------
                  0.15    0.00    0.00   clock clk (rise edge)
                          0.00    0.00   clock network delay (ideal)
                          2.00    2.00 v input external delay
                  0.01    0.00    2.00 v reset (in)
     1    0.00                           reset (net)
                  0.01    0.00    2.00 v input9/A (sky130_fd_sc_hd__buf_2)
                  0.08    0.15    2.15 v input9/X (sky130_fd_sc_hd__buf_2)
     7    0.03                           net9 (net)
                  0.08    0.00    2.15 v _295_/A (sky130_fd_sc_hd__inv_2)
                  0.03    0.05    2.20 ^ _295_/Y (sky130_fd_sc_hd__inv_2)
     1    0.00                           _036_ (net)
                  0.03    0.00    2.20 ^ _329_/RESET_B (sky130_fd_sc_hd__dfrtp_1)
                                  2.20   data arrival time

                  0.15    0.00    0.00   clock clk (rise edge)
                          0.00    0.00   clock network delay (ideal)
                          0.25    0.25   clock uncertainty
                          0.00    0.25   clock reconvergence pessimism
                                  0.25 ^ _329_/CLK (sky130_fd_sc_hd__dfrtp_1)
                          0.35    0.60   library removal time
                                  0.60   data required time
-----------------------------------------------------------------------------
                                  0.60   data required time
                                 -2.20   data arrival time
-----------------------------------------------------------------------------
                                  1.61   slack (MET)


Startpoint: reset (input port clocked by clk)
Endpoint: _328_ (removal check against rising-edge clock clk)
Path Group: asynchronous
Path Type: min

Fanout     Cap    Slew   Delay    Time   Description
-----------------------------------------------------------------------------
                  0.15    0.00    0.00   clock clk (rise edge)
                          0.00    0.00   clock network delay (ideal)
                          2.00    2.00 v input external delay
                  0.01    0.00    2.00 v reset (in)
     1    0.00                           reset (net)
                  0.01    0.00    2.00 v input9/A (sky130_fd_sc_hd__buf_2)
                  0.08    0.15    2.15 v input9/X (sky130_fd_sc_hd__buf_2)
     7    0.03                           net9 (net)
                  0.08    0.00    2.15 v _294_/A (sky130_fd_sc_hd__inv_2)
                  0.03    0.05    2.20 ^ _294_/Y (sky130_fd_sc_hd__inv_2)
     1    0.00                           _035_ (net)
                  0.03    0.00    2.20 ^ _328_/RESET_B (sky130_fd_sc_hd__dfrtp_1)
                                  2.20   data arrival time

                  0.15    0.00    0.00   clock clk (rise edge)
                          0.00    0.00   clock network delay (ideal)
                          0.25    0.25   clock uncertainty
                          0.00    0.25   clock reconvergence pessimism
                                  0.25 ^ _328_/CLK (sky130_fd_sc_hd__dfrtp_1)
                          0.35    0.60   library removal time
                                  0.60   data required time
-----------------------------------------------------------------------------
                                  0.60   data required time
                                 -2.20   data arrival time
-----------------------------------------------------------------------------
                                  1.61   slack (MET)


Startpoint: reset (input port clocked by clk)
Endpoint: _301_ (removal check against rising-edge clock clk)
Path Group: asynchronous
Path Type: min

Fanout     Cap    Slew   Delay    Time   Description
-----------------------------------------------------------------------------
                  0.15    0.00    0.00   clock clk (rise edge)
                          0.00    0.00   clock network delay (ideal)
                          2.00    2.00 v input external delay
                  0.01    0.00    2.00 v reset (in)
     1    0.00                           reset (net)
                  0.01    0.00    2.00 v input9/A (sky130_fd_sc_hd__buf_2)
                  0.08    0.15    2.15 v input9/X (sky130_fd_sc_hd__buf_2)
     7    0.03                           net9 (net)
                  0.08    0.00    2.15 v _259_/A (sky130_fd_sc_hd__buf_4)
                  0.08    0.19    2.34 v _259_/X (sky130_fd_sc_hd__buf_4)
    10    0.05                           _143_ (net)
                  0.08    0.00    2.34 v _265_/A (sky130_fd_sc_hd__inv_2)
                  0.03    0.05    2.40 ^ _265_/Y (sky130_fd_sc_hd__inv_2)
     1    0.00                           _042_ (net)
                  0.03    0.00    2.40 ^ _301_/RESET_B (sky130_fd_sc_hd__dfrtp_2)
                                  2.40   data arrival time

                  0.15    0.00    0.00   clock clk (rise edge)
                          0.00    0.00   clock network delay (ideal)
                          0.25    0.25   clock uncertainty
                          0.00    0.25   clock reconvergence pessimism
                                  0.25 ^ _301_/CLK (sky130_fd_sc_hd__dfrtp_2)
                          0.35    0.60   library removal time
                                  0.60   data required time
-----------------------------------------------------------------------------
                                  0.60   data required time
                                 -2.40   data arrival time
-----------------------------------------------------------------------------
                                  1.80   slack (MET)


Startpoint: reset (input port clocked by clk)
Endpoint: _300_ (removal check against rising-edge clock clk)
Path Group: asynchronous
Path Type: min

Fanout     Cap    Slew   Delay    Time   Description
-----------------------------------------------------------------------------
                  0.15    0.00    0.00   clock clk (rise edge)
                          0.00    0.00   clock network delay (ideal)
                          2.00    2.00 v input external delay
                  0.01    0.00    2.00 v reset (in)
     1    0.00                           reset (net)
                  0.01    0.00    2.00 v input9/A (sky130_fd_sc_hd__buf_2)
                  0.08    0.15    2.15 v input9/X (sky130_fd_sc_hd__buf_2)
     7    0.03                           net9 (net)
                  0.08    0.00    2.15 v _259_/A (sky130_fd_sc_hd__buf_4)
                  0.08    0.19    2.34 v _259_/X (sky130_fd_sc_hd__buf_4)
    10    0.05                           _143_ (net)
                  0.08    0.00    2.34 v _264_/A (sky130_fd_sc_hd__inv_2)
                  0.03    0.05    2.40 ^ _264_/Y (sky130_fd_sc_hd__inv_2)
     1    0.00                           _041_ (net)
                  0.03    0.00    2.40 ^ _300_/RESET_B (sky130_fd_sc_hd__dfrtp_4)
                                  2.40   data arrival time

                  0.15    0.00    0.00   clock clk (rise edge)
                          0.00    0.00   clock network delay (ideal)
                          0.25    0.25   clock uncertainty
                          0.00    0.25   clock reconvergence pessimism
                                  0.25 ^ _300_/CLK (sky130_fd_sc_hd__dfrtp_4)
                          0.35    0.60   library removal time
                                  0.60   data required time
-----------------------------------------------------------------------------
                                  0.60   data required time
                                 -2.40   data arrival time
-----------------------------------------------------------------------------
                                  1.80   slack (MET)


Startpoint: reset (input port clocked by clk)
Endpoint: _298_ (removal check against rising-edge clock clk)
Path Group: asynchronous
Path Type: min

Fanout     Cap    Slew   Delay    Time   Description
-----------------------------------------------------------------------------
                  0.15    0.00    0.00   clock clk (rise edge)
                          0.00    0.00   clock network delay (ideal)
                          2.00    2.00 v input external delay
                  0.01    0.00    2.00 v reset (in)
     1    0.00                           reset (net)
                  0.01    0.00    2.00 v input9/A (sky130_fd_sc_hd__buf_2)
                  0.08    0.15    2.15 v input9/X (sky130_fd_sc_hd__buf_2)
     7    0.03                           net9 (net)
                  0.08    0.00    2.15 v _259_/A (sky130_fd_sc_hd__buf_4)
                  0.08    0.19    2.34 v _259_/X (sky130_fd_sc_hd__buf_4)
    10    0.05                           _143_ (net)
                  0.08    0.00    2.34 v _262_/A (sky130_fd_sc_hd__inv_2)
                  0.03    0.05    2.40 ^ _262_/Y (sky130_fd_sc_hd__inv_2)
     1    0.00                           _039_ (net)
                  0.03    0.00    2.40 ^ _298_/RESET_B (sky130_fd_sc_hd__dfrtp_1)
                                  2.40   data arrival time

                  0.15    0.00    0.00   clock clk (rise edge)
                          0.00    0.00   clock network delay (ideal)
                          0.25    0.25   clock uncertainty
                          0.00    0.25   clock reconvergence pessimism
                                  0.25 ^ _298_/CLK (sky130_fd_sc_hd__dfrtp_1)
                          0.35    0.60   library removal time
                                  0.60   data required time
-----------------------------------------------------------------------------
                                  0.60   data required time
                                 -2.40   data arrival time
-----------------------------------------------------------------------------
                                  1.80   slack (MET)


Startpoint: reset (input port clocked by clk)
Endpoint: _302_ (removal check against rising-edge clock clk)
Path Group: asynchronous
Path Type: min

Fanout     Cap    Slew   Delay    Time   Description
-----------------------------------------------------------------------------
                  0.15    0.00    0.00   clock clk (rise edge)
                          0.00    0.00   clock network delay (ideal)
                          2.00    2.00 v input external delay
                  0.01    0.00    2.00 v reset (in)
     1    0.00                           reset (net)
                  0.01    0.00    2.00 v input9/A (sky130_fd_sc_hd__buf_2)
                  0.08    0.15    2.15 v input9/X (sky130_fd_sc_hd__buf_2)
     7    0.03                           net9 (net)
                  0.08    0.00    2.15 v _259_/A (sky130_fd_sc_hd__buf_4)
                  0.08    0.19    2.34 v _259_/X (sky130_fd_sc_hd__buf_4)
    10    0.05                           _143_ (net)
                  0.08    0.00    2.34 v _266_/A (sky130_fd_sc_hd__inv_2)
                  0.03    0.05    2.40 ^ _266_/Y (sky130_fd_sc_hd__inv_2)
     1    0.00                           _043_ (net)
                  0.03    0.00    2.40 ^ _302_/RESET_B (sky130_fd_sc_hd__dfrtp_1)
                                  2.40   data arrival time

                  0.15    0.00    0.00   clock clk (rise edge)
                          0.00    0.00   clock network delay (ideal)
                          0.25    0.25   clock uncertainty
                          0.00    0.25   clock reconvergence pessimism
                                  0.25 ^ _302_/CLK (sky130_fd_sc_hd__dfrtp_1)
                          0.35    0.60   library removal time
                                  0.60   data required time
-----------------------------------------------------------------------------
                                  0.60   data required time
                                 -2.40   data arrival time
-----------------------------------------------------------------------------
                                  1.80   slack (MET)


Startpoint: reset (input port clocked by clk)
Endpoint: _297_ (removal check against rising-edge clock clk)
Path Group: asynchronous
Path Type: min

Fanout     Cap    Slew   Delay    Time   Description
-----------------------------------------------------------------------------
                  0.15    0.00    0.00   clock clk (rise edge)
                          0.00    0.00   clock network delay (ideal)
                          2.00    2.00 v input external delay
                  0.01    0.00    2.00 v reset (in)
     1    0.00                           reset (net)
                  0.01    0.00    2.00 v input9/A (sky130_fd_sc_hd__buf_2)
                  0.08    0.15    2.15 v input9/X (sky130_fd_sc_hd__buf_2)
     7    0.03                           net9 (net)
                  0.08    0.00    2.15 v _259_/A (sky130_fd_sc_hd__buf_4)
                  0.08    0.19    2.34 v _259_/X (sky130_fd_sc_hd__buf_4)
    10    0.05                           _143_ (net)
                  0.08    0.00    2.34 v _261_/A (sky130_fd_sc_hd__inv_2)
                  0.03    0.05    2.40 ^ _261_/Y (sky130_fd_sc_hd__inv_2)
     1    0.00                           _038_ (net)
                  0.03    0.00    2.40 ^ _297_/RESET_B (sky130_fd_sc_hd__dfrtp_4)
                                  2.40   data arrival time

                  0.15    0.00    0.00   clock clk (rise edge)
                          0.00    0.00   clock network delay (ideal)
                          0.25    0.25   clock uncertainty
                          0.00    0.25   clock reconvergence pessimism
                                  0.25 ^ _297_/CLK (sky130_fd_sc_hd__dfrtp_4)
                          0.35    0.60   library removal time
                                  0.60   data required time
-----------------------------------------------------------------------------
                                  0.60   data required time
                                 -2.40   data arrival time
-----------------------------------------------------------------------------
                                  1.80   slack (MET)


Startpoint: reset (input port clocked by clk)
Endpoint: _299_ (removal check against rising-edge clock clk)
Path Group: asynchronous
Path Type: min

Fanout     Cap    Slew   Delay    Time   Description
-----------------------------------------------------------------------------
                  0.15    0.00    0.00   clock clk (rise edge)
                          0.00    0.00   clock network delay (ideal)
                          2.00    2.00 v input external delay
                  0.01    0.00    2.00 v reset (in)
     1    0.00                           reset (net)
                  0.01    0.00    2.00 v input9/A (sky130_fd_sc_hd__buf_2)
                  0.08    0.15    2.15 v input9/X (sky130_fd_sc_hd__buf_2)
     7    0.03                           net9 (net)
                  0.08    0.00    2.15 v _259_/A (sky130_fd_sc_hd__buf_4)
                  0.08    0.19    2.34 v _259_/X (sky130_fd_sc_hd__buf_4)
    10    0.05                           _143_ (net)
                  0.08    0.00    2.34 v _263_/A (sky130_fd_sc_hd__inv_2)
                  0.03    0.05    2.40 ^ _263_/Y (sky130_fd_sc_hd__inv_2)
     1    0.00                           _040_ (net)
                  0.03    0.00    2.40 ^ _299_/RESET_B (sky130_fd_sc_hd__dfrtp_1)
                                  2.40   data arrival time

                  0.15    0.00    0.00   clock clk (rise edge)
                          0.00    0.00   clock network delay (ideal)
                          0.25    0.25   clock uncertainty
                          0.00    0.25   clock reconvergence pessimism
                                  0.25 ^ _299_/CLK (sky130_fd_sc_hd__dfrtp_1)
                          0.35    0.60   library removal time
                                  0.60   data required time
-----------------------------------------------------------------------------
                                  0.60   data required time
                                 -2.40   data arrival time
-----------------------------------------------------------------------------
                                  1.80   slack (MET)


Startpoint: reset (input port clocked by clk)
Endpoint: _303_ (removal check against rising-edge clock clk)
Path Group: asynchronous
Path Type: min

Fanout     Cap    Slew   Delay    Time   Description
-----------------------------------------------------------------------------
                  0.15    0.00    0.00   clock clk (rise edge)
                          0.00    0.00   clock network delay (ideal)
                          2.00    2.00 v input external delay
                  0.01    0.00    2.00 v reset (in)
     1    0.00                           reset (net)
                  0.01    0.00    2.00 v input9/A (sky130_fd_sc_hd__buf_2)
                  0.08    0.15    2.15 v input9/X (sky130_fd_sc_hd__buf_2)
     7    0.03                           net9 (net)
                  0.08    0.00    2.15 v _259_/A (sky130_fd_sc_hd__buf_4)
                  0.08    0.19    2.34 v _259_/X (sky130_fd_sc_hd__buf_4)
    10    0.05                           _143_ (net)
                  0.08    0.00    2.34 v _267_/A (sky130_fd_sc_hd__inv_2)
                  0.03    0.05    2.40 ^ _267_/Y (sky130_fd_sc_hd__inv_2)
     1    0.00                           _044_ (net)
                  0.03    0.00    2.40 ^ _303_/RESET_B (sky130_fd_sc_hd__dfrtp_1)
                                  2.40   data arrival time

                  0.15    0.00    0.00   clock clk (rise edge)
                          0.00    0.00   clock network delay (ideal)
                          0.25    0.25   clock uncertainty
                          0.00    0.25   clock reconvergence pessimism
                                  0.25 ^ _303_/CLK (sky130_fd_sc_hd__dfrtp_1)
                          0.35    0.60   library removal time
                                  0.60   data required time
-----------------------------------------------------------------------------
                                  0.60   data required time
                                 -2.40   data arrival time
-----------------------------------------------------------------------------
                                  1.80   slack (MET)


Startpoint: reset (input port clocked by clk)
Endpoint: _305_ (removal check against rising-edge clock clk)
Path Group: asynchronous
Path Type: min

Fanout     Cap    Slew   Delay    Time   Description
-----------------------------------------------------------------------------
                  0.15    0.00    0.00   clock clk (rise edge)
                          0.00    0.00   clock network delay (ideal)
                          2.00    2.00 v input external delay
                  0.01    0.00    2.00 v reset (in)
     1    0.00                           reset (net)
                  0.01    0.00    2.00 v input9/A (sky130_fd_sc_hd__buf_2)
                  0.08    0.15    2.15 v input9/X (sky130_fd_sc_hd__buf_2)
     7    0.03                           net9 (net)
                  0.08    0.00    2.15 v _259_/A (sky130_fd_sc_hd__buf_4)
                  0.08    0.19    2.34 v _259_/X (sky130_fd_sc_hd__buf_4)
    10    0.05                           _143_ (net)
                  0.08    0.00    2.34 v _269_/A (sky130_fd_sc_hd__inv_2)
                  0.03    0.05    2.40 ^ _269_/Y (sky130_fd_sc_hd__inv_2)
     1    0.00                           _046_ (net)
                  0.03    0.00    2.40 ^ _305_/RESET_B (sky130_fd_sc_hd__dfrtp_1)
                                  2.40   data arrival time

                  0.15    0.00    0.00   clock clk (rise edge)
                          0.00    0.00   clock network delay (ideal)
                          0.25    0.25   clock uncertainty
                          0.00    0.25   clock reconvergence pessimism
                                  0.25 ^ _305_/CLK (sky130_fd_sc_hd__dfrtp_1)
                          0.35    0.60   library removal time
                                  0.60   data required time
-----------------------------------------------------------------------------
                                  0.60   data required time
                                 -2.40   data arrival time
-----------------------------------------------------------------------------
                                  1.80   slack (MET)


Startpoint: reset (input port clocked by clk)
Endpoint: _318_ (removal check against rising-edge clock clk)
Path Group: asynchronous
Path Type: min

Fanout     Cap    Slew   Delay    Time   Description
-----------------------------------------------------------------------------
                  0.15    0.00    0.00   clock clk (rise edge)
                          0.00    0.00   clock network delay (ideal)
                          2.00    2.00 v input external delay
                  0.01    0.00    2.00 v reset (in)
     1    0.00                           reset (net)
                  0.01    0.00    2.00 v input9/A (sky130_fd_sc_hd__buf_2)
                  0.08    0.15    2.15 v input9/X (sky130_fd_sc_hd__buf_2)
     7    0.03                           net9 (net)
                  0.08    0.00    2.15 v _281_/A (sky130_fd_sc_hd__buf_4)
                  0.08    0.19    2.34 v _281_/X (sky130_fd_sc_hd__buf_4)
    10    0.05                           _145_ (net)
                  0.08    0.00    2.34 v _284_/A (sky130_fd_sc_hd__inv_2)
                  0.03    0.05    2.40 ^ _284_/Y (sky130_fd_sc_hd__inv_2)
     1    0.00                           _025_ (net)
                  0.03    0.00    2.40 ^ _318_/RESET_B (sky130_fd_sc_hd__dfrtp_1)
                                  2.40   data arrival time

                  0.15    0.00    0.00   clock clk (rise edge)
                          0.00    0.00   clock network delay (ideal)
                          0.25    0.25   clock uncertainty
                          0.00    0.25   clock reconvergence pessimism
                                  0.25 ^ _318_/CLK (sky130_fd_sc_hd__dfrtp_1)
                          0.35    0.60   library removal time
                                  0.60   data required time
-----------------------------------------------------------------------------
                                  0.60   data required time
                                 -2.40   data arrival time
-----------------------------------------------------------------------------
                                  1.80   slack (MET)


Startpoint: reset (input port clocked by clk)
Endpoint: _325_ (removal check against rising-edge clock clk)
Path Group: asynchronous
Path Type: min

Fanout     Cap    Slew   Delay    Time   Description
-----------------------------------------------------------------------------
                  0.15    0.00    0.00   clock clk (rise edge)
                          0.00    0.00   clock network delay (ideal)
                          2.00    2.00 v input external delay
                  0.01    0.00    2.00 v reset (in)
     1    0.00                           reset (net)
                  0.01    0.00    2.00 v input9/A (sky130_fd_sc_hd__buf_2)
                  0.08    0.15    2.15 v input9/X (sky130_fd_sc_hd__buf_2)
     7    0.03                           net9 (net)
                  0.08    0.00    2.15 v _281_/A (sky130_fd_sc_hd__buf_4)
                  0.08    0.19    2.34 v _281_/X (sky130_fd_sc_hd__buf_4)
    10    0.05                           _145_ (net)
                  0.08    0.00    2.34 v _291_/A (sky130_fd_sc_hd__inv_2)
                  0.03    0.05    2.40 ^ _291_/Y (sky130_fd_sc_hd__inv_2)
     1    0.00                           _032_ (net)
                  0.03    0.00    2.40 ^ _325_/RESET_B (sky130_fd_sc_hd__dfrtp_1)
                                  2.40   data arrival time

                  0.15    0.00    0.00   clock clk (rise edge)
                          0.00    0.00   clock network delay (ideal)
                          0.25    0.25   clock uncertainty
                          0.00    0.25   clock reconvergence pessimism
                                  0.25 ^ _325_/CLK (sky130_fd_sc_hd__dfrtp_1)
                          0.35    0.60   library removal time
                                  0.60   data required time
-----------------------------------------------------------------------------
                                  0.60   data required time
                                 -2.40   data arrival time
-----------------------------------------------------------------------------
                                  1.80   slack (MET)


Startpoint: reset (input port clocked by clk)
Endpoint: _323_ (removal check against rising-edge clock clk)
Path Group: asynchronous
Path Type: min

Fanout     Cap    Slew   Delay    Time   Description
-----------------------------------------------------------------------------
                  0.15    0.00    0.00   clock clk (rise edge)
                          0.00    0.00   clock network delay (ideal)
                          2.00    2.00 v input external delay
                  0.01    0.00    2.00 v reset (in)
     1    0.00                           reset (net)
                  0.01    0.00    2.00 v input9/A (sky130_fd_sc_hd__buf_2)
                  0.08    0.15    2.15 v input9/X (sky130_fd_sc_hd__buf_2)
     7    0.03                           net9 (net)
                  0.08    0.00    2.15 v _281_/A (sky130_fd_sc_hd__buf_4)
                  0.08    0.19    2.34 v _281_/X (sky130_fd_sc_hd__buf_4)
    10    0.05                           _145_ (net)
                  0.08    0.00    2.34 v _289_/A (sky130_fd_sc_hd__inv_2)
                  0.03    0.05    2.40 ^ _289_/Y (sky130_fd_sc_hd__inv_2)
     1    0.00                           _030_ (net)
                  0.03    0.00    2.40 ^ _323_/RESET_B (sky130_fd_sc_hd__dfrtp_1)
                                  2.40   data arrival time

                  0.15    0.00    0.00   clock clk (rise edge)
                          0.00    0.00   clock network delay (ideal)
                          0.25    0.25   clock uncertainty
                          0.00    0.25   clock reconvergence pessimism
                                  0.25 ^ _323_/CLK (sky130_fd_sc_hd__dfrtp_1)
                          0.35    0.60   library removal time
                                  0.60   data required time
-----------------------------------------------------------------------------
                                  0.60   data required time
                                 -2.40   data arrival time
-----------------------------------------------------------------------------
                                  1.80   slack (MET)


Startpoint: reset (input port clocked by clk)
Endpoint: _320_ (removal check against rising-edge clock clk)
Path Group: asynchronous
Path Type: min

Fanout     Cap    Slew   Delay    Time   Description
-----------------------------------------------------------------------------
                  0.15    0.00    0.00   clock clk (rise edge)
                          0.00    0.00   clock network delay (ideal)
                          2.00    2.00 v input external delay
                  0.01    0.00    2.00 v reset (in)
     1    0.00                           reset (net)
                  0.01    0.00    2.00 v input9/A (sky130_fd_sc_hd__buf_2)
                  0.08    0.15    2.15 v input9/X (sky130_fd_sc_hd__buf_2)
     7    0.03                           net9 (net)
                  0.08    0.00    2.15 v _281_/A (sky130_fd_sc_hd__buf_4)
                  0.08    0.19    2.34 v _281_/X (sky130_fd_sc_hd__buf_4)
    10    0.05                           _145_ (net)
                  0.08    0.00    2.34 v _286_/A (sky130_fd_sc_hd__inv_2)
                  0.03    0.05    2.40 ^ _286_/Y (sky130_fd_sc_hd__inv_2)
     1    0.00                           _027_ (net)
                  0.03    0.00    2.40 ^ _320_/RESET_B (sky130_fd_sc_hd__dfrtp_1)
                                  2.40   data arrival time

                  0.15    0.00    0.00   clock clk (rise edge)
                          0.00    0.00   clock network delay (ideal)
                          0.25    0.25   clock uncertainty
                          0.00    0.25   clock reconvergence pessimism
                                  0.25 ^ _320_/CLK (sky130_fd_sc_hd__dfrtp_1)
                          0.35    0.60   library removal time
                                  0.60   data required time
-----------------------------------------------------------------------------
                                  0.60   data required time
                                 -2.40   data arrival time
-----------------------------------------------------------------------------
                                  1.80   slack (MET)


Startpoint: reset (input port clocked by clk)
Endpoint: _324_ (removal check against rising-edge clock clk)
Path Group: asynchronous
Path Type: min

Fanout     Cap    Slew   Delay    Time   Description
-----------------------------------------------------------------------------
                  0.15    0.00    0.00   clock clk (rise edge)
                          0.00    0.00   clock network delay (ideal)
                          2.00    2.00 v input external delay
                  0.01    0.00    2.00 v reset (in)
     1    0.00                           reset (net)
                  0.01    0.00    2.00 v input9/A (sky130_fd_sc_hd__buf_2)
                  0.08    0.15    2.15 v input9/X (sky130_fd_sc_hd__buf_2)
     7    0.03                           net9 (net)
                  0.08    0.00    2.15 v _281_/A (sky130_fd_sc_hd__buf_4)
                  0.08    0.19    2.34 v _281_/X (sky130_fd_sc_hd__buf_4)
    10    0.05                           _145_ (net)
                  0.08    0.00    2.34 v _290_/A (sky130_fd_sc_hd__inv_2)
                  0.03    0.05    2.40 ^ _290_/Y (sky130_fd_sc_hd__inv_2)
     1    0.00                           _031_ (net)
                  0.03    0.00    2.40 ^ _324_/RESET_B (sky130_fd_sc_hd__dfrtp_1)
                                  2.40   data arrival time

                  0.15    0.00    0.00   clock clk (rise edge)
                          0.00    0.00   clock network delay (ideal)
                          0.25    0.25   clock uncertainty
                          0.00    0.25   clock reconvergence pessimism
                                  0.25 ^ _324_/CLK (sky130_fd_sc_hd__dfrtp_1)
                          0.35    0.60   library removal time
                                  0.60   data required time
-----------------------------------------------------------------------------
                                  0.60   data required time
                                 -2.40   data arrival time
-----------------------------------------------------------------------------
                                  1.80   slack (MET)


Startpoint: reset (input port clocked by clk)
Endpoint: _321_ (removal check against rising-edge clock clk)
Path Group: asynchronous
Path Type: min

Fanout     Cap    Slew   Delay    Time   Description
-----------------------------------------------------------------------------
                  0.15    0.00    0.00   clock clk (rise edge)
                          0.00    0.00   clock network delay (ideal)
                          2.00    2.00 v input external delay
                  0.01    0.00    2.00 v reset (in)
     1    0.00                           reset (net)
                  0.01    0.00    2.00 v input9/A (sky130_fd_sc_hd__buf_2)
                  0.08    0.15    2.15 v input9/X (sky130_fd_sc_hd__buf_2)
     7    0.03                           net9 (net)
                  0.08    0.00    2.15 v _281_/A (sky130_fd_sc_hd__buf_4)
                  0.08    0.19    2.34 v _281_/X (sky130_fd_sc_hd__buf_4)
    10    0.05                           _145_ (net)
                  0.08    0.00    2.34 v _287_/A (sky130_fd_sc_hd__inv_2)
                  0.03    0.05    2.40 ^ _287_/Y (sky130_fd_sc_hd__inv_2)
     1    0.00                           _028_ (net)
                  0.03    0.00    2.40 ^ _321_/RESET_B (sky130_fd_sc_hd__dfrtp_1)
                                  2.40   data arrival time

                  0.15    0.00    0.00   clock clk (rise edge)
                          0.00    0.00   clock network delay (ideal)
                          0.25    0.25   clock uncertainty
                          0.00    0.25   clock reconvergence pessimism
                                  0.25 ^ _321_/CLK (sky130_fd_sc_hd__dfrtp_1)
                          0.35    0.60   library removal time
                                  0.60   data required time
-----------------------------------------------------------------------------
                                  0.60   data required time
                                 -2.40   data arrival time
-----------------------------------------------------------------------------
                                  1.80   slack (MET)


Startpoint: reset (input port clocked by clk)
Endpoint: _319_ (removal check against rising-edge clock clk)
Path Group: asynchronous
Path Type: min

Fanout     Cap    Slew   Delay    Time   Description
-----------------------------------------------------------------------------
                  0.15    0.00    0.00   clock clk (rise edge)
                          0.00    0.00   clock network delay (ideal)
                          2.00    2.00 v input external delay
                  0.01    0.00    2.00 v reset (in)
     1    0.00                           reset (net)
                  0.01    0.00    2.00 v input9/A (sky130_fd_sc_hd__buf_2)
                  0.08    0.15    2.15 v input9/X (sky130_fd_sc_hd__buf_2)
     7    0.03                           net9 (net)
                  0.08    0.00    2.15 v _281_/A (sky130_fd_sc_hd__buf_4)
                  0.08    0.19    2.34 v _281_/X (sky130_fd_sc_hd__buf_4)
    10    0.05                           _145_ (net)
                  0.08    0.00    2.34 v _285_/A (sky130_fd_sc_hd__inv_2)
                  0.03    0.05    2.40 ^ _285_/Y (sky130_fd_sc_hd__inv_2)
     1    0.00                           _026_ (net)
                  0.03    0.00    2.40 ^ _319_/RESET_B (sky130_fd_sc_hd__dfrtp_1)
                                  2.40   data arrival time

                  0.15    0.00    0.00   clock clk (rise edge)
                          0.00    0.00   clock network delay (ideal)
                          0.25    0.25   clock uncertainty
                          0.00    0.25   clock reconvergence pessimism
                                  0.25 ^ _319_/CLK (sky130_fd_sc_hd__dfrtp_1)
                          0.35    0.60   library removal time
                                  0.60   data required time
-----------------------------------------------------------------------------
                                  0.60   data required time
                                 -2.40   data arrival time
-----------------------------------------------------------------------------
                                  1.80   slack (MET)


Startpoint: reset (input port clocked by clk)
Endpoint: _322_ (removal check against rising-edge clock clk)
Path Group: asynchronous
Path Type: min

Fanout     Cap    Slew   Delay    Time   Description
-----------------------------------------------------------------------------
                  0.15    0.00    0.00   clock clk (rise edge)
                          0.00    0.00   clock network delay (ideal)
                          2.00    2.00 v input external delay
                  0.01    0.00    2.00 v reset (in)
     1    0.00                           reset (net)
                  0.01    0.00    2.00 v input9/A (sky130_fd_sc_hd__buf_2)
                  0.08    0.15    2.15 v input9/X (sky130_fd_sc_hd__buf_2)
     7    0.03                           net9 (net)
                  0.08    0.00    2.15 v _281_/A (sky130_fd_sc_hd__buf_4)
                  0.08    0.19    2.34 v _281_/X (sky130_fd_sc_hd__buf_4)
    10    0.05                           _145_ (net)
                  0.08    0.00    2.34 v _288_/A (sky130_fd_sc_hd__inv_2)
                  0.03    0.05    2.40 ^ _288_/Y (sky130_fd_sc_hd__inv_2)
     1    0.00                           _029_ (net)
                  0.03    0.00    2.40 ^ _322_/RESET_B (sky130_fd_sc_hd__dfrtp_1)
                                  2.40   data arrival time

                  0.15    0.00    0.00   clock clk (rise edge)
                          0.00    0.00   clock network delay (ideal)
                          0.25    0.25   clock uncertainty
                          0.00    0.25   clock reconvergence pessimism
                                  0.25 ^ _322_/CLK (sky130_fd_sc_hd__dfrtp_1)
                          0.35    0.60   library removal time
                                  0.60   data required time
-----------------------------------------------------------------------------
                                  0.60   data required time
                                 -2.40   data arrival time
-----------------------------------------------------------------------------
                                  1.80   slack (MET)


Startpoint: reset (input port clocked by clk)
Endpoint: _316_ (removal check against rising-edge clock clk)
Path Group: asynchronous
Path Type: min

Fanout     Cap    Slew   Delay    Time   Description
-----------------------------------------------------------------------------
                  0.15    0.00    0.00   clock clk (rise edge)
                          0.00    0.00   clock network delay (ideal)
                          2.00    2.00 v input external delay
                  0.01    0.00    2.00 v reset (in)
     1    0.00                           reset (net)
                  0.01    0.00    2.00 v input9/A (sky130_fd_sc_hd__buf_2)
                  0.08    0.15    2.15 v input9/X (sky130_fd_sc_hd__buf_2)
     7    0.03                           net9 (net)
                  0.08    0.00    2.15 v _281_/A (sky130_fd_sc_hd__buf_4)
                  0.08    0.19    2.34 v _281_/X (sky130_fd_sc_hd__buf_4)
    10    0.05                           _145_ (net)
                  0.08    0.00    2.34 v _282_/A (sky130_fd_sc_hd__inv_2)
                  0.03    0.06    2.40 ^ _282_/Y (sky130_fd_sc_hd__inv_2)
     1    0.00                           _023_ (net)
                  0.03    0.00    2.40 ^ _316_/RESET_B (sky130_fd_sc_hd__dfrtp_1)
                                  2.40   data arrival time

                  0.15    0.00    0.00   clock clk (rise edge)
                          0.00    0.00   clock network delay (ideal)
                          0.25    0.25   clock uncertainty
                          0.00    0.25   clock reconvergence pessimism
                                  0.25 ^ _316_/CLK (sky130_fd_sc_hd__dfrtp_1)
                          0.35    0.60   library removal time
                                  0.60   data required time
-----------------------------------------------------------------------------
                                  0.60   data required time
                                 -2.40   data arrival time
-----------------------------------------------------------------------------
                                  1.80   slack (MET)


Startpoint: reset (input port clocked by clk)
Endpoint: _307_ (removal check against rising-edge clock clk)
Path Group: asynchronous
Path Type: min

Fanout     Cap    Slew   Delay    Time   Description
-----------------------------------------------------------------------------
                  0.15    0.00    0.00   clock clk (rise edge)
                          0.00    0.00   clock network delay (ideal)
                          2.00    2.00 v input external delay
                  0.01    0.00    2.00 v reset (in)
     1    0.00                           reset (net)
                  0.01    0.00    2.00 v input9/A (sky130_fd_sc_hd__buf_2)
                  0.08    0.15    2.15 v input9/X (sky130_fd_sc_hd__buf_2)
     7    0.03                           net9 (net)
                  0.08    0.00    2.15 v _270_/A (sky130_fd_sc_hd__buf_4)
                  0.08    0.19    2.34 v _270_/X (sky130_fd_sc_hd__buf_4)
    10    0.05                           _144_ (net)
                  0.08    0.00    2.34 v _272_/A (sky130_fd_sc_hd__inv_2)
                  0.03    0.05    2.40 ^ _272_/Y (sky130_fd_sc_hd__inv_2)
     1    0.00                           _048_ (net)
                  0.03    0.00    2.40 ^ _307_/RESET_B (sky130_fd_sc_hd__dfrtp_1)
                                  2.40   data arrival time

                  0.15    0.00    0.00   clock clk (rise edge)
                          0.00    0.00   clock network delay (ideal)
                          0.25    0.25   clock uncertainty
                          0.00    0.25   clock reconvergence pessimism
                                  0.25 ^ _307_/CLK (sky130_fd_sc_hd__dfrtp_1)
                          0.35    0.60   library removal time
                                  0.60   data required time
-----------------------------------------------------------------------------
                                  0.60   data required time
                                 -2.40   data arrival time
-----------------------------------------------------------------------------
                                  1.80   slack (MET)


Startpoint: reset (input port clocked by clk)
Endpoint: _308_ (removal check against rising-edge clock clk)
Path Group: asynchronous
Path Type: min

Fanout     Cap    Slew   Delay    Time   Description
-----------------------------------------------------------------------------
                  0.15    0.00    0.00   clock clk (rise edge)
                          0.00    0.00   clock network delay (ideal)
                          2.00    2.00 v input external delay
                  0.01    0.00    2.00 v reset (in)
     1    0.00                           reset (net)
                  0.01    0.00    2.00 v input9/A (sky130_fd_sc_hd__buf_2)
                  0.08    0.15    2.15 v input9/X (sky130_fd_sc_hd__buf_2)
     7    0.03                           net9 (net)
                  0.08    0.00    2.15 v _270_/A (sky130_fd_sc_hd__buf_4)
                  0.08    0.19    2.34 v _270_/X (sky130_fd_sc_hd__buf_4)
    10    0.05                           _144_ (net)
                  0.08    0.00    2.34 v _273_/A (sky130_fd_sc_hd__inv_2)
                  0.03    0.05    2.40 ^ _273_/Y (sky130_fd_sc_hd__inv_2)
     1    0.00                           _049_ (net)
                  0.03    0.00    2.40 ^ _308_/RESET_B (sky130_fd_sc_hd__dfrtp_1)
                                  2.40   data arrival time

                  0.15    0.00    0.00   clock clk (rise edge)
                          0.00    0.00   clock network delay (ideal)
                          0.25    0.25   clock uncertainty
                          0.00    0.25   clock reconvergence pessimism
                                  0.25 ^ _308_/CLK (sky130_fd_sc_hd__dfrtp_1)
                          0.35    0.60   library removal time
                                  0.60   data required time
-----------------------------------------------------------------------------
                                  0.60   data required time
                                 -2.40   data arrival time
-----------------------------------------------------------------------------
                                  1.80   slack (MET)


Startpoint: reset (input port clocked by clk)
Endpoint: _313_ (removal check against rising-edge clock clk)
Path Group: asynchronous
Path Type: min

Fanout     Cap    Slew   Delay    Time   Description
-----------------------------------------------------------------------------
                  0.15    0.00    0.00   clock clk (rise edge)
                          0.00    0.00   clock network delay (ideal)
                          2.00    2.00 v input external delay
                  0.01    0.00    2.00 v reset (in)
     1    0.00                           reset (net)
                  0.01    0.00    2.00 v input9/A (sky130_fd_sc_hd__buf_2)
                  0.08    0.15    2.15 v input9/X (sky130_fd_sc_hd__buf_2)
     7    0.03                           net9 (net)
                  0.08    0.00    2.15 v _270_/A (sky130_fd_sc_hd__buf_4)
                  0.08    0.19    2.34 v _270_/X (sky130_fd_sc_hd__buf_4)
    10    0.05                           _144_ (net)
                  0.08    0.00    2.34 v _278_/A (sky130_fd_sc_hd__inv_2)
                  0.03    0.05    2.40 ^ _278_/Y (sky130_fd_sc_hd__inv_2)
     1    0.00                           _020_ (net)
                  0.03    0.00    2.40 ^ _313_/RESET_B (sky130_fd_sc_hd__dfrtp_1)
                                  2.40   data arrival time

                  0.15    0.00    0.00   clock clk (rise edge)
                          0.00    0.00   clock network delay (ideal)
                          0.25    0.25   clock uncertainty
                          0.00    0.25   clock reconvergence pessimism
                                  0.25 ^ _313_/CLK (sky130_fd_sc_hd__dfrtp_1)
                          0.35    0.60   library removal time
                                  0.60   data required time
-----------------------------------------------------------------------------
                                  0.60   data required time
                                 -2.40   data arrival time
-----------------------------------------------------------------------------
                                  1.80   slack (MET)


Startpoint: reset (input port clocked by clk)
Endpoint: _315_ (removal check against rising-edge clock clk)
Path Group: asynchronous
Path Type: min

Fanout     Cap    Slew   Delay    Time   Description
-----------------------------------------------------------------------------
                  0.15    0.00    0.00   clock clk (rise edge)
                          0.00    0.00   clock network delay (ideal)
                          2.00    2.00 v input external delay
                  0.01    0.00    2.00 v reset (in)
     1    0.00                           reset (net)
                  0.01    0.00    2.00 v input9/A (sky130_fd_sc_hd__buf_2)
                  0.08    0.15    2.15 v input9/X (sky130_fd_sc_hd__buf_2)
     7    0.03                           net9 (net)
                  0.08    0.00    2.15 v _270_/A (sky130_fd_sc_hd__buf_4)
                  0.08    0.19    2.34 v _270_/X (sky130_fd_sc_hd__buf_4)
    10    0.05                           _144_ (net)
                  0.08    0.00    2.34 v _280_/A (sky130_fd_sc_hd__inv_2)
                  0.03    0.05    2.40 ^ _280_/Y (sky130_fd_sc_hd__inv_2)
     1    0.00                           _022_ (net)
                  0.03    0.00    2.40 ^ _315_/RESET_B (sky130_fd_sc_hd__dfrtp_2)
                                  2.40   data arrival time

                  0.15    0.00    0.00   clock clk (rise edge)
                          0.00    0.00   clock network delay (ideal)
                          0.25    0.25   clock uncertainty
                          0.00    0.25   clock reconvergence pessimism
                                  0.25 ^ _315_/CLK (sky130_fd_sc_hd__dfrtp_2)
                          0.35    0.60   library removal time
                                  0.60   data required time
-----------------------------------------------------------------------------
                                  0.60   data required time
                                 -2.40   data arrival time
-----------------------------------------------------------------------------
                                  1.80   slack (MET)


Startpoint: reset (input port clocked by clk)
Endpoint: _317_ (removal check against rising-edge clock clk)
Path Group: asynchronous
Path Type: min

Fanout     Cap    Slew   Delay    Time   Description
-----------------------------------------------------------------------------
                  0.15    0.00    0.00   clock clk (rise edge)
                          0.00    0.00   clock network delay (ideal)
                          2.00    2.00 v input external delay
                  0.01    0.00    2.00 v reset (in)
     1    0.00                           reset (net)
                  0.01    0.00    2.00 v input9/A (sky130_fd_sc_hd__buf_2)
                  0.08    0.15    2.15 v input9/X (sky130_fd_sc_hd__buf_2)
     7    0.03                           net9 (net)
                  0.08    0.00    2.15 v _281_/A (sky130_fd_sc_hd__buf_4)
                  0.08    0.19    2.34 v _281_/X (sky130_fd_sc_hd__buf_4)
    10    0.05                           _145_ (net)
                  0.08    0.00    2.34 v _283_/A (sky130_fd_sc_hd__inv_2)
                  0.03    0.06    2.40 ^ _283_/Y (sky130_fd_sc_hd__inv_2)
     1    0.00                           _024_ (net)
                  0.03    0.00    2.40 ^ _317_/RESET_B (sky130_fd_sc_hd__dfrtp_1)
                                  2.40   data arrival time

                  0.15    0.00    0.00   clock clk (rise edge)
                          0.00    0.00   clock network delay (ideal)
                          0.25    0.25   clock uncertainty
                          0.00    0.25   clock reconvergence pessimism
                                  0.25 ^ _317_/CLK (sky130_fd_sc_hd__dfrtp_1)
                          0.35    0.60   library removal time
                                  0.60   data required time
-----------------------------------------------------------------------------
                                  0.60   data required time
                                 -2.40   data arrival time
-----------------------------------------------------------------------------
                                  1.80   slack (MET)


Startpoint: reset (input port clocked by clk)
Endpoint: _310_ (removal check against rising-edge clock clk)
Path Group: asynchronous
Path Type: min

Fanout     Cap    Slew   Delay    Time   Description
-----------------------------------------------------------------------------
                  0.15    0.00    0.00   clock clk (rise edge)
                          0.00    0.00   clock network delay (ideal)
                          2.00    2.00 v input external delay
                  0.01    0.00    2.00 v reset (in)
     1    0.00                           reset (net)
                  0.01    0.00    2.00 v input9/A (sky130_fd_sc_hd__buf_2)
                  0.08    0.15    2.15 v input9/X (sky130_fd_sc_hd__buf_2)
     7    0.03                           net9 (net)
                  0.08    0.00    2.15 v _270_/A (sky130_fd_sc_hd__buf_4)
                  0.08    0.19    2.34 v _270_/X (sky130_fd_sc_hd__buf_4)
    10    0.05                           _144_ (net)
                  0.08    0.00    2.34 v _275_/A (sky130_fd_sc_hd__inv_2)
                  0.03    0.05    2.40 ^ _275_/Y (sky130_fd_sc_hd__inv_2)
     1    0.00                           _051_ (net)
                  0.03    0.00    2.40 ^ _310_/RESET_B (sky130_fd_sc_hd__dfrtp_1)
                                  2.40   data arrival time

                  0.15    0.00    0.00   clock clk (rise edge)
                          0.00    0.00   clock network delay (ideal)
                          0.25    0.25   clock uncertainty
                          0.00    0.25   clock reconvergence pessimism
                                  0.25 ^ _310_/CLK (sky130_fd_sc_hd__dfrtp_1)
                          0.35    0.60   library removal time
                                  0.60   data required time
-----------------------------------------------------------------------------
                                  0.60   data required time
                                 -2.40   data arrival time
-----------------------------------------------------------------------------
                                  1.80   slack (MET)


Startpoint: reset (input port clocked by clk)
Endpoint: _311_ (removal check against rising-edge clock clk)
Path Group: asynchronous
Path Type: min

Fanout     Cap    Slew   Delay    Time   Description
-----------------------------------------------------------------------------
                  0.15    0.00    0.00   clock clk (rise edge)
                          0.00    0.00   clock network delay (ideal)
                          2.00    2.00 v input external delay
                  0.01    0.00    2.00 v reset (in)
     1    0.00                           reset (net)
                  0.01    0.00    2.00 v input9/A (sky130_fd_sc_hd__buf_2)
                  0.08    0.15    2.15 v input9/X (sky130_fd_sc_hd__buf_2)
     7    0.03                           net9 (net)
                  0.08    0.00    2.15 v _270_/A (sky130_fd_sc_hd__buf_4)
                  0.08    0.19    2.34 v _270_/X (sky130_fd_sc_hd__buf_4)
    10    0.05                           _144_ (net)
                  0.08    0.00    2.34 v _276_/A (sky130_fd_sc_hd__inv_2)
                  0.03    0.05    2.40 ^ _276_/Y (sky130_fd_sc_hd__inv_2)
     1    0.00                           _052_ (net)
                  0.03    0.00    2.40 ^ _311_/RESET_B (sky130_fd_sc_hd__dfrtp_1)
                                  2.40   data arrival time

                  0.15    0.00    0.00   clock clk (rise edge)
                          0.00    0.00   clock network delay (ideal)
                          0.25    0.25   clock uncertainty
                          0.00    0.25   clock reconvergence pessimism
                                  0.25 ^ _311_/CLK (sky130_fd_sc_hd__dfrtp_1)
                          0.35    0.60   library removal time
                                  0.60   data required time
-----------------------------------------------------------------------------
                                  0.60   data required time
                                 -2.40   data arrival time
-----------------------------------------------------------------------------
                                  1.80   slack (MET)


Startpoint: reset (input port clocked by clk)
Endpoint: _309_ (removal check against rising-edge clock clk)
Path Group: asynchronous
Path Type: min

Fanout     Cap    Slew   Delay    Time   Description
-----------------------------------------------------------------------------
                  0.15    0.00    0.00   clock clk (rise edge)
                          0.00    0.00   clock network delay (ideal)
                          2.00    2.00 v input external delay
                  0.01    0.00    2.00 v reset (in)
     1    0.00                           reset (net)
                  0.01    0.00    2.00 v input9/A (sky130_fd_sc_hd__buf_2)
                  0.08    0.15    2.15 v input9/X (sky130_fd_sc_hd__buf_2)
     7    0.03                           net9 (net)
                  0.08    0.00    2.15 v _270_/A (sky130_fd_sc_hd__buf_4)
                  0.08    0.19    2.34 v _270_/X (sky130_fd_sc_hd__buf_4)
    10    0.05                           _144_ (net)
                  0.08    0.00    2.34 v _274_/A (sky130_fd_sc_hd__inv_2)
                  0.03    0.06    2.40 ^ _274_/Y (sky130_fd_sc_hd__inv_2)
     1    0.00                           _050_ (net)
                  0.03    0.00    2.40 ^ _309_/RESET_B (sky130_fd_sc_hd__dfrtp_1)
                                  2.40   data arrival time

                  0.15    0.00    0.00   clock clk (rise edge)
                          0.00    0.00   clock network delay (ideal)
                          0.25    0.25   clock uncertainty
                          0.00    0.25   clock reconvergence pessimism
                                  0.25 ^ _309_/CLK (sky130_fd_sc_hd__dfrtp_1)
                          0.35    0.60   library removal time
                                  0.60   data required time
-----------------------------------------------------------------------------
                                  0.60   data required time
                                 -2.40   data arrival time
-----------------------------------------------------------------------------
                                  1.80   slack (MET)


Startpoint: reset (input port clocked by clk)
Endpoint: _314_ (removal check against rising-edge clock clk)
Path Group: asynchronous
Path Type: min

Fanout     Cap    Slew   Delay    Time   Description
-----------------------------------------------------------------------------
                  0.15    0.00    0.00   clock clk (rise edge)
                          0.00    0.00   clock network delay (ideal)
                          2.00    2.00 v input external delay
                  0.01    0.00    2.00 v reset (in)
     1    0.00                           reset (net)
                  0.01    0.00    2.00 v input9/A (sky130_fd_sc_hd__buf_2)
                  0.08    0.15    2.15 v input9/X (sky130_fd_sc_hd__buf_2)
     7    0.03                           net9 (net)
                  0.08    0.00    2.15 v _270_/A (sky130_fd_sc_hd__buf_4)
                  0.08    0.19    2.34 v _270_/X (sky130_fd_sc_hd__buf_4)
    10    0.05                           _144_ (net)
                  0.08    0.00    2.34 v _279_/A (sky130_fd_sc_hd__inv_2)
                  0.03    0.06    2.40 ^ _279_/Y (sky130_fd_sc_hd__inv_2)
     1    0.00                           _021_ (net)
                  0.03    0.00    2.40 ^ _314_/RESET_B (sky130_fd_sc_hd__dfrtp_2)
                                  2.40   data arrival time

                  0.15    0.00    0.00   clock clk (rise edge)
                          0.00    0.00   clock network delay (ideal)
                          0.25    0.25   clock uncertainty
                          0.00    0.25   clock reconvergence pessimism
                                  0.25 ^ _314_/CLK (sky130_fd_sc_hd__dfrtp_2)
                          0.35    0.60   library removal time
                                  0.60   data required time
-----------------------------------------------------------------------------
                                  0.60   data required time
                                 -2.40   data arrival time
-----------------------------------------------------------------------------
                                  1.80   slack (MET)


Startpoint: reset (input port clocked by clk)
Endpoint: _312_ (removal check against rising-edge clock clk)
Path Group: asynchronous
Path Type: min

Fanout     Cap    Slew   Delay    Time   Description
-----------------------------------------------------------------------------
                  0.15    0.00    0.00   clock clk (rise edge)
                          0.00    0.00   clock network delay (ideal)
                          2.00    2.00 v input external delay
                  0.01    0.00    2.00 v reset (in)
     1    0.00                           reset (net)
                  0.01    0.00    2.00 v input9/A (sky130_fd_sc_hd__buf_2)
                  0.08    0.15    2.15 v input9/X (sky130_fd_sc_hd__buf_2)
     7    0.03                           net9 (net)
                  0.08    0.00    2.15 v _270_/A (sky130_fd_sc_hd__buf_4)
                  0.08    0.19    2.34 v _270_/X (sky130_fd_sc_hd__buf_4)
    10    0.05                           _144_ (net)
                  0.08    0.00    2.34 v _277_/A (sky130_fd_sc_hd__inv_2)
                  0.03    0.06    2.40 ^ _277_/Y (sky130_fd_sc_hd__inv_2)
     1    0.00                           _053_ (net)
                  0.03    0.00    2.40 ^ _312_/RESET_B (sky130_fd_sc_hd__dfrtp_1)
                                  2.40   data arrival time

                  0.15    0.00    0.00   clock clk (rise edge)
                          0.00    0.00   clock network delay (ideal)
                          0.25    0.25   clock uncertainty
                          0.00    0.25   clock reconvergence pessimism
                                  0.25 ^ _312_/CLK (sky130_fd_sc_hd__dfrtp_1)
                          0.35    0.60   library removal time
                                  0.60   data required time
-----------------------------------------------------------------------------
                                  0.60   data required time
                                 -2.40   data arrival time
-----------------------------------------------------------------------------
                                  1.80   slack (MET)


Startpoint: reset (input port clocked by clk)
Endpoint: _306_ (removal check against rising-edge clock clk)
Path Group: asynchronous
Path Type: min

Fanout     Cap    Slew   Delay    Time   Description
-----------------------------------------------------------------------------
                  0.15    0.00    0.00   clock clk (rise edge)
                          0.00    0.00   clock network delay (ideal)
                          2.00    2.00 v input external delay
                  0.01    0.00    2.00 v reset (in)
     1    0.00                           reset (net)
                  0.01    0.00    2.00 v input9/A (sky130_fd_sc_hd__buf_2)
                  0.08    0.15    2.15 v input9/X (sky130_fd_sc_hd__buf_2)
     7    0.03                           net9 (net)
                  0.08    0.00    2.15 v _270_/A (sky130_fd_sc_hd__buf_4)
                  0.08    0.19    2.34 v _270_/X (sky130_fd_sc_hd__buf_4)
    10    0.05                           _144_ (net)
                  0.08    0.00    2.34 v _271_/A (sky130_fd_sc_hd__inv_2)
                  0.03    0.06    2.40 ^ _271_/Y (sky130_fd_sc_hd__inv_2)
     1    0.00                           _047_ (net)
                  0.03    0.00    2.40 ^ _306_/RESET_B (sky130_fd_sc_hd__dfrtp_1)
                                  2.40   data arrival time

                  0.15    0.00    0.00   clock clk (rise edge)
                          0.00    0.00   clock network delay (ideal)
                          0.25    0.25   clock uncertainty
                          0.00    0.25   clock reconvergence pessimism
                                  0.25 ^ _306_/CLK (sky130_fd_sc_hd__dfrtp_1)
                          0.35    0.60   library removal time
                                  0.60   data required time
-----------------------------------------------------------------------------
                                  0.60   data required time
                                 -2.40   data arrival time
-----------------------------------------------------------------------------
                                  1.80   slack (MET)


Startpoint: reset (input port clocked by clk)
Endpoint: _296_ (removal check against rising-edge clock clk)
Path Group: asynchronous
Path Type: min

Fanout     Cap    Slew   Delay    Time   Description
-----------------------------------------------------------------------------
                  0.15    0.00    0.00   clock clk (rise edge)
                          0.00    0.00   clock network delay (ideal)
                          2.00    2.00 v input external delay
                  0.01    0.00    2.00 v reset (in)
     1    0.00                           reset (net)
                  0.01    0.00    2.00 v input9/A (sky130_fd_sc_hd__buf_2)
                  0.08    0.15    2.15 v input9/X (sky130_fd_sc_hd__buf_2)
     7    0.03                           net9 (net)
                  0.08    0.00    2.15 v _259_/A (sky130_fd_sc_hd__buf_4)
                  0.08    0.19    2.34 v _259_/X (sky130_fd_sc_hd__buf_4)
    10    0.05                           _143_ (net)
                  0.08    0.00    2.34 v _260_/A (sky130_fd_sc_hd__inv_2)
                  0.03    0.05    2.39 ^ _260_/Y (sky130_fd_sc_hd__inv_2)
     1    0.00                           _037_ (net)
                  0.03    0.00    2.39 ^ _296_/SET_B (sky130_fd_sc_hd__dfstp_1)
                                  2.39   data arrival time

                  0.15    0.00    0.00   clock clk (rise edge)
                          0.00    0.00   clock network delay (ideal)
                          0.25    0.25   clock uncertainty
                          0.00    0.25   clock reconvergence pessimism
                                  0.25 ^ _296_/CLK (sky130_fd_sc_hd__dfstp_1)
                          0.18    0.43   library removal time
                                  0.43   data required time
-----------------------------------------------------------------------------
                                  0.43   data required time
                                 -2.39   data arrival time
-----------------------------------------------------------------------------
                                  1.96   slack (MET)


Startpoint: reset (input port clocked by clk)
Endpoint: _304_ (removal check against rising-edge clock clk)
Path Group: asynchronous
Path Type: min

Fanout     Cap    Slew   Delay    Time   Description
-----------------------------------------------------------------------------
                  0.15    0.00    0.00   clock clk (rise edge)
                          0.00    0.00   clock network delay (ideal)
                          2.00    2.00 v input external delay
                  0.01    0.00    2.00 v reset (in)
     1    0.00                           reset (net)
                  0.01    0.00    2.00 v input9/A (sky130_fd_sc_hd__buf_2)
                  0.08    0.15    2.15 v input9/X (sky130_fd_sc_hd__buf_2)
     7    0.03                           net9 (net)
                  0.08    0.00    2.15 v _259_/A (sky130_fd_sc_hd__buf_4)
                  0.08    0.19    2.34 v _259_/X (sky130_fd_sc_hd__buf_4)
    10    0.05                           _143_ (net)
                  0.08    0.00    2.34 v _268_/A (sky130_fd_sc_hd__inv_2)
                  0.03    0.05    2.40 ^ _268_/Y (sky130_fd_sc_hd__inv_2)
     1    0.00                           _045_ (net)
                  0.03    0.00    2.40 ^ _304_/SET_B (sky130_fd_sc_hd__dfstp_1)
                                  2.40   data arrival time

                  0.15    0.00    0.00   clock clk (rise edge)
                          0.00    0.00   clock network delay (ideal)
                          0.25    0.25   clock uncertainty
                          0.00    0.25   clock reconvergence pessimism
                                  0.25 ^ _304_/CLK (sky130_fd_sc_hd__dfstp_1)
                          0.19    0.44   library removal time
                                  0.44   data required time
-----------------------------------------------------------------------------
                                  0.44   data required time
                                 -2.40   data arrival time
-----------------------------------------------------------------------------
                                  1.96   slack (MET)


Startpoint: _305_ (rising edge-triggered flip-flop clocked by clk)
Endpoint: busy (output port clocked by clk)
Path Group: clk
Path Type: min

Fanout     Cap    Slew   Delay    Time   Description
-----------------------------------------------------------------------------
                  0.15    0.00    0.00   clock clk (rise edge)
                          0.00    0.00   clock network delay (ideal)
                  0.15    0.00    0.00 ^ _305_/CLK (sky130_fd_sc_hd__dfrtp_1)
                  0.05    0.34    0.34 ^ _305_/Q (sky130_fd_sc_hd__dfrtp_1)
     1    0.00                           net11 (net)
                  0.05    0.00    0.34 ^ output11/A (sky130_fd_sc_hd__buf_2)
                  0.17    0.19    0.53 ^ output11/X (sky130_fd_sc_hd__buf_2)
     1    0.03                           busy (net)
                  0.17    0.00    0.53 ^ busy (out)
                                  0.53   data arrival time

                  0.15    0.00    0.00   clock clk (rise edge)
                          0.00    0.00   clock network delay (ideal)
                          0.25    0.25   clock uncertainty
                          0.00    0.25   clock reconvergence pessimism
                         -2.00   -1.75   output external delay
                                 -1.75   data required time
-----------------------------------------------------------------------------
                                 -1.75   data required time
                                 -0.53   data arrival time
-----------------------------------------------------------------------------
                                  2.28   slack (MET)


Startpoint: _304_ (rising edge-triggered flip-flop clocked by clk)
Endpoint: tx (output port clocked by clk)
Path Group: clk
Path Type: min

Fanout     Cap    Slew   Delay    Time   Description
-----------------------------------------------------------------------------
                  0.15    0.00    0.00   clock clk (rise edge)
                          0.00    0.00   clock network delay (ideal)
                  0.15    0.00    0.00 ^ _304_/CLK (sky130_fd_sc_hd__dfstp_1)
                  0.04    0.37    0.37 v _304_/Q (sky130_fd_sc_hd__dfstp_1)
     1    0.00                           net12 (net)
                  0.04    0.00    0.37 v output12/A (sky130_fd_sc_hd__buf_2)
                  0.09    0.17    0.54 v output12/X (sky130_fd_sc_hd__buf_2)
     1    0.03                           tx (net)
                  0.09    0.00    0.54 v tx (out)
                                  0.54   data arrival time

                  0.15    0.00    0.00   clock clk (rise edge)
                          0.00    0.00   clock network delay (ideal)
                          0.25    0.25   clock uncertainty
                          0.00    0.25   clock reconvergence pessimism
                         -2.00   -1.75   output external delay
                                 -1.75   data required time
-----------------------------------------------------------------------------
                                 -1.75   data required time
                                 -0.54   data arrival time
-----------------------------------------------------------------------------
                                  2.29   slack (MET)



