
===========================================================================
report_checks -path_delay max (Setup)
============================================================================
======================= Typical Corner ===================================

Startpoint: start (input port clocked by clk)
Endpoint: _305_ (rising edge-triggered flip-flop clocked by clk)
Path Group: clk
Path Type: max

Fanout     Cap    Slew   Delay    Time   Description
-----------------------------------------------------------------------------
                  0.15    0.00    0.00   clock clk (rise edge)
                          0.00    0.00   clock network delay (ideal)
                          2.00    2.00 v input external delay
                  0.01    0.01    2.01 v start (in)
     1    0.00                           start (net)
                  0.01    0.00    2.01 v input10/A (sky130_fd_sc_hd__clkbuf_2)
                  0.08    0.14    2.14 v input10/X (sky130_fd_sc_hd__clkbuf_2)
     3    0.02                           net10 (net)
                  0.08    0.00    2.14 v _251_/A0 (sky130_fd_sc_hd__mux2_1)
                  0.05    0.29    2.43 v _251_/X (sky130_fd_sc_hd__mux2_1)
     1    0.00                           _137_ (net)
                  0.05    0.00    2.44 v _252_/C (sky130_fd_sc_hd__or3_1)
                  0.06    0.32    2.75 v _252_/X (sky130_fd_sc_hd__or3_1)
     1    0.00                           _138_ (net)
                  0.06    0.00    2.75 v _253_/A (sky130_fd_sc_hd__clkbuf_1)
                  0.03    0.10    2.85 v _253_/X (sky130_fd_sc_hd__clkbuf_1)
     1    0.00                           _146_ (net)
                  0.03    0.00    2.85 v _305_/D (sky130_fd_sc_hd__dfrtp_1)
                                  2.85   data arrival time

                  0.15   10.00   10.00   clock clk (rise edge)
                          0.00   10.00   clock network delay (ideal)
                         -0.25    9.75   clock uncertainty
                          0.00    9.75   clock reconvergence pessimism
                                  9.75 ^ _305_/CLK (sky130_fd_sc_hd__dfrtp_1)
                         -0.08    9.67   library setup time
                                  9.67   data required time
-----------------------------------------------------------------------------
                                  9.67   data required time
                                 -2.85   data arrival time
-----------------------------------------------------------------------------
                                  6.82   slack (MET)


Startpoint: start (input port clocked by clk)
Endpoint: _306_ (rising edge-triggered flip-flop clocked by clk)
Path Group: clk
Path Type: max

Fanout     Cap    Slew   Delay    Time   Description
-----------------------------------------------------------------------------
                  0.15    0.00    0.00   clock clk (rise edge)
                          0.00    0.00   clock network delay (ideal)
                          2.00    2.00 v input external delay
                  0.01    0.01    2.01 v start (in)
     1    0.00                           start (net)
                  0.01    0.00    2.01 v input10/A (sky130_fd_sc_hd__clkbuf_2)
                  0.08    0.14    2.14 v input10/X (sky130_fd_sc_hd__clkbuf_2)
     3    0.02                           net10 (net)
                  0.08    0.00    2.14 v _148_/A (sky130_fd_sc_hd__nand2_4)
                  0.12    0.13    2.27 ^ _148_/Y (sky130_fd_sc_hd__nand2_4)
     9    0.04                           _066_ (net)
                  0.12    0.00    2.28 ^ _163_/S (sky130_fd_sc_hd__mux2_1)
                  0.05    0.34    2.62 v _163_/X (sky130_fd_sc_hd__mux2_1)
     1    0.00                           _074_ (net)
                  0.05    0.00    2.62 v _164_/A (sky130_fd_sc_hd__clkbuf_1)
                  0.03    0.10    2.71 v _164_/X (sky130_fd_sc_hd__clkbuf_1)
     1    0.00                           _058_ (net)
                  0.03    0.00    2.71 v _306_/D (sky130_fd_sc_hd__dfrtp_1)
                                  2.71   data arrival time

                  0.15   10.00   10.00   clock clk (rise edge)
                          0.00   10.00   clock network delay (ideal)
                         -0.25    9.75   clock uncertainty
                          0.00    9.75   clock reconvergence pessimism
                                  9.75 ^ _306_/CLK (sky130_fd_sc_hd__dfrtp_1)
                         -0.08    9.67   library setup time
                                  9.67   data required time
-----------------------------------------------------------------------------
                                  9.67   data required time
                                 -2.71   data arrival time
-----------------------------------------------------------------------------
                                  6.96   slack (MET)


Startpoint: start (input port clocked by clk)
Endpoint: _310_ (rising edge-triggered flip-flop clocked by clk)
Path Group: clk
Path Type: max

Fanout     Cap    Slew   Delay    Time   Description
-----------------------------------------------------------------------------
                  0.15    0.00    0.00   clock clk (rise edge)
                          0.00    0.00   clock network delay (ideal)
                          2.00    2.00 v input external delay
                  0.01    0.01    2.01 v start (in)
     1    0.00                           start (net)
                  0.01    0.00    2.01 v input10/A (sky130_fd_sc_hd__clkbuf_2)
                  0.08    0.14    2.14 v input10/X (sky130_fd_sc_hd__clkbuf_2)
     3    0.02                           net10 (net)
                  0.08    0.00    2.14 v _148_/A (sky130_fd_sc_hd__nand2_4)
                  0.12    0.13    2.27 ^ _148_/Y (sky130_fd_sc_hd__nand2_4)
     9    0.04                           _066_ (net)
                  0.12    0.00    2.28 ^ _155_/S (sky130_fd_sc_hd__mux2_1)
                  0.06    0.34    2.62 v _155_/X (sky130_fd_sc_hd__mux2_1)
     1    0.00                           _070_ (net)
                  0.06    0.00    2.62 v _156_/A (sky130_fd_sc_hd__clkbuf_1)
                  0.02    0.09    2.71 v _156_/X (sky130_fd_sc_hd__clkbuf_1)
     1    0.00                           _062_ (net)
                  0.02    0.00    2.71 v _310_/D (sky130_fd_sc_hd__dfrtp_1)
                                  2.71   data arrival time

                  0.15   10.00   10.00   clock clk (rise edge)
                          0.00   10.00   clock network delay (ideal)
                         -0.25    9.75   clock uncertainty
                          0.00    9.75   clock reconvergence pessimism
                                  9.75 ^ _310_/CLK (sky130_fd_sc_hd__dfrtp_1)
                         -0.08    9.67   library setup time
                                  9.67   data required time
-----------------------------------------------------------------------------
                                  9.67   data required time
                                 -2.71   data arrival time
-----------------------------------------------------------------------------
                                  6.96   slack (MET)


Startpoint: start (input port clocked by clk)
Endpoint: _312_ (rising edge-triggered flip-flop clocked by clk)
Path Group: clk
Path Type: max

Fanout     Cap    Slew   Delay    Time   Description
-----------------------------------------------------------------------------
                  0.15    0.00    0.00   clock clk (rise edge)
                          0.00    0.00   clock network delay (ideal)
                          2.00    2.00 v input external delay
                  0.01    0.01    2.01 v start (in)
     1    0.00                           start (net)
                  0.01    0.00    2.01 v input10/A (sky130_fd_sc_hd__clkbuf_2)
                  0.08    0.14    2.14 v input10/X (sky130_fd_sc_hd__clkbuf_2)
     3    0.02                           net10 (net)
                  0.08    0.00    2.14 v _148_/A (sky130_fd_sc_hd__nand2_4)
                  0.12    0.13    2.27 ^ _148_/Y (sky130_fd_sc_hd__nand2_4)
     9    0.04                           _066_ (net)
                  0.12    0.00    2.28 ^ _151_/S (sky130_fd_sc_hd__mux2_1)
                  0.05    0.34    2.62 v _151_/X (sky130_fd_sc_hd__mux2_1)
     1    0.00                           _068_ (net)
                  0.05    0.00    2.62 v _152_/A (sky130_fd_sc_hd__clkbuf_1)
                  0.02    0.09    2.71 v _152_/X (sky130_fd_sc_hd__clkbuf_1)
     1    0.00                           _064_ (net)
                  0.02    0.00    2.71 v _312_/D (sky130_fd_sc_hd__dfrtp_1)
                                  2.71   data arrival time

                  0.15   10.00   10.00   clock clk (rise edge)
                          0.00   10.00   clock network delay (ideal)
                         -0.25    9.75   clock uncertainty
                          0.00    9.75   clock reconvergence pessimism
                                  9.75 ^ _312_/CLK (sky130_fd_sc_hd__dfrtp_1)
                         -0.08    9.67   library setup time
                                  9.67   data required time
-----------------------------------------------------------------------------
                                  9.67   data required time
                                 -2.71   data arrival time
-----------------------------------------------------------------------------
                                  6.96   slack (MET)


Startpoint: start (input port clocked by clk)
Endpoint: _311_ (rising edge-triggered flip-flop clocked by clk)
Path Group: clk
Path Type: max

Fanout     Cap    Slew   Delay    Time   Description
-----------------------------------------------------------------------------
                  0.15    0.00    0.00   clock clk (rise edge)
                          0.00    0.00   clock network delay (ideal)
                          2.00    2.00 v input external delay
                  0.01    0.01    2.01 v start (in)
     1    0.00                           start (net)
                  0.01    0.00    2.01 v input10/A (sky130_fd_sc_hd__clkbuf_2)
                  0.08    0.14    2.14 v input10/X (sky130_fd_sc_hd__clkbuf_2)
     3    0.02                           net10 (net)
                  0.08    0.00    2.14 v _148_/A (sky130_fd_sc_hd__nand2_4)
                  0.12    0.13    2.27 ^ _148_/Y (sky130_fd_sc_hd__nand2_4)
     9    0.04                           _066_ (net)
                  0.12    0.00    2.28 ^ _153_/S (sky130_fd_sc_hd__mux2_1)
                  0.06    0.34    2.62 v _153_/X (sky130_fd_sc_hd__mux2_1)
     1    0.00                           _069_ (net)
                  0.06    0.00    2.62 v _154_/A (sky130_fd_sc_hd__clkbuf_1)
                  0.02    0.09    2.71 v _154_/X (sky130_fd_sc_hd__clkbuf_1)
     1    0.00                           _063_ (net)
                  0.02    0.00    2.71 v _311_/D (sky130_fd_sc_hd__dfrtp_1)
                                  2.71   data arrival time

                  0.15   10.00   10.00   clock clk (rise edge)
                          0.00   10.00   clock network delay (ideal)
                         -0.25    9.75   clock uncertainty
                          0.00    9.75   clock reconvergence pessimism
                                  9.75 ^ _311_/CLK (sky130_fd_sc_hd__dfrtp_1)
                         -0.08    9.67   library setup time
                                  9.67   data required time
-----------------------------------------------------------------------------
                                  9.67   data required time
                                 -2.71   data arrival time
-----------------------------------------------------------------------------
                                  6.96   slack (MET)


Startpoint: start (input port clocked by clk)
Endpoint: _307_ (rising edge-triggered flip-flop clocked by clk)
Path Group: clk
Path Type: max

Fanout     Cap    Slew   Delay    Time   Description
-----------------------------------------------------------------------------
                  0.15    0.00    0.00   clock clk (rise edge)
                          0.00    0.00   clock network delay (ideal)
                          2.00    2.00 v input external delay
                  0.01    0.01    2.01 v start (in)
     1    0.00                           start (net)
                  0.01    0.00    2.01 v input10/A (sky130_fd_sc_hd__clkbuf_2)
                  0.08    0.14    2.14 v input10/X (sky130_fd_sc_hd__clkbuf_2)
     3    0.02                           net10 (net)
                  0.08    0.00    2.14 v _148_/A (sky130_fd_sc_hd__nand2_4)
                  0.12    0.13    2.27 ^ _148_/Y (sky130_fd_sc_hd__nand2_4)
     9    0.04                           _066_ (net)
                  0.12    0.00    2.28 ^ _161_/S (sky130_fd_sc_hd__mux2_1)
                  0.05    0.34    2.62 v _161_/X (sky130_fd_sc_hd__mux2_1)
     1    0.00                           _073_ (net)
                  0.05    0.00    2.62 v _162_/A (sky130_fd_sc_hd__clkbuf_1)
                  0.02    0.09    2.71 v _162_/X (sky130_fd_sc_hd__clkbuf_1)
     1    0.00                           _059_ (net)
                  0.02    0.00    2.71 v _307_/D (sky130_fd_sc_hd__dfrtp_1)
                                  2.71   data arrival time

                  0.15   10.00   10.00   clock clk (rise edge)
                          0.00   10.00   clock network delay (ideal)
                         -0.25    9.75   clock uncertainty
                          0.00    9.75   clock reconvergence pessimism
                                  9.75 ^ _307_/CLK (sky130_fd_sc_hd__dfrtp_1)
                         -0.08    9.67   library setup time
                                  9.67   data required time
-----------------------------------------------------------------------------
                                  9.67   data required time
                                 -2.71   data arrival time
-----------------------------------------------------------------------------
                                  6.96   slack (MET)


Startpoint: start (input port clocked by clk)
Endpoint: _313_ (rising edge-triggered flip-flop clocked by clk)
Path Group: clk
Path Type: max

Fanout     Cap    Slew   Delay    Time   Description
-----------------------------------------------------------------------------
                  0.15    0.00    0.00   clock clk (rise edge)
                          0.00    0.00   clock network delay (ideal)
                          2.00    2.00 v input external delay
                  0.01    0.01    2.01 v start (in)
     1    0.00                           start (net)
                  0.01    0.00    2.01 v input10/A (sky130_fd_sc_hd__clkbuf_2)
                  0.08    0.14    2.14 v input10/X (sky130_fd_sc_hd__clkbuf_2)
     3    0.02                           net10 (net)
                  0.08    0.00    2.14 v _148_/A (sky130_fd_sc_hd__nand2_4)
                  0.12    0.13    2.27 ^ _148_/Y (sky130_fd_sc_hd__nand2_4)
     9    0.04                           _066_ (net)
                  0.12    0.00    2.28 ^ _149_/S (sky130_fd_sc_hd__mux2_1)
                  0.05    0.34    2.62 v _149_/X (sky130_fd_sc_hd__mux2_1)
     1    0.00                           _067_ (net)
                  0.05    0.00    2.62 v _150_/A (sky130_fd_sc_hd__clkbuf_1)
                  0.02    0.09    2.71 v _150_/X (sky130_fd_sc_hd__clkbuf_1)
     1    0.00                           _065_ (net)
                  0.02    0.00    2.71 v _313_/D (sky130_fd_sc_hd__dfrtp_1)
                                  2.71   data arrival time

                  0.15   10.00   10.00   clock clk (rise edge)
                          0.00   10.00   clock network delay (ideal)
                         -0.25    9.75   clock uncertainty
                          0.00    9.75   clock reconvergence pessimism
                                  9.75 ^ _313_/CLK (sky130_fd_sc_hd__dfrtp_1)
                         -0.08    9.67   library setup time
                                  9.67   data required time
-----------------------------------------------------------------------------
                                  9.67   data required time
                                 -2.71   data arrival time
-----------------------------------------------------------------------------
                                  6.96   slack (MET)


Startpoint: start (input port clocked by clk)
Endpoint: _308_ (rising edge-triggered flip-flop clocked by clk)
Path Group: clk
Path Type: max

Fanout     Cap    Slew   Delay    Time   Description
-----------------------------------------------------------------------------
                  0.15    0.00    0.00   clock clk (rise edge)
                          0.00    0.00   clock network delay (ideal)
                          2.00    2.00 v input external delay
                  0.01    0.01    2.01 v start (in)
     1    0.00                           start (net)
                  0.01    0.00    2.01 v input10/A (sky130_fd_sc_hd__clkbuf_2)
                  0.08    0.14    2.14 v input10/X (sky130_fd_sc_hd__clkbuf_2)
     3    0.02                           net10 (net)
                  0.08    0.00    2.14 v _148_/A (sky130_fd_sc_hd__nand2_4)
                  0.12    0.13    2.27 ^ _148_/Y (sky130_fd_sc_hd__nand2_4)
     9    0.04                           _066_ (net)
                  0.12    0.00    2.27 ^ _159_/S (sky130_fd_sc_hd__mux2_1)
                  0.05    0.34    2.62 v _159_/X (sky130_fd_sc_hd__mux2_1)
     1    0.00                           _072_ (net)
                  0.05    0.00    2.62 v _160_/A (sky130_fd_sc_hd__clkbuf_1)
                  0.02    0.09    2.71 v _160_/X (sky130_fd_sc_hd__clkbuf_1)
     1    0.00                           _060_ (net)
                  0.02    0.00    2.71 v _308_/D (sky130_fd_sc_hd__dfrtp_1)
                                  2.71   data arrival time

                  0.15   10.00   10.00   clock clk (rise edge)
                          0.00   10.00   clock network delay (ideal)
                         -0.25    9.75   clock uncertainty
                          0.00    9.75   clock reconvergence pessimism
                                  9.75 ^ _308_/CLK (sky130_fd_sc_hd__dfrtp_1)
                         -0.08    9.67   library setup time
                                  9.67   data required time
-----------------------------------------------------------------------------
                                  9.67   data required time
                                 -2.71   data arrival time
-----------------------------------------------------------------------------
                                  6.96   slack (MET)


Startpoint: start (input port clocked by clk)
Endpoint: _309_ (rising edge-triggered flip-flop clocked by clk)
Path Group: clk
Path Type: max

Fanout     Cap    Slew   Delay    Time   Description
-----------------------------------------------------------------------------
                  0.15    0.00    0.00   clock clk (rise edge)
                          0.00    0.00   clock network delay (ideal)
                          2.00    2.00 v input external delay
                  0.01    0.01    2.01 v start (in)
     1    0.00                           start (net)
                  0.01    0.00    2.01 v input10/A (sky130_fd_sc_hd__clkbuf_2)
                  0.08    0.14    2.14 v input10/X (sky130_fd_sc_hd__clkbuf_2)
     3    0.02                           net10 (net)
                  0.08    0.00    2.14 v _148_/A (sky130_fd_sc_hd__nand2_4)
                  0.12    0.13    2.27 ^ _148_/Y (sky130_fd_sc_hd__nand2_4)
     9    0.04                           _066_ (net)
                  0.12    0.00    2.28 ^ _157_/S (sky130_fd_sc_hd__mux2_1)
                  0.05    0.34    2.62 v _157_/X (sky130_fd_sc_hd__mux2_1)
     1    0.00                           _071_ (net)
                  0.05    0.00    2.62 v _158_/A (sky130_fd_sc_hd__clkbuf_1)
                  0.02    0.09    2.71 v _158_/X (sky130_fd_sc_hd__clkbuf_1)
     1    0.00                           _061_ (net)
                  0.02    0.00    2.71 v _309_/D (sky130_fd_sc_hd__dfrtp_1)
                                  2.71   data arrival time

                  0.15   10.00   10.00   clock clk (rise edge)
                          0.00   10.00   clock network delay (ideal)
                         -0.25    9.75   clock uncertainty
                          0.00    9.75   clock reconvergence pessimism
                                  9.75 ^ _309_/CLK (sky130_fd_sc_hd__dfrtp_1)
                         -0.08    9.67   library setup time
                                  9.67   data required time
-----------------------------------------------------------------------------
                                  9.67   data required time
                                 -2.71   data arrival time
-----------------------------------------------------------------------------
                                  6.96   slack (MET)


Startpoint: _304_ (rising edge-triggered flip-flop clocked by clk)
Endpoint: tx (output port clocked by clk)
Path Group: clk
Path Type: max

Fanout     Cap    Slew   Delay    Time   Description
-----------------------------------------------------------------------------
                  0.15    0.00    0.00   clock clk (rise edge)
                          0.00    0.00   clock network delay (ideal)
                  0.15    0.00    0.00 ^ _304_/CLK (sky130_fd_sc_hd__dfstp_1)
                  0.06    0.57    0.57 ^ _304_/Q (sky130_fd_sc_hd__dfstp_1)
     1    0.00                           net12 (net)
                  0.06    0.00    0.57 ^ output12/A (sky130_fd_sc_hd__buf_2)
                  0.17    0.21    0.78 ^ output12/X (sky130_fd_sc_hd__buf_2)
     1    0.03                           tx (net)
                  0.17    0.00    0.78 ^ tx (out)
                                  0.78   data arrival time

                  0.15   10.00   10.00   clock clk (rise edge)
                          0.00   10.00   clock network delay (ideal)
                         -0.25    9.75   clock uncertainty
                          0.00    9.75   clock reconvergence pessimism
                         -2.00    7.75   output external delay
                                  7.75   data required time
-----------------------------------------------------------------------------
                                  7.75   data required time
                                 -0.78   data arrival time
-----------------------------------------------------------------------------
                                  6.97   slack (MET)


Startpoint: _305_ (rising edge-triggered flip-flop clocked by clk)
Endpoint: busy (output port clocked by clk)
Path Group: clk
Path Type: max

Fanout     Cap    Slew   Delay    Time   Description
-----------------------------------------------------------------------------
                  0.15    0.00    0.00   clock clk (rise edge)
                          0.00    0.00   clock network delay (ideal)
                  0.15    0.00    0.00 ^ _305_/CLK (sky130_fd_sc_hd__dfrtp_1)
                  0.04    0.41    0.41 v _305_/Q (sky130_fd_sc_hd__dfrtp_1)
     1    0.00                           net11 (net)
                  0.04    0.00    0.41 v output11/A (sky130_fd_sc_hd__buf_2)
                  0.09    0.19    0.60 v output11/X (sky130_fd_sc_hd__buf_2)
     1    0.03                           busy (net)
                  0.09    0.00    0.60 v busy (out)
                                  0.60   data arrival time

                  0.15   10.00   10.00   clock clk (rise edge)
                          0.00   10.00   clock network delay (ideal)
                         -0.25    9.75   clock uncertainty
                          0.00    9.75   clock reconvergence pessimism
                         -2.00    7.75   output external delay
                                  7.75   data required time
-----------------------------------------------------------------------------
                                  7.75   data required time
                                 -0.60   data arrival time
-----------------------------------------------------------------------------
                                  7.15   slack (MET)


Startpoint: start (input port clocked by clk)
Endpoint: _298_ (rising edge-triggered flip-flop clocked by clk)
Path Group: clk
Path Type: max

Fanout     Cap    Slew   Delay    Time   Description
-----------------------------------------------------------------------------
                  0.15    0.00    0.00   clock clk (rise edge)
                          0.00    0.00   clock network delay (ideal)
                          2.00    2.00 v input external delay
                  0.01    0.01    2.01 v start (in)
     1    0.00                           start (net)
                  0.01    0.00    2.01 v input10/A (sky130_fd_sc_hd__clkbuf_2)
                  0.08    0.14    2.14 v input10/X (sky130_fd_sc_hd__clkbuf_2)
     3    0.02                           net10 (net)
                  0.08    0.00    2.14 v _148_/A (sky130_fd_sc_hd__nand2_4)
                  0.12    0.13    2.27 ^ _148_/Y (sky130_fd_sc_hd__nand2_4)
     9    0.04                           _066_ (net)
                  0.12    0.00    2.27 ^ _185_/B1_N (sky130_fd_sc_hd__a21bo_1)
                  0.03    0.22    2.49 v _185_/X (sky130_fd_sc_hd__a21bo_1)
     1    0.00                           _018_ (net)
                  0.03    0.00    2.49 v _298_/D (sky130_fd_sc_hd__dfrtp_1)
                                  2.49   data arrival time

                  0.15   10.00   10.00   clock clk (rise edge)
                          0.00   10.00   clock network delay (ideal)
                         -0.25    9.75   clock uncertainty
                          0.00    9.75   clock reconvergence pessimism
                                  9.75 ^ _298_/CLK (sky130_fd_sc_hd__dfrtp_1)
                         -0.09    9.66   library setup time
                                  9.66   data required time
-----------------------------------------------------------------------------
                                  9.66   data required time
                                 -2.49   data arrival time
-----------------------------------------------------------------------------
                                  7.17   slack (MET)


Startpoint: _326_ (rising edge-triggered flip-flop clocked by clk)
Endpoint: _299_ (rising edge-triggered flip-flop clocked by clk)
Path Group: clk
Path Type: max

Fanout     Cap    Slew   Delay    Time   Description
-----------------------------------------------------------------------------
                  0.15    0.00    0.00   clock clk (rise edge)
                          0.00    0.00   clock network delay (ideal)
                  0.15    0.00    0.00 ^ _326_/CLK (sky130_fd_sc_hd__dfrtp_1)
                  0.08    0.46    0.46 v _326_/Q (sky130_fd_sc_hd__dfrtp_1)
     6    0.01                           baud_count[12] (net)
                  0.08    0.00    0.46 v _167_/B (sky130_fd_sc_hd__or4_1)
                  0.11    0.57    1.03 v _167_/X (sky130_fd_sc_hd__or4_1)
     2    0.01                           _077_ (net)
                  0.11    0.00    1.03 v _184_/B (sky130_fd_sc_hd__or4_2)
                  0.14    0.76    1.80 v _184_/X (sky130_fd_sc_hd__or4_2)
     6    0.01                           _090_ (net)
                  0.14    0.00    1.80 v _186_/C (sky130_fd_sc_hd__or4_1)
                  0.08    0.51    2.30 v _186_/X (sky130_fd_sc_hd__or4_1)
     1    0.00                           _091_ (net)
                  0.08    0.00    2.30 v _187_/B1_N (sky130_fd_sc_hd__a21bo_1)
                  0.03    0.19    2.50 ^ _187_/X (sky130_fd_sc_hd__a21bo_1)
     1    0.00                           _019_ (net)
                  0.03    0.00    2.50 ^ _299_/D (sky130_fd_sc_hd__dfrtp_1)
                                  2.50   data arrival time

                  0.15   10.00   10.00   clock clk (rise edge)
                          0.00   10.00   clock network delay (ideal)
                         -0.25    9.75   clock uncertainty
                          0.00    9.75   clock reconvergence pessimism
                                  9.75 ^ _299_/CLK (sky130_fd_sc_hd__dfrtp_1)
                         -0.04    9.71   library setup time
                                  9.71   data required time
-----------------------------------------------------------------------------
                                  9.71   data required time
                                 -2.50   data arrival time
-----------------------------------------------------------------------------
                                  7.21   slack (MET)


Startpoint: _326_ (rising edge-triggered flip-flop clocked by clk)
Endpoint: _297_ (rising edge-triggered flip-flop clocked by clk)
Path Group: clk
Path Type: max

Fanout     Cap    Slew   Delay    Time   Description
-----------------------------------------------------------------------------
                  0.15    0.00    0.00   clock clk (rise edge)
                          0.00    0.00   clock network delay (ideal)
                  0.15    0.00    0.00 ^ _326_/CLK (sky130_fd_sc_hd__dfrtp_1)
                  0.08    0.46    0.46 v _326_/Q (sky130_fd_sc_hd__dfrtp_1)
     6    0.01                           baud_count[12] (net)
                  0.08    0.00    0.46 v _167_/B (sky130_fd_sc_hd__or4_1)
                  0.11    0.57    1.03 v _167_/X (sky130_fd_sc_hd__or4_1)
     2    0.01                           _077_ (net)
                  0.11    0.00    1.03 v _184_/B (sky130_fd_sc_hd__or4_2)
                  0.14    0.76    1.80 v _184_/X (sky130_fd_sc_hd__or4_2)
     6    0.01                           _090_ (net)
                  0.14    0.00    1.80 v _188_/B (sky130_fd_sc_hd__or3_1)
                  0.06    0.39    2.18 v _188_/X (sky130_fd_sc_hd__or3_1)
     1    0.00                           _092_ (net)
                  0.06    0.00    2.18 v _189_/B1 (sky130_fd_sc_hd__a22o_1)
                  0.04    0.19    2.37 v _189_/X (sky130_fd_sc_hd__a22o_1)
     1    0.00                           _017_ (net)
                  0.04    0.00    2.37 v _297_/D (sky130_fd_sc_hd__dfrtp_4)
                                  2.37   data arrival time

                  0.15   10.00   10.00   clock clk (rise edge)
                          0.00   10.00   clock network delay (ideal)
                         -0.25    9.75   clock uncertainty
                          0.00    9.75   clock reconvergence pessimism
                                  9.75 ^ _297_/CLK (sky130_fd_sc_hd__dfrtp_4)
                         -0.09    9.66   library setup time
                                  9.66   data required time
-----------------------------------------------------------------------------
                                  9.66   data required time
                                 -2.37   data arrival time
-----------------------------------------------------------------------------
                                  7.29   slack (MET)


Startpoint: start (input port clocked by clk)
Endpoint: _296_ (rising edge-triggered flip-flop clocked by clk)
Path Group: clk
Path Type: max

Fanout     Cap    Slew   Delay    Time   Description
-----------------------------------------------------------------------------
                  0.15    0.00    0.00   clock clk (rise edge)
                          0.00    0.00   clock network delay (ideal)
                          2.00    2.00 ^ input external delay
                  0.02    0.01    2.01 ^ start (in)
     1    0.00                           start (net)
                  0.02    0.00    2.01 ^ input10/A (sky130_fd_sc_hd__clkbuf_2)
                  0.11    0.15    2.17 ^ input10/X (sky130_fd_sc_hd__clkbuf_2)
     3    0.02                           net10 (net)
                  0.11    0.00    2.17 ^ _190_/A (sky130_fd_sc_hd__inv_2)
                  0.03    0.04    2.20 v _190_/Y (sky130_fd_sc_hd__inv_2)
     1    0.00                           _093_ (net)
                  0.03    0.00    2.20 v _191_/A1 (sky130_fd_sc_hd__a22o_1)
                  0.04    0.20    2.40 v _191_/X (sky130_fd_sc_hd__a22o_1)
     1    0.00                           _016_ (net)
                  0.04    0.00    2.40 v _296_/D (sky130_fd_sc_hd__dfstp_1)
                                  2.40   data arrival time

                  0.15   10.00   10.00   clock clk (rise edge)
                          0.00   10.00   clock network delay (ideal)
                         -0.25    9.75   clock uncertainty
                          0.00    9.75   clock reconvergence pessimism
                                  9.75 ^ _296_/CLK (sky130_fd_sc_hd__dfstp_1)
                         -0.04    9.71   library setup time
                                  9.71   data required time
-----------------------------------------------------------------------------
                                  9.71   data required time
                                 -2.40   data arrival time
-----------------------------------------------------------------------------
                                  7.30   slack (MET)


Startpoint: _326_ (rising edge-triggered flip-flop clocked by clk)
Endpoint: _303_ (rising edge-triggered flip-flop clocked by clk)
Path Group: clk
Path Type: max

Fanout     Cap    Slew   Delay    Time   Description
-----------------------------------------------------------------------------
                  0.15    0.00    0.00   clock clk (rise edge)
                          0.00    0.00   clock network delay (ideal)
                  0.15    0.00    0.00 ^ _326_/CLK (sky130_fd_sc_hd__dfrtp_1)
                  0.08    0.46    0.46 v _326_/Q (sky130_fd_sc_hd__dfrtp_1)
     6    0.01                           baud_count[12] (net)
                  0.08    0.00    0.46 v _167_/B (sky130_fd_sc_hd__or4_1)
                  0.11    0.57    1.03 v _167_/X (sky130_fd_sc_hd__or4_1)
     2    0.01                           _077_ (net)
                  0.11    0.00    1.03 v _170_/B (sky130_fd_sc_hd__nor4_1)
                  0.35    0.38    1.42 ^ _170_/Y (sky130_fd_sc_hd__nor4_1)
     2    0.01                           _080_ (net)
                  0.35    0.00    1.42 ^ max_cap13/A (sky130_fd_sc_hd__buf_1)
                  0.11    0.19    1.60 ^ max_cap13/X (sky130_fd_sc_hd__buf_1)
     3    0.01                           net13 (net)
                  0.11    0.00    1.60 ^ _171_/A1 (sky130_fd_sc_hd__mux2_1)
                  0.12    0.22    1.82 ^ _171_/X (sky130_fd_sc_hd__mux2_1)
     5    0.01                           _081_ (net)
                  0.12    0.00    1.82 ^ _172_/B1_N (sky130_fd_sc_hd__a21bo_1)
                  0.04    0.23    2.05 v _172_/X (sky130_fd_sc_hd__a21bo_1)
     2    0.00                           _082_ (net)
                  0.04    0.00    2.05 v _173_/B (sky130_fd_sc_hd__and2_1)
                  0.03    0.15    2.20 v _173_/X (sky130_fd_sc_hd__and2_1)
     1    0.00                           _083_ (net)
                  0.03    0.00    2.20 v _174_/A (sky130_fd_sc_hd__clkbuf_1)
                  0.02    0.08    2.28 v _174_/X (sky130_fd_sc_hd__clkbuf_1)
     1    0.00                           _057_ (net)
                  0.02    0.00    2.28 v _303_/D (sky130_fd_sc_hd__dfrtp_1)
                                  2.28   data arrival time

                  0.15   10.00   10.00   clock clk (rise edge)
                          0.00   10.00   clock network delay (ideal)
                         -0.25    9.75   clock uncertainty
                          0.00    9.75   clock reconvergence pessimism
                                  9.75 ^ _303_/CLK (sky130_fd_sc_hd__dfrtp_1)
                         -0.08    9.67   library setup time
                                  9.67   data required time
-----------------------------------------------------------------------------
                                  9.67   data required time
                                 -2.28   data arrival time
-----------------------------------------------------------------------------
                                  7.39   slack (MET)


Startpoint: _326_ (rising edge-triggered flip-flop clocked by clk)
Endpoint: _302_ (rising edge-triggered flip-flop clocked by clk)
Path Group: clk
Path Type: max

Fanout     Cap    Slew   Delay    Time   Description
-----------------------------------------------------------------------------
                  0.15    0.00    0.00   clock clk (rise edge)
                          0.00    0.00   clock network delay (ideal)
                  0.15    0.00    0.00 ^ _326_/CLK (sky130_fd_sc_hd__dfrtp_1)
                  0.08    0.46    0.46 v _326_/Q (sky130_fd_sc_hd__dfrtp_1)
     6    0.01                           baud_count[12] (net)
                  0.08    0.00    0.46 v _167_/B (sky130_fd_sc_hd__or4_1)
                  0.11    0.57    1.03 v _167_/X (sky130_fd_sc_hd__or4_1)
     2    0.01                           _077_ (net)
                  0.11    0.00    1.03 v _170_/B (sky130_fd_sc_hd__nor4_1)
                  0.35    0.38    1.42 ^ _170_/Y (sky130_fd_sc_hd__nor4_1)
     2    0.01                           _080_ (net)
                  0.35    0.00    1.42 ^ max_cap13/A (sky130_fd_sc_hd__buf_1)
                  0.11    0.19    1.60 ^ max_cap13/X (sky130_fd_sc_hd__buf_1)
     3    0.01                           net13 (net)
                  0.11    0.00    1.60 ^ _171_/A1 (sky130_fd_sc_hd__mux2_1)
                  0.12    0.22    1.82 ^ _171_/X (sky130_fd_sc_hd__mux2_1)
     5    0.01                           _081_ (net)
                  0.12    0.00    1.82 ^ _172_/B1_N (sky130_fd_sc_hd__a21bo_1)
                  0.04    0.23    2.05 v _172_/X (sky130_fd_sc_hd__a21bo_1)
     2    0.00                           _082_ (net)
                  0.04    0.00    2.05 v _176_/A (sky130_fd_sc_hd__and2_1)
                  0.03    0.13    2.18 v _176_/X (sky130_fd_sc_hd__and2_1)
     1    0.00                           _085_ (net)
                  0.03    0.00    2.18 v _177_/A (sky130_fd_sc_hd__clkbuf_1)
                  0.02    0.08    2.26 v _177_/X (sky130_fd_sc_hd__clkbuf_1)
     1    0.00                           _056_ (net)
                  0.02    0.00    2.26 v _302_/D (sky130_fd_sc_hd__dfrtp_1)
                                  2.26   data arrival time

                  0.15   10.00   10.00   clock clk (rise edge)
                          0.00   10.00   clock network delay (ideal)
                         -0.25    9.75   clock uncertainty
                          0.00    9.75   clock reconvergence pessimism
                                  9.75 ^ _302_/CLK (sky130_fd_sc_hd__dfrtp_1)
                         -0.08    9.67   library setup time
                                  9.67   data required time
-----------------------------------------------------------------------------
                                  9.67   data required time
                                 -2.26   data arrival time
-----------------------------------------------------------------------------
                                  7.40   slack (MET)


Startpoint: reset (input port clocked by clk)
Endpoint: _304_ (recovery check against rising-edge clock clk)
Path Group: asynchronous
Path Type: max

Fanout     Cap    Slew   Delay    Time   Description
-----------------------------------------------------------------------------
                  0.15    0.00    0.00   clock clk (rise edge)
                          0.00    0.00   clock network delay (ideal)
                          2.00    2.00 v input external delay
                  0.01    0.00    2.00 v reset (in)
     1    0.00                           reset (net)
                  0.01    0.00    2.00 v input9/A (sky130_fd_sc_hd__buf_2)
                  0.08    0.16    2.17 v input9/X (sky130_fd_sc_hd__buf_2)
     7    0.03                           net9 (net)
                  0.08    0.00    2.17 v _259_/A (sky130_fd_sc_hd__buf_4)
                  0.08    0.21    2.38 v _259_/X (sky130_fd_sc_hd__buf_4)
    10    0.05                           _143_ (net)
                  0.08    0.00    2.38 v _268_/A (sky130_fd_sc_hd__inv_2)
                  0.03    0.06    2.44 ^ _268_/Y (sky130_fd_sc_hd__inv_2)
     1    0.00                           _045_ (net)
                  0.03    0.00    2.44 ^ _304_/SET_B (sky130_fd_sc_hd__dfstp_1)
                                  2.44   data arrival time

                  0.15   10.00   10.00   clock clk (rise edge)
                          0.00   10.00   clock network delay (ideal)
                         -0.25    9.75   clock uncertainty
                          0.00    9.75   clock reconvergence pessimism
                                  9.75 ^ _304_/CLK (sky130_fd_sc_hd__dfstp_1)
                          0.17    9.92   library recovery time
                                  9.92   data required time
-----------------------------------------------------------------------------
                                  9.92   data required time
                                 -2.44   data arrival time
-----------------------------------------------------------------------------
                                  7.48   slack (MET)


Startpoint: reset (input port clocked by clk)
Endpoint: _296_ (recovery check against rising-edge clock clk)
Path Group: asynchronous
Path Type: max

Fanout     Cap    Slew   Delay    Time   Description
-----------------------------------------------------------------------------
                  0.15    0.00    0.00   clock clk (rise edge)
                          0.00    0.00   clock network delay (ideal)
                          2.00    2.00 v input external delay
                  0.01    0.00    2.00 v reset (in)
     1    0.00                           reset (net)
                  0.01    0.00    2.00 v input9/A (sky130_fd_sc_hd__buf_2)
                  0.08    0.16    2.17 v input9/X (sky130_fd_sc_hd__buf_2)
     7    0.03                           net9 (net)
                  0.08    0.00    2.17 v _259_/A (sky130_fd_sc_hd__buf_4)
                  0.08    0.21    2.38 v _259_/X (sky130_fd_sc_hd__buf_4)
    10    0.05                           _143_ (net)
                  0.08    0.00    2.38 v _260_/A (sky130_fd_sc_hd__inv_2)
                  0.03    0.06    2.44 ^ _260_/Y (sky130_fd_sc_hd__inv_2)
     1    0.00                           _037_ (net)
                  0.03    0.00    2.44 ^ _296_/SET_B (sky130_fd_sc_hd__dfstp_1)
                                  2.44   data arrival time

                  0.15   10.00   10.00   clock clk (rise edge)
                          0.00   10.00   clock network delay (ideal)
                         -0.25    9.75   clock uncertainty
                          0.00    9.75   clock reconvergence pessimism
                                  9.75 ^ _296_/CLK (sky130_fd_sc_hd__dfstp_1)
                          0.17    9.92   library recovery time
                                  9.92   data required time
-----------------------------------------------------------------------------
                                  9.92   data required time
                                 -2.44   data arrival time
-----------------------------------------------------------------------------
                                  7.48   slack (MET)


Startpoint: reset (input port clocked by clk)
Endpoint: _314_ (recovery check against rising-edge clock clk)
Path Group: asynchronous
Path Type: max

Fanout     Cap    Slew   Delay    Time   Description
-----------------------------------------------------------------------------
                  0.15    0.00    0.00   clock clk (rise edge)
                          0.00    0.00   clock network delay (ideal)
                          2.00    2.00 v input external delay
                  0.01    0.00    2.00 v reset (in)
     1    0.00                           reset (net)
                  0.01    0.00    2.00 v input9/A (sky130_fd_sc_hd__buf_2)
                  0.08    0.16    2.17 v input9/X (sky130_fd_sc_hd__buf_2)
     7    0.03                           net9 (net)
                  0.08    0.00    2.17 v _270_/A (sky130_fd_sc_hd__buf_4)
                  0.08    0.21    2.38 v _270_/X (sky130_fd_sc_hd__buf_4)
    10    0.05                           _144_ (net)
                  0.08    0.00    2.38 v _279_/A (sky130_fd_sc_hd__inv_2)
                  0.03    0.06    2.44 ^ _279_/Y (sky130_fd_sc_hd__inv_2)
     1    0.00                           _021_ (net)
                  0.03    0.00    2.44 ^ _314_/RESET_B (sky130_fd_sc_hd__dfrtp_2)
                                  2.44   data arrival time

                  0.15   10.00   10.00   clock clk (rise edge)
                          0.00   10.00   clock network delay (ideal)
                         -0.25    9.75   clock uncertainty
                          0.00    9.75   clock reconvergence pessimism
                                  9.75 ^ _314_/CLK (sky130_fd_sc_hd__dfrtp_2)
                          0.25   10.00   library recovery time
                                 10.00   data required time
-----------------------------------------------------------------------------
                                 10.00   data required time
                                 -2.44   data arrival time
-----------------------------------------------------------------------------
                                  7.56   slack (MET)


Startpoint: reset (input port clocked by clk)
Endpoint: _315_ (recovery check against rising-edge clock clk)
Path Group: asynchronous
Path Type: max

Fanout     Cap    Slew   Delay    Time   Description
-----------------------------------------------------------------------------
                  0.15    0.00    0.00   clock clk (rise edge)
                          0.00    0.00   clock network delay (ideal)
                          2.00    2.00 v input external delay
                  0.01    0.00    2.00 v reset (in)
     1    0.00                           reset (net)
                  0.01    0.00    2.00 v input9/A (sky130_fd_sc_hd__buf_2)
                  0.08    0.16    2.17 v input9/X (sky130_fd_sc_hd__buf_2)
     7    0.03                           net9 (net)
                  0.08    0.00    2.17 v _270_/A (sky130_fd_sc_hd__buf_4)
                  0.08    0.21    2.38 v _270_/X (sky130_fd_sc_hd__buf_4)
    10    0.05                           _144_ (net)
                  0.08    0.00    2.38 v _280_/A (sky130_fd_sc_hd__inv_2)
                  0.03    0.06    2.44 ^ _280_/Y (sky130_fd_sc_hd__inv_2)
     1    0.00                           _022_ (net)
                  0.03    0.00    2.44 ^ _315_/RESET_B (sky130_fd_sc_hd__dfrtp_2)
                                  2.44   data arrival time

                  0.15   10.00   10.00   clock clk (rise edge)
                          0.00   10.00   clock network delay (ideal)
                         -0.25    9.75   clock uncertainty
                          0.00    9.75   clock reconvergence pessimism
                                  9.75 ^ _315_/CLK (sky130_fd_sc_hd__dfrtp_2)
                          0.25   10.00   library recovery time
                                 10.00   data required time
-----------------------------------------------------------------------------
                                 10.00   data required time
                                 -2.44   data arrival time
-----------------------------------------------------------------------------
                                  7.56   slack (MET)


Startpoint: reset (input port clocked by clk)
Endpoint: _297_ (recovery check against rising-edge clock clk)
Path Group: asynchronous
Path Type: max

Fanout     Cap    Slew   Delay    Time   Description
-----------------------------------------------------------------------------
                  0.15    0.00    0.00   clock clk (rise edge)
                          0.00    0.00   clock network delay (ideal)
                          2.00    2.00 v input external delay
                  0.01    0.00    2.00 v reset (in)
     1    0.00                           reset (net)
                  0.01    0.00    2.00 v input9/A (sky130_fd_sc_hd__buf_2)
                  0.08    0.16    2.17 v input9/X (sky130_fd_sc_hd__buf_2)
     7    0.03                           net9 (net)
                  0.08    0.00    2.17 v _259_/A (sky130_fd_sc_hd__buf_4)
                  0.08    0.21    2.38 v _259_/X (sky130_fd_sc_hd__buf_4)
    10    0.05                           _143_ (net)
                  0.08    0.00    2.38 v _261_/A (sky130_fd_sc_hd__inv_2)
                  0.03    0.06    2.44 ^ _261_/Y (sky130_fd_sc_hd__inv_2)
     1    0.00                           _038_ (net)
                  0.03    0.00    2.44 ^ _297_/RESET_B (sky130_fd_sc_hd__dfrtp_4)
                                  2.44   data arrival time

                  0.15   10.00   10.00   clock clk (rise edge)
                          0.00   10.00   clock network delay (ideal)
                         -0.25    9.75   clock uncertainty
                          0.00    9.75   clock reconvergence pessimism
                                  9.75 ^ _297_/CLK (sky130_fd_sc_hd__dfrtp_4)
                          0.25   10.00   library recovery time
                                 10.00   data required time
-----------------------------------------------------------------------------
                                 10.00   data required time
                                 -2.44   data arrival time
-----------------------------------------------------------------------------
                                  7.57   slack (MET)


Startpoint: reset (input port clocked by clk)
Endpoint: _300_ (recovery check against rising-edge clock clk)
Path Group: asynchronous
Path Type: max

Fanout     Cap    Slew   Delay    Time   Description
-----------------------------------------------------------------------------
                  0.15    0.00    0.00   clock clk (rise edge)
                          0.00    0.00   clock network delay (ideal)
                          2.00    2.00 v input external delay
                  0.01    0.00    2.00 v reset (in)
     1    0.00                           reset (net)
                  0.01    0.00    2.00 v input9/A (sky130_fd_sc_hd__buf_2)
                  0.08    0.16    2.17 v input9/X (sky130_fd_sc_hd__buf_2)
     7    0.03                           net9 (net)
                  0.08    0.00    2.17 v _259_/A (sky130_fd_sc_hd__buf_4)
                  0.08    0.21    2.38 v _259_/X (sky130_fd_sc_hd__buf_4)
    10    0.05                           _143_ (net)
                  0.08    0.00    2.38 v _264_/A (sky130_fd_sc_hd__inv_2)
                  0.03    0.06    2.44 ^ _264_/Y (sky130_fd_sc_hd__inv_2)
     1    0.00                           _041_ (net)
                  0.03    0.00    2.44 ^ _300_/RESET_B (sky130_fd_sc_hd__dfrtp_4)
                                  2.44   data arrival time

                  0.15   10.00   10.00   clock clk (rise edge)
                          0.00   10.00   clock network delay (ideal)
                         -0.25    9.75   clock uncertainty
                          0.00    9.75   clock reconvergence pessimism
                                  9.75 ^ _300_/CLK (sky130_fd_sc_hd__dfrtp_4)
                          0.25   10.00   library recovery time
                                 10.00   data required time
-----------------------------------------------------------------------------
                                 10.00   data required time
                                 -2.44   data arrival time
-----------------------------------------------------------------------------
                                  7.57   slack (MET)


Startpoint: reset (input port clocked by clk)
Endpoint: _301_ (recovery check against rising-edge clock clk)
Path Group: asynchronous
Path Type: max

Fanout     Cap    Slew   Delay    Time   Description
-----------------------------------------------------------------------------
                  0.15    0.00    0.00   clock clk (rise edge)
                          0.00    0.00   clock network delay (ideal)
                          2.00    2.00 v input external delay
                  0.01    0.00    2.00 v reset (in)
     1    0.00                           reset (net)
                  0.01    0.00    2.00 v input9/A (sky130_fd_sc_hd__buf_2)
                  0.08    0.16    2.17 v input9/X (sky130_fd_sc_hd__buf_2)
     7    0.03                           net9 (net)
                  0.08    0.00    2.17 v _259_/A (sky130_fd_sc_hd__buf_4)
                  0.08    0.21    2.38 v _259_/X (sky130_fd_sc_hd__buf_4)
    10    0.05                           _143_ (net)
                  0.08    0.00    2.38 v _265_/A (sky130_fd_sc_hd__inv_2)
                  0.03    0.06    2.44 ^ _265_/Y (sky130_fd_sc_hd__inv_2)
     1    0.00                           _042_ (net)
                  0.03    0.00    2.44 ^ _301_/RESET_B (sky130_fd_sc_hd__dfrtp_2)
                                  2.44   data arrival time

                  0.15   10.00   10.00   clock clk (rise edge)
                          0.00   10.00   clock network delay (ideal)
                         -0.25    9.75   clock uncertainty
                          0.00    9.75   clock reconvergence pessimism
                                  9.75 ^ _301_/CLK (sky130_fd_sc_hd__dfrtp_2)
                          0.26   10.01   library recovery time
                                 10.01   data required time
-----------------------------------------------------------------------------
                                 10.01   data required time
                                 -2.44   data arrival time
-----------------------------------------------------------------------------
                                  7.57   slack (MET)


Startpoint: reset (input port clocked by clk)
Endpoint: _306_ (recovery check against rising-edge clock clk)
Path Group: asynchronous
Path Type: max

Fanout     Cap    Slew   Delay    Time   Description
-----------------------------------------------------------------------------
                  0.15    0.00    0.00   clock clk (rise edge)
                          0.00    0.00   clock network delay (ideal)
                          2.00    2.00 v input external delay
                  0.01    0.00    2.00 v reset (in)
     1    0.00                           reset (net)
                  0.01    0.00    2.00 v input9/A (sky130_fd_sc_hd__buf_2)
                  0.08    0.16    2.17 v input9/X (sky130_fd_sc_hd__buf_2)
     7    0.03                           net9 (net)
                  0.08    0.00    2.17 v _270_/A (sky130_fd_sc_hd__buf_4)
                  0.08    0.21    2.38 v _270_/X (sky130_fd_sc_hd__buf_4)
    10    0.05                           _144_ (net)
                  0.08    0.00    2.38 v _271_/A (sky130_fd_sc_hd__inv_2)
                  0.03    0.06    2.44 ^ _271_/Y (sky130_fd_sc_hd__inv_2)
     1    0.00                           _047_ (net)
                  0.03    0.00    2.44 ^ _306_/RESET_B (sky130_fd_sc_hd__dfrtp_1)
                                  2.44   data arrival time

                  0.15   10.00   10.00   clock clk (rise edge)
                          0.00   10.00   clock network delay (ideal)
                         -0.25    9.75   clock uncertainty
                          0.00    9.75   clock reconvergence pessimism
                                  9.75 ^ _306_/CLK (sky130_fd_sc_hd__dfrtp_1)
                          0.27   10.02   library recovery time
                                 10.02   data required time
-----------------------------------------------------------------------------
                                 10.02   data required time
                                 -2.44   data arrival time
-----------------------------------------------------------------------------
                                  7.57   slack (MET)


Startpoint: reset (input port clocked by clk)
Endpoint: _312_ (recovery check against rising-edge clock clk)
Path Group: asynchronous
Path Type: max

Fanout     Cap    Slew   Delay    Time   Description
-----------------------------------------------------------------------------
                  0.15    0.00    0.00   clock clk (rise edge)
                          0.00    0.00   clock network delay (ideal)
                          2.00    2.00 v input external delay
                  0.01    0.00    2.00 v reset (in)
     1    0.00                           reset (net)
                  0.01    0.00    2.00 v input9/A (sky130_fd_sc_hd__buf_2)
                  0.08    0.16    2.17 v input9/X (sky130_fd_sc_hd__buf_2)
     7    0.03                           net9 (net)
                  0.08    0.00    2.17 v _270_/A (sky130_fd_sc_hd__buf_4)
                  0.08    0.21    2.38 v _270_/X (sky130_fd_sc_hd__buf_4)
    10    0.05                           _144_ (net)
                  0.08    0.00    2.38 v _277_/A (sky130_fd_sc_hd__inv_2)
                  0.03    0.06    2.44 ^ _277_/Y (sky130_fd_sc_hd__inv_2)
     1    0.00                           _053_ (net)
                  0.03    0.00    2.44 ^ _312_/RESET_B (sky130_fd_sc_hd__dfrtp_1)
                                  2.44   data arrival time

                  0.15   10.00   10.00   clock clk (rise edge)
                          0.00   10.00   clock network delay (ideal)
                         -0.25    9.75   clock uncertainty
                          0.00    9.75   clock reconvergence pessimism
                                  9.75 ^ _312_/CLK (sky130_fd_sc_hd__dfrtp_1)
                          0.27   10.02   library recovery time
                                 10.02   data required time
-----------------------------------------------------------------------------
                                 10.02   data required time
                                 -2.44   data arrival time
-----------------------------------------------------------------------------
                                  7.57   slack (MET)


Startpoint: reset (input port clocked by clk)
Endpoint: _317_ (recovery check against rising-edge clock clk)
Path Group: asynchronous
Path Type: max

Fanout     Cap    Slew   Delay    Time   Description
-----------------------------------------------------------------------------
                  0.15    0.00    0.00   clock clk (rise edge)
                          0.00    0.00   clock network delay (ideal)
                          2.00    2.00 v input external delay
                  0.01    0.00    2.00 v reset (in)
     1    0.00                           reset (net)
                  0.01    0.00    2.00 v input9/A (sky130_fd_sc_hd__buf_2)
                  0.08    0.16    2.17 v input9/X (sky130_fd_sc_hd__buf_2)
     7    0.03                           net9 (net)
                  0.08    0.00    2.17 v _281_/A (sky130_fd_sc_hd__buf_4)
                  0.08    0.21    2.38 v _281_/X (sky130_fd_sc_hd__buf_4)
    10    0.05                           _145_ (net)
                  0.08    0.00    2.38 v _283_/A (sky130_fd_sc_hd__inv_2)
                  0.03    0.06    2.44 ^ _283_/Y (sky130_fd_sc_hd__inv_2)
     1    0.00                           _024_ (net)
                  0.03    0.00    2.44 ^ _317_/RESET_B (sky130_fd_sc_hd__dfrtp_1)
                                  2.44   data arrival time

                  0.15   10.00   10.00   clock clk (rise edge)
                          0.00   10.00   clock network delay (ideal)
                         -0.25    9.75   clock uncertainty
                          0.00    9.75   clock reconvergence pessimism
                                  9.75 ^ _317_/CLK (sky130_fd_sc_hd__dfrtp_1)
                          0.27   10.02   library recovery time
                                 10.02   data required time
-----------------------------------------------------------------------------
                                 10.02   data required time
                                 -2.44   data arrival time
-----------------------------------------------------------------------------
                                  7.57   slack (MET)


Startpoint: reset (input port clocked by clk)
Endpoint: _309_ (recovery check against rising-edge clock clk)
Path Group: asynchronous
Path Type: max

Fanout     Cap    Slew   Delay    Time   Description
-----------------------------------------------------------------------------
                  0.15    0.00    0.00   clock clk (rise edge)
                          0.00    0.00   clock network delay (ideal)
                          2.00    2.00 v input external delay
                  0.01    0.00    2.00 v reset (in)
     1    0.00                           reset (net)
                  0.01    0.00    2.00 v input9/A (sky130_fd_sc_hd__buf_2)
                  0.08    0.16    2.17 v input9/X (sky130_fd_sc_hd__buf_2)
     7    0.03                           net9 (net)
                  0.08    0.00    2.17 v _270_/A (sky130_fd_sc_hd__buf_4)
                  0.08    0.21    2.38 v _270_/X (sky130_fd_sc_hd__buf_4)
    10    0.05                           _144_ (net)
                  0.08    0.00    2.38 v _274_/A (sky130_fd_sc_hd__inv_2)
                  0.03    0.06    2.44 ^ _274_/Y (sky130_fd_sc_hd__inv_2)
     1    0.00                           _050_ (net)
                  0.03    0.00    2.44 ^ _309_/RESET_B (sky130_fd_sc_hd__dfrtp_1)
                                  2.44   data arrival time

                  0.15   10.00   10.00   clock clk (rise edge)
                          0.00   10.00   clock network delay (ideal)
                         -0.25    9.75   clock uncertainty
                          0.00    9.75   clock reconvergence pessimism
                                  9.75 ^ _309_/CLK (sky130_fd_sc_hd__dfrtp_1)
                          0.27   10.02   library recovery time
                                 10.02   data required time
-----------------------------------------------------------------------------
                                 10.02   data required time
                                 -2.44   data arrival time
-----------------------------------------------------------------------------
                                  7.57   slack (MET)


Startpoint: reset (input port clocked by clk)
Endpoint: _311_ (recovery check against rising-edge clock clk)
Path Group: asynchronous
Path Type: max

Fanout     Cap    Slew   Delay    Time   Description
-----------------------------------------------------------------------------
                  0.15    0.00    0.00   clock clk (rise edge)
                          0.00    0.00   clock network delay (ideal)
                          2.00    2.00 v input external delay
                  0.01    0.00    2.00 v reset (in)
     1    0.00                           reset (net)
                  0.01    0.00    2.00 v input9/A (sky130_fd_sc_hd__buf_2)
                  0.08    0.16    2.17 v input9/X (sky130_fd_sc_hd__buf_2)
     7    0.03                           net9 (net)
                  0.08    0.00    2.17 v _270_/A (sky130_fd_sc_hd__buf_4)
                  0.08    0.21    2.38 v _270_/X (sky130_fd_sc_hd__buf_4)
    10    0.05                           _144_ (net)
                  0.08    0.00    2.38 v _276_/A (sky130_fd_sc_hd__inv_2)
                  0.03    0.06    2.44 ^ _276_/Y (sky130_fd_sc_hd__inv_2)
     1    0.00                           _052_ (net)
                  0.03    0.00    2.44 ^ _311_/RESET_B (sky130_fd_sc_hd__dfrtp_1)
                                  2.44   data arrival time

                  0.15   10.00   10.00   clock clk (rise edge)
                          0.00   10.00   clock network delay (ideal)
                         -0.25    9.75   clock uncertainty
                          0.00    9.75   clock reconvergence pessimism
                                  9.75 ^ _311_/CLK (sky130_fd_sc_hd__dfrtp_1)
                          0.27   10.02   library recovery time
                                 10.02   data required time
-----------------------------------------------------------------------------
                                 10.02   data required time
                                 -2.44   data arrival time
-----------------------------------------------------------------------------
                                  7.57   slack (MET)


Startpoint: reset (input port clocked by clk)
Endpoint: _310_ (recovery check against rising-edge clock clk)
Path Group: asynchronous
Path Type: max

Fanout     Cap    Slew   Delay    Time   Description
-----------------------------------------------------------------------------
                  0.15    0.00    0.00   clock clk (rise edge)
                          0.00    0.00   clock network delay (ideal)
                          2.00    2.00 v input external delay
                  0.01    0.00    2.00 v reset (in)
     1    0.00                           reset (net)
                  0.01    0.00    2.00 v input9/A (sky130_fd_sc_hd__buf_2)
                  0.08    0.16    2.17 v input9/X (sky130_fd_sc_hd__buf_2)
     7    0.03                           net9 (net)
                  0.08    0.00    2.17 v _270_/A (sky130_fd_sc_hd__buf_4)
                  0.08    0.21    2.38 v _270_/X (sky130_fd_sc_hd__buf_4)
    10    0.05                           _144_ (net)
                  0.08    0.00    2.38 v _275_/A (sky130_fd_sc_hd__inv_2)
                  0.03    0.06    2.44 ^ _275_/Y (sky130_fd_sc_hd__inv_2)
     1    0.00                           _051_ (net)
                  0.03    0.00    2.44 ^ _310_/RESET_B (sky130_fd_sc_hd__dfrtp_1)
                                  2.44   data arrival time

                  0.15   10.00   10.00   clock clk (rise edge)
                          0.00   10.00   clock network delay (ideal)
                         -0.25    9.75   clock uncertainty
                          0.00    9.75   clock reconvergence pessimism
                                  9.75 ^ _310_/CLK (sky130_fd_sc_hd__dfrtp_1)
                          0.27   10.02   library recovery time
                                 10.02   data required time
-----------------------------------------------------------------------------
                                 10.02   data required time
                                 -2.44   data arrival time
-----------------------------------------------------------------------------
                                  7.57   slack (MET)


Startpoint: reset (input port clocked by clk)
Endpoint: _313_ (recovery check against rising-edge clock clk)
Path Group: asynchronous
Path Type: max

Fanout     Cap    Slew   Delay    Time   Description
-----------------------------------------------------------------------------
                  0.15    0.00    0.00   clock clk (rise edge)
                          0.00    0.00   clock network delay (ideal)
                          2.00    2.00 v input external delay
                  0.01    0.00    2.00 v reset (in)
     1    0.00                           reset (net)
                  0.01    0.00    2.00 v input9/A (sky130_fd_sc_hd__buf_2)
                  0.08    0.16    2.17 v input9/X (sky130_fd_sc_hd__buf_2)
     7    0.03                           net9 (net)
                  0.08    0.00    2.17 v _270_/A (sky130_fd_sc_hd__buf_4)
                  0.08    0.21    2.38 v _270_/X (sky130_fd_sc_hd__buf_4)
    10    0.05                           _144_ (net)
                  0.08    0.00    2.38 v _278_/A (sky130_fd_sc_hd__inv_2)
                  0.03    0.06    2.44 ^ _278_/Y (sky130_fd_sc_hd__inv_2)
     1    0.00                           _020_ (net)
                  0.03    0.00    2.44 ^ _313_/RESET_B (sky130_fd_sc_hd__dfrtp_1)
                                  2.44   data arrival time

                  0.15   10.00   10.00   clock clk (rise edge)
                          0.00   10.00   clock network delay (ideal)
                         -0.25    9.75   clock uncertainty
                          0.00    9.75   clock reconvergence pessimism
                                  9.75 ^ _313_/CLK (sky130_fd_sc_hd__dfrtp_1)
                          0.27   10.02   library recovery time
                                 10.02   data required time
-----------------------------------------------------------------------------
                                 10.02   data required time
                                 -2.44   data arrival time
-----------------------------------------------------------------------------
                                  7.57   slack (MET)


Startpoint: reset (input port clocked by clk)
Endpoint: _308_ (recovery check against rising-edge clock clk)
Path Group: asynchronous
Path Type: max

Fanout     Cap    Slew   Delay    Time   Description
-----------------------------------------------------------------------------
                  0.15    0.00    0.00   clock clk (rise edge)
                          0.00    0.00   clock network delay (ideal)
                          2.00    2.00 v input external delay
                  0.01    0.00    2.00 v reset (in)
     1    0.00                           reset (net)
                  0.01    0.00    2.00 v input9/A (sky130_fd_sc_hd__buf_2)
                  0.08    0.16    2.17 v input9/X (sky130_fd_sc_hd__buf_2)
     7    0.03                           net9 (net)
                  0.08    0.00    2.17 v _270_/A (sky130_fd_sc_hd__buf_4)
                  0.08    0.21    2.38 v _270_/X (sky130_fd_sc_hd__buf_4)
    10    0.05                           _144_ (net)
                  0.08    0.00    2.38 v _273_/A (sky130_fd_sc_hd__inv_2)
                  0.03    0.06    2.44 ^ _273_/Y (sky130_fd_sc_hd__inv_2)
     1    0.00                           _049_ (net)
                  0.03    0.00    2.44 ^ _308_/RESET_B (sky130_fd_sc_hd__dfrtp_1)
                                  2.44   data arrival time

                  0.15   10.00   10.00   clock clk (rise edge)
                          0.00   10.00   clock network delay (ideal)
                         -0.25    9.75   clock uncertainty
                          0.00    9.75   clock reconvergence pessimism
                                  9.75 ^ _308_/CLK (sky130_fd_sc_hd__dfrtp_1)
                          0.27   10.02   library recovery time
                                 10.02   data required time
-----------------------------------------------------------------------------
                                 10.02   data required time
                                 -2.44   data arrival time
-----------------------------------------------------------------------------
                                  7.57   slack (MET)


Startpoint: reset (input port clocked by clk)
Endpoint: _307_ (recovery check against rising-edge clock clk)
Path Group: asynchronous
Path Type: max

Fanout     Cap    Slew   Delay    Time   Description
-----------------------------------------------------------------------------
                  0.15    0.00    0.00   clock clk (rise edge)
                          0.00    0.00   clock network delay (ideal)
                          2.00    2.00 v input external delay
                  0.01    0.00    2.00 v reset (in)
     1    0.00                           reset (net)
                  0.01    0.00    2.00 v input9/A (sky130_fd_sc_hd__buf_2)
                  0.08    0.16    2.17 v input9/X (sky130_fd_sc_hd__buf_2)
     7    0.03                           net9 (net)
                  0.08    0.00    2.17 v _270_/A (sky130_fd_sc_hd__buf_4)
                  0.08    0.21    2.38 v _270_/X (sky130_fd_sc_hd__buf_4)
    10    0.05                           _144_ (net)
                  0.08    0.00    2.38 v _272_/A (sky130_fd_sc_hd__inv_2)
                  0.03    0.06    2.44 ^ _272_/Y (sky130_fd_sc_hd__inv_2)
     1    0.00                           _048_ (net)
                  0.03    0.00    2.44 ^ _307_/RESET_B (sky130_fd_sc_hd__dfrtp_1)
                                  2.44   data arrival time

                  0.15   10.00   10.00   clock clk (rise edge)
                          0.00   10.00   clock network delay (ideal)
                         -0.25    9.75   clock uncertainty
                          0.00    9.75   clock reconvergence pessimism
                                  9.75 ^ _307_/CLK (sky130_fd_sc_hd__dfrtp_1)
                          0.27   10.02   library recovery time
                                 10.02   data required time
-----------------------------------------------------------------------------
                                 10.02   data required time
                                 -2.44   data arrival time
-----------------------------------------------------------------------------
                                  7.57   slack (MET)


Startpoint: reset (input port clocked by clk)
Endpoint: _316_ (recovery check against rising-edge clock clk)
Path Group: asynchronous
Path Type: max

Fanout     Cap    Slew   Delay    Time   Description
-----------------------------------------------------------------------------
                  0.15    0.00    0.00   clock clk (rise edge)
                          0.00    0.00   clock network delay (ideal)
                          2.00    2.00 v input external delay
                  0.01    0.00    2.00 v reset (in)
     1    0.00                           reset (net)
                  0.01    0.00    2.00 v input9/A (sky130_fd_sc_hd__buf_2)
                  0.08    0.16    2.17 v input9/X (sky130_fd_sc_hd__buf_2)
     7    0.03                           net9 (net)
                  0.08    0.00    2.17 v _281_/A (sky130_fd_sc_hd__buf_4)
                  0.08    0.21    2.38 v _281_/X (sky130_fd_sc_hd__buf_4)
    10    0.05                           _145_ (net)
                  0.08    0.00    2.38 v _282_/A (sky130_fd_sc_hd__inv_2)
                  0.03    0.06    2.44 ^ _282_/Y (sky130_fd_sc_hd__inv_2)
     1    0.00                           _023_ (net)
                  0.03    0.00    2.44 ^ _316_/RESET_B (sky130_fd_sc_hd__dfrtp_1)
                                  2.44   data arrival time

                  0.15   10.00   10.00   clock clk (rise edge)
                          0.00   10.00   clock network delay (ideal)
                         -0.25    9.75   clock uncertainty
                          0.00    9.75   clock reconvergence pessimism
                                  9.75 ^ _316_/CLK (sky130_fd_sc_hd__dfrtp_1)
                          0.27   10.02   library recovery time
                                 10.02   data required time
-----------------------------------------------------------------------------
                                 10.02   data required time
                                 -2.44   data arrival time
-----------------------------------------------------------------------------
                                  7.58   slack (MET)


Startpoint: reset (input port clocked by clk)
Endpoint: _322_ (recovery check against rising-edge clock clk)
Path Group: asynchronous
Path Type: max

Fanout     Cap    Slew   Delay    Time   Description
-----------------------------------------------------------------------------
                  0.15    0.00    0.00   clock clk (rise edge)
                          0.00    0.00   clock network delay (ideal)
                          2.00    2.00 v input external delay
                  0.01    0.00    2.00 v reset (in)
     1    0.00                           reset (net)
                  0.01    0.00    2.00 v input9/A (sky130_fd_sc_hd__buf_2)
                  0.08    0.16    2.17 v input9/X (sky130_fd_sc_hd__buf_2)
     7    0.03                           net9 (net)
                  0.08    0.00    2.17 v _281_/A (sky130_fd_sc_hd__buf_4)
                  0.08    0.21    2.38 v _281_/X (sky130_fd_sc_hd__buf_4)
    10    0.05                           _145_ (net)
                  0.08    0.00    2.38 v _288_/A (sky130_fd_sc_hd__inv_2)
                  0.03    0.06    2.44 ^ _288_/Y (sky130_fd_sc_hd__inv_2)
     1    0.00                           _029_ (net)
                  0.03    0.00    2.44 ^ _322_/RESET_B (sky130_fd_sc_hd__dfrtp_1)
                                  2.44   data arrival time

                  0.15   10.00   10.00   clock clk (rise edge)
                          0.00   10.00   clock network delay (ideal)
                         -0.25    9.75   clock uncertainty
                          0.00    9.75   clock reconvergence pessimism
                                  9.75 ^ _322_/CLK (sky130_fd_sc_hd__dfrtp_1)
                          0.27   10.02   library recovery time
                                 10.02   data required time
-----------------------------------------------------------------------------
                                 10.02   data required time
                                 -2.44   data arrival time
-----------------------------------------------------------------------------
                                  7.58   slack (MET)


Startpoint: reset (input port clocked by clk)
Endpoint: _319_ (recovery check against rising-edge clock clk)
Path Group: asynchronous
Path Type: max

Fanout     Cap    Slew   Delay    Time   Description
-----------------------------------------------------------------------------
                  0.15    0.00    0.00   clock clk (rise edge)
                          0.00    0.00   clock network delay (ideal)
                          2.00    2.00 v input external delay
                  0.01    0.00    2.00 v reset (in)
     1    0.00                           reset (net)
                  0.01    0.00    2.00 v input9/A (sky130_fd_sc_hd__buf_2)
                  0.08    0.16    2.17 v input9/X (sky130_fd_sc_hd__buf_2)
     7    0.03                           net9 (net)
                  0.08    0.00    2.17 v _281_/A (sky130_fd_sc_hd__buf_4)
                  0.08    0.21    2.38 v _281_/X (sky130_fd_sc_hd__buf_4)
    10    0.05                           _145_ (net)
                  0.08    0.00    2.38 v _285_/A (sky130_fd_sc_hd__inv_2)
                  0.03    0.06    2.44 ^ _285_/Y (sky130_fd_sc_hd__inv_2)
     1    0.00                           _026_ (net)
                  0.03    0.00    2.44 ^ _319_/RESET_B (sky130_fd_sc_hd__dfrtp_1)
                                  2.44   data arrival time

                  0.15   10.00   10.00   clock clk (rise edge)
                          0.00   10.00   clock network delay (ideal)
                         -0.25    9.75   clock uncertainty
                          0.00    9.75   clock reconvergence pessimism
                                  9.75 ^ _319_/CLK (sky130_fd_sc_hd__dfrtp_1)
                          0.27   10.02   library recovery time
                                 10.02   data required time
-----------------------------------------------------------------------------
                                 10.02   data required time
                                 -2.44   data arrival time
-----------------------------------------------------------------------------
                                  7.58   slack (MET)


Startpoint: reset (input port clocked by clk)
Endpoint: _324_ (recovery check against rising-edge clock clk)
Path Group: asynchronous
Path Type: max

Fanout     Cap    Slew   Delay    Time   Description
-----------------------------------------------------------------------------
                  0.15    0.00    0.00   clock clk (rise edge)
                          0.00    0.00   clock network delay (ideal)
                          2.00    2.00 v input external delay
                  0.01    0.00    2.00 v reset (in)
     1    0.00                           reset (net)
                  0.01    0.00    2.00 v input9/A (sky130_fd_sc_hd__buf_2)
                  0.08    0.16    2.17 v input9/X (sky130_fd_sc_hd__buf_2)
     7    0.03                           net9 (net)
                  0.08    0.00    2.17 v _281_/A (sky130_fd_sc_hd__buf_4)
                  0.08    0.21    2.38 v _281_/X (sky130_fd_sc_hd__buf_4)
    10    0.05                           _145_ (net)
                  0.08    0.00    2.38 v _290_/A (sky130_fd_sc_hd__inv_2)
                  0.03    0.06    2.44 ^ _290_/Y (sky130_fd_sc_hd__inv_2)
     1    0.00                           _031_ (net)
                  0.03    0.00    2.44 ^ _324_/RESET_B (sky130_fd_sc_hd__dfrtp_1)
                                  2.44   data arrival time

                  0.15   10.00   10.00   clock clk (rise edge)
                          0.00   10.00   clock network delay (ideal)
                         -0.25    9.75   clock uncertainty
                          0.00    9.75   clock reconvergence pessimism
                                  9.75 ^ _324_/CLK (sky130_fd_sc_hd__dfrtp_1)
                          0.27   10.02   library recovery time
                                 10.02   data required time
-----------------------------------------------------------------------------
                                 10.02   data required time
                                 -2.44   data arrival time
-----------------------------------------------------------------------------
                                  7.58   slack (MET)


Startpoint: reset (input port clocked by clk)
Endpoint: _320_ (recovery check against rising-edge clock clk)
Path Group: asynchronous
Path Type: max

Fanout     Cap    Slew   Delay    Time   Description
-----------------------------------------------------------------------------
                  0.15    0.00    0.00   clock clk (rise edge)
                          0.00    0.00   clock network delay (ideal)
                          2.00    2.00 v input external delay
                  0.01    0.00    2.00 v reset (in)
     1    0.00                           reset (net)
                  0.01    0.00    2.00 v input9/A (sky130_fd_sc_hd__buf_2)
                  0.08    0.16    2.17 v input9/X (sky130_fd_sc_hd__buf_2)
     7    0.03                           net9 (net)
                  0.08    0.00    2.17 v _281_/A (sky130_fd_sc_hd__buf_4)
                  0.08    0.21    2.38 v _281_/X (sky130_fd_sc_hd__buf_4)
    10    0.05                           _145_ (net)
                  0.08    0.00    2.38 v _286_/A (sky130_fd_sc_hd__inv_2)
                  0.03    0.06    2.44 ^ _286_/Y (sky130_fd_sc_hd__inv_2)
     1    0.00                           _027_ (net)
                  0.03    0.00    2.44 ^ _320_/RESET_B (sky130_fd_sc_hd__dfrtp_1)
                                  2.44   data arrival time

                  0.15   10.00   10.00   clock clk (rise edge)
                          0.00   10.00   clock network delay (ideal)
                         -0.25    9.75   clock uncertainty
                          0.00    9.75   clock reconvergence pessimism
                                  9.75 ^ _320_/CLK (sky130_fd_sc_hd__dfrtp_1)
                          0.27   10.02   library recovery time
                                 10.02   data required time
-----------------------------------------------------------------------------
                                 10.02   data required time
                                 -2.44   data arrival time
-----------------------------------------------------------------------------
                                  7.58   slack (MET)


Startpoint: reset (input port clocked by clk)
Endpoint: _321_ (recovery check against rising-edge clock clk)
Path Group: asynchronous
Path Type: max

Fanout     Cap    Slew   Delay    Time   Description
-----------------------------------------------------------------------------
                  0.15    0.00    0.00   clock clk (rise edge)
                          0.00    0.00   clock network delay (ideal)
                          2.00    2.00 v input external delay
                  0.01    0.00    2.00 v reset (in)
     1    0.00                           reset (net)
                  0.01    0.00    2.00 v input9/A (sky130_fd_sc_hd__buf_2)
                  0.08    0.16    2.17 v input9/X (sky130_fd_sc_hd__buf_2)
     7    0.03                           net9 (net)
                  0.08    0.00    2.17 v _281_/A (sky130_fd_sc_hd__buf_4)
                  0.08    0.21    2.38 v _281_/X (sky130_fd_sc_hd__buf_4)
    10    0.05                           _145_ (net)
                  0.08    0.00    2.38 v _287_/A (sky130_fd_sc_hd__inv_2)
                  0.03    0.06    2.44 ^ _287_/Y (sky130_fd_sc_hd__inv_2)
     1    0.00                           _028_ (net)
                  0.03    0.00    2.44 ^ _321_/RESET_B (sky130_fd_sc_hd__dfrtp_1)
                                  2.44   data arrival time

                  0.15   10.00   10.00   clock clk (rise edge)
                          0.00   10.00   clock network delay (ideal)
                         -0.25    9.75   clock uncertainty
                          0.00    9.75   clock reconvergence pessimism
                                  9.75 ^ _321_/CLK (sky130_fd_sc_hd__dfrtp_1)
                          0.27   10.02   library recovery time
                                 10.02   data required time
-----------------------------------------------------------------------------
                                 10.02   data required time
                                 -2.44   data arrival time
-----------------------------------------------------------------------------
                                  7.58   slack (MET)


Startpoint: reset (input port clocked by clk)
Endpoint: _325_ (recovery check against rising-edge clock clk)
Path Group: asynchronous
Path Type: max

Fanout     Cap    Slew   Delay    Time   Description
-----------------------------------------------------------------------------
                  0.15    0.00    0.00   clock clk (rise edge)
                          0.00    0.00   clock network delay (ideal)
                          2.00    2.00 v input external delay
                  0.01    0.00    2.00 v reset (in)
     1    0.00                           reset (net)
                  0.01    0.00    2.00 v input9/A (sky130_fd_sc_hd__buf_2)
                  0.08    0.16    2.17 v input9/X (sky130_fd_sc_hd__buf_2)
     7    0.03                           net9 (net)
                  0.08    0.00    2.17 v _281_/A (sky130_fd_sc_hd__buf_4)
                  0.08    0.21    2.38 v _281_/X (sky130_fd_sc_hd__buf_4)
    10    0.05                           _145_ (net)
                  0.08    0.00    2.38 v _291_/A (sky130_fd_sc_hd__inv_2)
                  0.03    0.06    2.44 ^ _291_/Y (sky130_fd_sc_hd__inv_2)
     1    0.00                           _032_ (net)
                  0.03    0.00    2.44 ^ _325_/RESET_B (sky130_fd_sc_hd__dfrtp_1)
                                  2.44   data arrival time

                  0.15   10.00   10.00   clock clk (rise edge)
                          0.00   10.00   clock network delay (ideal)
                         -0.25    9.75   clock uncertainty
                          0.00    9.75   clock reconvergence pessimism
                                  9.75 ^ _325_/CLK (sky130_fd_sc_hd__dfrtp_1)
                          0.27   10.02   library recovery time
                                 10.02   data required time
-----------------------------------------------------------------------------
                                 10.02   data required time
                                 -2.44   data arrival time
-----------------------------------------------------------------------------
                                  7.58   slack (MET)


Startpoint: reset (input port clocked by clk)
Endpoint: _323_ (recovery check against rising-edge clock clk)
Path Group: asynchronous
Path Type: max

Fanout     Cap    Slew   Delay    Time   Description
-----------------------------------------------------------------------------
                  0.15    0.00    0.00   clock clk (rise edge)
                          0.00    0.00   clock network delay (ideal)
                          2.00    2.00 v input external delay
                  0.01    0.00    2.00 v reset (in)
     1    0.00                           reset (net)
                  0.01    0.00    2.00 v input9/A (sky130_fd_sc_hd__buf_2)
                  0.08    0.16    2.17 v input9/X (sky130_fd_sc_hd__buf_2)
     7    0.03                           net9 (net)
                  0.08    0.00    2.17 v _281_/A (sky130_fd_sc_hd__buf_4)
                  0.08    0.21    2.38 v _281_/X (sky130_fd_sc_hd__buf_4)
    10    0.05                           _145_ (net)
                  0.08    0.00    2.38 v _289_/A (sky130_fd_sc_hd__inv_2)
                  0.03    0.06    2.44 ^ _289_/Y (sky130_fd_sc_hd__inv_2)
     1    0.00                           _030_ (net)
                  0.03    0.00    2.44 ^ _323_/RESET_B (sky130_fd_sc_hd__dfrtp_1)
                                  2.44   data arrival time

                  0.15   10.00   10.00   clock clk (rise edge)
                          0.00   10.00   clock network delay (ideal)
                         -0.25    9.75   clock uncertainty
                          0.00    9.75   clock reconvergence pessimism
                                  9.75 ^ _323_/CLK (sky130_fd_sc_hd__dfrtp_1)
                          0.27   10.02   library recovery time
                                 10.02   data required time
-----------------------------------------------------------------------------
                                 10.02   data required time
                                 -2.44   data arrival time
-----------------------------------------------------------------------------
                                  7.58   slack (MET)


Startpoint: reset (input port clocked by clk)
Endpoint: _305_ (recovery check against rising-edge clock clk)
Path Group: asynchronous
Path Type: max

Fanout     Cap    Slew   Delay    Time   Description
-----------------------------------------------------------------------------
                  0.15    0.00    0.00   clock clk (rise edge)
                          0.00    0.00   clock network delay (ideal)
                          2.00    2.00 v input external delay
                  0.01    0.00    2.00 v reset (in)
     1    0.00                           reset (net)
                  0.01    0.00    2.00 v input9/A (sky130_fd_sc_hd__buf_2)
                  0.08    0.16    2.17 v input9/X (sky130_fd_sc_hd__buf_2)
     7    0.03                           net9 (net)
                  0.08    0.00    2.17 v _259_/A (sky130_fd_sc_hd__buf_4)
                  0.08    0.21    2.38 v _259_/X (sky130_fd_sc_hd__buf_4)
    10    0.05                           _143_ (net)
                  0.08    0.00    2.38 v _269_/A (sky130_fd_sc_hd__inv_2)
                  0.03    0.06    2.44 ^ _269_/Y (sky130_fd_sc_hd__inv_2)
     1    0.00                           _046_ (net)
                  0.03    0.00    2.44 ^ _305_/RESET_B (sky130_fd_sc_hd__dfrtp_1)
                                  2.44   data arrival time

                  0.15   10.00   10.00   clock clk (rise edge)
                          0.00   10.00   clock network delay (ideal)
                         -0.25    9.75   clock uncertainty
                          0.00    9.75   clock reconvergence pessimism
                                  9.75 ^ _305_/CLK (sky130_fd_sc_hd__dfrtp_1)
                          0.27   10.02   library recovery time
                                 10.02   data required time
-----------------------------------------------------------------------------
                                 10.02   data required time
                                 -2.44   data arrival time
-----------------------------------------------------------------------------
                                  7.58   slack (MET)


Startpoint: reset (input port clocked by clk)
Endpoint: _299_ (recovery check against rising-edge clock clk)
Path Group: asynchronous
Path Type: max

Fanout     Cap    Slew   Delay    Time   Description
-----------------------------------------------------------------------------
                  0.15    0.00    0.00   clock clk (rise edge)
                          0.00    0.00   clock network delay (ideal)
                          2.00    2.00 v input external delay
                  0.01    0.00    2.00 v reset (in)
     1    0.00                           reset (net)
                  0.01    0.00    2.00 v input9/A (sky130_fd_sc_hd__buf_2)
                  0.08    0.16    2.17 v input9/X (sky130_fd_sc_hd__buf_2)
     7    0.03                           net9 (net)
                  0.08    0.00    2.17 v _259_/A (sky130_fd_sc_hd__buf_4)
                  0.08    0.21    2.38 v _259_/X (sky130_fd_sc_hd__buf_4)
    10    0.05                           _143_ (net)
                  0.08    0.00    2.38 v _263_/A (sky130_fd_sc_hd__inv_2)
                  0.03    0.06    2.44 ^ _263_/Y (sky130_fd_sc_hd__inv_2)
     1    0.00                           _040_ (net)
                  0.03    0.00    2.44 ^ _299_/RESET_B (sky130_fd_sc_hd__dfrtp_1)
                                  2.44   data arrival time

                  0.15   10.00   10.00   clock clk (rise edge)
                          0.00   10.00   clock network delay (ideal)
                         -0.25    9.75   clock uncertainty
                          0.00    9.75   clock reconvergence pessimism
                                  9.75 ^ _299_/CLK (sky130_fd_sc_hd__dfrtp_1)
                          0.27   10.02   library recovery time
                                 10.02   data required time
-----------------------------------------------------------------------------
                                 10.02   data required time
                                 -2.44   data arrival time
-----------------------------------------------------------------------------
                                  7.58   slack (MET)


Startpoint: reset (input port clocked by clk)
Endpoint: _318_ (recovery check against rising-edge clock clk)
Path Group: asynchronous
Path Type: max

Fanout     Cap    Slew   Delay    Time   Description
-----------------------------------------------------------------------------
                  0.15    0.00    0.00   clock clk (rise edge)
                          0.00    0.00   clock network delay (ideal)
                          2.00    2.00 v input external delay
                  0.01    0.00    2.00 v reset (in)
     1    0.00                           reset (net)
                  0.01    0.00    2.00 v input9/A (sky130_fd_sc_hd__buf_2)
                  0.08    0.16    2.17 v input9/X (sky130_fd_sc_hd__buf_2)
     7    0.03                           net9 (net)
                  0.08    0.00    2.17 v _281_/A (sky130_fd_sc_hd__buf_4)
                  0.08    0.21    2.38 v _281_/X (sky130_fd_sc_hd__buf_4)
    10    0.05                           _145_ (net)
                  0.08    0.00    2.38 v _284_/A (sky130_fd_sc_hd__inv_2)
                  0.03    0.06    2.44 ^ _284_/Y (sky130_fd_sc_hd__inv_2)
     1    0.00                           _025_ (net)
                  0.03    0.00    2.44 ^ _318_/RESET_B (sky130_fd_sc_hd__dfrtp_1)
                                  2.44   data arrival time

                  0.15   10.00   10.00   clock clk (rise edge)
                          0.00   10.00   clock network delay (ideal)
                         -0.25    9.75   clock uncertainty
                          0.00    9.75   clock reconvergence pessimism
                                  9.75 ^ _318_/CLK (sky130_fd_sc_hd__dfrtp_1)
                          0.27   10.02   library recovery time
                                 10.02   data required time
-----------------------------------------------------------------------------
                                 10.02   data required time
                                 -2.44   data arrival time
-----------------------------------------------------------------------------
                                  7.58   slack (MET)


Startpoint: reset (input port clocked by clk)
Endpoint: _303_ (recovery check against rising-edge clock clk)
Path Group: asynchronous
Path Type: max

Fanout     Cap    Slew   Delay    Time   Description
-----------------------------------------------------------------------------
                  0.15    0.00    0.00   clock clk (rise edge)
                          0.00    0.00   clock network delay (ideal)
                          2.00    2.00 v input external delay
                  0.01    0.00    2.00 v reset (in)
     1    0.00                           reset (net)
                  0.01    0.00    2.00 v input9/A (sky130_fd_sc_hd__buf_2)
                  0.08    0.16    2.17 v input9/X (sky130_fd_sc_hd__buf_2)
     7    0.03                           net9 (net)
                  0.08    0.00    2.17 v _259_/A (sky130_fd_sc_hd__buf_4)
                  0.08    0.21    2.38 v _259_/X (sky130_fd_sc_hd__buf_4)
    10    0.05                           _143_ (net)
                  0.08    0.00    2.38 v _267_/A (sky130_fd_sc_hd__inv_2)
                  0.03    0.06    2.44 ^ _267_/Y (sky130_fd_sc_hd__inv_2)
     1    0.00                           _044_ (net)
                  0.03    0.00    2.44 ^ _303_/RESET_B (sky130_fd_sc_hd__dfrtp_1)
                                  2.44   data arrival time

                  0.15   10.00   10.00   clock clk (rise edge)
                          0.00   10.00   clock network delay (ideal)
                         -0.25    9.75   clock uncertainty
                          0.00    9.75   clock reconvergence pessimism
                                  9.75 ^ _303_/CLK (sky130_fd_sc_hd__dfrtp_1)
                          0.27   10.02   library recovery time
                                 10.02   data required time
-----------------------------------------------------------------------------
                                 10.02   data required time
                                 -2.44   data arrival time
-----------------------------------------------------------------------------
                                  7.58   slack (MET)


Startpoint: reset (input port clocked by clk)
Endpoint: _302_ (recovery check against rising-edge clock clk)
Path Group: asynchronous
Path Type: max

Fanout     Cap    Slew   Delay    Time   Description
-----------------------------------------------------------------------------
                  0.15    0.00    0.00   clock clk (rise edge)
                          0.00    0.00   clock network delay (ideal)
                          2.00    2.00 v input external delay
                  0.01    0.00    2.00 v reset (in)
     1    0.00                           reset (net)
                  0.01    0.00    2.00 v input9/A (sky130_fd_sc_hd__buf_2)
                  0.08    0.16    2.17 v input9/X (sky130_fd_sc_hd__buf_2)
     7    0.03                           net9 (net)
                  0.08    0.00    2.17 v _259_/A (sky130_fd_sc_hd__buf_4)
                  0.08    0.21    2.38 v _259_/X (sky130_fd_sc_hd__buf_4)
    10    0.05                           _143_ (net)
                  0.08    0.00    2.38 v _266_/A (sky130_fd_sc_hd__inv_2)
                  0.03    0.06    2.44 ^ _266_/Y (sky130_fd_sc_hd__inv_2)
     1    0.00                           _043_ (net)
                  0.03    0.00    2.44 ^ _302_/RESET_B (sky130_fd_sc_hd__dfrtp_1)
                                  2.44   data arrival time

                  0.15   10.00   10.00   clock clk (rise edge)
                          0.00   10.00   clock network delay (ideal)
                         -0.25    9.75   clock uncertainty
                          0.00    9.75   clock reconvergence pessimism
                                  9.75 ^ _302_/CLK (sky130_fd_sc_hd__dfrtp_1)
                          0.27   10.02   library recovery time
                                 10.02   data required time
-----------------------------------------------------------------------------
                                 10.02   data required time
                                 -2.44   data arrival time
-----------------------------------------------------------------------------
                                  7.58   slack (MET)


Startpoint: reset (input port clocked by clk)
Endpoint: _298_ (recovery check against rising-edge clock clk)
Path Group: asynchronous
Path Type: max

Fanout     Cap    Slew   Delay    Time   Description
-----------------------------------------------------------------------------
                  0.15    0.00    0.00   clock clk (rise edge)
                          0.00    0.00   clock network delay (ideal)
                          2.00    2.00 v input external delay
                  0.01    0.00    2.00 v reset (in)
     1    0.00                           reset (net)
                  0.01    0.00    2.00 v input9/A (sky130_fd_sc_hd__buf_2)
                  0.08    0.16    2.17 v input9/X (sky130_fd_sc_hd__buf_2)
     7    0.03                           net9 (net)
                  0.08    0.00    2.17 v _259_/A (sky130_fd_sc_hd__buf_4)
                  0.08    0.21    2.38 v _259_/X (sky130_fd_sc_hd__buf_4)
    10    0.05                           _143_ (net)
                  0.08    0.00    2.38 v _262_/A (sky130_fd_sc_hd__inv_2)
                  0.03    0.06    2.44 ^ _262_/Y (sky130_fd_sc_hd__inv_2)
     1    0.00                           _039_ (net)
                  0.03    0.00    2.44 ^ _298_/RESET_B (sky130_fd_sc_hd__dfrtp_1)
                                  2.44   data arrival time

                  0.15   10.00   10.00   clock clk (rise edge)
                          0.00   10.00   clock network delay (ideal)
                         -0.25    9.75   clock uncertainty
                          0.00    9.75   clock reconvergence pessimism
                                  9.75 ^ _298_/CLK (sky130_fd_sc_hd__dfrtp_1)
                          0.27   10.02   library recovery time
                                 10.02   data required time
-----------------------------------------------------------------------------
                                 10.02   data required time
                                 -2.44   data arrival time
-----------------------------------------------------------------------------
                                  7.58   slack (MET)


Startpoint: _326_ (rising edge-triggered flip-flop clocked by clk)
Endpoint: _301_ (rising edge-triggered flip-flop clocked by clk)
Path Group: clk
Path Type: max

Fanout     Cap    Slew   Delay    Time   Description
-----------------------------------------------------------------------------
                  0.15    0.00    0.00   clock clk (rise edge)
                          0.00    0.00   clock network delay (ideal)
                  0.15    0.00    0.00 ^ _326_/CLK (sky130_fd_sc_hd__dfrtp_1)
                  0.08    0.46    0.46 v _326_/Q (sky130_fd_sc_hd__dfrtp_1)
     6    0.01                           baud_count[12] (net)
                  0.08    0.00    0.46 v _167_/B (sky130_fd_sc_hd__or4_1)
                  0.11    0.57    1.03 v _167_/X (sky130_fd_sc_hd__or4_1)
     2    0.01                           _077_ (net)
                  0.11    0.00    1.03 v _170_/B (sky130_fd_sc_hd__nor4_1)
                  0.35    0.38    1.42 ^ _170_/Y (sky130_fd_sc_hd__nor4_1)
     2    0.01                           _080_ (net)
                  0.35    0.00    1.42 ^ max_cap13/A (sky130_fd_sc_hd__buf_1)
                  0.11    0.19    1.60 ^ max_cap13/X (sky130_fd_sc_hd__buf_1)
     3    0.01                           net13 (net)
                  0.11    0.00    1.60 ^ _171_/A1 (sky130_fd_sc_hd__mux2_1)
                  0.12    0.22    1.82 ^ _171_/X (sky130_fd_sc_hd__mux2_1)
     5    0.01                           _081_ (net)
                  0.12    0.00    1.82 ^ _180_/A2 (sky130_fd_sc_hd__a21oi_1)
                  0.05    0.08    1.90 v _180_/Y (sky130_fd_sc_hd__a21oi_1)
     1    0.00                           _088_ (net)
                  0.05    0.00    1.90 v _181_/B1 (sky130_fd_sc_hd__a21oi_1)
                  0.10    0.11    2.01 ^ _181_/Y (sky130_fd_sc_hd__a21oi_1)
     1    0.00                           _055_ (net)
                  0.10    0.00    2.01 ^ _301_/D (sky130_fd_sc_hd__dfrtp_2)
                                  2.01   data arrival time

                  0.15   10.00   10.00   clock clk (rise edge)
                          0.00   10.00   clock network delay (ideal)
                         -0.25    9.75   clock uncertainty
                          0.00    9.75   clock reconvergence pessimism
                                  9.75 ^ _301_/CLK (sky130_fd_sc_hd__dfrtp_2)
                         -0.06    9.69   library setup time
                                  9.69   data required time
-----------------------------------------------------------------------------
                                  9.69   data required time
                                 -2.01   data arrival time
-----------------------------------------------------------------------------
                                  7.68   slack (MET)


Startpoint: _326_ (rising edge-triggered flip-flop clocked by clk)
Endpoint: _318_ (rising edge-triggered flip-flop clocked by clk)
Path Group: clk
Path Type: max

Fanout     Cap    Slew   Delay    Time   Description
-----------------------------------------------------------------------------
                  0.15    0.00    0.00   clock clk (rise edge)
                          0.00    0.00   clock network delay (ideal)
                  0.15    0.00    0.00 ^ _326_/CLK (sky130_fd_sc_hd__dfrtp_1)
                  0.08    0.46    0.46 v _326_/Q (sky130_fd_sc_hd__dfrtp_1)
     6    0.01                           baud_count[12] (net)
                  0.08    0.00    0.46 v _167_/B (sky130_fd_sc_hd__or4_1)
                  0.11    0.57    1.03 v _167_/X (sky130_fd_sc_hd__or4_1)
     2    0.01                           _077_ (net)
                  0.11    0.00    1.03 v _184_/B (sky130_fd_sc_hd__or4_2)
                  0.14    0.76    1.80 v _184_/X (sky130_fd_sc_hd__or4_2)
     6    0.01                           _090_ (net)
                  0.14    0.00    1.80 v _209_/B1 (sky130_fd_sc_hd__o211a_1)
                  0.04    0.17    1.97 v _209_/X (sky130_fd_sc_hd__o211a_1)
     1    0.00                           _010_ (net)
                  0.04    0.00    1.97 v _318_/D (sky130_fd_sc_hd__dfrtp_1)
                                  1.97   data arrival time

                  0.15   10.00   10.00   clock clk (rise edge)
                          0.00   10.00   clock network delay (ideal)
                         -0.25    9.75   clock uncertainty
                          0.00    9.75   clock reconvergence pessimism
                                  9.75 ^ _318_/CLK (sky130_fd_sc_hd__dfrtp_1)
                         -0.09    9.66   library setup time
                                  9.66   data required time
-----------------------------------------------------------------------------
                                  9.66   data required time
                                 -1.97   data arrival time
-----------------------------------------------------------------------------
                                  7.70   slack (MET)


Startpoint: _326_ (rising edge-triggered flip-flop clocked by clk)
Endpoint: _300_ (rising edge-triggered flip-flop clocked by clk)
Path Group: clk
Path Type: max

Fanout     Cap    Slew   Delay    Time   Description
-----------------------------------------------------------------------------
                  0.15    0.00    0.00   clock clk (rise edge)
                          0.00    0.00   clock network delay (ideal)
                  0.15    0.00    0.00 ^ _326_/CLK (sky130_fd_sc_hd__dfrtp_1)
                  0.08    0.46    0.46 v _326_/Q (sky130_fd_sc_hd__dfrtp_1)
     6    0.01                           baud_count[12] (net)
                  0.08    0.00    0.46 v _167_/B (sky130_fd_sc_hd__or4_1)
                  0.11    0.57    1.03 v _167_/X (sky130_fd_sc_hd__or4_1)
     2    0.01                           _077_ (net)
                  0.11    0.00    1.03 v _170_/B (sky130_fd_sc_hd__nor4_1)
                  0.35    0.38    1.42 ^ _170_/Y (sky130_fd_sc_hd__nor4_1)
     2    0.01                           _080_ (net)
                  0.35    0.00    1.42 ^ max_cap13/A (sky130_fd_sc_hd__buf_1)
                  0.11    0.19    1.60 ^ max_cap13/X (sky130_fd_sc_hd__buf_1)
     3    0.01                           net13 (net)
                  0.11    0.00    1.60 ^ _171_/A1 (sky130_fd_sc_hd__mux2_1)
                  0.12    0.22    1.82 ^ _171_/X (sky130_fd_sc_hd__mux2_1)
     5    0.01                           _081_ (net)
                  0.12    0.00    1.82 ^ _183_/A2 (sky130_fd_sc_hd__a21oi_1)
                  0.05    0.08    1.90 v _183_/Y (sky130_fd_sc_hd__a21oi_1)
     1    0.00                           _054_ (net)
                  0.05    0.00    1.90 v _300_/D (sky130_fd_sc_hd__dfrtp_4)
                                  1.90   data arrival time

                  0.15   10.00   10.00   clock clk (rise edge)
                          0.00   10.00   clock network delay (ideal)
                         -0.25    9.75   clock uncertainty
                          0.00    9.75   clock reconvergence pessimism
                                  9.75 ^ _300_/CLK (sky130_fd_sc_hd__dfrtp_4)
                         -0.09    9.66   library setup time
                                  9.66   data required time
-----------------------------------------------------------------------------
                                  9.66   data required time
                                 -1.90   data arrival time
-----------------------------------------------------------------------------
                                  7.76   slack (MET)


Startpoint: reset (input port clocked by clk)
Endpoint: _328_ (recovery check against rising-edge clock clk)
Path Group: asynchronous
Path Type: max

Fanout     Cap    Slew   Delay    Time   Description
-----------------------------------------------------------------------------
                  0.15    0.00    0.00   clock clk (rise edge)
                          0.00    0.00   clock network delay (ideal)
                          2.00    2.00 v input external delay
                  0.01    0.00    2.00 v reset (in)
     1    0.00                           reset (net)
                  0.01    0.00    2.00 v input9/A (sky130_fd_sc_hd__buf_2)
                  0.08    0.16    2.17 v input9/X (sky130_fd_sc_hd__buf_2)
     7    0.03                           net9 (net)
                  0.08    0.00    2.17 v _294_/A (sky130_fd_sc_hd__inv_2)
                  0.03    0.06    2.23 ^ _294_/Y (sky130_fd_sc_hd__inv_2)
     1    0.00                           _035_ (net)
                  0.03    0.00    2.23 ^ _328_/RESET_B (sky130_fd_sc_hd__dfrtp_1)
                                  2.23   data arrival time

                  0.15   10.00   10.00   clock clk (rise edge)
                          0.00   10.00   clock network delay (ideal)
                         -0.25    9.75   clock uncertainty
                          0.00    9.75   clock reconvergence pessimism
                                  9.75 ^ _328_/CLK (sky130_fd_sc_hd__dfrtp_1)
                          0.27   10.02   library recovery time
                                 10.02   data required time
-----------------------------------------------------------------------------
                                 10.02   data required time
                                 -2.23   data arrival time
-----------------------------------------------------------------------------
                                  7.79   slack (MET)


Startpoint: reset (input port clocked by clk)
Endpoint: _327_ (recovery check against rising-edge clock clk)
Path Group: asynchronous
Path Type: max

Fanout     Cap    Slew   Delay    Time   Description
-----------------------------------------------------------------------------
                  0.15    0.00    0.00   clock clk (rise edge)
                          0.00    0.00   clock network delay (ideal)
                          2.00    2.00 v input external delay
                  0.01    0.00    2.00 v reset (in)
     1    0.00                           reset (net)
                  0.01    0.00    2.00 v input9/A (sky130_fd_sc_hd__buf_2)
                  0.08    0.16    2.17 v input9/X (sky130_fd_sc_hd__buf_2)
     7    0.03                           net9 (net)
                  0.08    0.00    2.17 v _293_/A (sky130_fd_sc_hd__inv_2)
                  0.03    0.06    2.23 ^ _293_/Y (sky130_fd_sc_hd__inv_2)
     1    0.00                           _034_ (net)
                  0.03    0.00    2.23 ^ _327_/RESET_B (sky130_fd_sc_hd__dfrtp_1)
                                  2.23   data arrival time

                  0.15   10.00   10.00   clock clk (rise edge)
                          0.00   10.00   clock network delay (ideal)
                         -0.25    9.75   clock uncertainty
                          0.00    9.75   clock reconvergence pessimism
                                  9.75 ^ _327_/CLK (sky130_fd_sc_hd__dfrtp_1)
                          0.27   10.02   library recovery time
                                 10.02   data required time
-----------------------------------------------------------------------------
                                 10.02   data required time
                                 -2.23   data arrival time
-----------------------------------------------------------------------------
                                  7.79   slack (MET)


Startpoint: reset (input port clocked by clk)
Endpoint: _329_ (recovery check against rising-edge clock clk)
Path Group: asynchronous
Path Type: max

Fanout     Cap    Slew   Delay    Time   Description
-----------------------------------------------------------------------------
                  0.15    0.00    0.00   clock clk (rise edge)
                          0.00    0.00   clock network delay (ideal)
                          2.00    2.00 v input external delay
                  0.01    0.00    2.00 v reset (in)
     1    0.00                           reset (net)
                  0.01    0.00    2.00 v input9/A (sky130_fd_sc_hd__buf_2)
                  0.08    0.16    2.17 v input9/X (sky130_fd_sc_hd__buf_2)
     7    0.03                           net9 (net)
                  0.08    0.00    2.17 v _295_/A (sky130_fd_sc_hd__inv_2)
                  0.03    0.06    2.23 ^ _295_/Y (sky130_fd_sc_hd__inv_2)
     1    0.00                           _036_ (net)
                  0.03    0.00    2.23 ^ _329_/RESET_B (sky130_fd_sc_hd__dfrtp_1)
                                  2.23   data arrival time

                  0.15   10.00   10.00   clock clk (rise edge)
                          0.00   10.00   clock network delay (ideal)
                         -0.25    9.75   clock uncertainty
                          0.00    9.75   clock reconvergence pessimism
                                  9.75 ^ _329_/CLK (sky130_fd_sc_hd__dfrtp_1)
                          0.27   10.02   library recovery time
                                 10.02   data required time
-----------------------------------------------------------------------------
                                 10.02   data required time
                                 -2.23   data arrival time
-----------------------------------------------------------------------------
                                  7.79   slack (MET)


Startpoint: reset (input port clocked by clk)
Endpoint: _326_ (recovery check against rising-edge clock clk)
Path Group: asynchronous
Path Type: max

Fanout     Cap    Slew   Delay    Time   Description
-----------------------------------------------------------------------------
                  0.15    0.00    0.00   clock clk (rise edge)
                          0.00    0.00   clock network delay (ideal)
                          2.00    2.00 v input external delay
                  0.01    0.00    2.00 v reset (in)
     1    0.00                           reset (net)
                  0.01    0.00    2.00 v input9/A (sky130_fd_sc_hd__buf_2)
                  0.08    0.16    2.17 v input9/X (sky130_fd_sc_hd__buf_2)
     7    0.03                           net9 (net)
                  0.08    0.00    2.17 v _292_/A (sky130_fd_sc_hd__inv_2)
                  0.03    0.06    2.23 ^ _292_/Y (sky130_fd_sc_hd__inv_2)
     1    0.00                           _033_ (net)
                  0.03    0.00    2.23 ^ _326_/RESET_B (sky130_fd_sc_hd__dfrtp_1)
                                  2.23   data arrival time

                  0.15   10.00   10.00   clock clk (rise edge)
                          0.00   10.00   clock network delay (ideal)
                         -0.25    9.75   clock uncertainty
                          0.00    9.75   clock reconvergence pessimism
                                  9.75 ^ _326_/CLK (sky130_fd_sc_hd__dfrtp_1)
                          0.27   10.02   library recovery time
                                 10.02   data required time
-----------------------------------------------------------------------------
                                 10.02   data required time
                                 -2.23   data arrival time
-----------------------------------------------------------------------------
                                  7.79   slack (MET)


Startpoint: _300_ (rising edge-triggered flip-flop clocked by clk)
Endpoint: _304_ (rising edge-triggered flip-flop clocked by clk)
Path Group: clk
Path Type: max

Fanout     Cap    Slew   Delay    Time   Description
-----------------------------------------------------------------------------
                  0.15    0.00    0.00   clock clk (rise edge)
                          0.00    0.00   clock network delay (ideal)
                  0.15    0.00    0.00 ^ _300_/CLK (sky130_fd_sc_hd__dfrtp_4)
                  0.11    0.51    0.51 ^ _300_/Q (sky130_fd_sc_hd__dfrtp_4)
     8    0.03                           bit_index[0] (net)
                  0.11    0.00    0.51 ^ _256_/S0 (sky130_fd_sc_hd__mux4_1)
                  0.08    0.57    1.09 v _256_/X (sky130_fd_sc_hd__mux4_1)
     1    0.00                           _141_ (net)
                  0.08    0.00    1.09 v _257_/A (sky130_fd_sc_hd__or2b_1)
                  0.05    0.25    1.33 v _257_/X (sky130_fd_sc_hd__or2b_1)
     1    0.00                           _142_ (net)
                  0.05    0.00    1.33 v _258_/A3 (sky130_fd_sc_hd__a311o_1)
                  0.06    0.37    1.70 v _258_/X (sky130_fd_sc_hd__a311o_1)
     1    0.00                           _147_ (net)
                  0.06    0.00    1.70 v _304_/D (sky130_fd_sc_hd__dfstp_1)
                                  1.70   data arrival time

                  0.15   10.00   10.00   clock clk (rise edge)
                          0.00   10.00   clock network delay (ideal)
                         -0.25    9.75   clock uncertainty
                          0.00    9.75   clock reconvergence pessimism
                                  9.75 ^ _304_/CLK (sky130_fd_sc_hd__dfstp_1)
                         -0.05    9.70   library setup time
                                  9.70   data required time
-----------------------------------------------------------------------------
                                  9.70   data required time
                                 -1.70   data arrival time
-----------------------------------------------------------------------------
                                  8.00   slack (MET)


Startpoint: _314_ (rising edge-triggered flip-flop clocked by clk)
Endpoint: _324_ (rising edge-triggered flip-flop clocked by clk)
Path Group: clk
Path Type: max

Fanout     Cap    Slew   Delay    Time   Description
-----------------------------------------------------------------------------
                  0.15    0.00    0.00   clock clk (rise edge)
                          0.00    0.00   clock network delay (ideal)
                  0.15    0.00    0.00 ^ _314_/CLK (sky130_fd_sc_hd__dfrtp_2)
                  0.11    0.46    0.46 ^ _314_/Q (sky130_fd_sc_hd__dfrtp_2)
     8    0.02                           baud_count[0] (net)
                  0.11    0.00    0.46 ^ _207_/B (sky130_fd_sc_hd__and4_2)
                  0.12    0.30    0.77 ^ _207_/X (sky130_fd_sc_hd__and4_2)
     7    0.02                           _105_ (net)
                  0.12    0.00    0.77 ^ _220_/A (sky130_fd_sc_hd__and3_1)
                  0.16    0.26    1.02 ^ _220_/X (sky130_fd_sc_hd__and3_1)
     5    0.02                           _115_ (net)
                  0.16    0.00    1.02 ^ _227_/C (sky130_fd_sc_hd__nand3_1)
                  0.11    0.15    1.17 v _227_/Y (sky130_fd_sc_hd__nand3_1)
     4    0.01                           _120_ (net)
                  0.11    0.00    1.17 v _231_/B (sky130_fd_sc_hd__or2_1)
                  0.04    0.23    1.40 v _231_/X (sky130_fd_sc_hd__or2_1)
     1    0.00                           _123_ (net)
                  0.04    0.00    1.40 v _232_/C (sky130_fd_sc_hd__and3_1)
                  0.04    0.18    1.58 v _232_/X (sky130_fd_sc_hd__and3_1)
     1    0.00                           _124_ (net)
                  0.04    0.00    1.58 v _233_/A (sky130_fd_sc_hd__clkbuf_1)
                  0.02    0.08    1.66 v _233_/X (sky130_fd_sc_hd__clkbuf_1)
     1    0.00                           _001_ (net)
                  0.02    0.00    1.66 v _324_/D (sky130_fd_sc_hd__dfrtp_1)
                                  1.66   data arrival time

                  0.15   10.00   10.00   clock clk (rise edge)
                          0.00   10.00   clock network delay (ideal)
                         -0.25    9.75   clock uncertainty
                          0.00    9.75   clock reconvergence pessimism
                                  9.75 ^ _324_/CLK (sky130_fd_sc_hd__dfrtp_1)
                         -0.08    9.67   library setup time
                                  9.67   data required time
-----------------------------------------------------------------------------
                                  9.67   data required time
                                 -1.66   data arrival time
-----------------------------------------------------------------------------
                                  8.00   slack (MET)


Startpoint: _314_ (rising edge-triggered flip-flop clocked by clk)
Endpoint: _327_ (rising edge-triggered flip-flop clocked by clk)
Path Group: clk
Path Type: max

Fanout     Cap    Slew   Delay    Time   Description
-----------------------------------------------------------------------------
                  0.15    0.00    0.00   clock clk (rise edge)
                          0.00    0.00   clock network delay (ideal)
                  0.15    0.00    0.00 ^ _314_/CLK (sky130_fd_sc_hd__dfrtp_2)
                  0.11    0.46    0.46 ^ _314_/Q (sky130_fd_sc_hd__dfrtp_2)
     8    0.02                           baud_count[0] (net)
                  0.11    0.00    0.46 ^ _207_/B (sky130_fd_sc_hd__and4_2)
                  0.12    0.30    0.77 ^ _207_/X (sky130_fd_sc_hd__and4_2)
     7    0.02                           _105_ (net)
                  0.12    0.00    0.77 ^ _236_/A (sky130_fd_sc_hd__and4_2)
                  0.12    0.30    1.07 ^ _236_/X (sky130_fd_sc_hd__and4_2)
     6    0.02                           _127_ (net)
                  0.12    0.00    1.07 ^ _242_/C (sky130_fd_sc_hd__and3_1)
                  0.12    0.24    1.30 ^ _242_/X (sky130_fd_sc_hd__and3_1)
     3    0.01                           _131_ (net)
                  0.12    0.00    1.30 ^ _243_/A (sky130_fd_sc_hd__inv_2)
                  0.03    0.04    1.34 v _243_/Y (sky130_fd_sc_hd__inv_2)
     1    0.00                           _132_ (net)
                  0.03    0.00    1.34 v _244_/C (sky130_fd_sc_hd__and3_1)
                  0.04    0.17    1.51 v _244_/X (sky130_fd_sc_hd__and3_1)
     1    0.00                           _133_ (net)
                  0.04    0.00    1.51 v _245_/A (sky130_fd_sc_hd__clkbuf_1)
                  0.03    0.09    1.59 v _245_/X (sky130_fd_sc_hd__clkbuf_1)
     1    0.00                           _004_ (net)
                  0.03    0.00    1.59 v _327_/D (sky130_fd_sc_hd__dfrtp_1)
                                  1.59   data arrival time

                  0.15   10.00   10.00   clock clk (rise edge)
                          0.00   10.00   clock network delay (ideal)
                         -0.25    9.75   clock uncertainty
                          0.00    9.75   clock reconvergence pessimism
                                  9.75 ^ _327_/CLK (sky130_fd_sc_hd__dfrtp_1)
                         -0.08    9.67   library setup time
                                  9.67   data required time
-----------------------------------------------------------------------------
                                  9.67   data required time
                                 -1.59   data arrival time
-----------------------------------------------------------------------------
                                  8.07   slack (MET)


Startpoint: _297_ (rising edge-triggered flip-flop clocked by clk)
Endpoint: _326_ (rising edge-triggered flip-flop clocked by clk)
Path Group: clk
Path Type: max

Fanout     Cap    Slew   Delay    Time   Description
-----------------------------------------------------------------------------
                  0.15    0.00    0.00   clock clk (rise edge)
                          0.00    0.00   clock network delay (ideal)
                  0.15    0.00    0.00 ^ _297_/CLK (sky130_fd_sc_hd__dfrtp_4)
                  0.08    0.57    0.57 v _297_/Q (sky130_fd_sc_hd__dfrtp_4)
     8    0.02                           state[1] (net)
                  0.08    0.00    0.57 v _192_/B (sky130_fd_sc_hd__or3_2)
                  0.12    0.56    1.13 v _192_/X (sky130_fd_sc_hd__or3_2)
     7    0.02                           _094_ (net)
                  0.12    0.00    1.13 v _193_/A (sky130_fd_sc_hd__buf_2)
                  0.07    0.21    1.34 v _193_/X (sky130_fd_sc_hd__buf_2)
    10    0.03                           _095_ (net)
                  0.07    0.00    1.34 v _239_/B1_N (sky130_fd_sc_hd__a21boi_1)
                  0.05    0.14    1.48 v _239_/Y (sky130_fd_sc_hd__a21boi_1)
     1    0.00                           _129_ (net)
                  0.05    0.00    1.48 v _240_/B1 (sky130_fd_sc_hd__o21a_1)
                  0.04    0.11    1.59 v _240_/X (sky130_fd_sc_hd__o21a_1)
     1    0.00                           _003_ (net)
                  0.04    0.00    1.59 v _326_/D (sky130_fd_sc_hd__dfrtp_1)
                                  1.59   data arrival time

                  0.15   10.00   10.00   clock clk (rise edge)
                          0.00   10.00   clock network delay (ideal)
                         -0.25    9.75   clock uncertainty
                          0.00    9.75   clock reconvergence pessimism
                                  9.75 ^ _326_/CLK (sky130_fd_sc_hd__dfrtp_1)
                         -0.09    9.66   library setup time
                                  9.66   data required time
-----------------------------------------------------------------------------
                                  9.66   data required time
                                 -1.59   data arrival time
-----------------------------------------------------------------------------
                                  8.08   slack (MET)


Startpoint: _297_ (rising edge-triggered flip-flop clocked by clk)
Endpoint: _314_ (rising edge-triggered flip-flop clocked by clk)
Path Group: clk
Path Type: max

Fanout     Cap    Slew   Delay    Time   Description
-----------------------------------------------------------------------------
                  0.15    0.00    0.00   clock clk (rise edge)
                          0.00    0.00   clock network delay (ideal)
                  0.15    0.00    0.00 ^ _297_/CLK (sky130_fd_sc_hd__dfrtp_4)
                  0.08    0.57    0.57 v _297_/Q (sky130_fd_sc_hd__dfrtp_4)
     8    0.02                           state[1] (net)
                  0.08    0.00    0.57 v _192_/B (sky130_fd_sc_hd__or3_2)
                  0.12    0.56    1.13 v _192_/X (sky130_fd_sc_hd__or3_2)
     7    0.02                           _094_ (net)
                  0.12    0.00    1.13 v _193_/A (sky130_fd_sc_hd__buf_2)
                  0.07    0.21    1.34 v _193_/X (sky130_fd_sc_hd__buf_2)
    10    0.03                           _095_ (net)
                  0.07    0.00    1.34 v _194_/B (sky130_fd_sc_hd__and2b_1)
                  0.03    0.17    1.51 v _194_/X (sky130_fd_sc_hd__and2b_1)
     1    0.00                           _096_ (net)
                  0.03    0.00    1.51 v _195_/A (sky130_fd_sc_hd__clkbuf_1)
                  0.02    0.08    1.59 v _195_/X (sky130_fd_sc_hd__clkbuf_1)
     1    0.00                           _000_ (net)
                  0.02    0.00    1.59 v _314_/D (sky130_fd_sc_hd__dfrtp_2)
                                  1.59   data arrival time

                  0.15   10.00   10.00   clock clk (rise edge)
                          0.00   10.00   clock network delay (ideal)
                         -0.25    9.75   clock uncertainty
                          0.00    9.75   clock reconvergence pessimism
                                  9.75 ^ _314_/CLK (sky130_fd_sc_hd__dfrtp_2)
                         -0.08    9.67   library setup time
                                  9.67   data required time
-----------------------------------------------------------------------------
                                  9.67   data required time
                                 -1.59   data arrival time
-----------------------------------------------------------------------------
                                  8.08   slack (MET)


Startpoint: _297_ (rising edge-triggered flip-flop clocked by clk)
Endpoint: _322_ (rising edge-triggered flip-flop clocked by clk)
Path Group: clk
Path Type: max

Fanout     Cap    Slew   Delay    Time   Description
-----------------------------------------------------------------------------
                  0.15    0.00    0.00   clock clk (rise edge)
                          0.00    0.00   clock network delay (ideal)
                  0.15    0.00    0.00 ^ _297_/CLK (sky130_fd_sc_hd__dfrtp_4)
                  0.08    0.57    0.57 v _297_/Q (sky130_fd_sc_hd__dfrtp_4)
     8    0.02                           state[1] (net)
                  0.08    0.00    0.57 v _192_/B (sky130_fd_sc_hd__or3_2)
                  0.12    0.56    1.13 v _192_/X (sky130_fd_sc_hd__or3_2)
     7    0.02                           _094_ (net)
                  0.12    0.00    1.13 v _193_/A (sky130_fd_sc_hd__buf_2)
                  0.07    0.21    1.34 v _193_/X (sky130_fd_sc_hd__buf_2)
    10    0.03                           _095_ (net)
                  0.07    0.00    1.34 v _224_/B1_N (sky130_fd_sc_hd__a21boi_1)
                  0.05    0.14    1.48 v _224_/Y (sky130_fd_sc_hd__a21boi_1)
     1    0.00                           _118_ (net)
                  0.05    0.00    1.48 v _225_/B1 (sky130_fd_sc_hd__o21a_1)
                  0.03    0.10    1.58 v _225_/X (sky130_fd_sc_hd__o21a_1)
     1    0.00                           _014_ (net)
                  0.03    0.00    1.58 v _322_/D (sky130_fd_sc_hd__dfrtp_1)
                                  1.58   data arrival time

                  0.15   10.00   10.00   clock clk (rise edge)
                          0.00   10.00   clock network delay (ideal)
                         -0.25    9.75   clock uncertainty
                          0.00    9.75   clock reconvergence pessimism
                                  9.75 ^ _322_/CLK (sky130_fd_sc_hd__dfrtp_1)
                         -0.08    9.67   library setup time
                                  9.67   data required time
-----------------------------------------------------------------------------
                                  9.67   data required time
                                 -1.58   data arrival time
-----------------------------------------------------------------------------
                                  8.08   slack (MET)


Startpoint: _297_ (rising edge-triggered flip-flop clocked by clk)
Endpoint: _320_ (rising edge-triggered flip-flop clocked by clk)
Path Group: clk
Path Type: max

Fanout     Cap    Slew   Delay    Time   Description
-----------------------------------------------------------------------------
                  0.15    0.00    0.00   clock clk (rise edge)
                          0.00    0.00   clock network delay (ideal)
                  0.15    0.00    0.00 ^ _297_/CLK (sky130_fd_sc_hd__dfrtp_4)
                  0.08    0.57    0.57 v _297_/Q (sky130_fd_sc_hd__dfrtp_4)
     8    0.02                           state[1] (net)
                  0.08    0.00    0.57 v _192_/B (sky130_fd_sc_hd__or3_2)
                  0.12    0.56    1.13 v _192_/X (sky130_fd_sc_hd__or3_2)
     7    0.02                           _094_ (net)
                  0.12    0.00    1.13 v _193_/A (sky130_fd_sc_hd__buf_2)
                  0.07    0.21    1.34 v _193_/X (sky130_fd_sc_hd__buf_2)
    10    0.03                           _095_ (net)
                  0.07    0.00    1.34 v _216_/B1_N (sky130_fd_sc_hd__a21boi_1)
                  0.05    0.14    1.48 v _216_/Y (sky130_fd_sc_hd__a21boi_1)
     1    0.00                           _112_ (net)
                  0.05    0.00    1.48 v _217_/B1 (sky130_fd_sc_hd__o21a_1)
                  0.03    0.10    1.58 v _217_/X (sky130_fd_sc_hd__o21a_1)
     1    0.00                           _012_ (net)
                  0.03    0.00    1.58 v _320_/D (sky130_fd_sc_hd__dfrtp_1)
                                  1.58   data arrival time

                  0.15   10.00   10.00   clock clk (rise edge)
                          0.00   10.00   clock network delay (ideal)
                         -0.25    9.75   clock uncertainty
                          0.00    9.75   clock reconvergence pessimism
                                  9.75 ^ _320_/CLK (sky130_fd_sc_hd__dfrtp_1)
                         -0.09    9.66   library setup time
                                  9.66   data required time
-----------------------------------------------------------------------------
                                  9.66   data required time
                                 -1.58   data arrival time
-----------------------------------------------------------------------------
                                  8.08   slack (MET)


Startpoint: _297_ (rising edge-triggered flip-flop clocked by clk)
Endpoint: _328_ (rising edge-triggered flip-flop clocked by clk)
Path Group: clk
Path Type: max

Fanout     Cap    Slew   Delay    Time   Description
-----------------------------------------------------------------------------
                  0.15    0.00    0.00   clock clk (rise edge)
                          0.00    0.00   clock network delay (ideal)
                  0.15    0.00    0.00 ^ _297_/CLK (sky130_fd_sc_hd__dfrtp_4)
                  0.08    0.57    0.57 v _297_/Q (sky130_fd_sc_hd__dfrtp_4)
     8    0.02                           state[1] (net)
                  0.08    0.00    0.57 v _192_/B (sky130_fd_sc_hd__or3_2)
                  0.12    0.56    1.13 v _192_/X (sky130_fd_sc_hd__or3_2)
     7    0.02                           _094_ (net)
                  0.12    0.00    1.13 v _193_/A (sky130_fd_sc_hd__buf_2)
                  0.07    0.21    1.34 v _193_/X (sky130_fd_sc_hd__buf_2)
    10    0.03                           _095_ (net)
                  0.07    0.00    1.34 v _246_/B1_N (sky130_fd_sc_hd__a21boi_1)
                  0.05    0.14    1.48 v _246_/Y (sky130_fd_sc_hd__a21boi_1)
     1    0.00                           _134_ (net)
                  0.05    0.00    1.48 v _247_/B1 (sky130_fd_sc_hd__o21a_1)
                  0.03    0.10    1.58 v _247_/X (sky130_fd_sc_hd__o21a_1)
     1    0.00                           _005_ (net)
                  0.03    0.00    1.58 v _328_/D (sky130_fd_sc_hd__dfrtp_1)
                                  1.58   data arrival time

                  0.15   10.00   10.00   clock clk (rise edge)
                          0.00   10.00   clock network delay (ideal)
                         -0.25    9.75   clock uncertainty
                          0.00    9.75   clock reconvergence pessimism
                                  9.75 ^ _328_/CLK (sky130_fd_sc_hd__dfrtp_1)
                         -0.09    9.66   library setup time
                                  9.66   data required time
-----------------------------------------------------------------------------
                                  9.66   data required time
                                 -1.58   data arrival time
-----------------------------------------------------------------------------
                                  8.08   slack (MET)


Startpoint: _297_ (rising edge-triggered flip-flop clocked by clk)
Endpoint: _319_ (rising edge-triggered flip-flop clocked by clk)
Path Group: clk
Path Type: max

Fanout     Cap    Slew   Delay    Time   Description
-----------------------------------------------------------------------------
                  0.15    0.00    0.00   clock clk (rise edge)
                          0.00    0.00   clock network delay (ideal)
                  0.15    0.00    0.00 ^ _297_/CLK (sky130_fd_sc_hd__dfrtp_4)
                  0.08    0.57    0.57 v _297_/Q (sky130_fd_sc_hd__dfrtp_4)
     8    0.02                           state[1] (net)
                  0.08    0.00    0.57 v _192_/B (sky130_fd_sc_hd__or3_2)
                  0.12    0.56    1.13 v _192_/X (sky130_fd_sc_hd__or3_2)
     7    0.02                           _094_ (net)
                  0.12    0.00    1.13 v _193_/A (sky130_fd_sc_hd__buf_2)
                  0.07    0.21    1.34 v _193_/X (sky130_fd_sc_hd__buf_2)
    10    0.03                           _095_ (net)
                  0.07    0.00    1.34 v _214_/A (sky130_fd_sc_hd__and3_1)
                  0.04    0.15    1.49 v _214_/X (sky130_fd_sc_hd__and3_1)
     1    0.00                           _111_ (net)
                  0.04    0.00    1.49 v _215_/A (sky130_fd_sc_hd__clkbuf_1)
                  0.02    0.08    1.58 v _215_/X (sky130_fd_sc_hd__clkbuf_1)
     1    0.00                           _011_ (net)
                  0.02    0.00    1.58 v _319_/D (sky130_fd_sc_hd__dfrtp_1)
                                  1.58   data arrival time

                  0.15   10.00   10.00   clock clk (rise edge)
                          0.00   10.00   clock network delay (ideal)
                         -0.25    9.75   clock uncertainty
                          0.00    9.75   clock reconvergence pessimism
                                  9.75 ^ _319_/CLK (sky130_fd_sc_hd__dfrtp_1)
                         -0.08    9.67   library setup time
                                  9.67   data required time
-----------------------------------------------------------------------------
                                  9.67   data required time
                                 -1.58   data arrival time
-----------------------------------------------------------------------------
                                  8.09   slack (MET)


Startpoint: _297_ (rising edge-triggered flip-flop clocked by clk)
Endpoint: _321_ (rising edge-triggered flip-flop clocked by clk)
Path Group: clk
Path Type: max

Fanout     Cap    Slew   Delay    Time   Description
-----------------------------------------------------------------------------
                  0.15    0.00    0.00   clock clk (rise edge)
                          0.00    0.00   clock network delay (ideal)
                  0.15    0.00    0.00 ^ _297_/CLK (sky130_fd_sc_hd__dfrtp_4)
                  0.08    0.57    0.57 v _297_/Q (sky130_fd_sc_hd__dfrtp_4)
     8    0.02                           state[1] (net)
                  0.08    0.00    0.57 v _192_/B (sky130_fd_sc_hd__or3_2)
                  0.12    0.56    1.13 v _192_/X (sky130_fd_sc_hd__or3_2)
     7    0.02                           _094_ (net)
                  0.12    0.00    1.13 v _193_/A (sky130_fd_sc_hd__buf_2)
                  0.07    0.21    1.34 v _193_/X (sky130_fd_sc_hd__buf_2)
    10    0.03                           _095_ (net)
                  0.07    0.00    1.34 v _222_/A (sky130_fd_sc_hd__and3_1)
                  0.03    0.15    1.49 v _222_/X (sky130_fd_sc_hd__and3_1)
     1    0.00                           _117_ (net)
                  0.03    0.00    1.49 v _223_/A (sky130_fd_sc_hd__clkbuf_1)
                  0.02    0.08    1.58 v _223_/X (sky130_fd_sc_hd__clkbuf_1)
     1    0.00                           _013_ (net)
                  0.02    0.00    1.58 v _321_/D (sky130_fd_sc_hd__dfrtp_1)
                                  1.58   data arrival time

                  0.15   10.00   10.00   clock clk (rise edge)
                          0.00   10.00   clock network delay (ideal)
                         -0.25    9.75   clock uncertainty
                          0.00    9.75   clock reconvergence pessimism
                                  9.75 ^ _321_/CLK (sky130_fd_sc_hd__dfrtp_1)
                         -0.08    9.67   library setup time
                                  9.67   data required time
-----------------------------------------------------------------------------
                                  9.67   data required time
                                 -1.58   data arrival time
-----------------------------------------------------------------------------
                                  8.09   slack (MET)


Startpoint: _297_ (rising edge-triggered flip-flop clocked by clk)
Endpoint: _329_ (rising edge-triggered flip-flop clocked by clk)
Path Group: clk
Path Type: max

Fanout     Cap    Slew   Delay    Time   Description
-----------------------------------------------------------------------------
                  0.15    0.00    0.00   clock clk (rise edge)
                          0.00    0.00   clock network delay (ideal)
                  0.15    0.00    0.00 ^ _297_/CLK (sky130_fd_sc_hd__dfrtp_4)
                  0.08    0.57    0.57 v _297_/Q (sky130_fd_sc_hd__dfrtp_4)
     8    0.02                           state[1] (net)
                  0.08    0.00    0.57 v _192_/B (sky130_fd_sc_hd__or3_2)
                  0.12    0.56    1.13 v _192_/X (sky130_fd_sc_hd__or3_2)
     7    0.02                           _094_ (net)
                  0.12    0.00    1.13 v _193_/A (sky130_fd_sc_hd__buf_2)
                  0.07    0.21    1.34 v _193_/X (sky130_fd_sc_hd__buf_2)
    10    0.03                           _095_ (net)
                  0.07    0.00    1.34 v _249_/B1 (sky130_fd_sc_hd__o21ai_1)
                  0.11    0.09    1.43 ^ _249_/Y (sky130_fd_sc_hd__o21ai_1)
     1    0.00                           _136_ (net)
                  0.11    0.00    1.43 ^ _250_/B1 (sky130_fd_sc_hd__a21oi_1)
                  0.04    0.05    1.47 v _250_/Y (sky130_fd_sc_hd__a21oi_1)
     1    0.00                           _006_ (net)
                  0.04    0.00    1.47 v _329_/D (sky130_fd_sc_hd__dfrtp_1)
                                  1.47   data arrival time

                  0.15   10.00   10.00   clock clk (rise edge)
                          0.00   10.00   clock network delay (ideal)
                         -0.25    9.75   clock uncertainty
                          0.00    9.75   clock reconvergence pessimism
                                  9.75 ^ _329_/CLK (sky130_fd_sc_hd__dfrtp_1)
                         -0.09    9.66   library setup time
                                  9.66   data required time
-----------------------------------------------------------------------------
                                  9.66   data required time
                                 -1.47   data arrival time
-----------------------------------------------------------------------------
                                  8.19   slack (MET)


Startpoint: _297_ (rising edge-triggered flip-flop clocked by clk)
Endpoint: _323_ (rising edge-triggered flip-flop clocked by clk)
Path Group: clk
Path Type: max

Fanout     Cap    Slew   Delay    Time   Description
-----------------------------------------------------------------------------
                  0.15    0.00    0.00   clock clk (rise edge)
                          0.00    0.00   clock network delay (ideal)
                  0.15    0.00    0.00 ^ _297_/CLK (sky130_fd_sc_hd__dfrtp_4)
                  0.08    0.57    0.57 v _297_/Q (sky130_fd_sc_hd__dfrtp_4)
     8    0.02                           state[1] (net)
                  0.08    0.00    0.57 v _192_/B (sky130_fd_sc_hd__or3_2)
                  0.12    0.56    1.13 v _192_/X (sky130_fd_sc_hd__or3_2)
     7    0.02                           _094_ (net)
                  0.12    0.00    1.13 v _193_/A (sky130_fd_sc_hd__buf_2)
                  0.07    0.21    1.34 v _193_/X (sky130_fd_sc_hd__buf_2)
    10    0.03                           _095_ (net)
                  0.07    0.00    1.34 v _228_/C1 (sky130_fd_sc_hd__o211a_1)
                  0.04    0.12    1.46 v _228_/X (sky130_fd_sc_hd__o211a_1)
     1    0.00                           _015_ (net)
                  0.04    0.00    1.46 v _323_/D (sky130_fd_sc_hd__dfrtp_1)
                                  1.46   data arrival time

                  0.15   10.00   10.00   clock clk (rise edge)
                          0.00   10.00   clock network delay (ideal)
                         -0.25    9.75   clock uncertainty
                          0.00    9.75   clock reconvergence pessimism
                                  9.75 ^ _323_/CLK (sky130_fd_sc_hd__dfrtp_1)
                         -0.09    9.66   library setup time
                                  9.66   data required time
-----------------------------------------------------------------------------
                                  9.66   data required time
                                 -1.46   data arrival time
-----------------------------------------------------------------------------
                                  8.21   slack (MET)


Startpoint: _297_ (rising edge-triggered flip-flop clocked by clk)
Endpoint: _325_ (rising edge-triggered flip-flop clocked by clk)
Path Group: clk
Path Type: max

Fanout     Cap    Slew   Delay    Time   Description
-----------------------------------------------------------------------------
                  0.15    0.00    0.00   clock clk (rise edge)
                          0.00    0.00   clock network delay (ideal)
                  0.15    0.00    0.00 ^ _297_/CLK (sky130_fd_sc_hd__dfrtp_4)
                  0.08    0.57    0.57 v _297_/Q (sky130_fd_sc_hd__dfrtp_4)
     8    0.02                           state[1] (net)
                  0.08    0.00    0.57 v _192_/B (sky130_fd_sc_hd__or3_2)
                  0.12    0.56    1.13 v _192_/X (sky130_fd_sc_hd__or3_2)
     7    0.02                           _094_ (net)
                  0.12    0.00    1.13 v _193_/A (sky130_fd_sc_hd__buf_2)
                  0.07    0.21    1.34 v _193_/X (sky130_fd_sc_hd__buf_2)
    10    0.03                           _095_ (net)
                  0.07    0.00    1.34 v _238_/C1 (sky130_fd_sc_hd__o211a_1)
                  0.04    0.12    1.46 v _238_/X (sky130_fd_sc_hd__o211a_1)
     1    0.00                           _002_ (net)
                  0.04    0.00    1.46 v _325_/D (sky130_fd_sc_hd__dfrtp_1)
                                  1.46   data arrival time

                  0.15   10.00   10.00   clock clk (rise edge)
                          0.00   10.00   clock network delay (ideal)
                         -0.25    9.75   clock uncertainty
                          0.00    9.75   clock reconvergence pessimism
                                  9.75 ^ _325_/CLK (sky130_fd_sc_hd__dfrtp_1)
                         -0.09    9.66   library setup time
                                  9.66   data required time
-----------------------------------------------------------------------------
                                  9.66   data required time
                                 -1.46   data arrival time
-----------------------------------------------------------------------------
                                  8.21   slack (MET)


Startpoint: _297_ (rising edge-triggered flip-flop clocked by clk)
Endpoint: _316_ (rising edge-triggered flip-flop clocked by clk)
Path Group: clk
Path Type: max

Fanout     Cap    Slew   Delay    Time   Description
-----------------------------------------------------------------------------
                  0.15    0.00    0.00   clock clk (rise edge)
                          0.00    0.00   clock network delay (ideal)
                  0.15    0.00    0.00 ^ _297_/CLK (sky130_fd_sc_hd__dfrtp_4)
                  0.08    0.57    0.57 v _297_/Q (sky130_fd_sc_hd__dfrtp_4)
     8    0.02                           state[1] (net)
                  0.08    0.00    0.57 v _192_/B (sky130_fd_sc_hd__or3_2)
                  0.12    0.56    1.13 v _192_/X (sky130_fd_sc_hd__or3_2)
     7    0.02                           _094_ (net)
                  0.12    0.00    1.13 v _202_/B (sky130_fd_sc_hd__and3_1)
                  0.04    0.20    1.33 v _202_/X (sky130_fd_sc_hd__and3_1)
     1    0.00                           _102_ (net)
                  0.04    0.00    1.33 v _203_/A (sky130_fd_sc_hd__clkbuf_1)
                  0.03    0.09    1.42 v _203_/X (sky130_fd_sc_hd__clkbuf_1)
     1    0.00                           _008_ (net)
                  0.03    0.00    1.42 v _316_/D (sky130_fd_sc_hd__dfrtp_1)
                                  1.42   data arrival time

                  0.15   10.00   10.00   clock clk (rise edge)
                          0.00   10.00   clock network delay (ideal)
                         -0.25    9.75   clock uncertainty
                          0.00    9.75   clock reconvergence pessimism
                                  9.75 ^ _316_/CLK (sky130_fd_sc_hd__dfrtp_1)
                         -0.08    9.67   library setup time
                                  9.67   data required time
-----------------------------------------------------------------------------
                                  9.67   data required time
                                 -1.42   data arrival time
-----------------------------------------------------------------------------
                                  8.25   slack (MET)


Startpoint: _297_ (rising edge-triggered flip-flop clocked by clk)
Endpoint: _317_ (rising edge-triggered flip-flop clocked by clk)
Path Group: clk
Path Type: max

Fanout     Cap    Slew   Delay    Time   Description
-----------------------------------------------------------------------------
                  0.15    0.00    0.00   clock clk (rise edge)
                          0.00    0.00   clock network delay (ideal)
                  0.15    0.00    0.00 ^ _297_/CLK (sky130_fd_sc_hd__dfrtp_4)
                  0.08    0.57    0.57 v _297_/Q (sky130_fd_sc_hd__dfrtp_4)
     8    0.02                           state[1] (net)
                  0.08    0.00    0.57 v _192_/B (sky130_fd_sc_hd__or3_2)
                  0.12    0.56    1.13 v _192_/X (sky130_fd_sc_hd__or3_2)
     7    0.02                           _094_ (net)
                  0.12    0.00    1.13 v _205_/B (sky130_fd_sc_hd__and3_1)
                  0.04    0.20    1.33 v _205_/X (sky130_fd_sc_hd__and3_1)
     1    0.00                           _104_ (net)
                  0.04    0.00    1.33 v _206_/A (sky130_fd_sc_hd__clkbuf_1)
                  0.03    0.09    1.42 v _206_/X (sky130_fd_sc_hd__clkbuf_1)
     1    0.00                           _009_ (net)
                  0.03    0.00    1.42 v _317_/D (sky130_fd_sc_hd__dfrtp_1)
                                  1.42   data arrival time

                  0.15   10.00   10.00   clock clk (rise edge)
                          0.00   10.00   clock network delay (ideal)
                         -0.25    9.75   clock uncertainty
                          0.00    9.75   clock reconvergence pessimism
                                  9.75 ^ _317_/CLK (sky130_fd_sc_hd__dfrtp_1)
                         -0.08    9.67   library setup time
                                  9.67   data required time
-----------------------------------------------------------------------------
                                  9.67   data required time
                                 -1.42   data arrival time
-----------------------------------------------------------------------------
                                  8.25   slack (MET)


Startpoint: _297_ (rising edge-triggered flip-flop clocked by clk)
Endpoint: _315_ (rising edge-triggered flip-flop clocked by clk)
Path Group: clk
Path Type: max

Fanout     Cap    Slew   Delay    Time   Description
-----------------------------------------------------------------------------
                  0.15    0.00    0.00   clock clk (rise edge)
                          0.00    0.00   clock network delay (ideal)
                  0.15    0.00    0.00 ^ _297_/CLK (sky130_fd_sc_hd__dfrtp_4)
                  0.08    0.57    0.57 v _297_/Q (sky130_fd_sc_hd__dfrtp_4)
     8    0.02                           state[1] (net)
                  0.08    0.00    0.57 v _192_/B (sky130_fd_sc_hd__or3_2)
                  0.12    0.56    1.13 v _192_/X (sky130_fd_sc_hd__or3_2)
     7    0.02                           _094_ (net)
                  0.12    0.00    1.13 v _198_/B (sky130_fd_sc_hd__and3_1)
                  0.03    0.20    1.33 v _198_/X (sky130_fd_sc_hd__and3_1)
     1    0.00                           _099_ (net)
                  0.03    0.00    1.33 v _199_/A (sky130_fd_sc_hd__clkbuf_1)
                  0.02    0.08    1.41 v _199_/X (sky130_fd_sc_hd__clkbuf_1)
     1    0.00                           _007_ (net)
                  0.02    0.00    1.41 v _315_/D (sky130_fd_sc_hd__dfrtp_2)
                                  1.41   data arrival time

                  0.15   10.00   10.00   clock clk (rise edge)
                          0.00   10.00   clock network delay (ideal)
                         -0.25    9.75   clock uncertainty
                          0.00    9.75   clock reconvergence pessimism
                                  9.75 ^ _315_/CLK (sky130_fd_sc_hd__dfrtp_2)
                         -0.08    9.67   library setup time
                                  9.67   data required time
-----------------------------------------------------------------------------
                                  9.67   data required time
                                 -1.41   data arrival time
-----------------------------------------------------------------------------
                                  8.26   slack (MET)



