
===========================================================================
report_checks -path_delay max (Setup)
============================================================================
======================= Typical Corner ===================================

Startpoint: start (input port clocked by clk)
Endpoint: _305_ (rising edge-triggered flip-flop clocked by clk)
Path Group: clk
Path Type: max

Fanout     Cap    Slew   Delay    Time   Description
-----------------------------------------------------------------------------
                  0.15    0.00    0.00   clock clk (rise edge)
                          0.00    0.00   clock network delay (ideal)
                          2.00    2.00 v input external delay
                  0.04    0.03    2.03 v start (in)
     3    0.02                           start (net)
                  0.04    0.00    2.03 v _251_/A0 (sky130_fd_sc_hd__mux2_2)
                  0.04    0.26    2.28 v _251_/X (sky130_fd_sc_hd__mux2_2)
     1    0.00                           _137_ (net)
                  0.04    0.00    2.28 v _252_/C (sky130_fd_sc_hd__or3_2)
                  0.07    0.42    2.70 v _252_/X (sky130_fd_sc_hd__or3_2)
     1    0.00                           _138_ (net)
                  0.07    0.00    2.70 v _253_/A (sky130_fd_sc_hd__buf_1)
                  0.03    0.10    2.81 v _253_/X (sky130_fd_sc_hd__buf_1)
     1    0.00                           _146_ (net)
                  0.03    0.00    2.81 v _305_/D (sky130_fd_sc_hd__dfrtp_2)
                                  2.81   data arrival time

                  0.15   10.00   10.00   clock clk (rise edge)
                          0.00   10.00   clock network delay (ideal)
                         -0.25    9.75   clock uncertainty
                          0.00    9.75   clock reconvergence pessimism
                                  9.75 ^ _305_/CLK (sky130_fd_sc_hd__dfrtp_2)
                         -0.08    9.67   library setup time
                                  9.67   data required time
-----------------------------------------------------------------------------
                                  9.67   data required time
                                 -2.81   data arrival time
-----------------------------------------------------------------------------
                                  6.86   slack (MET)


Startpoint: _326_ (rising edge-triggered flip-flop clocked by clk)
Endpoint: _299_ (rising edge-triggered flip-flop clocked by clk)
Path Group: clk
Path Type: max

Fanout     Cap    Slew   Delay    Time   Description
-----------------------------------------------------------------------------
                  0.15    0.00    0.00   clock clk (rise edge)
                          0.00    0.00   clock network delay (ideal)
                  0.15    0.00    0.00 ^ _326_/CLK (sky130_fd_sc_hd__dfrtp_2)
                  0.07    0.48    0.48 v _326_/Q (sky130_fd_sc_hd__dfrtp_2)
     6    0.01                           baud_count[12] (net)
                  0.07    0.00    0.48 v _167_/B (sky130_fd_sc_hd__or4_2)
                  0.12    0.71    1.19 v _167_/X (sky130_fd_sc_hd__or4_2)
     2    0.01                           _077_ (net)
                  0.12    0.00    1.19 v _184_/B (sky130_fd_sc_hd__or4_2)
                  0.14    0.77    1.96 v _184_/X (sky130_fd_sc_hd__or4_2)
     6    0.01                           _090_ (net)
                  0.14    0.00    1.96 v _186_/C (sky130_fd_sc_hd__or4_2)
                  0.09    0.65    2.62 v _186_/X (sky130_fd_sc_hd__or4_2)
     1    0.00                           _091_ (net)
                  0.09    0.00    2.62 v _187_/B1_N (sky130_fd_sc_hd__a21bo_2)
                  0.03    0.21    2.83 ^ _187_/X (sky130_fd_sc_hd__a21bo_2)
     1    0.00                           _019_ (net)
                  0.03    0.00    2.83 ^ _299_/D (sky130_fd_sc_hd__dfrtp_2)
                                  2.83   data arrival time

                  0.15   10.00   10.00   clock clk (rise edge)
                          0.00   10.00   clock network delay (ideal)
                         -0.25    9.75   clock uncertainty
                          0.00    9.75   clock reconvergence pessimism
                                  9.75 ^ _299_/CLK (sky130_fd_sc_hd__dfrtp_2)
                         -0.04    9.71   library setup time
                                  9.71   data required time
-----------------------------------------------------------------------------
                                  9.71   data required time
                                 -2.83   data arrival time
-----------------------------------------------------------------------------
                                  6.88   slack (MET)


Startpoint: _326_ (rising edge-triggered flip-flop clocked by clk)
Endpoint: _297_ (rising edge-triggered flip-flop clocked by clk)
Path Group: clk
Path Type: max

Fanout     Cap    Slew   Delay    Time   Description
-----------------------------------------------------------------------------
                  0.15    0.00    0.00   clock clk (rise edge)
                          0.00    0.00   clock network delay (ideal)
                  0.15    0.00    0.00 ^ _326_/CLK (sky130_fd_sc_hd__dfrtp_2)
                  0.07    0.48    0.48 v _326_/Q (sky130_fd_sc_hd__dfrtp_2)
     6    0.01                           baud_count[12] (net)
                  0.07    0.00    0.48 v _167_/B (sky130_fd_sc_hd__or4_2)
                  0.12    0.71    1.19 v _167_/X (sky130_fd_sc_hd__or4_2)
     2    0.01                           _077_ (net)
                  0.12    0.00    1.19 v _184_/B (sky130_fd_sc_hd__or4_2)
                  0.14    0.77    1.96 v _184_/X (sky130_fd_sc_hd__or4_2)
     6    0.01                           _090_ (net)
                  0.14    0.00    1.96 v _188_/B (sky130_fd_sc_hd__or3_2)
                  0.08    0.49    2.46 v _188_/X (sky130_fd_sc_hd__or3_2)
     1    0.00                           _092_ (net)
                  0.08    0.00    2.46 v _189_/B1 (sky130_fd_sc_hd__a22o_2)
                  0.04    0.22    2.67 v _189_/X (sky130_fd_sc_hd__a22o_2)
     1    0.00                           _017_ (net)
                  0.04    0.00    2.67 v _297_/D (sky130_fd_sc_hd__dfrtp_2)
                                  2.67   data arrival time

                  0.15   10.00   10.00   clock clk (rise edge)
                          0.00   10.00   clock network delay (ideal)
                         -0.25    9.75   clock uncertainty
                          0.00    9.75   clock reconvergence pessimism
                                  9.75 ^ _297_/CLK (sky130_fd_sc_hd__dfrtp_2)
                         -0.09    9.66   library setup time
                                  9.66   data required time
-----------------------------------------------------------------------------
                                  9.66   data required time
                                 -2.67   data arrival time
-----------------------------------------------------------------------------
                                  6.99   slack (MET)


Startpoint: start (input port clocked by clk)
Endpoint: _313_ (rising edge-triggered flip-flop clocked by clk)
Path Group: clk
Path Type: max

Fanout     Cap    Slew   Delay    Time   Description
-----------------------------------------------------------------------------
                  0.15    0.00    0.00   clock clk (rise edge)
                          0.00    0.00   clock network delay (ideal)
                          2.00    2.00 v input external delay
                  0.04    0.03    2.03 v start (in)
     3    0.02                           start (net)
                  0.04    0.00    2.03 v _148_/A (sky130_fd_sc_hd__nand2_2)
                  0.18    0.16    2.19 ^ _148_/Y (sky130_fd_sc_hd__nand2_2)
     9    0.03                           _066_ (net)
                  0.18    0.00    2.19 ^ _149_/S (sky130_fd_sc_hd__mux2_2)
                  0.05    0.37    2.55 v _149_/X (sky130_fd_sc_hd__mux2_2)
     1    0.00                           _067_ (net)
                  0.05    0.00    2.55 v _150_/A (sky130_fd_sc_hd__buf_1)
                  0.02    0.09    2.64 v _150_/X (sky130_fd_sc_hd__buf_1)
     1    0.00                           _065_ (net)
                  0.02    0.00    2.64 v _313_/D (sky130_fd_sc_hd__dfrtp_2)
                                  2.64   data arrival time

                  0.15   10.00   10.00   clock clk (rise edge)
                          0.00   10.00   clock network delay (ideal)
                         -0.25    9.75   clock uncertainty
                          0.00    9.75   clock reconvergence pessimism
                                  9.75 ^ _313_/CLK (sky130_fd_sc_hd__dfrtp_2)
                         -0.08    9.67   library setup time
                                  9.67   data required time
-----------------------------------------------------------------------------
                                  9.67   data required time
                                 -2.64   data arrival time
-----------------------------------------------------------------------------
                                  7.02   slack (MET)


Startpoint: start (input port clocked by clk)
Endpoint: _310_ (rising edge-triggered flip-flop clocked by clk)
Path Group: clk
Path Type: max

Fanout     Cap    Slew   Delay    Time   Description
-----------------------------------------------------------------------------
                  0.15    0.00    0.00   clock clk (rise edge)
                          0.00    0.00   clock network delay (ideal)
                          2.00    2.00 v input external delay
                  0.04    0.03    2.03 v start (in)
     3    0.02                           start (net)
                  0.04    0.00    2.03 v _148_/A (sky130_fd_sc_hd__nand2_2)
                  0.18    0.16    2.19 ^ _148_/Y (sky130_fd_sc_hd__nand2_2)
     9    0.03                           _066_ (net)
                  0.18    0.00    2.19 ^ _155_/S (sky130_fd_sc_hd__mux2_2)
                  0.05    0.37    2.55 v _155_/X (sky130_fd_sc_hd__mux2_2)
     1    0.00                           _070_ (net)
                  0.05    0.00    2.55 v _156_/A (sky130_fd_sc_hd__buf_1)
                  0.02    0.09    2.64 v _156_/X (sky130_fd_sc_hd__buf_1)
     1    0.00                           _062_ (net)
                  0.02    0.00    2.64 v _310_/D (sky130_fd_sc_hd__dfrtp_2)
                                  2.64   data arrival time

                  0.15   10.00   10.00   clock clk (rise edge)
                          0.00   10.00   clock network delay (ideal)
                         -0.25    9.75   clock uncertainty
                          0.00    9.75   clock reconvergence pessimism
                                  9.75 ^ _310_/CLK (sky130_fd_sc_hd__dfrtp_2)
                         -0.08    9.67   library setup time
                                  9.67   data required time
-----------------------------------------------------------------------------
                                  9.67   data required time
                                 -2.64   data arrival time
-----------------------------------------------------------------------------
                                  7.02   slack (MET)


Startpoint: start (input port clocked by clk)
Endpoint: _308_ (rising edge-triggered flip-flop clocked by clk)
Path Group: clk
Path Type: max

Fanout     Cap    Slew   Delay    Time   Description
-----------------------------------------------------------------------------
                  0.15    0.00    0.00   clock clk (rise edge)
                          0.00    0.00   clock network delay (ideal)
                          2.00    2.00 v input external delay
                  0.04    0.03    2.03 v start (in)
     3    0.02                           start (net)
                  0.04    0.00    2.03 v _148_/A (sky130_fd_sc_hd__nand2_2)
                  0.18    0.16    2.19 ^ _148_/Y (sky130_fd_sc_hd__nand2_2)
     9    0.03                           _066_ (net)
                  0.18    0.00    2.19 ^ _159_/S (sky130_fd_sc_hd__mux2_2)
                  0.05    0.37    2.55 v _159_/X (sky130_fd_sc_hd__mux2_2)
     1    0.00                           _072_ (net)
                  0.05    0.00    2.55 v _160_/A (sky130_fd_sc_hd__buf_1)
                  0.02    0.09    2.64 v _160_/X (sky130_fd_sc_hd__buf_1)
     1    0.00                           _060_ (net)
                  0.02    0.00    2.64 v _308_/D (sky130_fd_sc_hd__dfrtp_2)
                                  2.64   data arrival time

                  0.15   10.00   10.00   clock clk (rise edge)
                          0.00   10.00   clock network delay (ideal)
                         -0.25    9.75   clock uncertainty
                          0.00    9.75   clock reconvergence pessimism
                                  9.75 ^ _308_/CLK (sky130_fd_sc_hd__dfrtp_2)
                         -0.08    9.67   library setup time
                                  9.67   data required time
-----------------------------------------------------------------------------
                                  9.67   data required time
                                 -2.64   data arrival time
-----------------------------------------------------------------------------
                                  7.03   slack (MET)


Startpoint: start (input port clocked by clk)
Endpoint: _312_ (rising edge-triggered flip-flop clocked by clk)
Path Group: clk
Path Type: max

Fanout     Cap    Slew   Delay    Time   Description
-----------------------------------------------------------------------------
                  0.15    0.00    0.00   clock clk (rise edge)
                          0.00    0.00   clock network delay (ideal)
                          2.00    2.00 v input external delay
                  0.04    0.03    2.03 v start (in)
     3    0.02                           start (net)
                  0.04    0.00    2.03 v _148_/A (sky130_fd_sc_hd__nand2_2)
                  0.18    0.16    2.19 ^ _148_/Y (sky130_fd_sc_hd__nand2_2)
     9    0.03                           _066_ (net)
                  0.18    0.00    2.19 ^ _151_/S (sky130_fd_sc_hd__mux2_2)
                  0.05    0.37    2.55 v _151_/X (sky130_fd_sc_hd__mux2_2)
     1    0.00                           _068_ (net)
                  0.05    0.00    2.55 v _152_/A (sky130_fd_sc_hd__buf_1)
                  0.02    0.09    2.64 v _152_/X (sky130_fd_sc_hd__buf_1)
     1    0.00                           _064_ (net)
                  0.02    0.00    2.64 v _312_/D (sky130_fd_sc_hd__dfrtp_2)
                                  2.64   data arrival time

                  0.15   10.00   10.00   clock clk (rise edge)
                          0.00   10.00   clock network delay (ideal)
                         -0.25    9.75   clock uncertainty
                          0.00    9.75   clock reconvergence pessimism
                                  9.75 ^ _312_/CLK (sky130_fd_sc_hd__dfrtp_2)
                         -0.08    9.67   library setup time
                                  9.67   data required time
-----------------------------------------------------------------------------
                                  9.67   data required time
                                 -2.64   data arrival time
-----------------------------------------------------------------------------
                                  7.03   slack (MET)


Startpoint: start (input port clocked by clk)
Endpoint: _307_ (rising edge-triggered flip-flop clocked by clk)
Path Group: clk
Path Type: max

Fanout     Cap    Slew   Delay    Time   Description
-----------------------------------------------------------------------------
                  0.15    0.00    0.00   clock clk (rise edge)
                          0.00    0.00   clock network delay (ideal)
                          2.00    2.00 v input external delay
                  0.04    0.03    2.03 v start (in)
     3    0.02                           start (net)
                  0.04    0.00    2.03 v _148_/A (sky130_fd_sc_hd__nand2_2)
                  0.18    0.16    2.19 ^ _148_/Y (sky130_fd_sc_hd__nand2_2)
     9    0.03                           _066_ (net)
                  0.18    0.00    2.19 ^ _161_/S (sky130_fd_sc_hd__mux2_2)
                  0.05    0.37    2.55 v _161_/X (sky130_fd_sc_hd__mux2_2)
     1    0.00                           _073_ (net)
                  0.05    0.00    2.55 v _162_/A (sky130_fd_sc_hd__buf_1)
                  0.02    0.09    2.64 v _162_/X (sky130_fd_sc_hd__buf_1)
     1    0.00                           _059_ (net)
                  0.02    0.00    2.64 v _307_/D (sky130_fd_sc_hd__dfrtp_2)
                                  2.64   data arrival time

                  0.15   10.00   10.00   clock clk (rise edge)
                          0.00   10.00   clock network delay (ideal)
                         -0.25    9.75   clock uncertainty
                          0.00    9.75   clock reconvergence pessimism
                                  9.75 ^ _307_/CLK (sky130_fd_sc_hd__dfrtp_2)
                         -0.08    9.67   library setup time
                                  9.67   data required time
-----------------------------------------------------------------------------
                                  9.67   data required time
                                 -2.64   data arrival time
-----------------------------------------------------------------------------
                                  7.03   slack (MET)


Startpoint: start (input port clocked by clk)
Endpoint: _311_ (rising edge-triggered flip-flop clocked by clk)
Path Group: clk
Path Type: max

Fanout     Cap    Slew   Delay    Time   Description
-----------------------------------------------------------------------------
                  0.15    0.00    0.00   clock clk (rise edge)
                          0.00    0.00   clock network delay (ideal)
                          2.00    2.00 v input external delay
                  0.04    0.03    2.03 v start (in)
     3    0.02                           start (net)
                  0.04    0.00    2.03 v _148_/A (sky130_fd_sc_hd__nand2_2)
                  0.18    0.16    2.19 ^ _148_/Y (sky130_fd_sc_hd__nand2_2)
     9    0.03                           _066_ (net)
                  0.18    0.00    2.19 ^ _153_/S (sky130_fd_sc_hd__mux2_2)
                  0.05    0.37    2.55 v _153_/X (sky130_fd_sc_hd__mux2_2)
     1    0.00                           _069_ (net)
                  0.05    0.00    2.55 v _154_/A (sky130_fd_sc_hd__buf_1)
                  0.02    0.09    2.64 v _154_/X (sky130_fd_sc_hd__buf_1)
     1    0.00                           _063_ (net)
                  0.02    0.00    2.64 v _311_/D (sky130_fd_sc_hd__dfrtp_2)
                                  2.64   data arrival time

                  0.15   10.00   10.00   clock clk (rise edge)
                          0.00   10.00   clock network delay (ideal)
                         -0.25    9.75   clock uncertainty
                          0.00    9.75   clock reconvergence pessimism
                                  9.75 ^ _311_/CLK (sky130_fd_sc_hd__dfrtp_2)
                         -0.08    9.67   library setup time
                                  9.67   data required time
-----------------------------------------------------------------------------
                                  9.67   data required time
                                 -2.64   data arrival time
-----------------------------------------------------------------------------
                                  7.03   slack (MET)


Startpoint: start (input port clocked by clk)
Endpoint: _306_ (rising edge-triggered flip-flop clocked by clk)
Path Group: clk
Path Type: max

Fanout     Cap    Slew   Delay    Time   Description
-----------------------------------------------------------------------------
                  0.15    0.00    0.00   clock clk (rise edge)
                          0.00    0.00   clock network delay (ideal)
                          2.00    2.00 v input external delay
                  0.04    0.03    2.03 v start (in)
     3    0.02                           start (net)
                  0.04    0.00    2.03 v _148_/A (sky130_fd_sc_hd__nand2_2)
                  0.18    0.16    2.19 ^ _148_/Y (sky130_fd_sc_hd__nand2_2)
     9    0.03                           _066_ (net)
                  0.18    0.00    2.19 ^ _163_/S (sky130_fd_sc_hd__mux2_2)
                  0.05    0.37    2.55 v _163_/X (sky130_fd_sc_hd__mux2_2)
     1    0.00                           _074_ (net)
                  0.05    0.00    2.55 v _164_/A (sky130_fd_sc_hd__buf_1)
                  0.02    0.09    2.64 v _164_/X (sky130_fd_sc_hd__buf_1)
     1    0.00                           _058_ (net)
                  0.02    0.00    2.64 v _306_/D (sky130_fd_sc_hd__dfrtp_2)
                                  2.64   data arrival time

                  0.15   10.00   10.00   clock clk (rise edge)
                          0.00   10.00   clock network delay (ideal)
                         -0.25    9.75   clock uncertainty
                          0.00    9.75   clock reconvergence pessimism
                                  9.75 ^ _306_/CLK (sky130_fd_sc_hd__dfrtp_2)
                         -0.08    9.67   library setup time
                                  9.67   data required time
-----------------------------------------------------------------------------
                                  9.67   data required time
                                 -2.64   data arrival time
-----------------------------------------------------------------------------
                                  7.03   slack (MET)


Startpoint: start (input port clocked by clk)
Endpoint: _309_ (rising edge-triggered flip-flop clocked by clk)
Path Group: clk
Path Type: max

Fanout     Cap    Slew   Delay    Time   Description
-----------------------------------------------------------------------------
                  0.15    0.00    0.00   clock clk (rise edge)
                          0.00    0.00   clock network delay (ideal)
                          2.00    2.00 v input external delay
                  0.04    0.03    2.03 v start (in)
     3    0.02                           start (net)
                  0.04    0.00    2.03 v _148_/A (sky130_fd_sc_hd__nand2_2)
                  0.18    0.16    2.19 ^ _148_/Y (sky130_fd_sc_hd__nand2_2)
     9    0.03                           _066_ (net)
                  0.18    0.00    2.19 ^ _157_/S (sky130_fd_sc_hd__mux2_2)
                  0.05    0.37    2.55 v _157_/X (sky130_fd_sc_hd__mux2_2)
     1    0.00                           _071_ (net)
                  0.05    0.00    2.55 v _158_/A (sky130_fd_sc_hd__buf_1)
                  0.02    0.09    2.64 v _158_/X (sky130_fd_sc_hd__buf_1)
     1    0.00                           _061_ (net)
                  0.02    0.00    2.64 v _309_/D (sky130_fd_sc_hd__dfrtp_2)
                                  2.64   data arrival time

                  0.15   10.00   10.00   clock clk (rise edge)
                          0.00   10.00   clock network delay (ideal)
                         -0.25    9.75   clock uncertainty
                          0.00    9.75   clock reconvergence pessimism
                                  9.75 ^ _309_/CLK (sky130_fd_sc_hd__dfrtp_2)
                         -0.08    9.67   library setup time
                                  9.67   data required time
-----------------------------------------------------------------------------
                                  9.67   data required time
                                 -2.64   data arrival time
-----------------------------------------------------------------------------
                                  7.03   slack (MET)


Startpoint: _304_ (rising edge-triggered flip-flop clocked by clk)
Endpoint: tx (output port clocked by clk)
Path Group: clk
Path Type: max

Fanout     Cap    Slew   Delay    Time   Description
-----------------------------------------------------------------------------
                  0.15    0.00    0.00   clock clk (rise edge)
                          0.00    0.00   clock network delay (ideal)
                  0.15    0.00    0.00 ^ _304_/CLK (sky130_fd_sc_hd__dfstp_2)
                  0.19    0.70    0.70 ^ _304_/Q (sky130_fd_sc_hd__dfstp_2)
     1    0.04                           tx (net)
                  0.19    0.00    0.70 ^ tx (out)
                                  0.70   data arrival time

                  0.15   10.00   10.00   clock clk (rise edge)
                          0.00   10.00   clock network delay (ideal)
                         -0.25    9.75   clock uncertainty
                          0.00    9.75   clock reconvergence pessimism
                         -2.00    7.75   output external delay
                                  7.75   data required time
-----------------------------------------------------------------------------
                                  7.75   data required time
                                 -0.70   data arrival time
-----------------------------------------------------------------------------
                                  7.05   slack (MET)


Startpoint: _326_ (rising edge-triggered flip-flop clocked by clk)
Endpoint: _303_ (rising edge-triggered flip-flop clocked by clk)
Path Group: clk
Path Type: max

Fanout     Cap    Slew   Delay    Time   Description
-----------------------------------------------------------------------------
                  0.15    0.00    0.00   clock clk (rise edge)
                          0.00    0.00   clock network delay (ideal)
                  0.15    0.00    0.00 ^ _326_/CLK (sky130_fd_sc_hd__dfrtp_2)
                  0.07    0.48    0.48 v _326_/Q (sky130_fd_sc_hd__dfrtp_2)
     6    0.01                           baud_count[12] (net)
                  0.07    0.00    0.48 v _167_/B (sky130_fd_sc_hd__or4_2)
                  0.12    0.71    1.19 v _167_/X (sky130_fd_sc_hd__or4_2)
     2    0.01                           _077_ (net)
                  0.12    0.00    1.19 v _170_/B (sky130_fd_sc_hd__nor4_2)
                  0.43    0.48    1.67 ^ _170_/Y (sky130_fd_sc_hd__nor4_2)
     4    0.02                           _080_ (net)
                  0.43    0.00    1.67 ^ _171_/A1 (sky130_fd_sc_hd__mux2_2)
                  0.12    0.33    2.00 ^ _171_/X (sky130_fd_sc_hd__mux2_2)
     5    0.02                           _081_ (net)
                  0.12    0.00    2.00 ^ _172_/B1_N (sky130_fd_sc_hd__a21bo_2)
                  0.04    0.25    2.25 v _172_/X (sky130_fd_sc_hd__a21bo_2)
     2    0.00                           _082_ (net)
                  0.04    0.00    2.25 v _173_/B (sky130_fd_sc_hd__and2_2)
                  0.04    0.18    2.43 v _173_/X (sky130_fd_sc_hd__and2_2)
     1    0.00                           _083_ (net)
                  0.04    0.00    2.43 v _174_/A (sky130_fd_sc_hd__buf_1)
                  0.02    0.08    2.52 v _174_/X (sky130_fd_sc_hd__buf_1)
     1    0.00                           _057_ (net)
                  0.02    0.00    2.52 v _303_/D (sky130_fd_sc_hd__dfrtp_2)
                                  2.52   data arrival time

                  0.15   10.00   10.00   clock clk (rise edge)
                          0.00   10.00   clock network delay (ideal)
                         -0.25    9.75   clock uncertainty
                          0.00    9.75   clock reconvergence pessimism
                                  9.75 ^ _303_/CLK (sky130_fd_sc_hd__dfrtp_2)
                         -0.08    9.67   library setup time
                                  9.67   data required time
-----------------------------------------------------------------------------
                                  9.67   data required time
                                 -2.52   data arrival time
-----------------------------------------------------------------------------
                                  7.15   slack (MET)


Startpoint: _326_ (rising edge-triggered flip-flop clocked by clk)
Endpoint: _302_ (rising edge-triggered flip-flop clocked by clk)
Path Group: clk
Path Type: max

Fanout     Cap    Slew   Delay    Time   Description
-----------------------------------------------------------------------------
                  0.15    0.00    0.00   clock clk (rise edge)
                          0.00    0.00   clock network delay (ideal)
                  0.15    0.00    0.00 ^ _326_/CLK (sky130_fd_sc_hd__dfrtp_2)
                  0.07    0.48    0.48 v _326_/Q (sky130_fd_sc_hd__dfrtp_2)
     6    0.01                           baud_count[12] (net)
                  0.07    0.00    0.48 v _167_/B (sky130_fd_sc_hd__or4_2)
                  0.12    0.71    1.19 v _167_/X (sky130_fd_sc_hd__or4_2)
     2    0.01                           _077_ (net)
                  0.12    0.00    1.19 v _170_/B (sky130_fd_sc_hd__nor4_2)
                  0.43    0.48    1.67 ^ _170_/Y (sky130_fd_sc_hd__nor4_2)
     4    0.02                           _080_ (net)
                  0.43    0.00    1.67 ^ _171_/A1 (sky130_fd_sc_hd__mux2_2)
                  0.12    0.33    2.00 ^ _171_/X (sky130_fd_sc_hd__mux2_2)
     5    0.02                           _081_ (net)
                  0.12    0.00    2.00 ^ _172_/B1_N (sky130_fd_sc_hd__a21bo_2)
                  0.04    0.25    2.25 v _172_/X (sky130_fd_sc_hd__a21bo_2)
     2    0.00                           _082_ (net)
                  0.04    0.00    2.25 v _176_/A (sky130_fd_sc_hd__and2_2)
                  0.04    0.16    2.41 v _176_/X (sky130_fd_sc_hd__and2_2)
     1    0.00                           _085_ (net)
                  0.04    0.00    2.41 v _177_/A (sky130_fd_sc_hd__buf_1)
                  0.02    0.08    2.50 v _177_/X (sky130_fd_sc_hd__buf_1)
     1    0.00                           _056_ (net)
                  0.02    0.00    2.50 v _302_/D (sky130_fd_sc_hd__dfrtp_2)
                                  2.50   data arrival time

                  0.15   10.00   10.00   clock clk (rise edge)
                          0.00   10.00   clock network delay (ideal)
                         -0.25    9.75   clock uncertainty
                          0.00    9.75   clock reconvergence pessimism
                                  9.75 ^ _302_/CLK (sky130_fd_sc_hd__dfrtp_2)
                         -0.08    9.67   library setup time
                                  9.67   data required time
-----------------------------------------------------------------------------
                                  9.67   data required time
                                 -2.50   data arrival time
-----------------------------------------------------------------------------
                                  7.17   slack (MET)


Startpoint: _305_ (rising edge-triggered flip-flop clocked by clk)
Endpoint: busy (output port clocked by clk)
Path Group: clk
Path Type: max

Fanout     Cap    Slew   Delay    Time   Description
-----------------------------------------------------------------------------
                  0.15    0.00    0.00   clock clk (rise edge)
                          0.00    0.00   clock network delay (ideal)
                  0.15    0.00    0.00 ^ _305_/CLK (sky130_fd_sc_hd__dfrtp_2)
                  0.12    0.54    0.54 v _305_/Q (sky130_fd_sc_hd__dfrtp_2)
     1    0.04                           busy (net)
                  0.12    0.00    0.54 v busy (out)
                                  0.54   data arrival time

                  0.15   10.00   10.00   clock clk (rise edge)
                          0.00   10.00   clock network delay (ideal)
                         -0.25    9.75   clock uncertainty
                          0.00    9.75   clock reconvergence pessimism
                         -2.00    7.75   output external delay
                                  7.75   data required time
-----------------------------------------------------------------------------
                                  7.75   data required time
                                 -0.54   data arrival time
-----------------------------------------------------------------------------
                                  7.21   slack (MET)


Startpoint: start (input port clocked by clk)
Endpoint: _298_ (rising edge-triggered flip-flop clocked by clk)
Path Group: clk
Path Type: max

Fanout     Cap    Slew   Delay    Time   Description
-----------------------------------------------------------------------------
                  0.15    0.00    0.00   clock clk (rise edge)
                          0.00    0.00   clock network delay (ideal)
                          2.00    2.00 v input external delay
                  0.04    0.03    2.03 v start (in)
     3    0.02                           start (net)
                  0.04    0.00    2.03 v _148_/A (sky130_fd_sc_hd__nand2_2)
                  0.18    0.16    2.19 ^ _148_/Y (sky130_fd_sc_hd__nand2_2)
     9    0.03                           _066_ (net)
                  0.18    0.00    2.19 ^ _185_/B1_N (sky130_fd_sc_hd__a21bo_2)
                  0.03    0.25    2.44 v _185_/X (sky130_fd_sc_hd__a21bo_2)
     1    0.00                           _018_ (net)
                  0.03    0.00    2.44 v _298_/D (sky130_fd_sc_hd__dfrtp_2)
                                  2.44   data arrival time

                  0.15   10.00   10.00   clock clk (rise edge)
                          0.00   10.00   clock network delay (ideal)
                         -0.25    9.75   clock uncertainty
                          0.00    9.75   clock reconvergence pessimism
                                  9.75 ^ _298_/CLK (sky130_fd_sc_hd__dfrtp_2)
                         -0.09    9.66   library setup time
                                  9.66   data required time
-----------------------------------------------------------------------------
                                  9.66   data required time
                                 -2.44   data arrival time
-----------------------------------------------------------------------------
                                  7.23   slack (MET)


Startpoint: start (input port clocked by clk)
Endpoint: _296_ (rising edge-triggered flip-flop clocked by clk)
Path Group: clk
Path Type: max

Fanout     Cap    Slew   Delay    Time   Description
-----------------------------------------------------------------------------
                  0.15    0.00    0.00   clock clk (rise edge)
                          0.00    0.00   clock network delay (ideal)
                          2.00    2.00 ^ input external delay
                  0.08    0.06    2.06 ^ start (in)
     3    0.02                           start (net)
                  0.08    0.00    2.06 ^ _190_/A (sky130_fd_sc_hd__inv_2)
                  0.02    0.03    2.09 v _190_/Y (sky130_fd_sc_hd__inv_2)
     1    0.00                           _093_ (net)
                  0.02    0.00    2.09 v _191_/A1 (sky130_fd_sc_hd__a22o_2)
                  0.04    0.23    2.32 v _191_/X (sky130_fd_sc_hd__a22o_2)
     1    0.00                           _016_ (net)
                  0.04    0.00    2.32 v _296_/D (sky130_fd_sc_hd__dfstp_2)
                                  2.32   data arrival time

                  0.15   10.00   10.00   clock clk (rise edge)
                          0.00   10.00   clock network delay (ideal)
                         -0.25    9.75   clock uncertainty
                          0.00    9.75   clock reconvergence pessimism
                                  9.75 ^ _296_/CLK (sky130_fd_sc_hd__dfstp_2)
                         -0.05    9.70   library setup time
                                  9.70   data required time
-----------------------------------------------------------------------------
                                  9.70   data required time
                                 -2.32   data arrival time
-----------------------------------------------------------------------------
                                  7.39   slack (MET)


Startpoint: reset (input port clocked by clk)
Endpoint: _304_ (recovery check against rising-edge clock clk)
Path Group: asynchronous
Path Type: max

Fanout     Cap    Slew   Delay    Time   Description
-----------------------------------------------------------------------------
                  0.15    0.00    0.00   clock clk (rise edge)
                          0.00    0.00   clock network delay (ideal)
                          2.00    2.00 v input external delay
                  0.07    0.05    2.05 v reset (in)
     7    0.03                           reset (net)
                  0.07    0.00    2.05 v _259_/A (sky130_fd_sc_hd__buf_1)
                  0.29    0.31    2.36 v _259_/X (sky130_fd_sc_hd__buf_1)
    10    0.05                           _143_ (net)
                  0.29    0.00    2.36 v _268_/A (sky130_fd_sc_hd__inv_2)
                  0.07    0.11    2.47 ^ _268_/Y (sky130_fd_sc_hd__inv_2)
     1    0.00                           _045_ (net)
                  0.07    0.00    2.47 ^ _304_/SET_B (sky130_fd_sc_hd__dfstp_2)
                                  2.47   data arrival time

                  0.15   10.00   10.00   clock clk (rise edge)
                          0.00   10.00   clock network delay (ideal)
                         -0.25    9.75   clock uncertainty
                          0.00    9.75   clock reconvergence pessimism
                                  9.75 ^ _304_/CLK (sky130_fd_sc_hd__dfstp_2)
                          0.16    9.91   library recovery time
                                  9.91   data required time
-----------------------------------------------------------------------------
                                  9.91   data required time
                                 -2.47   data arrival time
-----------------------------------------------------------------------------
                                  7.44   slack (MET)


Startpoint: reset (input port clocked by clk)
Endpoint: _296_ (recovery check against rising-edge clock clk)
Path Group: asynchronous
Path Type: max

Fanout     Cap    Slew   Delay    Time   Description
-----------------------------------------------------------------------------
                  0.15    0.00    0.00   clock clk (rise edge)
                          0.00    0.00   clock network delay (ideal)
                          2.00    2.00 v input external delay
                  0.07    0.05    2.05 v reset (in)
     7    0.03                           reset (net)
                  0.07    0.00    2.05 v _259_/A (sky130_fd_sc_hd__buf_1)
                  0.29    0.31    2.36 v _259_/X (sky130_fd_sc_hd__buf_1)
    10    0.05                           _143_ (net)
                  0.29    0.00    2.36 v _260_/A (sky130_fd_sc_hd__inv_2)
                  0.07    0.11    2.47 ^ _260_/Y (sky130_fd_sc_hd__inv_2)
     1    0.00                           _037_ (net)
                  0.07    0.00    2.47 ^ _296_/SET_B (sky130_fd_sc_hd__dfstp_2)
                                  2.47   data arrival time

                  0.15   10.00   10.00   clock clk (rise edge)
                          0.00   10.00   clock network delay (ideal)
                         -0.25    9.75   clock uncertainty
                          0.00    9.75   clock reconvergence pessimism
                                  9.75 ^ _296_/CLK (sky130_fd_sc_hd__dfstp_2)
                          0.16    9.91   library recovery time
                                  9.91   data required time
-----------------------------------------------------------------------------
                                  9.91   data required time
                                 -2.47   data arrival time
-----------------------------------------------------------------------------
                                  7.44   slack (MET)


Startpoint: reset (input port clocked by clk)
Endpoint: _313_ (recovery check against rising-edge clock clk)
Path Group: asynchronous
Path Type: max

Fanout     Cap    Slew   Delay    Time   Description
-----------------------------------------------------------------------------
                  0.15    0.00    0.00   clock clk (rise edge)
                          0.00    0.00   clock network delay (ideal)
                          2.00    2.00 v input external delay
                  0.07    0.05    2.05 v reset (in)
     7    0.03                           reset (net)
                  0.07    0.00    2.05 v _270_/A (sky130_fd_sc_hd__buf_1)
                  0.29    0.32    2.36 v _270_/X (sky130_fd_sc_hd__buf_1)
    10    0.05                           _144_ (net)
                  0.29    0.00    2.36 v _278_/A (sky130_fd_sc_hd__inv_2)
                  0.07    0.12    2.48 ^ _278_/Y (sky130_fd_sc_hd__inv_2)
     1    0.00                           _020_ (net)
                  0.07    0.00    2.48 ^ _313_/RESET_B (sky130_fd_sc_hd__dfrtp_2)
                                  2.48   data arrival time

                  0.15   10.00   10.00   clock clk (rise edge)
                          0.00   10.00   clock network delay (ideal)
                         -0.25    9.75   clock uncertainty
                          0.00    9.75   clock reconvergence pessimism
                                  9.75 ^ _313_/CLK (sky130_fd_sc_hd__dfrtp_2)
                          0.24    9.99   library recovery time
                                  9.99   data required time
-----------------------------------------------------------------------------
                                  9.99   data required time
                                 -2.48   data arrival time
-----------------------------------------------------------------------------
                                  7.51   slack (MET)


Startpoint: reset (input port clocked by clk)
Endpoint: _312_ (recovery check against rising-edge clock clk)
Path Group: asynchronous
Path Type: max

Fanout     Cap    Slew   Delay    Time   Description
-----------------------------------------------------------------------------
                  0.15    0.00    0.00   clock clk (rise edge)
                          0.00    0.00   clock network delay (ideal)
                          2.00    2.00 v input external delay
                  0.07    0.05    2.05 v reset (in)
     7    0.03                           reset (net)
                  0.07    0.00    2.05 v _270_/A (sky130_fd_sc_hd__buf_1)
                  0.29    0.32    2.36 v _270_/X (sky130_fd_sc_hd__buf_1)
    10    0.05                           _144_ (net)
                  0.29    0.00    2.36 v _277_/A (sky130_fd_sc_hd__inv_2)
                  0.07    0.12    2.48 ^ _277_/Y (sky130_fd_sc_hd__inv_2)
     1    0.00                           _053_ (net)
                  0.07    0.00    2.48 ^ _312_/RESET_B (sky130_fd_sc_hd__dfrtp_2)
                                  2.48   data arrival time

                  0.15   10.00   10.00   clock clk (rise edge)
                          0.00   10.00   clock network delay (ideal)
                         -0.25    9.75   clock uncertainty
                          0.00    9.75   clock reconvergence pessimism
                                  9.75 ^ _312_/CLK (sky130_fd_sc_hd__dfrtp_2)
                          0.24    9.99   library recovery time
                                  9.99   data required time
-----------------------------------------------------------------------------
                                  9.99   data required time
                                 -2.48   data arrival time
-----------------------------------------------------------------------------
                                  7.51   slack (MET)


Startpoint: reset (input port clocked by clk)
Endpoint: _315_ (recovery check against rising-edge clock clk)
Path Group: asynchronous
Path Type: max

Fanout     Cap    Slew   Delay    Time   Description
-----------------------------------------------------------------------------
                  0.15    0.00    0.00   clock clk (rise edge)
                          0.00    0.00   clock network delay (ideal)
                          2.00    2.00 v input external delay
                  0.07    0.05    2.05 v reset (in)
     7    0.03                           reset (net)
                  0.07    0.00    2.05 v _270_/A (sky130_fd_sc_hd__buf_1)
                  0.29    0.32    2.36 v _270_/X (sky130_fd_sc_hd__buf_1)
    10    0.05                           _144_ (net)
                  0.29    0.00    2.36 v _280_/A (sky130_fd_sc_hd__inv_2)
                  0.07    0.12    2.48 ^ _280_/Y (sky130_fd_sc_hd__inv_2)
     1    0.00                           _022_ (net)
                  0.07    0.00    2.48 ^ _315_/RESET_B (sky130_fd_sc_hd__dfrtp_2)
                                  2.48   data arrival time

                  0.15   10.00   10.00   clock clk (rise edge)
                          0.00   10.00   clock network delay (ideal)
                         -0.25    9.75   clock uncertainty
                          0.00    9.75   clock reconvergence pessimism
                                  9.75 ^ _315_/CLK (sky130_fd_sc_hd__dfrtp_2)
                          0.24    9.99   library recovery time
                                  9.99   data required time
-----------------------------------------------------------------------------
                                  9.99   data required time
                                 -2.48   data arrival time
-----------------------------------------------------------------------------
                                  7.51   slack (MET)


Startpoint: reset (input port clocked by clk)
Endpoint: _311_ (recovery check against rising-edge clock clk)
Path Group: asynchronous
Path Type: max

Fanout     Cap    Slew   Delay    Time   Description
-----------------------------------------------------------------------------
                  0.15    0.00    0.00   clock clk (rise edge)
                          0.00    0.00   clock network delay (ideal)
                          2.00    2.00 v input external delay
                  0.07    0.05    2.05 v reset (in)
     7    0.03                           reset (net)
                  0.07    0.00    2.05 v _270_/A (sky130_fd_sc_hd__buf_1)
                  0.29    0.32    2.36 v _270_/X (sky130_fd_sc_hd__buf_1)
    10    0.05                           _144_ (net)
                  0.29    0.00    2.36 v _276_/A (sky130_fd_sc_hd__inv_2)
                  0.07    0.12    2.48 ^ _276_/Y (sky130_fd_sc_hd__inv_2)
     1    0.00                           _052_ (net)
                  0.07    0.00    2.48 ^ _311_/RESET_B (sky130_fd_sc_hd__dfrtp_2)
                                  2.48   data arrival time

                  0.15   10.00   10.00   clock clk (rise edge)
                          0.00   10.00   clock network delay (ideal)
                         -0.25    9.75   clock uncertainty
                          0.00    9.75   clock reconvergence pessimism
                                  9.75 ^ _311_/CLK (sky130_fd_sc_hd__dfrtp_2)
                          0.24    9.99   library recovery time
                                  9.99   data required time
-----------------------------------------------------------------------------
                                  9.99   data required time
                                 -2.48   data arrival time
-----------------------------------------------------------------------------
                                  7.51   slack (MET)


Startpoint: reset (input port clocked by clk)
Endpoint: _314_ (recovery check against rising-edge clock clk)
Path Group: asynchronous
Path Type: max

Fanout     Cap    Slew   Delay    Time   Description
-----------------------------------------------------------------------------
                  0.15    0.00    0.00   clock clk (rise edge)
                          0.00    0.00   clock network delay (ideal)
                          2.00    2.00 v input external delay
                  0.07    0.05    2.05 v reset (in)
     7    0.03                           reset (net)
                  0.07    0.00    2.05 v _270_/A (sky130_fd_sc_hd__buf_1)
                  0.29    0.32    2.36 v _270_/X (sky130_fd_sc_hd__buf_1)
    10    0.05                           _144_ (net)
                  0.29    0.00    2.36 v _279_/A (sky130_fd_sc_hd__inv_2)
                  0.07    0.12    2.48 ^ _279_/Y (sky130_fd_sc_hd__inv_2)
     1    0.00                           _021_ (net)
                  0.07    0.00    2.48 ^ _314_/RESET_B (sky130_fd_sc_hd__dfrtp_2)
                                  2.48   data arrival time

                  0.15   10.00   10.00   clock clk (rise edge)
                          0.00   10.00   clock network delay (ideal)
                         -0.25    9.75   clock uncertainty
                          0.00    9.75   clock reconvergence pessimism
                                  9.75 ^ _314_/CLK (sky130_fd_sc_hd__dfrtp_2)
                          0.24    9.99   library recovery time
                                  9.99   data required time
-----------------------------------------------------------------------------
                                  9.99   data required time
                                 -2.48   data arrival time
-----------------------------------------------------------------------------
                                  7.51   slack (MET)


Startpoint: reset (input port clocked by clk)
Endpoint: _306_ (recovery check against rising-edge clock clk)
Path Group: asynchronous
Path Type: max

Fanout     Cap    Slew   Delay    Time   Description
-----------------------------------------------------------------------------
                  0.15    0.00    0.00   clock clk (rise edge)
                          0.00    0.00   clock network delay (ideal)
                          2.00    2.00 v input external delay
                  0.07    0.05    2.05 v reset (in)
     7    0.03                           reset (net)
                  0.07    0.00    2.05 v _270_/A (sky130_fd_sc_hd__buf_1)
                  0.29    0.32    2.36 v _270_/X (sky130_fd_sc_hd__buf_1)
    10    0.05                           _144_ (net)
                  0.29    0.00    2.36 v _271_/A (sky130_fd_sc_hd__inv_2)
                  0.07    0.12    2.48 ^ _271_/Y (sky130_fd_sc_hd__inv_2)
     1    0.00                           _047_ (net)
                  0.07    0.00    2.48 ^ _306_/RESET_B (sky130_fd_sc_hd__dfrtp_2)
                                  2.48   data arrival time

                  0.15   10.00   10.00   clock clk (rise edge)
                          0.00   10.00   clock network delay (ideal)
                         -0.25    9.75   clock uncertainty
                          0.00    9.75   clock reconvergence pessimism
                                  9.75 ^ _306_/CLK (sky130_fd_sc_hd__dfrtp_2)
                          0.24    9.99   library recovery time
                                  9.99   data required time
-----------------------------------------------------------------------------
                                  9.99   data required time
                                 -2.48   data arrival time
-----------------------------------------------------------------------------
                                  7.51   slack (MET)


Startpoint: reset (input port clocked by clk)
Endpoint: _310_ (recovery check against rising-edge clock clk)
Path Group: asynchronous
Path Type: max

Fanout     Cap    Slew   Delay    Time   Description
-----------------------------------------------------------------------------
                  0.15    0.00    0.00   clock clk (rise edge)
                          0.00    0.00   clock network delay (ideal)
                          2.00    2.00 v input external delay
                  0.07    0.05    2.05 v reset (in)
     7    0.03                           reset (net)
                  0.07    0.00    2.05 v _270_/A (sky130_fd_sc_hd__buf_1)
                  0.29    0.32    2.36 v _270_/X (sky130_fd_sc_hd__buf_1)
    10    0.05                           _144_ (net)
                  0.29    0.00    2.36 v _275_/A (sky130_fd_sc_hd__inv_2)
                  0.07    0.12    2.48 ^ _275_/Y (sky130_fd_sc_hd__inv_2)
     1    0.00                           _051_ (net)
                  0.07    0.00    2.48 ^ _310_/RESET_B (sky130_fd_sc_hd__dfrtp_2)
                                  2.48   data arrival time

                  0.15   10.00   10.00   clock clk (rise edge)
                          0.00   10.00   clock network delay (ideal)
                         -0.25    9.75   clock uncertainty
                          0.00    9.75   clock reconvergence pessimism
                                  9.75 ^ _310_/CLK (sky130_fd_sc_hd__dfrtp_2)
                          0.24    9.99   library recovery time
                                  9.99   data required time
-----------------------------------------------------------------------------
                                  9.99   data required time
                                 -2.48   data arrival time
-----------------------------------------------------------------------------
                                  7.51   slack (MET)


Startpoint: reset (input port clocked by clk)
Endpoint: _309_ (recovery check against rising-edge clock clk)
Path Group: asynchronous
Path Type: max

Fanout     Cap    Slew   Delay    Time   Description
-----------------------------------------------------------------------------
                  0.15    0.00    0.00   clock clk (rise edge)
                          0.00    0.00   clock network delay (ideal)
                          2.00    2.00 v input external delay
                  0.07    0.05    2.05 v reset (in)
     7    0.03                           reset (net)
                  0.07    0.00    2.05 v _270_/A (sky130_fd_sc_hd__buf_1)
                  0.29    0.32    2.36 v _270_/X (sky130_fd_sc_hd__buf_1)
    10    0.05                           _144_ (net)
                  0.29    0.00    2.36 v _274_/A (sky130_fd_sc_hd__inv_2)
                  0.07    0.12    2.48 ^ _274_/Y (sky130_fd_sc_hd__inv_2)
     1    0.00                           _050_ (net)
                  0.07    0.00    2.48 ^ _309_/RESET_B (sky130_fd_sc_hd__dfrtp_2)
                                  2.48   data arrival time

                  0.15   10.00   10.00   clock clk (rise edge)
                          0.00   10.00   clock network delay (ideal)
                         -0.25    9.75   clock uncertainty
                          0.00    9.75   clock reconvergence pessimism
                                  9.75 ^ _309_/CLK (sky130_fd_sc_hd__dfrtp_2)
                          0.24    9.99   library recovery time
                                  9.99   data required time
-----------------------------------------------------------------------------
                                  9.99   data required time
                                 -2.48   data arrival time
-----------------------------------------------------------------------------
                                  7.51   slack (MET)


Startpoint: reset (input port clocked by clk)
Endpoint: _307_ (recovery check against rising-edge clock clk)
Path Group: asynchronous
Path Type: max

Fanout     Cap    Slew   Delay    Time   Description
-----------------------------------------------------------------------------
                  0.15    0.00    0.00   clock clk (rise edge)
                          0.00    0.00   clock network delay (ideal)
                          2.00    2.00 v input external delay
                  0.07    0.05    2.05 v reset (in)
     7    0.03                           reset (net)
                  0.07    0.00    2.05 v _270_/A (sky130_fd_sc_hd__buf_1)
                  0.29    0.32    2.36 v _270_/X (sky130_fd_sc_hd__buf_1)
    10    0.05                           _144_ (net)
                  0.29    0.00    2.36 v _272_/A (sky130_fd_sc_hd__inv_2)
                  0.07    0.12    2.48 ^ _272_/Y (sky130_fd_sc_hd__inv_2)
     1    0.00                           _048_ (net)
                  0.07    0.00    2.48 ^ _307_/RESET_B (sky130_fd_sc_hd__dfrtp_2)
                                  2.48   data arrival time

                  0.15   10.00   10.00   clock clk (rise edge)
                          0.00   10.00   clock network delay (ideal)
                         -0.25    9.75   clock uncertainty
                          0.00    9.75   clock reconvergence pessimism
                                  9.75 ^ _307_/CLK (sky130_fd_sc_hd__dfrtp_2)
                          0.24    9.99   library recovery time
                                  9.99   data required time
-----------------------------------------------------------------------------
                                  9.99   data required time
                                 -2.48   data arrival time
-----------------------------------------------------------------------------
                                  7.51   slack (MET)


Startpoint: reset (input port clocked by clk)
Endpoint: _308_ (recovery check against rising-edge clock clk)
Path Group: asynchronous
Path Type: max

Fanout     Cap    Slew   Delay    Time   Description
-----------------------------------------------------------------------------
                  0.15    0.00    0.00   clock clk (rise edge)
                          0.00    0.00   clock network delay (ideal)
                          2.00    2.00 v input external delay
                  0.07    0.05    2.05 v reset (in)
     7    0.03                           reset (net)
                  0.07    0.00    2.05 v _270_/A (sky130_fd_sc_hd__buf_1)
                  0.29    0.32    2.36 v _270_/X (sky130_fd_sc_hd__buf_1)
    10    0.05                           _144_ (net)
                  0.29    0.00    2.36 v _273_/A (sky130_fd_sc_hd__inv_2)
                  0.07    0.12    2.48 ^ _273_/Y (sky130_fd_sc_hd__inv_2)
     1    0.00                           _049_ (net)
                  0.07    0.00    2.48 ^ _308_/RESET_B (sky130_fd_sc_hd__dfrtp_2)
                                  2.48   data arrival time

                  0.15   10.00   10.00   clock clk (rise edge)
                          0.00   10.00   clock network delay (ideal)
                         -0.25    9.75   clock uncertainty
                          0.00    9.75   clock reconvergence pessimism
                                  9.75 ^ _308_/CLK (sky130_fd_sc_hd__dfrtp_2)
                          0.24    9.99   library recovery time
                                  9.99   data required time
-----------------------------------------------------------------------------
                                  9.99   data required time
                                 -2.48   data arrival time
-----------------------------------------------------------------------------
                                  7.51   slack (MET)


Startpoint: reset (input port clocked by clk)
Endpoint: _316_ (recovery check against rising-edge clock clk)
Path Group: asynchronous
Path Type: max

Fanout     Cap    Slew   Delay    Time   Description
-----------------------------------------------------------------------------
                  0.15    0.00    0.00   clock clk (rise edge)
                          0.00    0.00   clock network delay (ideal)
                          2.00    2.00 v input external delay
                  0.07    0.05    2.05 v reset (in)
     7    0.03                           reset (net)
                  0.07    0.00    2.05 v _281_/A (sky130_fd_sc_hd__buf_1)
                  0.29    0.31    2.36 v _281_/X (sky130_fd_sc_hd__buf_1)
    10    0.05                           _145_ (net)
                  0.29    0.00    2.36 v _282_/A (sky130_fd_sc_hd__inv_2)
                  0.07    0.12    2.48 ^ _282_/Y (sky130_fd_sc_hd__inv_2)
     1    0.00                           _023_ (net)
                  0.07    0.00    2.48 ^ _316_/RESET_B (sky130_fd_sc_hd__dfrtp_2)
                                  2.48   data arrival time

                  0.15   10.00   10.00   clock clk (rise edge)
                          0.00   10.00   clock network delay (ideal)
                         -0.25    9.75   clock uncertainty
                          0.00    9.75   clock reconvergence pessimism
                                  9.75 ^ _316_/CLK (sky130_fd_sc_hd__dfrtp_2)
                          0.24    9.99   library recovery time
                                  9.99   data required time
-----------------------------------------------------------------------------
                                  9.99   data required time
                                 -2.48   data arrival time
-----------------------------------------------------------------------------
                                  7.52   slack (MET)


Startpoint: reset (input port clocked by clk)
Endpoint: _317_ (recovery check against rising-edge clock clk)
Path Group: asynchronous
Path Type: max

Fanout     Cap    Slew   Delay    Time   Description
-----------------------------------------------------------------------------
                  0.15    0.00    0.00   clock clk (rise edge)
                          0.00    0.00   clock network delay (ideal)
                          2.00    2.00 v input external delay
                  0.07    0.05    2.05 v reset (in)
     7    0.03                           reset (net)
                  0.07    0.00    2.05 v _281_/A (sky130_fd_sc_hd__buf_1)
                  0.29    0.31    2.36 v _281_/X (sky130_fd_sc_hd__buf_1)
    10    0.05                           _145_ (net)
                  0.29    0.00    2.36 v _283_/A (sky130_fd_sc_hd__inv_2)
                  0.07    0.12    2.48 ^ _283_/Y (sky130_fd_sc_hd__inv_2)
     1    0.00                           _024_ (net)
                  0.07    0.00    2.48 ^ _317_/RESET_B (sky130_fd_sc_hd__dfrtp_2)
                                  2.48   data arrival time

                  0.15   10.00   10.00   clock clk (rise edge)
                          0.00   10.00   clock network delay (ideal)
                         -0.25    9.75   clock uncertainty
                          0.00    9.75   clock reconvergence pessimism
                                  9.75 ^ _317_/CLK (sky130_fd_sc_hd__dfrtp_2)
                          0.24    9.99   library recovery time
                                  9.99   data required time
-----------------------------------------------------------------------------
                                  9.99   data required time
                                 -2.48   data arrival time
-----------------------------------------------------------------------------
                                  7.52   slack (MET)


Startpoint: reset (input port clocked by clk)
Endpoint: _318_ (recovery check against rising-edge clock clk)
Path Group: asynchronous
Path Type: max

Fanout     Cap    Slew   Delay    Time   Description
-----------------------------------------------------------------------------
                  0.15    0.00    0.00   clock clk (rise edge)
                          0.00    0.00   clock network delay (ideal)
                          2.00    2.00 v input external delay
                  0.07    0.05    2.05 v reset (in)
     7    0.03                           reset (net)
                  0.07    0.00    2.05 v _281_/A (sky130_fd_sc_hd__buf_1)
                  0.29    0.31    2.36 v _281_/X (sky130_fd_sc_hd__buf_1)
    10    0.05                           _145_ (net)
                  0.29    0.00    2.36 v _284_/A (sky130_fd_sc_hd__inv_2)
                  0.07    0.12    2.48 ^ _284_/Y (sky130_fd_sc_hd__inv_2)
     1    0.00                           _025_ (net)
                  0.07    0.00    2.48 ^ _318_/RESET_B (sky130_fd_sc_hd__dfrtp_2)
                                  2.48   data arrival time

                  0.15   10.00   10.00   clock clk (rise edge)
                          0.00   10.00   clock network delay (ideal)
                         -0.25    9.75   clock uncertainty
                          0.00    9.75   clock reconvergence pessimism
                                  9.75 ^ _318_/CLK (sky130_fd_sc_hd__dfrtp_2)
                          0.24    9.99   library recovery time
                                  9.99   data required time
-----------------------------------------------------------------------------
                                  9.99   data required time
                                 -2.48   data arrival time
-----------------------------------------------------------------------------
                                  7.52   slack (MET)


Startpoint: reset (input port clocked by clk)
Endpoint: _320_ (recovery check against rising-edge clock clk)
Path Group: asynchronous
Path Type: max

Fanout     Cap    Slew   Delay    Time   Description
-----------------------------------------------------------------------------
                  0.15    0.00    0.00   clock clk (rise edge)
                          0.00    0.00   clock network delay (ideal)
                          2.00    2.00 v input external delay
                  0.07    0.05    2.05 v reset (in)
     7    0.03                           reset (net)
                  0.07    0.00    2.05 v _281_/A (sky130_fd_sc_hd__buf_1)
                  0.29    0.31    2.36 v _281_/X (sky130_fd_sc_hd__buf_1)
    10    0.05                           _145_ (net)
                  0.29    0.00    2.36 v _286_/A (sky130_fd_sc_hd__inv_2)
                  0.07    0.11    2.48 ^ _286_/Y (sky130_fd_sc_hd__inv_2)
     1    0.00                           _027_ (net)
                  0.07    0.00    2.48 ^ _320_/RESET_B (sky130_fd_sc_hd__dfrtp_2)
                                  2.48   data arrival time

                  0.15   10.00   10.00   clock clk (rise edge)
                          0.00   10.00   clock network delay (ideal)
                         -0.25    9.75   clock uncertainty
                          0.00    9.75   clock reconvergence pessimism
                                  9.75 ^ _320_/CLK (sky130_fd_sc_hd__dfrtp_2)
                          0.24    9.99   library recovery time
                                  9.99   data required time
-----------------------------------------------------------------------------
                                  9.99   data required time
                                 -2.48   data arrival time
-----------------------------------------------------------------------------
                                  7.52   slack (MET)


Startpoint: reset (input port clocked by clk)
Endpoint: _319_ (recovery check against rising-edge clock clk)
Path Group: asynchronous
Path Type: max

Fanout     Cap    Slew   Delay    Time   Description
-----------------------------------------------------------------------------
                  0.15    0.00    0.00   clock clk (rise edge)
                          0.00    0.00   clock network delay (ideal)
                          2.00    2.00 v input external delay
                  0.07    0.05    2.05 v reset (in)
     7    0.03                           reset (net)
                  0.07    0.00    2.05 v _281_/A (sky130_fd_sc_hd__buf_1)
                  0.29    0.31    2.36 v _281_/X (sky130_fd_sc_hd__buf_1)
    10    0.05                           _145_ (net)
                  0.29    0.00    2.36 v _285_/A (sky130_fd_sc_hd__inv_2)
                  0.07    0.11    2.48 ^ _285_/Y (sky130_fd_sc_hd__inv_2)
     1    0.00                           _026_ (net)
                  0.07    0.00    2.48 ^ _319_/RESET_B (sky130_fd_sc_hd__dfrtp_2)
                                  2.48   data arrival time

                  0.15   10.00   10.00   clock clk (rise edge)
                          0.00   10.00   clock network delay (ideal)
                         -0.25    9.75   clock uncertainty
                          0.00    9.75   clock reconvergence pessimism
                                  9.75 ^ _319_/CLK (sky130_fd_sc_hd__dfrtp_2)
                          0.24    9.99   library recovery time
                                  9.99   data required time
-----------------------------------------------------------------------------
                                  9.99   data required time
                                 -2.48   data arrival time
-----------------------------------------------------------------------------
                                  7.52   slack (MET)


Startpoint: reset (input port clocked by clk)
Endpoint: _322_ (recovery check against rising-edge clock clk)
Path Group: asynchronous
Path Type: max

Fanout     Cap    Slew   Delay    Time   Description
-----------------------------------------------------------------------------
                  0.15    0.00    0.00   clock clk (rise edge)
                          0.00    0.00   clock network delay (ideal)
                          2.00    2.00 v input external delay
                  0.07    0.05    2.05 v reset (in)
     7    0.03                           reset (net)
                  0.07    0.00    2.05 v _281_/A (sky130_fd_sc_hd__buf_1)
                  0.29    0.31    2.36 v _281_/X (sky130_fd_sc_hd__buf_1)
    10    0.05                           _145_ (net)
                  0.29    0.00    2.36 v _288_/A (sky130_fd_sc_hd__inv_2)
                  0.07    0.11    2.48 ^ _288_/Y (sky130_fd_sc_hd__inv_2)
     1    0.00                           _029_ (net)
                  0.07    0.00    2.48 ^ _322_/RESET_B (sky130_fd_sc_hd__dfrtp_2)
                                  2.48   data arrival time

                  0.15   10.00   10.00   clock clk (rise edge)
                          0.00   10.00   clock network delay (ideal)
                         -0.25    9.75   clock uncertainty
                          0.00    9.75   clock reconvergence pessimism
                                  9.75 ^ _322_/CLK (sky130_fd_sc_hd__dfrtp_2)
                          0.24    9.99   library recovery time
                                  9.99   data required time
-----------------------------------------------------------------------------
                                  9.99   data required time
                                 -2.48   data arrival time
-----------------------------------------------------------------------------
                                  7.52   slack (MET)


Startpoint: reset (input port clocked by clk)
Endpoint: _323_ (recovery check against rising-edge clock clk)
Path Group: asynchronous
Path Type: max

Fanout     Cap    Slew   Delay    Time   Description
-----------------------------------------------------------------------------
                  0.15    0.00    0.00   clock clk (rise edge)
                          0.00    0.00   clock network delay (ideal)
                          2.00    2.00 v input external delay
                  0.07    0.05    2.05 v reset (in)
     7    0.03                           reset (net)
                  0.07    0.00    2.05 v _281_/A (sky130_fd_sc_hd__buf_1)
                  0.29    0.31    2.36 v _281_/X (sky130_fd_sc_hd__buf_1)
    10    0.05                           _145_ (net)
                  0.29    0.00    2.36 v _289_/A (sky130_fd_sc_hd__inv_2)
                  0.07    0.11    2.47 ^ _289_/Y (sky130_fd_sc_hd__inv_2)
     1    0.00                           _030_ (net)
                  0.07    0.00    2.47 ^ _323_/RESET_B (sky130_fd_sc_hd__dfrtp_2)
                                  2.47   data arrival time

                  0.15   10.00   10.00   clock clk (rise edge)
                          0.00   10.00   clock network delay (ideal)
                         -0.25    9.75   clock uncertainty
                          0.00    9.75   clock reconvergence pessimism
                                  9.75 ^ _323_/CLK (sky130_fd_sc_hd__dfrtp_2)
                          0.24    9.99   library recovery time
                                  9.99   data required time
-----------------------------------------------------------------------------
                                  9.99   data required time
                                 -2.47   data arrival time
-----------------------------------------------------------------------------
                                  7.52   slack (MET)


Startpoint: reset (input port clocked by clk)
Endpoint: _321_ (recovery check against rising-edge clock clk)
Path Group: asynchronous
Path Type: max

Fanout     Cap    Slew   Delay    Time   Description
-----------------------------------------------------------------------------
                  0.15    0.00    0.00   clock clk (rise edge)
                          0.00    0.00   clock network delay (ideal)
                          2.00    2.00 v input external delay
                  0.07    0.05    2.05 v reset (in)
     7    0.03                           reset (net)
                  0.07    0.00    2.05 v _281_/A (sky130_fd_sc_hd__buf_1)
                  0.29    0.31    2.36 v _281_/X (sky130_fd_sc_hd__buf_1)
    10    0.05                           _145_ (net)
                  0.29    0.00    2.36 v _287_/A (sky130_fd_sc_hd__inv_2)
                  0.07    0.11    2.47 ^ _287_/Y (sky130_fd_sc_hd__inv_2)
     1    0.00                           _028_ (net)
                  0.07    0.00    2.47 ^ _321_/RESET_B (sky130_fd_sc_hd__dfrtp_2)
                                  2.47   data arrival time

                  0.15   10.00   10.00   clock clk (rise edge)
                          0.00   10.00   clock network delay (ideal)
                         -0.25    9.75   clock uncertainty
                          0.00    9.75   clock reconvergence pessimism
                                  9.75 ^ _321_/CLK (sky130_fd_sc_hd__dfrtp_2)
                          0.24    9.99   library recovery time
                                  9.99   data required time
-----------------------------------------------------------------------------
                                  9.99   data required time
                                 -2.47   data arrival time
-----------------------------------------------------------------------------
                                  7.52   slack (MET)


Startpoint: reset (input port clocked by clk)
Endpoint: _324_ (recovery check against rising-edge clock clk)
Path Group: asynchronous
Path Type: max

Fanout     Cap    Slew   Delay    Time   Description
-----------------------------------------------------------------------------
                  0.15    0.00    0.00   clock clk (rise edge)
                          0.00    0.00   clock network delay (ideal)
                          2.00    2.00 v input external delay
                  0.07    0.05    2.05 v reset (in)
     7    0.03                           reset (net)
                  0.07    0.00    2.05 v _281_/A (sky130_fd_sc_hd__buf_1)
                  0.29    0.31    2.36 v _281_/X (sky130_fd_sc_hd__buf_1)
    10    0.05                           _145_ (net)
                  0.29    0.00    2.36 v _290_/A (sky130_fd_sc_hd__inv_2)
                  0.07    0.11    2.47 ^ _290_/Y (sky130_fd_sc_hd__inv_2)
     1    0.00                           _031_ (net)
                  0.07    0.00    2.47 ^ _324_/RESET_B (sky130_fd_sc_hd__dfrtp_2)
                                  2.47   data arrival time

                  0.15   10.00   10.00   clock clk (rise edge)
                          0.00   10.00   clock network delay (ideal)
                         -0.25    9.75   clock uncertainty
                          0.00    9.75   clock reconvergence pessimism
                                  9.75 ^ _324_/CLK (sky130_fd_sc_hd__dfrtp_2)
                          0.24    9.99   library recovery time
                                  9.99   data required time
-----------------------------------------------------------------------------
                                  9.99   data required time
                                 -2.47   data arrival time
-----------------------------------------------------------------------------
                                  7.52   slack (MET)


Startpoint: reset (input port clocked by clk)
Endpoint: _325_ (recovery check against rising-edge clock clk)
Path Group: asynchronous
Path Type: max

Fanout     Cap    Slew   Delay    Time   Description
-----------------------------------------------------------------------------
                  0.15    0.00    0.00   clock clk (rise edge)
                          0.00    0.00   clock network delay (ideal)
                          2.00    2.00 v input external delay
                  0.07    0.05    2.05 v reset (in)
     7    0.03                           reset (net)
                  0.07    0.00    2.05 v _281_/A (sky130_fd_sc_hd__buf_1)
                  0.29    0.31    2.36 v _281_/X (sky130_fd_sc_hd__buf_1)
    10    0.05                           _145_ (net)
                  0.29    0.00    2.36 v _291_/A (sky130_fd_sc_hd__inv_2)
                  0.07    0.11    2.47 ^ _291_/Y (sky130_fd_sc_hd__inv_2)
     1    0.00                           _032_ (net)
                  0.07    0.00    2.47 ^ _325_/RESET_B (sky130_fd_sc_hd__dfrtp_2)
                                  2.47   data arrival time

                  0.15   10.00   10.00   clock clk (rise edge)
                          0.00   10.00   clock network delay (ideal)
                         -0.25    9.75   clock uncertainty
                          0.00    9.75   clock reconvergence pessimism
                                  9.75 ^ _325_/CLK (sky130_fd_sc_hd__dfrtp_2)
                          0.24    9.99   library recovery time
                                  9.99   data required time
-----------------------------------------------------------------------------
                                  9.99   data required time
                                 -2.47   data arrival time
-----------------------------------------------------------------------------
                                  7.52   slack (MET)


Startpoint: _326_ (rising edge-triggered flip-flop clocked by clk)
Endpoint: _318_ (rising edge-triggered flip-flop clocked by clk)
Path Group: clk
Path Type: max

Fanout     Cap    Slew   Delay    Time   Description
-----------------------------------------------------------------------------
                  0.15    0.00    0.00   clock clk (rise edge)
                          0.00    0.00   clock network delay (ideal)
                  0.15    0.00    0.00 ^ _326_/CLK (sky130_fd_sc_hd__dfrtp_2)
                  0.07    0.48    0.48 v _326_/Q (sky130_fd_sc_hd__dfrtp_2)
     6    0.01                           baud_count[12] (net)
                  0.07    0.00    0.48 v _167_/B (sky130_fd_sc_hd__or4_2)
                  0.12    0.71    1.19 v _167_/X (sky130_fd_sc_hd__or4_2)
     2    0.01                           _077_ (net)
                  0.12    0.00    1.19 v _184_/B (sky130_fd_sc_hd__or4_2)
                  0.14    0.77    1.96 v _184_/X (sky130_fd_sc_hd__or4_2)
     6    0.01                           _090_ (net)
                  0.14    0.00    1.96 v _209_/B1 (sky130_fd_sc_hd__o211a_2)
                  0.04    0.18    2.14 v _209_/X (sky130_fd_sc_hd__o211a_2)
     1    0.00                           _010_ (net)
                  0.04    0.00    2.14 v _318_/D (sky130_fd_sc_hd__dfrtp_2)
                                  2.14   data arrival time

                  0.15   10.00   10.00   clock clk (rise edge)
                          0.00   10.00   clock network delay (ideal)
                         -0.25    9.75   clock uncertainty
                          0.00    9.75   clock reconvergence pessimism
                                  9.75 ^ _318_/CLK (sky130_fd_sc_hd__dfrtp_2)
                         -0.09    9.66   library setup time
                                  9.66   data required time
-----------------------------------------------------------------------------
                                  9.66   data required time
                                 -2.14   data arrival time
-----------------------------------------------------------------------------
                                  7.52   slack (MET)


Startpoint: reset (input port clocked by clk)
Endpoint: _302_ (recovery check against rising-edge clock clk)
Path Group: asynchronous
Path Type: max

Fanout     Cap    Slew   Delay    Time   Description
-----------------------------------------------------------------------------
                  0.15    0.00    0.00   clock clk (rise edge)
                          0.00    0.00   clock network delay (ideal)
                          2.00    2.00 v input external delay
                  0.07    0.05    2.05 v reset (in)
     7    0.03                           reset (net)
                  0.07    0.00    2.05 v _259_/A (sky130_fd_sc_hd__buf_1)
                  0.29    0.31    2.36 v _259_/X (sky130_fd_sc_hd__buf_1)
    10    0.05                           _143_ (net)
                  0.29    0.00    2.36 v _266_/A (sky130_fd_sc_hd__inv_2)
                  0.07    0.11    2.47 ^ _266_/Y (sky130_fd_sc_hd__inv_2)
     1    0.00                           _043_ (net)
                  0.07    0.00    2.47 ^ _302_/RESET_B (sky130_fd_sc_hd__dfrtp_2)
                                  2.47   data arrival time

                  0.15   10.00   10.00   clock clk (rise edge)
                          0.00   10.00   clock network delay (ideal)
                         -0.25    9.75   clock uncertainty
                          0.00    9.75   clock reconvergence pessimism
                                  9.75 ^ _302_/CLK (sky130_fd_sc_hd__dfrtp_2)
                          0.24    9.99   library recovery time
                                  9.99   data required time
-----------------------------------------------------------------------------
                                  9.99   data required time
                                 -2.47   data arrival time
-----------------------------------------------------------------------------
                                  7.52   slack (MET)


Startpoint: reset (input port clocked by clk)
Endpoint: _305_ (recovery check against rising-edge clock clk)
Path Group: asynchronous
Path Type: max

Fanout     Cap    Slew   Delay    Time   Description
-----------------------------------------------------------------------------
                  0.15    0.00    0.00   clock clk (rise edge)
                          0.00    0.00   clock network delay (ideal)
                          2.00    2.00 v input external delay
                  0.07    0.05    2.05 v reset (in)
     7    0.03                           reset (net)
                  0.07    0.00    2.05 v _259_/A (sky130_fd_sc_hd__buf_1)
                  0.29    0.31    2.36 v _259_/X (sky130_fd_sc_hd__buf_1)
    10    0.05                           _143_ (net)
                  0.29    0.00    2.36 v _269_/A (sky130_fd_sc_hd__inv_2)
                  0.07    0.11    2.47 ^ _269_/Y (sky130_fd_sc_hd__inv_2)
     1    0.00                           _046_ (net)
                  0.07    0.00    2.47 ^ _305_/RESET_B (sky130_fd_sc_hd__dfrtp_2)
                                  2.47   data arrival time

                  0.15   10.00   10.00   clock clk (rise edge)
                          0.00   10.00   clock network delay (ideal)
                         -0.25    9.75   clock uncertainty
                          0.00    9.75   clock reconvergence pessimism
                                  9.75 ^ _305_/CLK (sky130_fd_sc_hd__dfrtp_2)
                          0.24    9.99   library recovery time
                                  9.99   data required time
-----------------------------------------------------------------------------
                                  9.99   data required time
                                 -2.47   data arrival time
-----------------------------------------------------------------------------
                                  7.52   slack (MET)


Startpoint: reset (input port clocked by clk)
Endpoint: _297_ (recovery check against rising-edge clock clk)
Path Group: asynchronous
Path Type: max

Fanout     Cap    Slew   Delay    Time   Description
-----------------------------------------------------------------------------
                  0.15    0.00    0.00   clock clk (rise edge)
                          0.00    0.00   clock network delay (ideal)
                          2.00    2.00 v input external delay
                  0.07    0.05    2.05 v reset (in)
     7    0.03                           reset (net)
                  0.07    0.00    2.05 v _259_/A (sky130_fd_sc_hd__buf_1)
                  0.29    0.31    2.36 v _259_/X (sky130_fd_sc_hd__buf_1)
    10    0.05                           _143_ (net)
                  0.29    0.00    2.36 v _261_/A (sky130_fd_sc_hd__inv_2)
                  0.07    0.11    2.47 ^ _261_/Y (sky130_fd_sc_hd__inv_2)
     1    0.00                           _038_ (net)
                  0.07    0.00    2.47 ^ _297_/RESET_B (sky130_fd_sc_hd__dfrtp_2)
                                  2.47   data arrival time

                  0.15   10.00   10.00   clock clk (rise edge)
                          0.00   10.00   clock network delay (ideal)
                         -0.25    9.75   clock uncertainty
                          0.00    9.75   clock reconvergence pessimism
                                  9.75 ^ _297_/CLK (sky130_fd_sc_hd__dfrtp_2)
                          0.24    9.99   library recovery time
                                  9.99   data required time
-----------------------------------------------------------------------------
                                  9.99   data required time
                                 -2.47   data arrival time
-----------------------------------------------------------------------------
                                  7.52   slack (MET)


Startpoint: reset (input port clocked by clk)
Endpoint: _303_ (recovery check against rising-edge clock clk)
Path Group: asynchronous
Path Type: max

Fanout     Cap    Slew   Delay    Time   Description
-----------------------------------------------------------------------------
                  0.15    0.00    0.00   clock clk (rise edge)
                          0.00    0.00   clock network delay (ideal)
                          2.00    2.00 v input external delay
                  0.07    0.05    2.05 v reset (in)
     7    0.03                           reset (net)
                  0.07    0.00    2.05 v _259_/A (sky130_fd_sc_hd__buf_1)
                  0.29    0.31    2.36 v _259_/X (sky130_fd_sc_hd__buf_1)
    10    0.05                           _143_ (net)
                  0.29    0.00    2.36 v _267_/A (sky130_fd_sc_hd__inv_2)
                  0.07    0.11    2.47 ^ _267_/Y (sky130_fd_sc_hd__inv_2)
     1    0.00                           _044_ (net)
                  0.07    0.00    2.47 ^ _303_/RESET_B (sky130_fd_sc_hd__dfrtp_2)
                                  2.47   data arrival time

                  0.15   10.00   10.00   clock clk (rise edge)
                          0.00   10.00   clock network delay (ideal)
                         -0.25    9.75   clock uncertainty
                          0.00    9.75   clock reconvergence pessimism
                                  9.75 ^ _303_/CLK (sky130_fd_sc_hd__dfrtp_2)
                          0.24    9.99   library recovery time
                                  9.99   data required time
-----------------------------------------------------------------------------
                                  9.99   data required time
                                 -2.47   data arrival time
-----------------------------------------------------------------------------
                                  7.52   slack (MET)


Startpoint: reset (input port clocked by clk)
Endpoint: _299_ (recovery check against rising-edge clock clk)
Path Group: asynchronous
Path Type: max

Fanout     Cap    Slew   Delay    Time   Description
-----------------------------------------------------------------------------
                  0.15    0.00    0.00   clock clk (rise edge)
                          0.00    0.00   clock network delay (ideal)
                          2.00    2.00 v input external delay
                  0.07    0.05    2.05 v reset (in)
     7    0.03                           reset (net)
                  0.07    0.00    2.05 v _259_/A (sky130_fd_sc_hd__buf_1)
                  0.29    0.31    2.36 v _259_/X (sky130_fd_sc_hd__buf_1)
    10    0.05                           _143_ (net)
                  0.29    0.00    2.36 v _263_/A (sky130_fd_sc_hd__inv_2)
                  0.07    0.11    2.47 ^ _263_/Y (sky130_fd_sc_hd__inv_2)
     1    0.00                           _040_ (net)
                  0.07    0.00    2.47 ^ _299_/RESET_B (sky130_fd_sc_hd__dfrtp_2)
                                  2.47   data arrival time

                  0.15   10.00   10.00   clock clk (rise edge)
                          0.00   10.00   clock network delay (ideal)
                         -0.25    9.75   clock uncertainty
                          0.00    9.75   clock reconvergence pessimism
                                  9.75 ^ _299_/CLK (sky130_fd_sc_hd__dfrtp_2)
                          0.24    9.99   library recovery time
                                  9.99   data required time
-----------------------------------------------------------------------------
                                  9.99   data required time
                                 -2.47   data arrival time
-----------------------------------------------------------------------------
                                  7.52   slack (MET)


Startpoint: reset (input port clocked by clk)
Endpoint: _300_ (recovery check against rising-edge clock clk)
Path Group: asynchronous
Path Type: max

Fanout     Cap    Slew   Delay    Time   Description
-----------------------------------------------------------------------------
                  0.15    0.00    0.00   clock clk (rise edge)
                          0.00    0.00   clock network delay (ideal)
                          2.00    2.00 v input external delay
                  0.07    0.05    2.05 v reset (in)
     7    0.03                           reset (net)
                  0.07    0.00    2.05 v _259_/A (sky130_fd_sc_hd__buf_1)
                  0.29    0.31    2.36 v _259_/X (sky130_fd_sc_hd__buf_1)
    10    0.05                           _143_ (net)
                  0.29    0.00    2.36 v _264_/A (sky130_fd_sc_hd__inv_2)
                  0.07    0.11    2.47 ^ _264_/Y (sky130_fd_sc_hd__inv_2)
     1    0.00                           _041_ (net)
                  0.07    0.00    2.47 ^ _300_/RESET_B (sky130_fd_sc_hd__dfrtp_2)
                                  2.47   data arrival time

                  0.15   10.00   10.00   clock clk (rise edge)
                          0.00   10.00   clock network delay (ideal)
                         -0.25    9.75   clock uncertainty
                          0.00    9.75   clock reconvergence pessimism
                                  9.75 ^ _300_/CLK (sky130_fd_sc_hd__dfrtp_2)
                          0.24    9.99   library recovery time
                                  9.99   data required time
-----------------------------------------------------------------------------
                                  9.99   data required time
                                 -2.47   data arrival time
-----------------------------------------------------------------------------
                                  7.52   slack (MET)


Startpoint: reset (input port clocked by clk)
Endpoint: _298_ (recovery check against rising-edge clock clk)
Path Group: asynchronous
Path Type: max

Fanout     Cap    Slew   Delay    Time   Description
-----------------------------------------------------------------------------
                  0.15    0.00    0.00   clock clk (rise edge)
                          0.00    0.00   clock network delay (ideal)
                          2.00    2.00 v input external delay
                  0.07    0.05    2.05 v reset (in)
     7    0.03                           reset (net)
                  0.07    0.00    2.05 v _259_/A (sky130_fd_sc_hd__buf_1)
                  0.29    0.31    2.36 v _259_/X (sky130_fd_sc_hd__buf_1)
    10    0.05                           _143_ (net)
                  0.29    0.00    2.36 v _262_/A (sky130_fd_sc_hd__inv_2)
                  0.07    0.11    2.47 ^ _262_/Y (sky130_fd_sc_hd__inv_2)
     1    0.00                           _039_ (net)
                  0.07    0.00    2.47 ^ _298_/RESET_B (sky130_fd_sc_hd__dfrtp_2)
                                  2.47   data arrival time

                  0.15   10.00   10.00   clock clk (rise edge)
                          0.00   10.00   clock network delay (ideal)
                         -0.25    9.75   clock uncertainty
                          0.00    9.75   clock reconvergence pessimism
                                  9.75 ^ _298_/CLK (sky130_fd_sc_hd__dfrtp_2)
                          0.24    9.99   library recovery time
                                  9.99   data required time
-----------------------------------------------------------------------------
                                  9.99   data required time
                                 -2.47   data arrival time
-----------------------------------------------------------------------------
                                  7.52   slack (MET)


Startpoint: reset (input port clocked by clk)
Endpoint: _301_ (recovery check against rising-edge clock clk)
Path Group: asynchronous
Path Type: max

Fanout     Cap    Slew   Delay    Time   Description
-----------------------------------------------------------------------------
                  0.15    0.00    0.00   clock clk (rise edge)
                          0.00    0.00   clock network delay (ideal)
                          2.00    2.00 v input external delay
                  0.07    0.05    2.05 v reset (in)
     7    0.03                           reset (net)
                  0.07    0.00    2.05 v _259_/A (sky130_fd_sc_hd__buf_1)
                  0.29    0.31    2.36 v _259_/X (sky130_fd_sc_hd__buf_1)
    10    0.05                           _143_ (net)
                  0.29    0.00    2.36 v _265_/A (sky130_fd_sc_hd__inv_2)
                  0.07    0.11    2.47 ^ _265_/Y (sky130_fd_sc_hd__inv_2)
     1    0.00                           _042_ (net)
                  0.07    0.00    2.47 ^ _301_/RESET_B (sky130_fd_sc_hd__dfrtp_2)
                                  2.47   data arrival time

                  0.15   10.00   10.00   clock clk (rise edge)
                          0.00   10.00   clock network delay (ideal)
                         -0.25    9.75   clock uncertainty
                          0.00    9.75   clock reconvergence pessimism
                                  9.75 ^ _301_/CLK (sky130_fd_sc_hd__dfrtp_2)
                          0.24    9.99   library recovery time
                                  9.99   data required time
-----------------------------------------------------------------------------
                                  9.99   data required time
                                 -2.47   data arrival time
-----------------------------------------------------------------------------
                                  7.52   slack (MET)


Startpoint: _326_ (rising edge-triggered flip-flop clocked by clk)
Endpoint: _301_ (rising edge-triggered flip-flop clocked by clk)
Path Group: clk
Path Type: max

Fanout     Cap    Slew   Delay    Time   Description
-----------------------------------------------------------------------------
                  0.15    0.00    0.00   clock clk (rise edge)
                          0.00    0.00   clock network delay (ideal)
                  0.15    0.00    0.00 ^ _326_/CLK (sky130_fd_sc_hd__dfrtp_2)
                  0.07    0.48    0.48 v _326_/Q (sky130_fd_sc_hd__dfrtp_2)
     6    0.01                           baud_count[12] (net)
                  0.07    0.00    0.48 v _167_/B (sky130_fd_sc_hd__or4_2)
                  0.12    0.71    1.19 v _167_/X (sky130_fd_sc_hd__or4_2)
     2    0.01                           _077_ (net)
                  0.12    0.00    1.19 v _170_/B (sky130_fd_sc_hd__nor4_2)
                  0.43    0.48    1.67 ^ _170_/Y (sky130_fd_sc_hd__nor4_2)
     4    0.02                           _080_ (net)
                  0.43    0.00    1.67 ^ _171_/A1 (sky130_fd_sc_hd__mux2_2)
                  0.12    0.33    2.00 ^ _171_/X (sky130_fd_sc_hd__mux2_2)
     5    0.02                           _081_ (net)
                  0.12    0.00    2.00 ^ _180_/A2 (sky130_fd_sc_hd__a21oi_2)
                  0.06    0.07    2.08 v _180_/Y (sky130_fd_sc_hd__a21oi_2)
     1    0.00                           _088_ (net)
                  0.06    0.00    2.08 v _181_/B1 (sky130_fd_sc_hd__a21oi_2)
                  0.07    0.10    2.17 ^ _181_/Y (sky130_fd_sc_hd__a21oi_2)
     1    0.00                           _055_ (net)
                  0.07    0.00    2.17 ^ _301_/D (sky130_fd_sc_hd__dfrtp_2)
                                  2.17   data arrival time

                  0.15   10.00   10.00   clock clk (rise edge)
                          0.00   10.00   clock network delay (ideal)
                         -0.25    9.75   clock uncertainty
                          0.00    9.75   clock reconvergence pessimism
                                  9.75 ^ _301_/CLK (sky130_fd_sc_hd__dfrtp_2)
                         -0.05    9.70   library setup time
                                  9.70   data required time
-----------------------------------------------------------------------------
                                  9.70   data required time
                                 -2.17   data arrival time
-----------------------------------------------------------------------------
                                  7.52   slack (MET)


Startpoint: _326_ (rising edge-triggered flip-flop clocked by clk)
Endpoint: _300_ (rising edge-triggered flip-flop clocked by clk)
Path Group: clk
Path Type: max

Fanout     Cap    Slew   Delay    Time   Description
-----------------------------------------------------------------------------
                  0.15    0.00    0.00   clock clk (rise edge)
                          0.00    0.00   clock network delay (ideal)
                  0.15    0.00    0.00 ^ _326_/CLK (sky130_fd_sc_hd__dfrtp_2)
                  0.07    0.48    0.48 v _326_/Q (sky130_fd_sc_hd__dfrtp_2)
     6    0.01                           baud_count[12] (net)
                  0.07    0.00    0.48 v _167_/B (sky130_fd_sc_hd__or4_2)
                  0.12    0.71    1.19 v _167_/X (sky130_fd_sc_hd__or4_2)
     2    0.01                           _077_ (net)
                  0.12    0.00    1.19 v _170_/B (sky130_fd_sc_hd__nor4_2)
                  0.43    0.48    1.67 ^ _170_/Y (sky130_fd_sc_hd__nor4_2)
     4    0.02                           _080_ (net)
                  0.43    0.00    1.67 ^ _171_/A1 (sky130_fd_sc_hd__mux2_2)
                  0.12    0.33    2.00 ^ _171_/X (sky130_fd_sc_hd__mux2_2)
     5    0.02                           _081_ (net)
                  0.12    0.00    2.00 ^ _183_/A2 (sky130_fd_sc_hd__a21oi_2)
                  0.05    0.07    2.07 v _183_/Y (sky130_fd_sc_hd__a21oi_2)
     1    0.00                           _054_ (net)
                  0.05    0.00    2.07 v _300_/D (sky130_fd_sc_hd__dfrtp_2)
                                  2.07   data arrival time

                  0.15   10.00   10.00   clock clk (rise edge)
                          0.00   10.00   clock network delay (ideal)
                         -0.25    9.75   clock uncertainty
                          0.00    9.75   clock reconvergence pessimism
                                  9.75 ^ _300_/CLK (sky130_fd_sc_hd__dfrtp_2)
                         -0.09    9.66   library setup time
                                  9.66   data required time
-----------------------------------------------------------------------------
                                  9.66   data required time
                                 -2.07   data arrival time
-----------------------------------------------------------------------------
                                  7.59   slack (MET)


Startpoint: _314_ (rising edge-triggered flip-flop clocked by clk)
Endpoint: _324_ (rising edge-triggered flip-flop clocked by clk)
Path Group: clk
Path Type: max

Fanout     Cap    Slew   Delay    Time   Description
-----------------------------------------------------------------------------
                  0.15    0.00    0.00   clock clk (rise edge)
                          0.00    0.00   clock network delay (ideal)
                  0.15    0.00    0.00 ^ _314_/CLK (sky130_fd_sc_hd__dfrtp_2)
                  0.13    0.48    0.48 ^ _314_/Q (sky130_fd_sc_hd__dfrtp_2)
     8    0.02                           baud_count[0] (net)
                  0.13    0.00    0.48 ^ _207_/B (sky130_fd_sc_hd__and4_2)
                  0.13    0.32    0.80 ^ _207_/X (sky130_fd_sc_hd__and4_2)
     7    0.02                           _105_ (net)
                  0.13    0.00    0.80 ^ _220_/A (sky130_fd_sc_hd__and3_2)
                  0.12    0.27    1.07 ^ _220_/X (sky130_fd_sc_hd__and3_2)
     5    0.02                           _115_ (net)
                  0.12    0.00    1.07 ^ _227_/C (sky130_fd_sc_hd__nand3_2)
                  0.09    0.13    1.19 v _227_/Y (sky130_fd_sc_hd__nand3_2)
     4    0.01                           _120_ (net)
                  0.09    0.00    1.19 v _231_/B (sky130_fd_sc_hd__or2_2)
                  0.05    0.29    1.48 v _231_/X (sky130_fd_sc_hd__or2_2)
     1    0.00                           _123_ (net)
                  0.05    0.00    1.48 v _232_/C (sky130_fd_sc_hd__and3_2)
                  0.04    0.21    1.69 v _232_/X (sky130_fd_sc_hd__and3_2)
     1    0.00                           _124_ (net)
                  0.04    0.00    1.69 v _233_/A (sky130_fd_sc_hd__buf_1)
                  0.02    0.08    1.78 v _233_/X (sky130_fd_sc_hd__buf_1)
     1    0.00                           _001_ (net)
                  0.02    0.00    1.78 v _324_/D (sky130_fd_sc_hd__dfrtp_2)
                                  1.78   data arrival time

                  0.15   10.00   10.00   clock clk (rise edge)
                          0.00   10.00   clock network delay (ideal)
                         -0.25    9.75   clock uncertainty
                          0.00    9.75   clock reconvergence pessimism
                                  9.75 ^ _324_/CLK (sky130_fd_sc_hd__dfrtp_2)
                         -0.08    9.67   library setup time
                                  9.67   data required time
-----------------------------------------------------------------------------
                                  9.67   data required time
                                 -1.78   data arrival time
-----------------------------------------------------------------------------
                                  7.89   slack (MET)


Startpoint: reset (input port clocked by clk)
Endpoint: _327_ (recovery check against rising-edge clock clk)
Path Group: asynchronous
Path Type: max

Fanout     Cap    Slew   Delay    Time   Description
-----------------------------------------------------------------------------
                  0.15    0.00    0.00   clock clk (rise edge)
                          0.00    0.00   clock network delay (ideal)
                          2.00    2.00 v input external delay
                  0.07    0.05    2.05 v reset (in)
     7    0.03                           reset (net)
                  0.07    0.00    2.05 v _293_/A (sky130_fd_sc_hd__inv_2)
                  0.03    0.05    2.10 ^ _293_/Y (sky130_fd_sc_hd__inv_2)
     1    0.00                           _034_ (net)
                  0.03    0.00    2.10 ^ _327_/RESET_B (sky130_fd_sc_hd__dfrtp_2)
                                  2.10   data arrival time

                  0.15   10.00   10.00   clock clk (rise edge)
                          0.00   10.00   clock network delay (ideal)
                         -0.25    9.75   clock uncertainty
                          0.00    9.75   clock reconvergence pessimism
                                  9.75 ^ _327_/CLK (sky130_fd_sc_hd__dfrtp_2)
                          0.26   10.01   library recovery time
                                 10.01   data required time
-----------------------------------------------------------------------------
                                 10.01   data required time
                                 -2.10   data arrival time
-----------------------------------------------------------------------------
                                  7.90   slack (MET)


Startpoint: reset (input port clocked by clk)
Endpoint: _326_ (recovery check against rising-edge clock clk)
Path Group: asynchronous
Path Type: max

Fanout     Cap    Slew   Delay    Time   Description
-----------------------------------------------------------------------------
                  0.15    0.00    0.00   clock clk (rise edge)
                          0.00    0.00   clock network delay (ideal)
                          2.00    2.00 v input external delay
                  0.07    0.05    2.05 v reset (in)
     7    0.03                           reset (net)
                  0.07    0.00    2.05 v _292_/A (sky130_fd_sc_hd__inv_2)
                  0.03    0.05    2.10 ^ _292_/Y (sky130_fd_sc_hd__inv_2)
     1    0.00                           _033_ (net)
                  0.03    0.00    2.10 ^ _326_/RESET_B (sky130_fd_sc_hd__dfrtp_2)
                                  2.10   data arrival time

                  0.15   10.00   10.00   clock clk (rise edge)
                          0.00   10.00   clock network delay (ideal)
                         -0.25    9.75   clock uncertainty
                          0.00    9.75   clock reconvergence pessimism
                                  9.75 ^ _326_/CLK (sky130_fd_sc_hd__dfrtp_2)
                          0.26   10.01   library recovery time
                                 10.01   data required time
-----------------------------------------------------------------------------
                                 10.01   data required time
                                 -2.10   data arrival time
-----------------------------------------------------------------------------
                                  7.90   slack (MET)


Startpoint: reset (input port clocked by clk)
Endpoint: _329_ (recovery check against rising-edge clock clk)
Path Group: asynchronous
Path Type: max

Fanout     Cap    Slew   Delay    Time   Description
-----------------------------------------------------------------------------
                  0.15    0.00    0.00   clock clk (rise edge)
                          0.00    0.00   clock network delay (ideal)
                          2.00    2.00 v input external delay
                  0.07    0.05    2.05 v reset (in)
     7    0.03                           reset (net)
                  0.07    0.00    2.05 v _295_/A (sky130_fd_sc_hd__inv_2)
                  0.03    0.05    2.10 ^ _295_/Y (sky130_fd_sc_hd__inv_2)
     1    0.00                           _036_ (net)
                  0.03    0.00    2.10 ^ _329_/RESET_B (sky130_fd_sc_hd__dfrtp_2)
                                  2.10   data arrival time

                  0.15   10.00   10.00   clock clk (rise edge)
                          0.00   10.00   clock network delay (ideal)
                         -0.25    9.75   clock uncertainty
                          0.00    9.75   clock reconvergence pessimism
                                  9.75 ^ _329_/CLK (sky130_fd_sc_hd__dfrtp_2)
                          0.26   10.01   library recovery time
                                 10.01   data required time
-----------------------------------------------------------------------------
                                 10.01   data required time
                                 -2.10   data arrival time
-----------------------------------------------------------------------------
                                  7.90   slack (MET)


Startpoint: reset (input port clocked by clk)
Endpoint: _328_ (recovery check against rising-edge clock clk)
Path Group: asynchronous
Path Type: max

Fanout     Cap    Slew   Delay    Time   Description
-----------------------------------------------------------------------------
                  0.15    0.00    0.00   clock clk (rise edge)
                          0.00    0.00   clock network delay (ideal)
                          2.00    2.00 v input external delay
                  0.07    0.05    2.05 v reset (in)
     7    0.03                           reset (net)
                  0.07    0.00    2.05 v _294_/A (sky130_fd_sc_hd__inv_2)
                  0.03    0.05    2.10 ^ _294_/Y (sky130_fd_sc_hd__inv_2)
     1    0.00                           _035_ (net)
                  0.03    0.00    2.10 ^ _328_/RESET_B (sky130_fd_sc_hd__dfrtp_2)
                                  2.10   data arrival time

                  0.15   10.00   10.00   clock clk (rise edge)
                          0.00   10.00   clock network delay (ideal)
                         -0.25    9.75   clock uncertainty
                          0.00    9.75   clock reconvergence pessimism
                                  9.75 ^ _328_/CLK (sky130_fd_sc_hd__dfrtp_2)
                          0.26   10.01   library recovery time
                                 10.01   data required time
-----------------------------------------------------------------------------
                                 10.01   data required time
                                 -2.10   data arrival time
-----------------------------------------------------------------------------
                                  7.90   slack (MET)


Startpoint: _300_ (rising edge-triggered flip-flop clocked by clk)
Endpoint: _304_ (rising edge-triggered flip-flop clocked by clk)
Path Group: clk
Path Type: max

Fanout     Cap    Slew   Delay    Time   Description
-----------------------------------------------------------------------------
                  0.15    0.00    0.00   clock clk (rise edge)
                          0.00    0.00   clock network delay (ideal)
                  0.15    0.00    0.00 ^ _300_/CLK (sky130_fd_sc_hd__dfrtp_2)
                  0.19    0.53    0.53 ^ _300_/Q (sky130_fd_sc_hd__dfrtp_2)
     8    0.04                           bit_index[0] (net)
                  0.19    0.00    0.53 ^ _256_/S0 (sky130_fd_sc_hd__mux4_2)
                  0.08    0.54    1.07 v _256_/X (sky130_fd_sc_hd__mux4_2)
     1    0.00                           _141_ (net)
                  0.08    0.00    1.07 v _257_/A (sky130_fd_sc_hd__or2b_2)
                  0.06    0.32    1.38 v _257_/X (sky130_fd_sc_hd__or2b_2)
     1    0.00                           _142_ (net)
                  0.06    0.00    1.38 v _258_/A3 (sky130_fd_sc_hd__a311o_2)
                  0.06    0.41    1.79 v _258_/X (sky130_fd_sc_hd__a311o_2)
     1    0.00                           _147_ (net)
                  0.06    0.00    1.79 v _304_/D (sky130_fd_sc_hd__dfstp_2)
                                  1.79   data arrival time

                  0.15   10.00   10.00   clock clk (rise edge)
                          0.00   10.00   clock network delay (ideal)
                         -0.25    9.75   clock uncertainty
                          0.00    9.75   clock reconvergence pessimism
                                  9.75 ^ _304_/CLK (sky130_fd_sc_hd__dfstp_2)
                         -0.05    9.70   library setup time
                                  9.70   data required time
-----------------------------------------------------------------------------
                                  9.70   data required time
                                 -1.79   data arrival time
-----------------------------------------------------------------------------
                                  7.91   slack (MET)


Startpoint: _314_ (rising edge-triggered flip-flop clocked by clk)
Endpoint: _327_ (rising edge-triggered flip-flop clocked by clk)
Path Group: clk
Path Type: max

Fanout     Cap    Slew   Delay    Time   Description
-----------------------------------------------------------------------------
                  0.15    0.00    0.00   clock clk (rise edge)
                          0.00    0.00   clock network delay (ideal)
                  0.15    0.00    0.00 ^ _314_/CLK (sky130_fd_sc_hd__dfrtp_2)
                  0.13    0.48    0.48 ^ _314_/Q (sky130_fd_sc_hd__dfrtp_2)
     8    0.02                           baud_count[0] (net)
                  0.13    0.00    0.48 ^ _207_/B (sky130_fd_sc_hd__and4_2)
                  0.13    0.32    0.80 ^ _207_/X (sky130_fd_sc_hd__and4_2)
     7    0.02                           _105_ (net)
                  0.13    0.00    0.80 ^ _236_/A (sky130_fd_sc_hd__and4_2)
                  0.13    0.31    1.11 ^ _236_/X (sky130_fd_sc_hd__and4_2)
     6    0.02                           _127_ (net)
                  0.13    0.00    1.11 ^ _242_/C (sky130_fd_sc_hd__and3_2)
                  0.09    0.25    1.36 ^ _242_/X (sky130_fd_sc_hd__and3_2)
     3    0.01                           _131_ (net)
                  0.09    0.00    1.36 ^ _243_/A (sky130_fd_sc_hd__inv_2)
                  0.02    0.03    1.39 v _243_/Y (sky130_fd_sc_hd__inv_2)
     1    0.00                           _132_ (net)
                  0.02    0.00    1.39 v _244_/C (sky130_fd_sc_hd__and3_2)
                  0.04    0.20    1.59 v _244_/X (sky130_fd_sc_hd__and3_2)
     1    0.00                           _133_ (net)
                  0.04    0.00    1.59 v _245_/A (sky130_fd_sc_hd__buf_1)
                  0.02    0.08    1.67 v _245_/X (sky130_fd_sc_hd__buf_1)
     1    0.00                           _004_ (net)
                  0.02    0.00    1.67 v _327_/D (sky130_fd_sc_hd__dfrtp_2)
                                  1.67   data arrival time

                  0.15   10.00   10.00   clock clk (rise edge)
                          0.00   10.00   clock network delay (ideal)
                         -0.25    9.75   clock uncertainty
                          0.00    9.75   clock reconvergence pessimism
                                  9.75 ^ _327_/CLK (sky130_fd_sc_hd__dfrtp_2)
                         -0.08    9.67   library setup time
                                  9.67   data required time
-----------------------------------------------------------------------------
                                  9.67   data required time
                                 -1.67   data arrival time
-----------------------------------------------------------------------------
                                  8.00   slack (MET)


Startpoint: _297_ (rising edge-triggered flip-flop clocked by clk)
Endpoint: _314_ (rising edge-triggered flip-flop clocked by clk)
Path Group: clk
Path Type: max

Fanout     Cap    Slew   Delay    Time   Description
-----------------------------------------------------------------------------
                  0.15    0.00    0.00   clock clk (rise edge)
                          0.00    0.00   clock network delay (ideal)
                  0.15    0.00    0.00 ^ _297_/CLK (sky130_fd_sc_hd__dfrtp_2)
                  0.09    0.51    0.51 v _297_/Q (sky130_fd_sc_hd__dfrtp_2)
     8    0.02                           state[1] (net)
                  0.09    0.00    0.51 v _192_/B (sky130_fd_sc_hd__or3_2)
                  0.12    0.56    1.07 v _192_/X (sky130_fd_sc_hd__or3_2)
     7    0.02                           _094_ (net)
                  0.12    0.00    1.07 v _193_/A (sky130_fd_sc_hd__buf_1)
                  0.16    0.24    1.31 v _193_/X (sky130_fd_sc_hd__buf_1)
    10    0.03                           _095_ (net)
                  0.16    0.00    1.31 v _194_/B (sky130_fd_sc_hd__and2b_2)
                  0.03    0.25    1.56 v _194_/X (sky130_fd_sc_hd__and2b_2)
     1    0.00                           _096_ (net)
                  0.03    0.00    1.56 v _195_/A (sky130_fd_sc_hd__buf_1)
                  0.02    0.08    1.64 v _195_/X (sky130_fd_sc_hd__buf_1)
     1    0.00                           _000_ (net)
                  0.02    0.00    1.64 v _314_/D (sky130_fd_sc_hd__dfrtp_2)
                                  1.64   data arrival time

                  0.15   10.00   10.00   clock clk (rise edge)
                          0.00   10.00   clock network delay (ideal)
                         -0.25    9.75   clock uncertainty
                          0.00    9.75   clock reconvergence pessimism
                                  9.75 ^ _314_/CLK (sky130_fd_sc_hd__dfrtp_2)
                         -0.08    9.67   library setup time
                                  9.67   data required time
-----------------------------------------------------------------------------
                                  9.67   data required time
                                 -1.64   data arrival time
-----------------------------------------------------------------------------
                                  8.03   slack (MET)


Startpoint: _297_ (rising edge-triggered flip-flop clocked by clk)
Endpoint: _328_ (rising edge-triggered flip-flop clocked by clk)
Path Group: clk
Path Type: max

Fanout     Cap    Slew   Delay    Time   Description
-----------------------------------------------------------------------------
                  0.15    0.00    0.00   clock clk (rise edge)
                          0.00    0.00   clock network delay (ideal)
                  0.15    0.00    0.00 ^ _297_/CLK (sky130_fd_sc_hd__dfrtp_2)
                  0.09    0.51    0.51 v _297_/Q (sky130_fd_sc_hd__dfrtp_2)
     8    0.02                           state[1] (net)
                  0.09    0.00    0.51 v _192_/B (sky130_fd_sc_hd__or3_2)
                  0.12    0.56    1.07 v _192_/X (sky130_fd_sc_hd__or3_2)
     7    0.02                           _094_ (net)
                  0.12    0.00    1.07 v _193_/A (sky130_fd_sc_hd__buf_1)
                  0.16    0.24    1.31 v _193_/X (sky130_fd_sc_hd__buf_1)
    10    0.03                           _095_ (net)
                  0.16    0.00    1.31 v _246_/B1_N (sky130_fd_sc_hd__a21boi_2)
                  0.04    0.21    1.51 v _246_/Y (sky130_fd_sc_hd__a21boi_2)
     1    0.00                           _134_ (net)
                  0.04    0.00    1.51 v _247_/B1 (sky130_fd_sc_hd__o21a_2)
                  0.03    0.11    1.62 v _247_/X (sky130_fd_sc_hd__o21a_2)
     1    0.00                           _005_ (net)
                  0.03    0.00    1.62 v _328_/D (sky130_fd_sc_hd__dfrtp_2)
                                  1.62   data arrival time

                  0.15   10.00   10.00   clock clk (rise edge)
                          0.00   10.00   clock network delay (ideal)
                         -0.25    9.75   clock uncertainty
                          0.00    9.75   clock reconvergence pessimism
                                  9.75 ^ _328_/CLK (sky130_fd_sc_hd__dfrtp_2)
                         -0.09    9.66   library setup time
                                  9.66   data required time
-----------------------------------------------------------------------------
                                  9.66   data required time
                                 -1.62   data arrival time
-----------------------------------------------------------------------------
                                  8.04   slack (MET)


Startpoint: _297_ (rising edge-triggered flip-flop clocked by clk)
Endpoint: _320_ (rising edge-triggered flip-flop clocked by clk)
Path Group: clk
Path Type: max

Fanout     Cap    Slew   Delay    Time   Description
-----------------------------------------------------------------------------
                  0.15    0.00    0.00   clock clk (rise edge)
                          0.00    0.00   clock network delay (ideal)
                  0.15    0.00    0.00 ^ _297_/CLK (sky130_fd_sc_hd__dfrtp_2)
                  0.09    0.51    0.51 v _297_/Q (sky130_fd_sc_hd__dfrtp_2)
     8    0.02                           state[1] (net)
                  0.09    0.00    0.51 v _192_/B (sky130_fd_sc_hd__or3_2)
                  0.12    0.56    1.07 v _192_/X (sky130_fd_sc_hd__or3_2)
     7    0.02                           _094_ (net)
                  0.12    0.00    1.07 v _193_/A (sky130_fd_sc_hd__buf_1)
                  0.16    0.24    1.31 v _193_/X (sky130_fd_sc_hd__buf_1)
    10    0.03                           _095_ (net)
                  0.16    0.00    1.31 v _216_/B1_N (sky130_fd_sc_hd__a21boi_2)
                  0.04    0.20    1.51 v _216_/Y (sky130_fd_sc_hd__a21boi_2)
     1    0.00                           _112_ (net)
                  0.04    0.00    1.51 v _217_/B1 (sky130_fd_sc_hd__o21a_2)
                  0.03    0.11    1.62 v _217_/X (sky130_fd_sc_hd__o21a_2)
     1    0.00                           _012_ (net)
                  0.03    0.00    1.62 v _320_/D (sky130_fd_sc_hd__dfrtp_2)
                                  1.62   data arrival time

                  0.15   10.00   10.00   clock clk (rise edge)
                          0.00   10.00   clock network delay (ideal)
                         -0.25    9.75   clock uncertainty
                          0.00    9.75   clock reconvergence pessimism
                                  9.75 ^ _320_/CLK (sky130_fd_sc_hd__dfrtp_2)
                         -0.09    9.66   library setup time
                                  9.66   data required time
-----------------------------------------------------------------------------
                                  9.66   data required time
                                 -1.62   data arrival time
-----------------------------------------------------------------------------
                                  8.04   slack (MET)


Startpoint: _297_ (rising edge-triggered flip-flop clocked by clk)
Endpoint: _326_ (rising edge-triggered flip-flop clocked by clk)
Path Group: clk
Path Type: max

Fanout     Cap    Slew   Delay    Time   Description
-----------------------------------------------------------------------------
                  0.15    0.00    0.00   clock clk (rise edge)
                          0.00    0.00   clock network delay (ideal)
                  0.15    0.00    0.00 ^ _297_/CLK (sky130_fd_sc_hd__dfrtp_2)
                  0.09    0.51    0.51 v _297_/Q (sky130_fd_sc_hd__dfrtp_2)
     8    0.02                           state[1] (net)
                  0.09    0.00    0.51 v _192_/B (sky130_fd_sc_hd__or3_2)
                  0.12    0.56    1.07 v _192_/X (sky130_fd_sc_hd__or3_2)
     7    0.02                           _094_ (net)
                  0.12    0.00    1.07 v _193_/A (sky130_fd_sc_hd__buf_1)
                  0.16    0.24    1.31 v _193_/X (sky130_fd_sc_hd__buf_1)
    10    0.03                           _095_ (net)
                  0.16    0.00    1.31 v _239_/B1_N (sky130_fd_sc_hd__a21boi_2)
                  0.04    0.21    1.51 v _239_/Y (sky130_fd_sc_hd__a21boi_2)
     1    0.00                           _129_ (net)
                  0.04    0.00    1.51 v _240_/B1 (sky130_fd_sc_hd__o21a_2)
                  0.03    0.11    1.62 v _240_/X (sky130_fd_sc_hd__o21a_2)
     1    0.00                           _003_ (net)
                  0.03    0.00    1.62 v _326_/D (sky130_fd_sc_hd__dfrtp_2)
                                  1.62   data arrival time

                  0.15   10.00   10.00   clock clk (rise edge)
                          0.00   10.00   clock network delay (ideal)
                         -0.25    9.75   clock uncertainty
                          0.00    9.75   clock reconvergence pessimism
                                  9.75 ^ _326_/CLK (sky130_fd_sc_hd__dfrtp_2)
                         -0.09    9.66   library setup time
                                  9.66   data required time
-----------------------------------------------------------------------------
                                  9.66   data required time
                                 -1.62   data arrival time
-----------------------------------------------------------------------------
                                  8.04   slack (MET)


Startpoint: _297_ (rising edge-triggered flip-flop clocked by clk)
Endpoint: _322_ (rising edge-triggered flip-flop clocked by clk)
Path Group: clk
Path Type: max

Fanout     Cap    Slew   Delay    Time   Description
-----------------------------------------------------------------------------
                  0.15    0.00    0.00   clock clk (rise edge)
                          0.00    0.00   clock network delay (ideal)
                  0.15    0.00    0.00 ^ _297_/CLK (sky130_fd_sc_hd__dfrtp_2)
                  0.09    0.51    0.51 v _297_/Q (sky130_fd_sc_hd__dfrtp_2)
     8    0.02                           state[1] (net)
                  0.09    0.00    0.51 v _192_/B (sky130_fd_sc_hd__or3_2)
                  0.12    0.56    1.07 v _192_/X (sky130_fd_sc_hd__or3_2)
     7    0.02                           _094_ (net)
                  0.12    0.00    1.07 v _193_/A (sky130_fd_sc_hd__buf_1)
                  0.16    0.24    1.31 v _193_/X (sky130_fd_sc_hd__buf_1)
    10    0.03                           _095_ (net)
                  0.16    0.00    1.31 v _224_/B1_N (sky130_fd_sc_hd__a21boi_2)
                  0.04    0.21    1.51 v _224_/Y (sky130_fd_sc_hd__a21boi_2)
     1    0.00                           _118_ (net)
                  0.04    0.00    1.51 v _225_/B1 (sky130_fd_sc_hd__o21a_2)
                  0.03    0.11    1.62 v _225_/X (sky130_fd_sc_hd__o21a_2)
     1    0.00                           _014_ (net)
                  0.03    0.00    1.62 v _322_/D (sky130_fd_sc_hd__dfrtp_2)
                                  1.62   data arrival time

                  0.15   10.00   10.00   clock clk (rise edge)
                          0.00   10.00   clock network delay (ideal)
                         -0.25    9.75   clock uncertainty
                          0.00    9.75   clock reconvergence pessimism
                                  9.75 ^ _322_/CLK (sky130_fd_sc_hd__dfrtp_2)
                         -0.09    9.66   library setup time
                                  9.66   data required time
-----------------------------------------------------------------------------
                                  9.66   data required time
                                 -1.62   data arrival time
-----------------------------------------------------------------------------
                                  8.04   slack (MET)


Startpoint: _297_ (rising edge-triggered flip-flop clocked by clk)
Endpoint: _319_ (rising edge-triggered flip-flop clocked by clk)
Path Group: clk
Path Type: max

Fanout     Cap    Slew   Delay    Time   Description
-----------------------------------------------------------------------------
                  0.15    0.00    0.00   clock clk (rise edge)
                          0.00    0.00   clock network delay (ideal)
                  0.15    0.00    0.00 ^ _297_/CLK (sky130_fd_sc_hd__dfrtp_2)
                  0.09    0.51    0.51 v _297_/Q (sky130_fd_sc_hd__dfrtp_2)
     8    0.02                           state[1] (net)
                  0.09    0.00    0.51 v _192_/B (sky130_fd_sc_hd__or3_2)
                  0.12    0.56    1.07 v _192_/X (sky130_fd_sc_hd__or3_2)
     7    0.02                           _094_ (net)
                  0.12    0.00    1.07 v _193_/A (sky130_fd_sc_hd__buf_1)
                  0.16    0.24    1.31 v _193_/X (sky130_fd_sc_hd__buf_1)
    10    0.03                           _095_ (net)
                  0.16    0.00    1.31 v _214_/A (sky130_fd_sc_hd__and3_2)
                  0.04    0.23    1.54 v _214_/X (sky130_fd_sc_hd__and3_2)
     1    0.00                           _111_ (net)
                  0.04    0.00    1.54 v _215_/A (sky130_fd_sc_hd__buf_1)
                  0.02    0.08    1.62 v _215_/X (sky130_fd_sc_hd__buf_1)
     1    0.00                           _011_ (net)
                  0.02    0.00    1.62 v _319_/D (sky130_fd_sc_hd__dfrtp_2)
                                  1.62   data arrival time

                  0.15   10.00   10.00   clock clk (rise edge)
                          0.00   10.00   clock network delay (ideal)
                         -0.25    9.75   clock uncertainty
                          0.00    9.75   clock reconvergence pessimism
                                  9.75 ^ _319_/CLK (sky130_fd_sc_hd__dfrtp_2)
                         -0.08    9.67   library setup time
                                  9.67   data required time
-----------------------------------------------------------------------------
                                  9.67   data required time
                                 -1.62   data arrival time
-----------------------------------------------------------------------------
                                  8.05   slack (MET)


Startpoint: _297_ (rising edge-triggered flip-flop clocked by clk)
Endpoint: _321_ (rising edge-triggered flip-flop clocked by clk)
Path Group: clk
Path Type: max

Fanout     Cap    Slew   Delay    Time   Description
-----------------------------------------------------------------------------
                  0.15    0.00    0.00   clock clk (rise edge)
                          0.00    0.00   clock network delay (ideal)
                  0.15    0.00    0.00 ^ _297_/CLK (sky130_fd_sc_hd__dfrtp_2)
                  0.09    0.51    0.51 v _297_/Q (sky130_fd_sc_hd__dfrtp_2)
     8    0.02                           state[1] (net)
                  0.09    0.00    0.51 v _192_/B (sky130_fd_sc_hd__or3_2)
                  0.12    0.56    1.07 v _192_/X (sky130_fd_sc_hd__or3_2)
     7    0.02                           _094_ (net)
                  0.12    0.00    1.07 v _193_/A (sky130_fd_sc_hd__buf_1)
                  0.16    0.24    1.31 v _193_/X (sky130_fd_sc_hd__buf_1)
    10    0.03                           _095_ (net)
                  0.16    0.00    1.31 v _222_/A (sky130_fd_sc_hd__and3_2)
                  0.04    0.23    1.53 v _222_/X (sky130_fd_sc_hd__and3_2)
     1    0.00                           _117_ (net)
                  0.04    0.00    1.53 v _223_/A (sky130_fd_sc_hd__buf_1)
                  0.02    0.08    1.62 v _223_/X (sky130_fd_sc_hd__buf_1)
     1    0.00                           _013_ (net)
                  0.02    0.00    1.62 v _321_/D (sky130_fd_sc_hd__dfrtp_2)
                                  1.62   data arrival time

                  0.15   10.00   10.00   clock clk (rise edge)
                          0.00   10.00   clock network delay (ideal)
                         -0.25    9.75   clock uncertainty
                          0.00    9.75   clock reconvergence pessimism
                                  9.75 ^ _321_/CLK (sky130_fd_sc_hd__dfrtp_2)
                         -0.08    9.67   library setup time
                                  9.67   data required time
-----------------------------------------------------------------------------
                                  9.67   data required time
                                 -1.62   data arrival time
-----------------------------------------------------------------------------
                                  8.05   slack (MET)


Startpoint: _314_ (rising edge-triggered flip-flop clocked by clk)
Endpoint: _329_ (rising edge-triggered flip-flop clocked by clk)
Path Group: clk
Path Type: max

Fanout     Cap    Slew   Delay    Time   Description
-----------------------------------------------------------------------------
                  0.15    0.00    0.00   clock clk (rise edge)
                          0.00    0.00   clock network delay (ideal)
                  0.15    0.00    0.00 ^ _314_/CLK (sky130_fd_sc_hd__dfrtp_2)
                  0.13    0.48    0.48 ^ _314_/Q (sky130_fd_sc_hd__dfrtp_2)
     8    0.02                           baud_count[0] (net)
                  0.13    0.00    0.48 ^ _207_/B (sky130_fd_sc_hd__and4_2)
                  0.13    0.32    0.80 ^ _207_/X (sky130_fd_sc_hd__and4_2)
     7    0.02                           _105_ (net)
                  0.13    0.00    0.80 ^ _236_/A (sky130_fd_sc_hd__and4_2)
                  0.13    0.31    1.11 ^ _236_/X (sky130_fd_sc_hd__and4_2)
     6    0.02                           _127_ (net)
                  0.13    0.00    1.11 ^ _248_/D (sky130_fd_sc_hd__and4_2)
                  0.09    0.28    1.40 ^ _248_/X (sky130_fd_sc_hd__and4_2)
     2    0.01                           _135_ (net)
                  0.09    0.00    1.40 ^ _249_/A2 (sky130_fd_sc_hd__o21ai_2)
                  0.08    0.06    1.46 v _249_/Y (sky130_fd_sc_hd__o21ai_2)
     1    0.00                           _136_ (net)
                  0.08    0.00    1.46 v _250_/B1 (sky130_fd_sc_hd__a21oi_2)
                  0.08    0.11    1.56 ^ _250_/Y (sky130_fd_sc_hd__a21oi_2)
     1    0.00                           _006_ (net)
                  0.08    0.00    1.56 ^ _329_/D (sky130_fd_sc_hd__dfrtp_2)
                                  1.56   data arrival time

                  0.15   10.00   10.00   clock clk (rise edge)
                          0.00   10.00   clock network delay (ideal)
                         -0.25    9.75   clock uncertainty
                          0.00    9.75   clock reconvergence pessimism
                                  9.75 ^ _329_/CLK (sky130_fd_sc_hd__dfrtp_2)
                         -0.05    9.70   library setup time
                                  9.70   data required time
-----------------------------------------------------------------------------
                                  9.70   data required time
                                 -1.56   data arrival time
-----------------------------------------------------------------------------
                                  8.13   slack (MET)


Startpoint: _297_ (rising edge-triggered flip-flop clocked by clk)
Endpoint: _323_ (rising edge-triggered flip-flop clocked by clk)
Path Group: clk
Path Type: max

Fanout     Cap    Slew   Delay    Time   Description
-----------------------------------------------------------------------------
                  0.15    0.00    0.00   clock clk (rise edge)
                          0.00    0.00   clock network delay (ideal)
                  0.15    0.00    0.00 ^ _297_/CLK (sky130_fd_sc_hd__dfrtp_2)
                  0.09    0.51    0.51 v _297_/Q (sky130_fd_sc_hd__dfrtp_2)
     8    0.02                           state[1] (net)
                  0.09    0.00    0.51 v _192_/B (sky130_fd_sc_hd__or3_2)
                  0.12    0.56    1.07 v _192_/X (sky130_fd_sc_hd__or3_2)
     7    0.02                           _094_ (net)
                  0.12    0.00    1.07 v _193_/A (sky130_fd_sc_hd__buf_1)
                  0.16    0.24    1.31 v _193_/X (sky130_fd_sc_hd__buf_1)
    10    0.03                           _095_ (net)
                  0.16    0.00    1.31 v _228_/C1 (sky130_fd_sc_hd__o211a_2)
                  0.04    0.17    1.48 v _228_/X (sky130_fd_sc_hd__o211a_2)
     1    0.00                           _015_ (net)
                  0.04    0.00    1.48 v _323_/D (sky130_fd_sc_hd__dfrtp_2)
                                  1.48   data arrival time

                  0.15   10.00   10.00   clock clk (rise edge)
                          0.00   10.00   clock network delay (ideal)
                         -0.25    9.75   clock uncertainty
                          0.00    9.75   clock reconvergence pessimism
                                  9.75 ^ _323_/CLK (sky130_fd_sc_hd__dfrtp_2)
                         -0.09    9.66   library setup time
                                  9.66   data required time
-----------------------------------------------------------------------------
                                  9.66   data required time
                                 -1.48   data arrival time
-----------------------------------------------------------------------------
                                  8.18   slack (MET)


Startpoint: _297_ (rising edge-triggered flip-flop clocked by clk)
Endpoint: _325_ (rising edge-triggered flip-flop clocked by clk)
Path Group: clk
Path Type: max

Fanout     Cap    Slew   Delay    Time   Description
-----------------------------------------------------------------------------
                  0.15    0.00    0.00   clock clk (rise edge)
                          0.00    0.00   clock network delay (ideal)
                  0.15    0.00    0.00 ^ _297_/CLK (sky130_fd_sc_hd__dfrtp_2)
                  0.09    0.51    0.51 v _297_/Q (sky130_fd_sc_hd__dfrtp_2)
     8    0.02                           state[1] (net)
                  0.09    0.00    0.51 v _192_/B (sky130_fd_sc_hd__or3_2)
                  0.12    0.56    1.07 v _192_/X (sky130_fd_sc_hd__or3_2)
     7    0.02                           _094_ (net)
                  0.12    0.00    1.07 v _193_/A (sky130_fd_sc_hd__buf_1)
                  0.16    0.24    1.31 v _193_/X (sky130_fd_sc_hd__buf_1)
    10    0.03                           _095_ (net)
                  0.16    0.00    1.31 v _238_/C1 (sky130_fd_sc_hd__o211a_2)
                  0.04    0.17    1.47 v _238_/X (sky130_fd_sc_hd__o211a_2)
     1    0.00                           _002_ (net)
                  0.04    0.00    1.47 v _325_/D (sky130_fd_sc_hd__dfrtp_2)
                                  1.47   data arrival time

                  0.15   10.00   10.00   clock clk (rise edge)
                          0.00   10.00   clock network delay (ideal)
                         -0.25    9.75   clock uncertainty
                          0.00    9.75   clock reconvergence pessimism
                                  9.75 ^ _325_/CLK (sky130_fd_sc_hd__dfrtp_2)
                         -0.09    9.66   library setup time
                                  9.66   data required time
-----------------------------------------------------------------------------
                                  9.66   data required time
                                 -1.47   data arrival time
-----------------------------------------------------------------------------
                                  8.19   slack (MET)


Startpoint: _297_ (rising edge-triggered flip-flop clocked by clk)
Endpoint: _317_ (rising edge-triggered flip-flop clocked by clk)
Path Group: clk
Path Type: max

Fanout     Cap    Slew   Delay    Time   Description
-----------------------------------------------------------------------------
                  0.15    0.00    0.00   clock clk (rise edge)
                          0.00    0.00   clock network delay (ideal)
                  0.15    0.00    0.00 ^ _297_/CLK (sky130_fd_sc_hd__dfrtp_2)
                  0.09    0.51    0.51 v _297_/Q (sky130_fd_sc_hd__dfrtp_2)
     8    0.02                           state[1] (net)
                  0.09    0.00    0.51 v _192_/B (sky130_fd_sc_hd__or3_2)
                  0.12    0.56    1.07 v _192_/X (sky130_fd_sc_hd__or3_2)
     7    0.02                           _094_ (net)
                  0.12    0.00    1.07 v _205_/B (sky130_fd_sc_hd__and3_2)
                  0.04    0.23    1.30 v _205_/X (sky130_fd_sc_hd__and3_2)
     1    0.00                           _104_ (net)
                  0.04    0.00    1.30 v _206_/A (sky130_fd_sc_hd__buf_1)
                  0.02    0.08    1.38 v _206_/X (sky130_fd_sc_hd__buf_1)
     1    0.00                           _009_ (net)
                  0.02    0.00    1.38 v _317_/D (sky130_fd_sc_hd__dfrtp_2)
                                  1.38   data arrival time

                  0.15   10.00   10.00   clock clk (rise edge)
                          0.00   10.00   clock network delay (ideal)
                         -0.25    9.75   clock uncertainty
                          0.00    9.75   clock reconvergence pessimism
                                  9.75 ^ _317_/CLK (sky130_fd_sc_hd__dfrtp_2)
                         -0.08    9.67   library setup time
                                  9.67   data required time
-----------------------------------------------------------------------------
                                  9.67   data required time
                                 -1.38   data arrival time
-----------------------------------------------------------------------------
                                  8.28   slack (MET)


Startpoint: _297_ (rising edge-triggered flip-flop clocked by clk)
Endpoint: _316_ (rising edge-triggered flip-flop clocked by clk)
Path Group: clk
Path Type: max

Fanout     Cap    Slew   Delay    Time   Description
-----------------------------------------------------------------------------
                  0.15    0.00    0.00   clock clk (rise edge)
                          0.00    0.00   clock network delay (ideal)
                  0.15    0.00    0.00 ^ _297_/CLK (sky130_fd_sc_hd__dfrtp_2)
                  0.09    0.51    0.51 v _297_/Q (sky130_fd_sc_hd__dfrtp_2)
     8    0.02                           state[1] (net)
                  0.09    0.00    0.51 v _192_/B (sky130_fd_sc_hd__or3_2)
                  0.12    0.56    1.07 v _192_/X (sky130_fd_sc_hd__or3_2)
     7    0.02                           _094_ (net)
                  0.12    0.00    1.07 v _202_/B (sky130_fd_sc_hd__and3_2)
                  0.04    0.23    1.30 v _202_/X (sky130_fd_sc_hd__and3_2)
     1    0.00                           _102_ (net)
                  0.04    0.00    1.30 v _203_/A (sky130_fd_sc_hd__buf_1)
                  0.02    0.08    1.38 v _203_/X (sky130_fd_sc_hd__buf_1)
     1    0.00                           _008_ (net)
                  0.02    0.00    1.38 v _316_/D (sky130_fd_sc_hd__dfrtp_2)
                                  1.38   data arrival time

                  0.15   10.00   10.00   clock clk (rise edge)
                          0.00   10.00   clock network delay (ideal)
                         -0.25    9.75   clock uncertainty
                          0.00    9.75   clock reconvergence pessimism
                                  9.75 ^ _316_/CLK (sky130_fd_sc_hd__dfrtp_2)
                         -0.08    9.67   library setup time
                                  9.67   data required time
-----------------------------------------------------------------------------
                                  9.67   data required time
                                 -1.38   data arrival time
-----------------------------------------------------------------------------
                                  8.28   slack (MET)


Startpoint: _297_ (rising edge-triggered flip-flop clocked by clk)
Endpoint: _315_ (rising edge-triggered flip-flop clocked by clk)
Path Group: clk
Path Type: max

Fanout     Cap    Slew   Delay    Time   Description
-----------------------------------------------------------------------------
                  0.15    0.00    0.00   clock clk (rise edge)
                          0.00    0.00   clock network delay (ideal)
                  0.15    0.00    0.00 ^ _297_/CLK (sky130_fd_sc_hd__dfrtp_2)
                  0.09    0.51    0.51 v _297_/Q (sky130_fd_sc_hd__dfrtp_2)
     8    0.02                           state[1] (net)
                  0.09    0.00    0.51 v _192_/B (sky130_fd_sc_hd__or3_2)
                  0.12    0.56    1.07 v _192_/X (sky130_fd_sc_hd__or3_2)
     7    0.02                           _094_ (net)
                  0.12    0.00    1.07 v _198_/B (sky130_fd_sc_hd__and3_2)
                  0.04    0.23    1.30 v _198_/X (sky130_fd_sc_hd__and3_2)
     1    0.00                           _099_ (net)
                  0.04    0.00    1.30 v _199_/A (sky130_fd_sc_hd__buf_1)
                  0.02    0.08    1.38 v _199_/X (sky130_fd_sc_hd__buf_1)
     1    0.00                           _007_ (net)
                  0.02    0.00    1.38 v _315_/D (sky130_fd_sc_hd__dfrtp_2)
                                  1.38   data arrival time

                  0.15   10.00   10.00   clock clk (rise edge)
                          0.00   10.00   clock network delay (ideal)
                         -0.25    9.75   clock uncertainty
                          0.00    9.75   clock reconvergence pessimism
                                  9.75 ^ _315_/CLK (sky130_fd_sc_hd__dfrtp_2)
                         -0.08    9.67   library setup time
                                  9.67   data required time
-----------------------------------------------------------------------------
                                  9.67   data required time
                                 -1.38   data arrival time
-----------------------------------------------------------------------------
                                  8.29   slack (MET)



