
===========================================================================
report_checks -path_delay min (Hold)
============================================================================
======================= Fastest Corner ===================================

Startpoint: _322_ (rising edge-triggered flip-flop clocked by clk)
Endpoint: _322_ (rising edge-triggered flip-flop clocked by clk)
Path Group: clk
Path Type: min
Corner: Fastest

Fanout     Cap    Slew   Delay    Time   Description
-----------------------------------------------------------------------------
                          0.00    0.00   clock clk (rise edge)
                          0.00    0.00   clock source latency
                  0.06    0.04    0.04 ^ clk (in)
     1    0.02                           clk (net)
                  0.06    0.00    0.04 ^ clkbuf_0_clk/A (sky130_fd_sc_hd__clkbuf_16)
                  0.05    0.10    0.14 ^ clkbuf_0_clk/X (sky130_fd_sc_hd__clkbuf_16)
     4    0.04                           clknet_0_clk (net)
                  0.05    0.00    0.14 ^ clkbuf_2_0__f_clk/A (sky130_fd_sc_hd__clkbuf_16)
                  0.04    0.09    0.23 ^ clkbuf_2_0__f_clk/X (sky130_fd_sc_hd__clkbuf_16)
     9    0.03                           clknet_2_0__leaf_clk (net)
                  0.04    0.00    0.23 ^ _322_/CLK (sky130_fd_sc_hd__dfrtp_2)
                  0.07    0.24    0.47 ^ _322_/Q (sky130_fd_sc_hd__dfrtp_2)
     6    0.02                           baud_count[8] (net)
                  0.07    0.00    0.47 ^ _224_/A1 (sky130_fd_sc_hd__a21boi_1)
                  0.02    0.04    0.51 v _224_/Y (sky130_fd_sc_hd__a21boi_1)
     1    0.00                           _118_ (net)
                  0.02    0.00    0.51 v _225_/B1 (sky130_fd_sc_hd__o21a_1)
                  0.02    0.05    0.56 v _225_/X (sky130_fd_sc_hd__o21a_1)
     1    0.00                           _014_ (net)
                  0.02    0.00    0.56 v _322_/D (sky130_fd_sc_hd__dfrtp_2)
                                  0.56   data arrival time

                          0.00    0.00   clock clk (rise edge)
                          0.00    0.00   clock source latency
                  0.06    0.04    0.04 ^ clk (in)
     1    0.02                           clk (net)
                  0.06    0.00    0.04 ^ clkbuf_0_clk/A (sky130_fd_sc_hd__clkbuf_16)
                  0.05    0.11    0.16 ^ clkbuf_0_clk/X (sky130_fd_sc_hd__clkbuf_16)
     4    0.04                           clknet_0_clk (net)
                  0.05    0.00    0.16 ^ clkbuf_2_0__f_clk/A (sky130_fd_sc_hd__clkbuf_16)
                  0.04    0.10    0.26 ^ clkbuf_2_0__f_clk/X (sky130_fd_sc_hd__clkbuf_16)
     9    0.03                           clknet_2_0__leaf_clk (net)
                  0.04    0.00    0.26 ^ _322_/CLK (sky130_fd_sc_hd__dfrtp_2)
                          0.25    0.51   clock uncertainty
                         -0.02    0.48   clock reconvergence pessimism
                         -0.02    0.46   library hold time
                                  0.46   data required time
-----------------------------------------------------------------------------
                                  0.46   data required time
                                 -0.56   data arrival time
-----------------------------------------------------------------------------
                                  0.10   slack (MET)


Startpoint: _318_ (rising edge-triggered flip-flop clocked by clk)
Endpoint: _318_ (rising edge-triggered flip-flop clocked by clk)
Path Group: clk
Path Type: min
Corner: Fastest

Fanout     Cap    Slew   Delay    Time   Description
-----------------------------------------------------------------------------
                          0.00    0.00   clock clk (rise edge)
                          0.00    0.00   clock source latency
                  0.06    0.04    0.04 ^ clk (in)
     1    0.02                           clk (net)
                  0.06    0.00    0.04 ^ clkbuf_0_clk/A (sky130_fd_sc_hd__clkbuf_16)
                  0.05    0.10    0.14 ^ clkbuf_0_clk/X (sky130_fd_sc_hd__clkbuf_16)
     4    0.04                           clknet_0_clk (net)
                  0.05    0.00    0.14 ^ clkbuf_2_0__f_clk/A (sky130_fd_sc_hd__clkbuf_16)
                  0.04    0.09    0.23 ^ clkbuf_2_0__f_clk/X (sky130_fd_sc_hd__clkbuf_16)
     9    0.03                           clknet_2_0__leaf_clk (net)
                  0.04    0.00    0.23 ^ _318_/CLK (sky130_fd_sc_hd__dfrtp_1)
                  0.10    0.24    0.47 ^ _318_/Q (sky130_fd_sc_hd__dfrtp_1)
     5    0.01                           baud_count[4] (net)
                  0.10    0.00    0.47 ^ _208_/A1 (sky130_fd_sc_hd__a21boi_1)
                  0.02    0.04    0.51 v _208_/Y (sky130_fd_sc_hd__a21boi_1)
     1    0.00                           _106_ (net)
                  0.02    0.00    0.51 v _209_/C1 (sky130_fd_sc_hd__o211a_1)
                  0.02    0.06    0.57 v _209_/X (sky130_fd_sc_hd__o211a_1)
     1    0.00                           _010_ (net)
                  0.02    0.00    0.57 v _318_/D (sky130_fd_sc_hd__dfrtp_1)
                                  0.57   data arrival time

                          0.00    0.00   clock clk (rise edge)
                          0.00    0.00   clock source latency
                  0.06    0.04    0.04 ^ clk (in)
     1    0.02                           clk (net)
                  0.06    0.00    0.04 ^ clkbuf_0_clk/A (sky130_fd_sc_hd__clkbuf_16)
                  0.05    0.11    0.16 ^ clkbuf_0_clk/X (sky130_fd_sc_hd__clkbuf_16)
     4    0.04                           clknet_0_clk (net)
                  0.05    0.00    0.16 ^ clkbuf_2_0__f_clk/A (sky130_fd_sc_hd__clkbuf_16)
                  0.04    0.10    0.26 ^ clkbuf_2_0__f_clk/X (sky130_fd_sc_hd__clkbuf_16)
     9    0.03                           clknet_2_0__leaf_clk (net)
                  0.04    0.00    0.26 ^ _318_/CLK (sky130_fd_sc_hd__dfrtp_1)
                          0.25    0.51   clock uncertainty
                         -0.02    0.48   clock reconvergence pessimism
                         -0.03    0.46   library hold time
                                  0.46   data required time
-----------------------------------------------------------------------------
                                  0.46   data required time
                                 -0.57   data arrival time
-----------------------------------------------------------------------------
                                  0.11   slack (MET)


Startpoint: _297_ (rising edge-triggered flip-flop clocked by clk)
Endpoint: _297_ (rising edge-triggered flip-flop clocked by clk)
Path Group: clk
Path Type: min
Corner: Fastest

Fanout     Cap    Slew   Delay    Time   Description
-----------------------------------------------------------------------------
                          0.00    0.00   clock clk (rise edge)
                          0.00    0.00   clock source latency
                  0.06    0.04    0.04 ^ clk (in)
     1    0.02                           clk (net)
                  0.06    0.00    0.04 ^ clkbuf_0_clk/A (sky130_fd_sc_hd__clkbuf_16)
                  0.05    0.10    0.14 ^ clkbuf_0_clk/X (sky130_fd_sc_hd__clkbuf_16)
     4    0.04                           clknet_0_clk (net)
                  0.05    0.00    0.14 ^ clkbuf_2_2__f_clk/A (sky130_fd_sc_hd__clkbuf_16)
                  0.03    0.08    0.23 ^ clkbuf_2_2__f_clk/X (sky130_fd_sc_hd__clkbuf_16)
     6    0.02                           clknet_2_2__leaf_clk (net)
                  0.03    0.00    0.23 ^ _297_/CLK (sky130_fd_sc_hd__dfrtp_4)
                  0.08    0.27    0.50 ^ _297_/Q (sky130_fd_sc_hd__dfrtp_4)
     8    0.03                           state[1] (net)
                  0.08    0.00    0.50 ^ _189_/B2 (sky130_fd_sc_hd__a22o_1)
                  0.03    0.07    0.57 ^ _189_/X (sky130_fd_sc_hd__a22o_1)
     1    0.00                           _017_ (net)
                  0.03    0.00    0.57 ^ _297_/D (sky130_fd_sc_hd__dfrtp_4)
                                  0.57   data arrival time

                          0.00    0.00   clock clk (rise edge)
                          0.00    0.00   clock source latency
                  0.06    0.04    0.04 ^ clk (in)
     1    0.02                           clk (net)
                  0.06    0.00    0.04 ^ clkbuf_0_clk/A (sky130_fd_sc_hd__clkbuf_16)
                  0.05    0.11    0.16 ^ clkbuf_0_clk/X (sky130_fd_sc_hd__clkbuf_16)
     4    0.04                           clknet_0_clk (net)
                  0.05    0.00    0.16 ^ clkbuf_2_2__f_clk/A (sky130_fd_sc_hd__clkbuf_16)
                  0.03    0.09    0.25 ^ clkbuf_2_2__f_clk/X (sky130_fd_sc_hd__clkbuf_16)
     6    0.02                           clknet_2_2__leaf_clk (net)
                  0.03    0.00    0.25 ^ _297_/CLK (sky130_fd_sc_hd__dfrtp_4)
                          0.25    0.50   clock uncertainty
                         -0.02    0.48   clock reconvergence pessimism
                         -0.02    0.46   library hold time
                                  0.46   data required time
-----------------------------------------------------------------------------
                                  0.46   data required time
                                 -0.57   data arrival time
-----------------------------------------------------------------------------
                                  0.12   slack (MET)


Startpoint: _297_ (rising edge-triggered flip-flop clocked by clk)
Endpoint: _300_ (rising edge-triggered flip-flop clocked by clk)
Path Group: clk
Path Type: min
Corner: Fastest

Fanout     Cap    Slew   Delay    Time   Description
-----------------------------------------------------------------------------
                          0.00    0.00   clock clk (rise edge)
                          0.00    0.00   clock source latency
                  0.06    0.04    0.04 ^ clk (in)
     1    0.02                           clk (net)
                  0.06    0.00    0.04 ^ clkbuf_0_clk/A (sky130_fd_sc_hd__clkbuf_16)
                  0.05    0.10    0.14 ^ clkbuf_0_clk/X (sky130_fd_sc_hd__clkbuf_16)
     4    0.04                           clknet_0_clk (net)
                  0.05    0.00    0.14 ^ clkbuf_2_2__f_clk/A (sky130_fd_sc_hd__clkbuf_16)
                  0.03    0.08    0.23 ^ clkbuf_2_2__f_clk/X (sky130_fd_sc_hd__clkbuf_16)
     6    0.02                           clknet_2_2__leaf_clk (net)
                  0.03    0.00    0.23 ^ _297_/CLK (sky130_fd_sc_hd__dfrtp_4)
                  0.08    0.27    0.50 ^ _297_/Q (sky130_fd_sc_hd__dfrtp_4)
     8    0.03                           state[1] (net)
                  0.08    0.00    0.50 ^ _182_/A1 (sky130_fd_sc_hd__a21oi_1)
                  0.03    0.04    0.54 v _182_/Y (sky130_fd_sc_hd__a21oi_1)
     1    0.00                           _089_ (net)
                  0.03    0.00    0.54 v _183_/B1 (sky130_fd_sc_hd__a21oi_1)
                  0.05    0.05    0.59 ^ _183_/Y (sky130_fd_sc_hd__a21oi_1)
     1    0.00                           _054_ (net)
                  0.05    0.00    0.59 ^ _300_/D (sky130_fd_sc_hd__dfrtp_4)
                                  0.59   data arrival time

                          0.00    0.00   clock clk (rise edge)
                          0.00    0.00   clock source latency
                  0.06    0.04    0.04 ^ clk (in)
     1    0.02                           clk (net)
                  0.06    0.00    0.04 ^ clkbuf_0_clk/A (sky130_fd_sc_hd__clkbuf_16)
                  0.05    0.11    0.16 ^ clkbuf_0_clk/X (sky130_fd_sc_hd__clkbuf_16)
     4    0.04                           clknet_0_clk (net)
                  0.05    0.00    0.16 ^ clkbuf_2_3__f_clk/A (sky130_fd_sc_hd__clkbuf_16)
                  0.04    0.10    0.26 ^ clkbuf_2_3__f_clk/X (sky130_fd_sc_hd__clkbuf_16)
     8    0.03                           clknet_2_3__leaf_clk (net)
                  0.04    0.00    0.26 ^ _300_/CLK (sky130_fd_sc_hd__dfrtp_4)
                          0.25    0.51   clock uncertainty
                         -0.01    0.49   clock reconvergence pessimism
                         -0.02    0.47   library hold time
                                  0.47   data required time
-----------------------------------------------------------------------------
                                  0.47   data required time
                                 -0.59   data arrival time
-----------------------------------------------------------------------------
                                  0.12   slack (MET)


Startpoint: _296_ (rising edge-triggered flip-flop clocked by clk)
Endpoint: _304_ (rising edge-triggered flip-flop clocked by clk)
Path Group: clk
Path Type: min
Corner: Fastest

Fanout     Cap    Slew   Delay    Time   Description
-----------------------------------------------------------------------------
                          0.00    0.00   clock clk (rise edge)
                          0.00    0.00   clock source latency
                  0.06    0.04    0.04 ^ clk (in)
     1    0.02                           clk (net)
                  0.06    0.00    0.04 ^ clkbuf_0_clk/A (sky130_fd_sc_hd__clkbuf_16)
                  0.05    0.10    0.14 ^ clkbuf_0_clk/X (sky130_fd_sc_hd__clkbuf_16)
     4    0.04                           clknet_0_clk (net)
                  0.05    0.00    0.14 ^ clkbuf_2_1__f_clk/A (sky130_fd_sc_hd__clkbuf_16)
                  0.04    0.09    0.24 ^ clkbuf_2_1__f_clk/X (sky130_fd_sc_hd__clkbuf_16)
    11    0.03                           clknet_2_1__leaf_clk (net)
                  0.04    0.00    0.24 ^ _296_/CLK (sky130_fd_sc_hd__dfstp_1)
                  0.06    0.24    0.48 v _296_/Q (sky130_fd_sc_hd__dfstp_1)
     4    0.02                           state[0] (net)
                  0.06    0.00    0.48 v _258_/C1 (sky130_fd_sc_hd__a311o_1)
                  0.03    0.11    0.59 v _258_/X (sky130_fd_sc_hd__a311o_1)
     1    0.00                           _147_ (net)
                  0.03    0.00    0.59 v _304_/D (sky130_fd_sc_hd__dfstp_1)
                                  0.59   data arrival time

                          0.00    0.00   clock clk (rise edge)
                          0.00    0.00   clock source latency
                  0.06    0.04    0.04 ^ clk (in)
     1    0.02                           clk (net)
                  0.06    0.00    0.04 ^ clkbuf_0_clk/A (sky130_fd_sc_hd__clkbuf_16)
                  0.05    0.11    0.16 ^ clkbuf_0_clk/X (sky130_fd_sc_hd__clkbuf_16)
     4    0.04                           clknet_0_clk (net)
                  0.05    0.00    0.16 ^ clkbuf_2_2__f_clk/A (sky130_fd_sc_hd__clkbuf_16)
                  0.03    0.09    0.25 ^ clkbuf_2_2__f_clk/X (sky130_fd_sc_hd__clkbuf_16)
     6    0.02                           clknet_2_2__leaf_clk (net)
                  0.03    0.00    0.25 ^ _304_/CLK (sky130_fd_sc_hd__dfstp_1)
                          0.25    0.50   clock uncertainty
                         -0.01    0.48   clock reconvergence pessimism
                         -0.01    0.47   library hold time
                                  0.47   data required time
-----------------------------------------------------------------------------
                                  0.47   data required time
                                 -0.59   data arrival time
-----------------------------------------------------------------------------
                                  0.12   slack (MET)


Startpoint: _326_ (rising edge-triggered flip-flop clocked by clk)
Endpoint: _326_ (rising edge-triggered flip-flop clocked by clk)
Path Group: clk
Path Type: min
Corner: Fastest

Fanout     Cap    Slew   Delay    Time   Description
-----------------------------------------------------------------------------
                          0.00    0.00   clock clk (rise edge)
                          0.00    0.00   clock source latency
                  0.06    0.04    0.04 ^ clk (in)
     1    0.02                           clk (net)
                  0.06    0.00    0.04 ^ clkbuf_0_clk/A (sky130_fd_sc_hd__clkbuf_16)
                  0.05    0.10    0.14 ^ clkbuf_0_clk/X (sky130_fd_sc_hd__clkbuf_16)
     4    0.04                           clknet_0_clk (net)
                  0.05    0.00    0.14 ^ clkbuf_2_1__f_clk/A (sky130_fd_sc_hd__clkbuf_16)
                  0.04    0.09    0.24 ^ clkbuf_2_1__f_clk/X (sky130_fd_sc_hd__clkbuf_16)
    11    0.03                           clknet_2_1__leaf_clk (net)
                  0.04    0.00    0.24 ^ _326_/CLK (sky130_fd_sc_hd__dfrtp_1)
                  0.11    0.25    0.48 ^ _326_/Q (sky130_fd_sc_hd__dfrtp_1)
     6    0.02                           baud_count[12] (net)
                  0.11    0.00    0.48 ^ _239_/A1 (sky130_fd_sc_hd__a21boi_1)
                  0.03    0.04    0.53 v _239_/Y (sky130_fd_sc_hd__a21boi_1)
     1    0.00                           _129_ (net)
                  0.03    0.00    0.53 v _240_/B1 (sky130_fd_sc_hd__o21a_1)
                  0.02    0.06    0.58 v _240_/X (sky130_fd_sc_hd__o21a_1)
     1    0.00                           _003_ (net)
                  0.02    0.00    0.58 v _326_/D (sky130_fd_sc_hd__dfrtp_1)
                                  0.58   data arrival time

                          0.00    0.00   clock clk (rise edge)
                          0.00    0.00   clock source latency
                  0.06    0.04    0.04 ^ clk (in)
     1    0.02                           clk (net)
                  0.06    0.00    0.04 ^ clkbuf_0_clk/A (sky130_fd_sc_hd__clkbuf_16)
                  0.05    0.11    0.16 ^ clkbuf_0_clk/X (sky130_fd_sc_hd__clkbuf_16)
     4    0.04                           clknet_0_clk (net)
                  0.05    0.00    0.16 ^ clkbuf_2_1__f_clk/A (sky130_fd_sc_hd__clkbuf_16)
                  0.04    0.10    0.26 ^ clkbuf_2_1__f_clk/X (sky130_fd_sc_hd__clkbuf_16)
    11    0.03                           clknet_2_1__leaf_clk (net)
                  0.04    0.00    0.26 ^ _326_/CLK (sky130_fd_sc_hd__dfrtp_1)
                          0.25    0.51   clock uncertainty
                         -0.02    0.49   clock reconvergence pessimism
                         -0.03    0.46   library hold time
                                  0.46   data required time
-----------------------------------------------------------------------------
                                  0.46   data required time
                                 -0.58   data arrival time
-----------------------------------------------------------------------------
                                  0.13   slack (MET)


Startpoint: _296_ (rising edge-triggered flip-flop clocked by clk)
Endpoint: _296_ (rising edge-triggered flip-flop clocked by clk)
Path Group: clk
Path Type: min
Corner: Fastest

Fanout     Cap    Slew   Delay    Time   Description
-----------------------------------------------------------------------------
                          0.00    0.00   clock clk (rise edge)
                          0.00    0.00   clock source latency
                  0.06    0.04    0.04 ^ clk (in)
     1    0.02                           clk (net)
                  0.06    0.00    0.04 ^ clkbuf_0_clk/A (sky130_fd_sc_hd__clkbuf_16)
                  0.05    0.10    0.14 ^ clkbuf_0_clk/X (sky130_fd_sc_hd__clkbuf_16)
     4    0.04                           clknet_0_clk (net)
                  0.05    0.00    0.14 ^ clkbuf_2_1__f_clk/A (sky130_fd_sc_hd__clkbuf_16)
                  0.04    0.09    0.24 ^ clkbuf_2_1__f_clk/X (sky130_fd_sc_hd__clkbuf_16)
    11    0.03                           clknet_2_1__leaf_clk (net)
                  0.04    0.00    0.24 ^ _296_/CLK (sky130_fd_sc_hd__dfstp_1)
                  0.06    0.24    0.48 v _296_/Q (sky130_fd_sc_hd__dfstp_1)
     4    0.02                           state[0] (net)
                  0.06    0.00    0.48 v _191_/A2 (sky130_fd_sc_hd__a22o_1)
                  0.02    0.12    0.60 v _191_/X (sky130_fd_sc_hd__a22o_1)
     1    0.00                           _016_ (net)
                  0.02    0.00    0.60 v _296_/D (sky130_fd_sc_hd__dfstp_1)
                                  0.60   data arrival time

                          0.00    0.00   clock clk (rise edge)
                          0.00    0.00   clock source latency
                  0.06    0.04    0.04 ^ clk (in)
     1    0.02                           clk (net)
                  0.06    0.00    0.04 ^ clkbuf_0_clk/A (sky130_fd_sc_hd__clkbuf_16)
                  0.05    0.11    0.16 ^ clkbuf_0_clk/X (sky130_fd_sc_hd__clkbuf_16)
     4    0.04                           clknet_0_clk (net)
                  0.05    0.00    0.16 ^ clkbuf_2_1__f_clk/A (sky130_fd_sc_hd__clkbuf_16)
                  0.04    0.10    0.26 ^ clkbuf_2_1__f_clk/X (sky130_fd_sc_hd__clkbuf_16)
    11    0.03                           clknet_2_1__leaf_clk (net)
                  0.04    0.00    0.26 ^ _296_/CLK (sky130_fd_sc_hd__dfstp_1)
                          0.25    0.51   clock uncertainty
                         -0.02    0.49   clock reconvergence pessimism
                         -0.01    0.48   library hold time
                                  0.48   data required time
-----------------------------------------------------------------------------
                                  0.48   data required time
                                 -0.60   data arrival time
-----------------------------------------------------------------------------
                                  0.13   slack (MET)


Startpoint: _303_ (rising edge-triggered flip-flop clocked by clk)
Endpoint: _299_ (rising edge-triggered flip-flop clocked by clk)
Path Group: clk
Path Type: min
Corner: Fastest

Fanout     Cap    Slew   Delay    Time   Description
-----------------------------------------------------------------------------
                          0.00    0.00   clock clk (rise edge)
                          0.00    0.00   clock source latency
                  0.06    0.04    0.04 ^ clk (in)
     1    0.02                           clk (net)
                  0.06    0.00    0.04 ^ clkbuf_0_clk/A (sky130_fd_sc_hd__clkbuf_16)
                  0.05    0.10    0.14 ^ clkbuf_0_clk/X (sky130_fd_sc_hd__clkbuf_16)
     4    0.04                           clknet_0_clk (net)
                  0.05    0.00    0.14 ^ clkbuf_2_2__f_clk/A (sky130_fd_sc_hd__clkbuf_16)
                  0.03    0.08    0.23 ^ clkbuf_2_2__f_clk/X (sky130_fd_sc_hd__clkbuf_16)
     6    0.02                           clknet_2_2__leaf_clk (net)
                  0.03    0.00    0.23 ^ _303_/CLK (sky130_fd_sc_hd__dfrtp_1)
                  0.05    0.20    0.43 ^ _303_/Q (sky130_fd_sc_hd__dfrtp_1)
     2    0.01                           bit_index[3] (net)
                  0.05    0.00    0.43 ^ _186_/A (sky130_fd_sc_hd__or4_1)
                  0.03    0.07    0.49 ^ _186_/X (sky130_fd_sc_hd__or4_1)
     1    0.00                           _091_ (net)
                  0.03    0.00    0.49 ^ _187_/B1_N (sky130_fd_sc_hd__a21bo_1)
                  0.02    0.08    0.58 v _187_/X (sky130_fd_sc_hd__a21bo_1)
     1    0.00                           _019_ (net)
                  0.02    0.00    0.58 v _299_/D (sky130_fd_sc_hd__dfrtp_1)
                                  0.58   data arrival time

                          0.00    0.00   clock clk (rise edge)
                          0.00    0.00   clock source latency
                  0.06    0.04    0.04 ^ clk (in)
     1    0.02                           clk (net)
                  0.06    0.00    0.04 ^ clkbuf_0_clk/A (sky130_fd_sc_hd__clkbuf_16)
                  0.05    0.11    0.16 ^ clkbuf_0_clk/X (sky130_fd_sc_hd__clkbuf_16)
     4    0.04                           clknet_0_clk (net)
                  0.05    0.00    0.16 ^ clkbuf_2_2__f_clk/A (sky130_fd_sc_hd__clkbuf_16)
                  0.03    0.09    0.25 ^ clkbuf_2_2__f_clk/X (sky130_fd_sc_hd__clkbuf_16)
     6    0.02                           clknet_2_2__leaf_clk (net)
                  0.03    0.00    0.25 ^ _299_/CLK (sky130_fd_sc_hd__dfrtp_1)
                          0.25    0.50   clock uncertainty
                         -0.02    0.48   clock reconvergence pessimism
                         -0.03    0.45   library hold time
                                  0.45   data required time
-----------------------------------------------------------------------------
                                  0.45   data required time
                                 -0.58   data arrival time
-----------------------------------------------------------------------------
                                  0.13   slack (MET)


Startpoint: _300_ (rising edge-triggered flip-flop clocked by clk)
Endpoint: _301_ (rising edge-triggered flip-flop clocked by clk)
Path Group: clk
Path Type: min
Corner: Fastest

Fanout     Cap    Slew   Delay    Time   Description
-----------------------------------------------------------------------------
                          0.00    0.00   clock clk (rise edge)
                          0.00    0.00   clock source latency
                  0.06    0.04    0.04 ^ clk (in)
     1    0.02                           clk (net)
                  0.06    0.00    0.04 ^ clkbuf_0_clk/A (sky130_fd_sc_hd__clkbuf_16)
                  0.05    0.10    0.14 ^ clkbuf_0_clk/X (sky130_fd_sc_hd__clkbuf_16)
     4    0.04                           clknet_0_clk (net)
                  0.05    0.00    0.14 ^ clkbuf_2_3__f_clk/A (sky130_fd_sc_hd__clkbuf_16)
                  0.04    0.09    0.23 ^ clkbuf_2_3__f_clk/X (sky130_fd_sc_hd__clkbuf_16)
     8    0.03                           clknet_2_3__leaf_clk (net)
                  0.04    0.00    0.23 ^ _300_/CLK (sky130_fd_sc_hd__dfrtp_4)
                  0.08    0.28    0.51 ^ _300_/Q (sky130_fd_sc_hd__dfrtp_4)
     8    0.03                           bit_index[0] (net)
                  0.08    0.00    0.51 ^ _180_/A1 (sky130_fd_sc_hd__a21oi_1)
                  0.02    0.04    0.55 v _180_/Y (sky130_fd_sc_hd__a21oi_1)
     1    0.00                           _088_ (net)
                  0.02    0.00    0.55 v _181_/B1 (sky130_fd_sc_hd__a21oi_1)
                  0.05    0.05    0.59 ^ _181_/Y (sky130_fd_sc_hd__a21oi_1)
     1    0.00                           _055_ (net)
                  0.05    0.00    0.59 ^ _301_/D (sky130_fd_sc_hd__dfrtp_2)
                                  0.59   data arrival time

                          0.00    0.00   clock clk (rise edge)
                          0.00    0.00   clock source latency
                  0.06    0.04    0.04 ^ clk (in)
     1    0.02                           clk (net)
                  0.06    0.00    0.04 ^ clkbuf_0_clk/A (sky130_fd_sc_hd__clkbuf_16)
                  0.05    0.11    0.16 ^ clkbuf_0_clk/X (sky130_fd_sc_hd__clkbuf_16)
     4    0.04                           clknet_0_clk (net)
                  0.05    0.00    0.16 ^ clkbuf_2_3__f_clk/A (sky130_fd_sc_hd__clkbuf_16)
                  0.04    0.10    0.26 ^ clkbuf_2_3__f_clk/X (sky130_fd_sc_hd__clkbuf_16)
     8    0.03                           clknet_2_3__leaf_clk (net)
                  0.04    0.00    0.26 ^ _301_/CLK (sky130_fd_sc_hd__dfrtp_2)
                          0.25    0.51   clock uncertainty
                         -0.02    0.48   clock reconvergence pessimism
                         -0.02    0.46   library hold time
                                  0.46   data required time
-----------------------------------------------------------------------------
                                  0.46   data required time
                                 -0.59   data arrival time
-----------------------------------------------------------------------------
                                  0.13   slack (MET)


Startpoint: _322_ (rising edge-triggered flip-flop clocked by clk)
Endpoint: _323_ (rising edge-triggered flip-flop clocked by clk)
Path Group: clk
Path Type: min
Corner: Fastest

Fanout     Cap    Slew   Delay    Time   Description
-----------------------------------------------------------------------------
                          0.00    0.00   clock clk (rise edge)
                          0.00    0.00   clock source latency
                  0.06    0.04    0.04 ^ clk (in)
     1    0.02                           clk (net)
                  0.06    0.00    0.04 ^ clkbuf_0_clk/A (sky130_fd_sc_hd__clkbuf_16)
                  0.05    0.10    0.14 ^ clkbuf_0_clk/X (sky130_fd_sc_hd__clkbuf_16)
     4    0.04                           clknet_0_clk (net)
                  0.05    0.00    0.14 ^ clkbuf_2_0__f_clk/A (sky130_fd_sc_hd__clkbuf_16)
                  0.04    0.09    0.23 ^ clkbuf_2_0__f_clk/X (sky130_fd_sc_hd__clkbuf_16)
     9    0.03                           clknet_2_0__leaf_clk (net)
                  0.04    0.00    0.23 ^ _322_/CLK (sky130_fd_sc_hd__dfrtp_2)
                  0.07    0.24    0.47 ^ _322_/Q (sky130_fd_sc_hd__dfrtp_2)
     6    0.02                           baud_count[8] (net)
                  0.07    0.00    0.47 ^ _226_/A (sky130_fd_sc_hd__and2_1)
                  0.04    0.08    0.55 ^ _226_/X (sky130_fd_sc_hd__and2_1)
     1    0.00                           _119_ (net)
                  0.04    0.00    0.55 ^ _228_/A2 (sky130_fd_sc_hd__o211a_1)
                  0.03    0.07    0.62 ^ _228_/X (sky130_fd_sc_hd__o211a_1)
     1    0.00                           _015_ (net)
                  0.03    0.00    0.62 ^ _323_/D (sky130_fd_sc_hd__dfrtp_1)
                                  0.62   data arrival time

                          0.00    0.00   clock clk (rise edge)
                          0.00    0.00   clock source latency
                  0.06    0.04    0.04 ^ clk (in)
     1    0.02                           clk (net)
                  0.06    0.00    0.04 ^ clkbuf_0_clk/A (sky130_fd_sc_hd__clkbuf_16)
                  0.05    0.11    0.16 ^ clkbuf_0_clk/X (sky130_fd_sc_hd__clkbuf_16)
     4    0.04                           clknet_0_clk (net)
                  0.05    0.00    0.16 ^ clkbuf_2_1__f_clk/A (sky130_fd_sc_hd__clkbuf_16)
                  0.04    0.10    0.26 ^ clkbuf_2_1__f_clk/X (sky130_fd_sc_hd__clkbuf_16)
    11    0.03                           clknet_2_1__leaf_clk (net)
                  0.04    0.00    0.26 ^ _323_/CLK (sky130_fd_sc_hd__dfrtp_1)
                          0.25    0.51   clock uncertainty
                         -0.01    0.50   clock reconvergence pessimism
                         -0.02    0.48   library hold time
                                  0.48   data required time
-----------------------------------------------------------------------------
                                  0.48   data required time
                                 -0.62   data arrival time
-----------------------------------------------------------------------------
                                  0.14   slack (MET)


Startpoint: _328_ (rising edge-triggered flip-flop clocked by clk)
Endpoint: _329_ (rising edge-triggered flip-flop clocked by clk)
Path Group: clk
Path Type: min
Corner: Fastest

Fanout     Cap    Slew   Delay    Time   Description
-----------------------------------------------------------------------------
                          0.00    0.00   clock clk (rise edge)
                          0.00    0.00   clock source latency
                  0.06    0.04    0.04 ^ clk (in)
     1    0.02                           clk (net)
                  0.06    0.00    0.04 ^ clkbuf_0_clk/A (sky130_fd_sc_hd__clkbuf_16)
                  0.05    0.10    0.14 ^ clkbuf_0_clk/X (sky130_fd_sc_hd__clkbuf_16)
     4    0.04                           clknet_0_clk (net)
                  0.05    0.00    0.14 ^ clkbuf_2_1__f_clk/A (sky130_fd_sc_hd__clkbuf_16)
                  0.04    0.09    0.24 ^ clkbuf_2_1__f_clk/X (sky130_fd_sc_hd__clkbuf_16)
    11    0.03                           clknet_2_1__leaf_clk (net)
                  0.04    0.00    0.24 ^ _328_/CLK (sky130_fd_sc_hd__dfrtp_1)
                  0.06    0.21    0.45 ^ _328_/Q (sky130_fd_sc_hd__dfrtp_1)
     3    0.01                           baud_count[14] (net)
                  0.06    0.00    0.45 ^ _248_/C (sky130_fd_sc_hd__and4_1)
                  0.06    0.13    0.57 ^ _248_/X (sky130_fd_sc_hd__and4_1)
     2    0.01                           _135_ (net)
                  0.06    0.00    0.57 ^ _250_/A2 (sky130_fd_sc_hd__a21oi_1)
                  0.02    0.04    0.61 v _250_/Y (sky130_fd_sc_hd__a21oi_1)
     1    0.00                           _006_ (net)
                  0.02    0.00    0.61 v _329_/D (sky130_fd_sc_hd__dfrtp_1)
                                  0.61   data arrival time

                          0.00    0.00   clock clk (rise edge)
                          0.00    0.00   clock source latency
                  0.06    0.04    0.04 ^ clk (in)
     1    0.02                           clk (net)
                  0.06    0.00    0.04 ^ clkbuf_0_clk/A (sky130_fd_sc_hd__clkbuf_16)
                  0.05    0.11    0.16 ^ clkbuf_0_clk/X (sky130_fd_sc_hd__clkbuf_16)
     4    0.04                           clknet_0_clk (net)
                  0.05    0.00    0.16 ^ clkbuf_2_1__f_clk/A (sky130_fd_sc_hd__clkbuf_16)
                  0.04    0.10    0.26 ^ clkbuf_2_1__f_clk/X (sky130_fd_sc_hd__clkbuf_16)
    11    0.03                           clknet_2_1__leaf_clk (net)
                  0.04    0.00    0.26 ^ _329_/CLK (sky130_fd_sc_hd__dfrtp_1)
                          0.25    0.51   clock uncertainty
                         -0.02    0.49   clock reconvergence pessimism
                         -0.03    0.46   library hold time
                                  0.46   data required time
-----------------------------------------------------------------------------
                                  0.46   data required time
                                 -0.61   data arrival time
-----------------------------------------------------------------------------
                                  0.15   slack (MET)


Startpoint: _321_ (rising edge-triggered flip-flop clocked by clk)
Endpoint: _321_ (rising edge-triggered flip-flop clocked by clk)
Path Group: clk
Path Type: min
Corner: Fastest

Fanout     Cap    Slew   Delay    Time   Description
-----------------------------------------------------------------------------
                          0.00    0.00   clock clk (rise edge)
                          0.00    0.00   clock source latency
                  0.06    0.04    0.04 ^ clk (in)
     1    0.02                           clk (net)
                  0.06    0.00    0.04 ^ clkbuf_0_clk/A (sky130_fd_sc_hd__clkbuf_16)
                  0.05    0.10    0.14 ^ clkbuf_0_clk/X (sky130_fd_sc_hd__clkbuf_16)
     4    0.04                           clknet_0_clk (net)
                  0.05    0.00    0.14 ^ clkbuf_2_0__f_clk/A (sky130_fd_sc_hd__clkbuf_16)
                  0.04    0.09    0.23 ^ clkbuf_2_0__f_clk/X (sky130_fd_sc_hd__clkbuf_16)
     9    0.03                           clknet_2_0__leaf_clk (net)
                  0.04    0.00    0.23 ^ _321_/CLK (sky130_fd_sc_hd__dfrtp_1)
                  0.06    0.21    0.44 ^ _321_/Q (sky130_fd_sc_hd__dfrtp_1)
     3    0.01                           baud_count[7] (net)
                  0.06    0.00    0.44 ^ _218_/B1 (sky130_fd_sc_hd__a31o_1)
                  0.03    0.05    0.49 ^ _218_/X (sky130_fd_sc_hd__a31o_1)
     1    0.00                           _113_ (net)
                  0.03    0.00    0.49 ^ _222_/B (sky130_fd_sc_hd__and3_1)
                  0.03    0.08    0.57 ^ _222_/X (sky130_fd_sc_hd__and3_1)
     1    0.00                           _117_ (net)
                  0.03    0.00    0.57 ^ _223_/A (sky130_fd_sc_hd__clkbuf_1)
                  0.03    0.05    0.62 ^ _223_/X (sky130_fd_sc_hd__clkbuf_1)
     1    0.00                           _013_ (net)
                  0.03    0.00    0.62 ^ _321_/D (sky130_fd_sc_hd__dfrtp_1)
                                  0.62   data arrival time

                          0.00    0.00   clock clk (rise edge)
                          0.00    0.00   clock source latency
                  0.06    0.04    0.04 ^ clk (in)
     1    0.02                           clk (net)
                  0.06    0.00    0.04 ^ clkbuf_0_clk/A (sky130_fd_sc_hd__clkbuf_16)
                  0.05    0.11    0.16 ^ clkbuf_0_clk/X (sky130_fd_sc_hd__clkbuf_16)
     4    0.04                           clknet_0_clk (net)
                  0.05    0.00    0.16 ^ clkbuf_2_0__f_clk/A (sky130_fd_sc_hd__clkbuf_16)
                  0.04    0.10    0.26 ^ clkbuf_2_0__f_clk/X (sky130_fd_sc_hd__clkbuf_16)
     9    0.03                           clknet_2_0__leaf_clk (net)
                  0.04    0.00    0.26 ^ _321_/CLK (sky130_fd_sc_hd__dfrtp_1)
                          0.25    0.51   clock uncertainty
                         -0.02    0.48   clock reconvergence pessimism
                         -0.02    0.46   library hold time
                                  0.46   data required time
-----------------------------------------------------------------------------
                                  0.46   data required time
                                 -0.62   data arrival time
-----------------------------------------------------------------------------
                                  0.16   slack (MET)


Startpoint: _319_ (rising edge-triggered flip-flop clocked by clk)
Endpoint: _319_ (rising edge-triggered flip-flop clocked by clk)
Path Group: clk
Path Type: min
Corner: Fastest

Fanout     Cap    Slew   Delay    Time   Description
-----------------------------------------------------------------------------
                          0.00    0.00   clock clk (rise edge)
                          0.00    0.00   clock source latency
                  0.06    0.04    0.04 ^ clk (in)
     1    0.02                           clk (net)
                  0.06    0.00    0.04 ^ clkbuf_0_clk/A (sky130_fd_sc_hd__clkbuf_16)
                  0.05    0.10    0.14 ^ clkbuf_0_clk/X (sky130_fd_sc_hd__clkbuf_16)
     4    0.04                           clknet_0_clk (net)
                  0.05    0.00    0.14 ^ clkbuf_2_0__f_clk/A (sky130_fd_sc_hd__clkbuf_16)
                  0.04    0.09    0.23 ^ clkbuf_2_0__f_clk/X (sky130_fd_sc_hd__clkbuf_16)
     9    0.03                           clknet_2_0__leaf_clk (net)
                  0.04    0.00    0.23 ^ _319_/CLK (sky130_fd_sc_hd__dfrtp_1)
                  0.07    0.22    0.45 ^ _319_/Q (sky130_fd_sc_hd__dfrtp_1)
     3    0.01                           baud_count[5] (net)
                  0.07    0.00    0.45 ^ _210_/B1 (sky130_fd_sc_hd__a21o_1)
                  0.03    0.05    0.50 ^ _210_/X (sky130_fd_sc_hd__a21o_1)
     1    0.00                           _107_ (net)
                  0.03    0.00    0.50 ^ _214_/B (sky130_fd_sc_hd__and3_1)
                  0.03    0.08    0.58 ^ _214_/X (sky130_fd_sc_hd__and3_1)
     1    0.00                           _111_ (net)
                  0.03    0.00    0.58 ^ _215_/A (sky130_fd_sc_hd__clkbuf_1)
                  0.04    0.05    0.63 ^ _215_/X (sky130_fd_sc_hd__clkbuf_1)
     1    0.00                           _011_ (net)
                  0.04    0.00    0.63 ^ _319_/D (sky130_fd_sc_hd__dfrtp_1)
                                  0.63   data arrival time

                          0.00    0.00   clock clk (rise edge)
                          0.00    0.00   clock source latency
                  0.06    0.04    0.04 ^ clk (in)
     1    0.02                           clk (net)
                  0.06    0.00    0.04 ^ clkbuf_0_clk/A (sky130_fd_sc_hd__clkbuf_16)
                  0.05    0.11    0.16 ^ clkbuf_0_clk/X (sky130_fd_sc_hd__clkbuf_16)
     4    0.04                           clknet_0_clk (net)
                  0.05    0.00    0.16 ^ clkbuf_2_0__f_clk/A (sky130_fd_sc_hd__clkbuf_16)
                  0.04    0.10    0.26 ^ clkbuf_2_0__f_clk/X (sky130_fd_sc_hd__clkbuf_16)
     9    0.03                           clknet_2_0__leaf_clk (net)
                  0.04    0.00    0.26 ^ _319_/CLK (sky130_fd_sc_hd__dfrtp_1)
                          0.25    0.51   clock uncertainty
                         -0.02    0.48   clock reconvergence pessimism
                         -0.02    0.46   library hold time
                                  0.46   data required time
-----------------------------------------------------------------------------
                                  0.46   data required time
                                 -0.63   data arrival time
-----------------------------------------------------------------------------
                                  0.17   slack (MET)


Startpoint: _324_ (rising edge-triggered flip-flop clocked by clk)
Endpoint: _325_ (rising edge-triggered flip-flop clocked by clk)
Path Group: clk
Path Type: min
Corner: Fastest

Fanout     Cap    Slew   Delay    Time   Description
-----------------------------------------------------------------------------
                          0.00    0.00   clock clk (rise edge)
                          0.00    0.00   clock source latency
                  0.06    0.04    0.04 ^ clk (in)
     1    0.02                           clk (net)
                  0.06    0.00    0.04 ^ clkbuf_0_clk/A (sky130_fd_sc_hd__clkbuf_16)
                  0.05    0.10    0.14 ^ clkbuf_0_clk/X (sky130_fd_sc_hd__clkbuf_16)
     4    0.04                           clknet_0_clk (net)
                  0.05    0.00    0.14 ^ clkbuf_2_1__f_clk/A (sky130_fd_sc_hd__clkbuf_16)
                  0.04    0.09    0.24 ^ clkbuf_2_1__f_clk/X (sky130_fd_sc_hd__clkbuf_16)
    11    0.03                           clknet_2_1__leaf_clk (net)
                  0.04    0.00    0.24 ^ _324_/CLK (sky130_fd_sc_hd__dfrtp_1)
                  0.07    0.22    0.46 ^ _324_/Q (sky130_fd_sc_hd__dfrtp_1)
     3    0.01                           baud_count[10] (net)
                  0.07    0.00    0.46 ^ _229_/A (sky130_fd_sc_hd__inv_2)
                  0.03    0.03    0.49 v _229_/Y (sky130_fd_sc_hd__inv_2)
     3    0.01                           _121_ (net)
                  0.03    0.00    0.49 v _234_/A (sky130_fd_sc_hd__nor2_1)
                  0.06    0.07    0.56 ^ _234_/Y (sky130_fd_sc_hd__nor2_1)
     1    0.00                           _125_ (net)
                  0.06    0.00    0.56 ^ _238_/A2 (sky130_fd_sc_hd__o211a_1)
                  0.03    0.08    0.63 ^ _238_/X (sky130_fd_sc_hd__o211a_1)
     1    0.00                           _002_ (net)
                  0.03    0.00    0.63 ^ _325_/D (sky130_fd_sc_hd__dfrtp_1)
                                  0.63   data arrival time

                          0.00    0.00   clock clk (rise edge)
                          0.00    0.00   clock source latency
                  0.06    0.04    0.04 ^ clk (in)
     1    0.02                           clk (net)
                  0.06    0.00    0.04 ^ clkbuf_0_clk/A (sky130_fd_sc_hd__clkbuf_16)
                  0.05    0.11    0.16 ^ clkbuf_0_clk/X (sky130_fd_sc_hd__clkbuf_16)
     4    0.04                           clknet_0_clk (net)
                  0.05    0.00    0.16 ^ clkbuf_2_1__f_clk/A (sky130_fd_sc_hd__clkbuf_16)
                  0.04    0.10    0.26 ^ clkbuf_2_1__f_clk/X (sky130_fd_sc_hd__clkbuf_16)
    11    0.03                           clknet_2_1__leaf_clk (net)
                  0.04    0.00    0.26 ^ _325_/CLK (sky130_fd_sc_hd__dfrtp_1)
                          0.25    0.51   clock uncertainty
                         -0.02    0.49   clock reconvergence pessimism
                         -0.02    0.47   library hold time
                                  0.47   data required time
-----------------------------------------------------------------------------
                                  0.47   data required time
                                 -0.63   data arrival time
-----------------------------------------------------------------------------
                                  0.17   slack (MET)


Startpoint: _327_ (rising edge-triggered flip-flop clocked by clk)
Endpoint: _327_ (rising edge-triggered flip-flop clocked by clk)
Path Group: clk
Path Type: min
Corner: Fastest

Fanout     Cap    Slew   Delay    Time   Description
-----------------------------------------------------------------------------
                          0.00    0.00   clock clk (rise edge)
                          0.00    0.00   clock source latency
                  0.06    0.04    0.04 ^ clk (in)
     1    0.02                           clk (net)
                  0.06    0.00    0.04 ^ clkbuf_0_clk/A (sky130_fd_sc_hd__clkbuf_16)
                  0.05    0.10    0.14 ^ clkbuf_0_clk/X (sky130_fd_sc_hd__clkbuf_16)
     4    0.04                           clknet_0_clk (net)
                  0.05    0.00    0.14 ^ clkbuf_2_1__f_clk/A (sky130_fd_sc_hd__clkbuf_16)
                  0.04    0.09    0.24 ^ clkbuf_2_1__f_clk/X (sky130_fd_sc_hd__clkbuf_16)
    11    0.03                           clknet_2_1__leaf_clk (net)
                  0.04    0.00    0.24 ^ _327_/CLK (sky130_fd_sc_hd__dfrtp_1)
                  0.08    0.22    0.46 ^ _327_/Q (sky130_fd_sc_hd__dfrtp_1)
     4    0.01                           baud_count[13] (net)
                  0.08    0.00    0.46 ^ _241_/B1 (sky130_fd_sc_hd__a21o_1)
                  0.02    0.04    0.50 ^ _241_/X (sky130_fd_sc_hd__a21o_1)
     1    0.00                           _130_ (net)
                  0.02    0.00    0.50 ^ _244_/B (sky130_fd_sc_hd__and3_1)
                  0.04    0.08    0.58 ^ _244_/X (sky130_fd_sc_hd__and3_1)
     1    0.00                           _133_ (net)
                  0.04    0.00    0.58 ^ _245_/A (sky130_fd_sc_hd__clkbuf_1)
                  0.03    0.05    0.64 ^ _245_/X (sky130_fd_sc_hd__clkbuf_1)
     1    0.00                           _004_ (net)
                  0.03    0.00    0.64 ^ _327_/D (sky130_fd_sc_hd__dfrtp_1)
                                  0.64   data arrival time

                          0.00    0.00   clock clk (rise edge)
                          0.00    0.00   clock source latency
                  0.06    0.04    0.04 ^ clk (in)
     1    0.02                           clk (net)
                  0.06    0.00    0.04 ^ clkbuf_0_clk/A (sky130_fd_sc_hd__clkbuf_16)
                  0.05    0.11    0.16 ^ clkbuf_0_clk/X (sky130_fd_sc_hd__clkbuf_16)
     4    0.04                           clknet_0_clk (net)
                  0.05    0.00    0.16 ^ clkbuf_2_1__f_clk/A (sky130_fd_sc_hd__clkbuf_16)
                  0.04    0.10    0.26 ^ clkbuf_2_1__f_clk/X (sky130_fd_sc_hd__clkbuf_16)
    11    0.03                           clknet_2_1__leaf_clk (net)
                  0.04    0.00    0.26 ^ _327_/CLK (sky130_fd_sc_hd__dfrtp_1)
                          0.25    0.51   clock uncertainty
                         -0.02    0.49   clock reconvergence pessimism
                         -0.02    0.47   library hold time
                                  0.47   data required time
-----------------------------------------------------------------------------
                                  0.47   data required time
                                 -0.64   data arrival time
-----------------------------------------------------------------------------
                                  0.17   slack (MET)


Startpoint: _297_ (rising edge-triggered flip-flop clocked by clk)
Endpoint: _305_ (rising edge-triggered flip-flop clocked by clk)
Path Group: clk
Path Type: min
Corner: Fastest

Fanout     Cap    Slew   Delay    Time   Description
-----------------------------------------------------------------------------
                          0.00    0.00   clock clk (rise edge)
                          0.00    0.00   clock source latency
                  0.06    0.04    0.04 ^ clk (in)
     1    0.02                           clk (net)
                  0.06    0.00    0.04 ^ clkbuf_0_clk/A (sky130_fd_sc_hd__clkbuf_16)
                  0.05    0.10    0.14 ^ clkbuf_0_clk/X (sky130_fd_sc_hd__clkbuf_16)
     4    0.04                           clknet_0_clk (net)
                  0.05    0.00    0.14 ^ clkbuf_2_2__f_clk/A (sky130_fd_sc_hd__clkbuf_16)
                  0.03    0.08    0.23 ^ clkbuf_2_2__f_clk/X (sky130_fd_sc_hd__clkbuf_16)
     6    0.02                           clknet_2_2__leaf_clk (net)
                  0.03    0.00    0.23 ^ _297_/CLK (sky130_fd_sc_hd__dfrtp_4)
                  0.08    0.27    0.50 ^ _297_/Q (sky130_fd_sc_hd__dfrtp_4)
     8    0.03                           state[1] (net)
                  0.08    0.00    0.50 ^ _252_/B (sky130_fd_sc_hd__or3_1)
                  0.03    0.07    0.58 ^ _252_/X (sky130_fd_sc_hd__or3_1)
     1    0.00                           _138_ (net)
                  0.03    0.00    0.58 ^ _253_/A (sky130_fd_sc_hd__clkbuf_1)
                  0.04    0.05    0.63 ^ _253_/X (sky130_fd_sc_hd__clkbuf_1)
     1    0.00                           _146_ (net)
                  0.04    0.00    0.63 ^ _305_/D (sky130_fd_sc_hd__dfrtp_1)
                                  0.63   data arrival time

                          0.00    0.00   clock clk (rise edge)
                          0.00    0.00   clock source latency
                  0.06    0.04    0.04 ^ clk (in)
     1    0.02                           clk (net)
                  0.06    0.00    0.04 ^ clkbuf_0_clk/A (sky130_fd_sc_hd__clkbuf_16)
                  0.05    0.11    0.16 ^ clkbuf_0_clk/X (sky130_fd_sc_hd__clkbuf_16)
     4    0.04                           clknet_0_clk (net)
                  0.05    0.00    0.16 ^ clkbuf_2_2__f_clk/A (sky130_fd_sc_hd__clkbuf_16)
                  0.03    0.09    0.25 ^ clkbuf_2_2__f_clk/X (sky130_fd_sc_hd__clkbuf_16)
     6    0.02                           clknet_2_2__leaf_clk (net)
                  0.03    0.00    0.25 ^ _305_/CLK (sky130_fd_sc_hd__dfrtp_1)
                          0.25    0.50   clock uncertainty
                         -0.02    0.48   clock reconvergence pessimism
                         -0.02    0.46   library hold time
                                  0.46   data required time
-----------------------------------------------------------------------------
                                  0.46   data required time
                                 -0.63   data arrival time
-----------------------------------------------------------------------------
                                  0.17   slack (MET)


Startpoint: _317_ (rising edge-triggered flip-flop clocked by clk)
Endpoint: _317_ (rising edge-triggered flip-flop clocked by clk)
Path Group: clk
Path Type: min
Corner: Fastest

Fanout     Cap    Slew   Delay    Time   Description
-----------------------------------------------------------------------------
                          0.00    0.00   clock clk (rise edge)
                          0.00    0.00   clock source latency
                  0.06    0.04    0.04 ^ clk (in)
     1    0.02                           clk (net)
                  0.06    0.00    0.04 ^ clkbuf_0_clk/A (sky130_fd_sc_hd__clkbuf_16)
                  0.05    0.10    0.14 ^ clkbuf_0_clk/X (sky130_fd_sc_hd__clkbuf_16)
     4    0.04                           clknet_0_clk (net)
                  0.05    0.00    0.14 ^ clkbuf_2_0__f_clk/A (sky130_fd_sc_hd__clkbuf_16)
                  0.04    0.09    0.23 ^ clkbuf_2_0__f_clk/X (sky130_fd_sc_hd__clkbuf_16)
     9    0.03                           clknet_2_0__leaf_clk (net)
                  0.04    0.00    0.23 ^ _317_/CLK (sky130_fd_sc_hd__dfrtp_1)
                  0.06    0.21    0.45 ^ _317_/Q (sky130_fd_sc_hd__dfrtp_1)
     3    0.01                           baud_count[3] (net)
                  0.06    0.00    0.45 ^ _204_/B1 (sky130_fd_sc_hd__a31o_1)
                  0.03    0.05    0.50 ^ _204_/X (sky130_fd_sc_hd__a31o_1)
     1    0.00                           _103_ (net)
                  0.03    0.00    0.50 ^ _205_/C (sky130_fd_sc_hd__and3_1)
                  0.04    0.08    0.58 ^ _205_/X (sky130_fd_sc_hd__and3_1)
     1    0.00                           _104_ (net)
                  0.04    0.00    0.58 ^ _206_/A (sky130_fd_sc_hd__clkbuf_1)
                  0.04    0.05    0.64 ^ _206_/X (sky130_fd_sc_hd__clkbuf_1)
     1    0.00                           _009_ (net)
                  0.04    0.00    0.64 ^ _317_/D (sky130_fd_sc_hd__dfrtp_1)
                                  0.64   data arrival time

                          0.00    0.00   clock clk (rise edge)
                          0.00    0.00   clock source latency
                  0.06    0.04    0.04 ^ clk (in)
     1    0.02                           clk (net)
                  0.06    0.00    0.04 ^ clkbuf_0_clk/A (sky130_fd_sc_hd__clkbuf_16)
                  0.05    0.11    0.16 ^ clkbuf_0_clk/X (sky130_fd_sc_hd__clkbuf_16)
     4    0.04                           clknet_0_clk (net)
                  0.05    0.00    0.16 ^ clkbuf_2_0__f_clk/A (sky130_fd_sc_hd__clkbuf_16)
                  0.04    0.10    0.26 ^ clkbuf_2_0__f_clk/X (sky130_fd_sc_hd__clkbuf_16)
     9    0.03                           clknet_2_0__leaf_clk (net)
                  0.04    0.00    0.26 ^ _317_/CLK (sky130_fd_sc_hd__dfrtp_1)
                          0.25    0.51   clock uncertainty
                         -0.02    0.48   clock reconvergence pessimism
                         -0.02    0.46   library hold time
                                  0.46   data required time
-----------------------------------------------------------------------------
                                  0.46   data required time
                                 -0.64   data arrival time
-----------------------------------------------------------------------------
                                  0.17   slack (MET)


Startpoint: _315_ (rising edge-triggered flip-flop clocked by clk)
Endpoint: _315_ (rising edge-triggered flip-flop clocked by clk)
Path Group: clk
Path Type: min
Corner: Fastest

Fanout     Cap    Slew   Delay    Time   Description
-----------------------------------------------------------------------------
                          0.00    0.00   clock clk (rise edge)
                          0.00    0.00   clock source latency
                  0.06    0.04    0.04 ^ clk (in)
     1    0.02                           clk (net)
                  0.06    0.00    0.04 ^ clkbuf_0_clk/A (sky130_fd_sc_hd__clkbuf_16)
                  0.05    0.10    0.14 ^ clkbuf_0_clk/X (sky130_fd_sc_hd__clkbuf_16)
     4    0.04                           clknet_0_clk (net)
                  0.05    0.00    0.14 ^ clkbuf_2_2__f_clk/A (sky130_fd_sc_hd__clkbuf_16)
                  0.03    0.08    0.23 ^ clkbuf_2_2__f_clk/X (sky130_fd_sc_hd__clkbuf_16)
     6    0.02                           clknet_2_2__leaf_clk (net)
                  0.03    0.00    0.23 ^ _315_/CLK (sky130_fd_sc_hd__dfrtp_2)
                  0.09    0.25    0.47 ^ _315_/Q (sky130_fd_sc_hd__dfrtp_2)
     7    0.02                           baud_count[1] (net)
                  0.09    0.00    0.47 ^ _196_/A (sky130_fd_sc_hd__nand2_1)
                  0.02    0.03    0.50 v _196_/Y (sky130_fd_sc_hd__nand2_1)
     1    0.00                           _097_ (net)
                  0.02    0.00    0.50 v _198_/A (sky130_fd_sc_hd__and3_1)
                  0.02    0.08    0.58 v _198_/X (sky130_fd_sc_hd__and3_1)
     1    0.00                           _099_ (net)
                  0.02    0.00    0.58 v _199_/A (sky130_fd_sc_hd__clkbuf_1)
                  0.02    0.05    0.63 v _199_/X (sky130_fd_sc_hd__clkbuf_1)
     1    0.00                           _007_ (net)
                  0.02    0.00    0.63 v _315_/D (sky130_fd_sc_hd__dfrtp_2)
                                  0.63   data arrival time

                          0.00    0.00   clock clk (rise edge)
                          0.00    0.00   clock source latency
                  0.06    0.04    0.04 ^ clk (in)
     1    0.02                           clk (net)
                  0.06    0.00    0.04 ^ clkbuf_0_clk/A (sky130_fd_sc_hd__clkbuf_16)
                  0.05    0.11    0.16 ^ clkbuf_0_clk/X (sky130_fd_sc_hd__clkbuf_16)
     4    0.04                           clknet_0_clk (net)
                  0.05    0.00    0.16 ^ clkbuf_2_2__f_clk/A (sky130_fd_sc_hd__clkbuf_16)
                  0.03    0.09    0.25 ^ clkbuf_2_2__f_clk/X (sky130_fd_sc_hd__clkbuf_16)
     6    0.02                           clknet_2_2__leaf_clk (net)
                  0.03    0.00    0.25 ^ _315_/CLK (sky130_fd_sc_hd__dfrtp_2)
                          0.25    0.50   clock uncertainty
                         -0.02    0.48   clock reconvergence pessimism
                         -0.03    0.45   library hold time
                                  0.45   data required time
-----------------------------------------------------------------------------
                                  0.45   data required time
                                 -0.63   data arrival time
-----------------------------------------------------------------------------
                                  0.18   slack (MET)


Startpoint: _315_ (rising edge-triggered flip-flop clocked by clk)
Endpoint: _316_ (rising edge-triggered flip-flop clocked by clk)
Path Group: clk
Path Type: min
Corner: Fastest

Fanout     Cap    Slew   Delay    Time   Description
-----------------------------------------------------------------------------
                          0.00    0.00   clock clk (rise edge)
                          0.00    0.00   clock source latency
                  0.06    0.04    0.04 ^ clk (in)
     1    0.02                           clk (net)
                  0.06    0.00    0.04 ^ clkbuf_0_clk/A (sky130_fd_sc_hd__clkbuf_16)
                  0.05    0.10    0.14 ^ clkbuf_0_clk/X (sky130_fd_sc_hd__clkbuf_16)
     4    0.04                           clknet_0_clk (net)
                  0.05    0.00    0.14 ^ clkbuf_2_2__f_clk/A (sky130_fd_sc_hd__clkbuf_16)
                  0.03    0.08    0.23 ^ clkbuf_2_2__f_clk/X (sky130_fd_sc_hd__clkbuf_16)
     6    0.02                           clknet_2_2__leaf_clk (net)
                  0.03    0.00    0.23 ^ _315_/CLK (sky130_fd_sc_hd__dfrtp_2)
                  0.09    0.25    0.47 ^ _315_/Q (sky130_fd_sc_hd__dfrtp_2)
     7    0.02                           baud_count[1] (net)
                  0.09    0.00    0.47 ^ _200_/A (sky130_fd_sc_hd__nand3_1)
                  0.03    0.03    0.51 v _200_/Y (sky130_fd_sc_hd__nand3_1)
     1    0.00                           _100_ (net)
                  0.03    0.00    0.51 v _202_/A (sky130_fd_sc_hd__and3_1)
                  0.03    0.08    0.59 v _202_/X (sky130_fd_sc_hd__and3_1)
     1    0.00                           _102_ (net)
                  0.03    0.00    0.59 v _203_/A (sky130_fd_sc_hd__clkbuf_1)
                  0.02    0.05    0.64 v _203_/X (sky130_fd_sc_hd__clkbuf_1)
     1    0.00                           _008_ (net)
                  0.02    0.00    0.64 v _316_/D (sky130_fd_sc_hd__dfrtp_1)
                                  0.64   data arrival time

                          0.00    0.00   clock clk (rise edge)
                          0.00    0.00   clock source latency
                  0.06    0.04    0.04 ^ clk (in)
     1    0.02                           clk (net)
                  0.06    0.00    0.04 ^ clkbuf_0_clk/A (sky130_fd_sc_hd__clkbuf_16)
                  0.05    0.11    0.16 ^ clkbuf_0_clk/X (sky130_fd_sc_hd__clkbuf_16)
     4    0.04                           clknet_0_clk (net)
                  0.05    0.00    0.16 ^ clkbuf_2_0__f_clk/A (sky130_fd_sc_hd__clkbuf_16)
                  0.04    0.10    0.26 ^ clkbuf_2_0__f_clk/X (sky130_fd_sc_hd__clkbuf_16)
     9    0.03                           clknet_2_0__leaf_clk (net)
                  0.04    0.00    0.26 ^ _316_/CLK (sky130_fd_sc_hd__dfrtp_1)
                          0.25    0.51   clock uncertainty
                         -0.01    0.49   clock reconvergence pessimism
                         -0.03    0.46   library hold time
                                  0.46   data required time
-----------------------------------------------------------------------------
                                  0.46   data required time
                                 -0.64   data arrival time
-----------------------------------------------------------------------------
                                  0.18   slack (MET)


Startpoint: _324_ (rising edge-triggered flip-flop clocked by clk)
Endpoint: _324_ (rising edge-triggered flip-flop clocked by clk)
Path Group: clk
Path Type: min
Corner: Fastest

Fanout     Cap    Slew   Delay    Time   Description
-----------------------------------------------------------------------------
                          0.00    0.00   clock clk (rise edge)
                          0.00    0.00   clock source latency
                  0.06    0.04    0.04 ^ clk (in)
     1    0.02                           clk (net)
                  0.06    0.00    0.04 ^ clkbuf_0_clk/A (sky130_fd_sc_hd__clkbuf_16)
                  0.05    0.10    0.14 ^ clkbuf_0_clk/X (sky130_fd_sc_hd__clkbuf_16)
     4    0.04                           clknet_0_clk (net)
                  0.05    0.00    0.14 ^ clkbuf_2_1__f_clk/A (sky130_fd_sc_hd__clkbuf_16)
                  0.04    0.09    0.24 ^ clkbuf_2_1__f_clk/X (sky130_fd_sc_hd__clkbuf_16)
    11    0.03                           clknet_2_1__leaf_clk (net)
                  0.04    0.00    0.24 ^ _324_/CLK (sky130_fd_sc_hd__dfrtp_1)
                  0.07    0.22    0.46 ^ _324_/Q (sky130_fd_sc_hd__dfrtp_1)
     3    0.01                           baud_count[10] (net)
                  0.07    0.00    0.46 ^ _229_/A (sky130_fd_sc_hd__inv_2)
                  0.03    0.03    0.49 v _229_/Y (sky130_fd_sc_hd__inv_2)
     3    0.01                           _121_ (net)
                  0.03    0.00    0.49 v _230_/A (sky130_fd_sc_hd__nand2_1)
                  0.02    0.03    0.52 ^ _230_/Y (sky130_fd_sc_hd__nand2_1)
     1    0.00                           _122_ (net)
                  0.02    0.00    0.52 ^ _232_/B (sky130_fd_sc_hd__and3_1)
                  0.04    0.08    0.60 ^ _232_/X (sky130_fd_sc_hd__and3_1)
     1    0.00                           _124_ (net)
                  0.04    0.00    0.60 ^ _233_/A (sky130_fd_sc_hd__clkbuf_1)
                  0.03    0.05    0.65 ^ _233_/X (sky130_fd_sc_hd__clkbuf_1)
     1    0.00                           _001_ (net)
                  0.03    0.00    0.65 ^ _324_/D (sky130_fd_sc_hd__dfrtp_1)
                                  0.65   data arrival time

                          0.00    0.00   clock clk (rise edge)
                          0.00    0.00   clock source latency
                  0.06    0.04    0.04 ^ clk (in)
     1    0.02                           clk (net)
                  0.06    0.00    0.04 ^ clkbuf_0_clk/A (sky130_fd_sc_hd__clkbuf_16)
                  0.05    0.11    0.16 ^ clkbuf_0_clk/X (sky130_fd_sc_hd__clkbuf_16)
     4    0.04                           clknet_0_clk (net)
                  0.05    0.00    0.16 ^ clkbuf_2_1__f_clk/A (sky130_fd_sc_hd__clkbuf_16)
                  0.04    0.10    0.26 ^ clkbuf_2_1__f_clk/X (sky130_fd_sc_hd__clkbuf_16)
    11    0.03                           clknet_2_1__leaf_clk (net)
                  0.04    0.00    0.26 ^ _324_/CLK (sky130_fd_sc_hd__dfrtp_1)
                          0.25    0.51   clock uncertainty
                         -0.02    0.49   clock reconvergence pessimism
                         -0.02    0.47   library hold time
                                  0.47   data required time
-----------------------------------------------------------------------------
                                  0.47   data required time
                                 -0.65   data arrival time
-----------------------------------------------------------------------------
                                  0.18   slack (MET)


Startpoint: _302_ (rising edge-triggered flip-flop clocked by clk)
Endpoint: _302_ (rising edge-triggered flip-flop clocked by clk)
Path Group: clk
Path Type: min
Corner: Fastest

Fanout     Cap    Slew   Delay    Time   Description
-----------------------------------------------------------------------------
                          0.00    0.00   clock clk (rise edge)
                          0.00    0.00   clock source latency
                  0.06    0.04    0.04 ^ clk (in)
     1    0.02                           clk (net)
                  0.06    0.00    0.04 ^ clkbuf_0_clk/A (sky130_fd_sc_hd__clkbuf_16)
                  0.05    0.10    0.14 ^ clkbuf_0_clk/X (sky130_fd_sc_hd__clkbuf_16)
     4    0.04                           clknet_0_clk (net)
                  0.05    0.00    0.14 ^ clkbuf_2_3__f_clk/A (sky130_fd_sc_hd__clkbuf_16)
                  0.04    0.09    0.23 ^ clkbuf_2_3__f_clk/X (sky130_fd_sc_hd__clkbuf_16)
     8    0.03                           clknet_2_3__leaf_clk (net)
                  0.04    0.00    0.23 ^ _302_/CLK (sky130_fd_sc_hd__dfrtp_1)
                  0.10    0.24    0.47 ^ _302_/Q (sky130_fd_sc_hd__dfrtp_1)
     4    0.01                           bit_index[2] (net)
                  0.10    0.00    0.47 ^ _175_/B1 (sky130_fd_sc_hd__a31o_1)
                  0.03    0.05    0.53 ^ _175_/X (sky130_fd_sc_hd__a31o_1)
     1    0.00                           _084_ (net)
                  0.03    0.00    0.53 ^ _176_/B (sky130_fd_sc_hd__and2_1)
                  0.04    0.07    0.60 ^ _176_/X (sky130_fd_sc_hd__and2_1)
     1    0.00                           _085_ (net)
                  0.04    0.00    0.60 ^ _177_/A (sky130_fd_sc_hd__clkbuf_1)
                  0.04    0.05    0.65 ^ _177_/X (sky130_fd_sc_hd__clkbuf_1)
     1    0.00                           _056_ (net)
                  0.04    0.00    0.65 ^ _302_/D (sky130_fd_sc_hd__dfrtp_1)
                                  0.65   data arrival time

                          0.00    0.00   clock clk (rise edge)
                          0.00    0.00   clock source latency
                  0.06    0.04    0.04 ^ clk (in)
     1    0.02                           clk (net)
                  0.06    0.00    0.04 ^ clkbuf_0_clk/A (sky130_fd_sc_hd__clkbuf_16)
                  0.05    0.11    0.16 ^ clkbuf_0_clk/X (sky130_fd_sc_hd__clkbuf_16)
     4    0.04                           clknet_0_clk (net)
                  0.05    0.00    0.16 ^ clkbuf_2_3__f_clk/A (sky130_fd_sc_hd__clkbuf_16)
                  0.04    0.10    0.26 ^ clkbuf_2_3__f_clk/X (sky130_fd_sc_hd__clkbuf_16)
     8    0.03                           clknet_2_3__leaf_clk (net)
                  0.04    0.00    0.26 ^ _302_/CLK (sky130_fd_sc_hd__dfrtp_1)
                          0.25    0.51   clock uncertainty
                         -0.02    0.48   clock reconvergence pessimism
                         -0.02    0.46   library hold time
                                  0.46   data required time
-----------------------------------------------------------------------------
                                  0.46   data required time
                                 -0.65   data arrival time
-----------------------------------------------------------------------------
                                  0.19   slack (MET)


Startpoint: _314_ (rising edge-triggered flip-flop clocked by clk)
Endpoint: _314_ (rising edge-triggered flip-flop clocked by clk)
Path Group: clk
Path Type: min
Corner: Fastest

Fanout     Cap    Slew   Delay    Time   Description
-----------------------------------------------------------------------------
                          0.00    0.00   clock clk (rise edge)
                          0.00    0.00   clock source latency
                  0.06    0.04    0.04 ^ clk (in)
     1    0.02                           clk (net)
                  0.06    0.00    0.04 ^ clkbuf_0_clk/A (sky130_fd_sc_hd__clkbuf_16)
                  0.05    0.10    0.14 ^ clkbuf_0_clk/X (sky130_fd_sc_hd__clkbuf_16)
     4    0.04                           clknet_0_clk (net)
                  0.05    0.00    0.14 ^ clkbuf_2_0__f_clk/A (sky130_fd_sc_hd__clkbuf_16)
                  0.04    0.09    0.23 ^ clkbuf_2_0__f_clk/X (sky130_fd_sc_hd__clkbuf_16)
     9    0.03                           clknet_2_0__leaf_clk (net)
                  0.04    0.00    0.23 ^ _314_/CLK (sky130_fd_sc_hd__dfrtp_4)
                  0.07    0.27    0.50 ^ _314_/Q (sky130_fd_sc_hd__dfrtp_4)
     8    0.02                           baud_count[0] (net)
                  0.07    0.00    0.50 ^ _194_/A_N (sky130_fd_sc_hd__and2b_1)
                  0.02    0.11    0.61 v _194_/X (sky130_fd_sc_hd__and2b_1)
     1    0.00                           _096_ (net)
                  0.02    0.00    0.61 v _195_/A (sky130_fd_sc_hd__clkbuf_1)
                  0.02    0.05    0.66 v _195_/X (sky130_fd_sc_hd__clkbuf_1)
     1    0.00                           _000_ (net)
                  0.02    0.00    0.66 v _314_/D (sky130_fd_sc_hd__dfrtp_4)
                                  0.66   data arrival time

                          0.00    0.00   clock clk (rise edge)
                          0.00    0.00   clock source latency
                  0.06    0.04    0.04 ^ clk (in)
     1    0.02                           clk (net)
                  0.06    0.00    0.04 ^ clkbuf_0_clk/A (sky130_fd_sc_hd__clkbuf_16)
                  0.05    0.11    0.16 ^ clkbuf_0_clk/X (sky130_fd_sc_hd__clkbuf_16)
     4    0.04                           clknet_0_clk (net)
                  0.05    0.00    0.16 ^ clkbuf_2_0__f_clk/A (sky130_fd_sc_hd__clkbuf_16)
                  0.04    0.10    0.26 ^ clkbuf_2_0__f_clk/X (sky130_fd_sc_hd__clkbuf_16)
     9    0.03                           clknet_2_0__leaf_clk (net)
                  0.04    0.00    0.26 ^ _314_/CLK (sky130_fd_sc_hd__dfrtp_4)
                          0.25    0.51   clock uncertainty
                         -0.02    0.48   clock reconvergence pessimism
                         -0.02    0.46   library hold time
                                  0.46   data required time
-----------------------------------------------------------------------------
                                  0.46   data required time
                                 -0.66   data arrival time
-----------------------------------------------------------------------------
                                  0.20   slack (MET)


Startpoint: _327_ (rising edge-triggered flip-flop clocked by clk)
Endpoint: _328_ (rising edge-triggered flip-flop clocked by clk)
Path Group: clk
Path Type: min
Corner: Fastest

Fanout     Cap    Slew   Delay    Time   Description
-----------------------------------------------------------------------------
                          0.00    0.00   clock clk (rise edge)
                          0.00    0.00   clock source latency
                  0.06    0.04    0.04 ^ clk (in)
     1    0.02                           clk (net)
                  0.06    0.00    0.04 ^ clkbuf_0_clk/A (sky130_fd_sc_hd__clkbuf_16)
                  0.05    0.10    0.14 ^ clkbuf_0_clk/X (sky130_fd_sc_hd__clkbuf_16)
     4    0.04                           clknet_0_clk (net)
                  0.05    0.00    0.14 ^ clkbuf_2_1__f_clk/A (sky130_fd_sc_hd__clkbuf_16)
                  0.04    0.09    0.24 ^ clkbuf_2_1__f_clk/X (sky130_fd_sc_hd__clkbuf_16)
    11    0.03                           clknet_2_1__leaf_clk (net)
                  0.04    0.00    0.24 ^ _327_/CLK (sky130_fd_sc_hd__dfrtp_1)
                  0.08    0.22    0.46 ^ _327_/Q (sky130_fd_sc_hd__dfrtp_1)
     4    0.01                           baud_count[13] (net)
                  0.08    0.00    0.46 ^ _242_/A (sky130_fd_sc_hd__and3_1)
                  0.10    0.13    0.59 ^ _242_/X (sky130_fd_sc_hd__and3_1)
     3    0.01                           _131_ (net)
                  0.10    0.00    0.59 ^ _247_/A2 (sky130_fd_sc_hd__o21a_1)
                  0.03    0.07    0.66 ^ _247_/X (sky130_fd_sc_hd__o21a_1)
     1    0.00                           _005_ (net)
                  0.03    0.00    0.66 ^ _328_/D (sky130_fd_sc_hd__dfrtp_1)
                                  0.66   data arrival time

                          0.00    0.00   clock clk (rise edge)
                          0.00    0.00   clock source latency
                  0.06    0.04    0.04 ^ clk (in)
     1    0.02                           clk (net)
                  0.06    0.00    0.04 ^ clkbuf_0_clk/A (sky130_fd_sc_hd__clkbuf_16)
                  0.05    0.11    0.16 ^ clkbuf_0_clk/X (sky130_fd_sc_hd__clkbuf_16)
     4    0.04                           clknet_0_clk (net)
                  0.05    0.00    0.16 ^ clkbuf_2_1__f_clk/A (sky130_fd_sc_hd__clkbuf_16)
                  0.04    0.10    0.26 ^ clkbuf_2_1__f_clk/X (sky130_fd_sc_hd__clkbuf_16)
    11    0.03                           clknet_2_1__leaf_clk (net)
                  0.04    0.00    0.26 ^ _328_/CLK (sky130_fd_sc_hd__dfrtp_1)
                          0.25    0.51   clock uncertainty
                         -0.02    0.49   clock reconvergence pessimism
                         -0.02    0.47   library hold time
                                  0.47   data required time
-----------------------------------------------------------------------------
                                  0.47   data required time
                                 -0.66   data arrival time
-----------------------------------------------------------------------------
                                  0.20   slack (MET)


Startpoint: _296_ (rising edge-triggered flip-flop clocked by clk)
Endpoint: _298_ (rising edge-triggered flip-flop clocked by clk)
Path Group: clk
Path Type: min
Corner: Fastest

Fanout     Cap    Slew   Delay    Time   Description
-----------------------------------------------------------------------------
                          0.00    0.00   clock clk (rise edge)
                          0.00    0.00   clock source latency
                  0.06    0.04    0.04 ^ clk (in)
     1    0.02                           clk (net)
                  0.06    0.00    0.04 ^ clkbuf_0_clk/A (sky130_fd_sc_hd__clkbuf_16)
                  0.05    0.10    0.14 ^ clkbuf_0_clk/X (sky130_fd_sc_hd__clkbuf_16)
     4    0.04                           clknet_0_clk (net)
                  0.05    0.00    0.14 ^ clkbuf_2_1__f_clk/A (sky130_fd_sc_hd__clkbuf_16)
                  0.04    0.09    0.24 ^ clkbuf_2_1__f_clk/X (sky130_fd_sc_hd__clkbuf_16)
    11    0.03                           clknet_2_1__leaf_clk (net)
                  0.04    0.00    0.24 ^ _296_/CLK (sky130_fd_sc_hd__dfstp_1)
                  0.06    0.24    0.48 v _296_/Q (sky130_fd_sc_hd__dfstp_1)
     4    0.02                           state[0] (net)
                  0.06    0.00    0.48 v _148_/B (sky130_fd_sc_hd__nand2_4)
                  0.10    0.11    0.59 ^ _148_/Y (sky130_fd_sc_hd__nand2_4)
     9    0.04                           _066_ (net)
                  0.10    0.00    0.59 ^ _185_/B1_N (sky130_fd_sc_hd__a21bo_1)
                  0.02    0.10    0.69 v _185_/X (sky130_fd_sc_hd__a21bo_1)
     1    0.00                           _018_ (net)
                  0.02    0.00    0.69 v _298_/D (sky130_fd_sc_hd__dfrtp_1)
                                  0.69   data arrival time

                          0.00    0.00   clock clk (rise edge)
                          0.00    0.00   clock source latency
                  0.06    0.04    0.04 ^ clk (in)
     1    0.02                           clk (net)
                  0.06    0.00    0.04 ^ clkbuf_0_clk/A (sky130_fd_sc_hd__clkbuf_16)
                  0.05    0.11    0.16 ^ clkbuf_0_clk/X (sky130_fd_sc_hd__clkbuf_16)
     4    0.04                           clknet_0_clk (net)
                  0.05    0.00    0.16 ^ clkbuf_2_0__f_clk/A (sky130_fd_sc_hd__clkbuf_16)
                  0.04    0.10    0.26 ^ clkbuf_2_0__f_clk/X (sky130_fd_sc_hd__clkbuf_16)
     9    0.03                           clknet_2_0__leaf_clk (net)
                  0.04    0.00    0.26 ^ _298_/CLK (sky130_fd_sc_hd__dfrtp_1)
                          0.25    0.51   clock uncertainty
                         -0.01    0.49   clock reconvergence pessimism
                         -0.03    0.47   library hold time
                                  0.47   data required time
-----------------------------------------------------------------------------
                                  0.47   data required time
                                 -0.69   data arrival time
-----------------------------------------------------------------------------
                                  0.22   slack (MET)


Startpoint: _297_ (rising edge-triggered flip-flop clocked by clk)
Endpoint: _303_ (rising edge-triggered flip-flop clocked by clk)
Path Group: clk
Path Type: min
Corner: Fastest

Fanout     Cap    Slew   Delay    Time   Description
-----------------------------------------------------------------------------
                          0.00    0.00   clock clk (rise edge)
                          0.00    0.00   clock source latency
                  0.06    0.04    0.04 ^ clk (in)
     1    0.02                           clk (net)
                  0.06    0.00    0.04 ^ clkbuf_0_clk/A (sky130_fd_sc_hd__clkbuf_16)
                  0.05    0.10    0.14 ^ clkbuf_0_clk/X (sky130_fd_sc_hd__clkbuf_16)
     4    0.04                           clknet_0_clk (net)
                  0.05    0.00    0.14 ^ clkbuf_2_2__f_clk/A (sky130_fd_sc_hd__clkbuf_16)
                  0.03    0.08    0.23 ^ clkbuf_2_2__f_clk/X (sky130_fd_sc_hd__clkbuf_16)
     6    0.02                           clknet_2_2__leaf_clk (net)
                  0.03    0.00    0.23 ^ _297_/CLK (sky130_fd_sc_hd__dfrtp_4)
                  0.08    0.27    0.50 ^ _297_/Q (sky130_fd_sc_hd__dfrtp_4)
     8    0.03                           state[1] (net)
                  0.08    0.00    0.50 ^ _172_/A1 (sky130_fd_sc_hd__a21bo_1)
                  0.03    0.07    0.57 ^ _172_/X (sky130_fd_sc_hd__a21bo_1)
     2    0.00                           _082_ (net)
                  0.03    0.00    0.57 ^ _173_/B (sky130_fd_sc_hd__and2_1)
                  0.03    0.07    0.64 ^ _173_/X (sky130_fd_sc_hd__and2_1)
     1    0.00                           _083_ (net)
                  0.03    0.00    0.64 ^ _174_/A (sky130_fd_sc_hd__clkbuf_1)
                  0.03    0.05    0.69 ^ _174_/X (sky130_fd_sc_hd__clkbuf_1)
     1    0.00                           _057_ (net)
                  0.03    0.00    0.69 ^ _303_/D (sky130_fd_sc_hd__dfrtp_1)
                                  0.69   data arrival time

                          0.00    0.00   clock clk (rise edge)
                          0.00    0.00   clock source latency
                  0.06    0.04    0.04 ^ clk (in)
     1    0.02                           clk (net)
                  0.06    0.00    0.04 ^ clkbuf_0_clk/A (sky130_fd_sc_hd__clkbuf_16)
                  0.05    0.11    0.16 ^ clkbuf_0_clk/X (sky130_fd_sc_hd__clkbuf_16)
     4    0.04                           clknet_0_clk (net)
                  0.05    0.00    0.16 ^ clkbuf_2_2__f_clk/A (sky130_fd_sc_hd__clkbuf_16)
                  0.03    0.09    0.25 ^ clkbuf_2_2__f_clk/X (sky130_fd_sc_hd__clkbuf_16)
     6    0.02                           clknet_2_2__leaf_clk (net)
                  0.03    0.00    0.25 ^ _303_/CLK (sky130_fd_sc_hd__dfrtp_1)
                          0.25    0.50   clock uncertainty
                         -0.02    0.48   clock reconvergence pessimism
                         -0.02    0.46   library hold time
                                  0.46   data required time
-----------------------------------------------------------------------------
                                  0.46   data required time
                                 -0.69   data arrival time
-----------------------------------------------------------------------------
                                  0.24   slack (MET)


Startpoint: _296_ (rising edge-triggered flip-flop clocked by clk)
Endpoint: _309_ (rising edge-triggered flip-flop clocked by clk)
Path Group: clk
Path Type: min
Corner: Fastest

Fanout     Cap    Slew   Delay    Time   Description
-----------------------------------------------------------------------------
                          0.00    0.00   clock clk (rise edge)
                          0.00    0.00   clock source latency
                  0.06    0.04    0.04 ^ clk (in)
     1    0.02                           clk (net)
                  0.06    0.00    0.04 ^ clkbuf_0_clk/A (sky130_fd_sc_hd__clkbuf_16)
                  0.05    0.10    0.14 ^ clkbuf_0_clk/X (sky130_fd_sc_hd__clkbuf_16)
     4    0.04                           clknet_0_clk (net)
                  0.05    0.00    0.14 ^ clkbuf_2_1__f_clk/A (sky130_fd_sc_hd__clkbuf_16)
                  0.04    0.09    0.24 ^ clkbuf_2_1__f_clk/X (sky130_fd_sc_hd__clkbuf_16)
    11    0.03                           clknet_2_1__leaf_clk (net)
                  0.04    0.00    0.24 ^ _296_/CLK (sky130_fd_sc_hd__dfstp_1)
                  0.06    0.24    0.48 v _296_/Q (sky130_fd_sc_hd__dfstp_1)
     4    0.02                           state[0] (net)
                  0.06    0.00    0.48 v _148_/B (sky130_fd_sc_hd__nand2_4)
                  0.10    0.11    0.59 ^ _148_/Y (sky130_fd_sc_hd__nand2_4)
     9    0.04                           _066_ (net)
                  0.10    0.00    0.59 ^ _157_/S (sky130_fd_sc_hd__mux2_1)
                  0.03    0.09    0.68 ^ _157_/X (sky130_fd_sc_hd__mux2_1)
     1    0.00                           _071_ (net)
                  0.03    0.00    0.68 ^ _158_/A (sky130_fd_sc_hd__clkbuf_1)
                  0.03    0.05    0.72 ^ _158_/X (sky130_fd_sc_hd__clkbuf_1)
     1    0.00                           _061_ (net)
                  0.03    0.00    0.72 ^ _309_/D (sky130_fd_sc_hd__dfrtp_1)
                                  0.72   data arrival time

                          0.00    0.00   clock clk (rise edge)
                          0.00    0.00   clock source latency
                  0.06    0.04    0.04 ^ clk (in)
     1    0.02                           clk (net)
                  0.06    0.00    0.04 ^ clkbuf_0_clk/A (sky130_fd_sc_hd__clkbuf_16)
                  0.05    0.11    0.16 ^ clkbuf_0_clk/X (sky130_fd_sc_hd__clkbuf_16)
     4    0.04                           clknet_0_clk (net)
                  0.05    0.00    0.16 ^ clkbuf_2_3__f_clk/A (sky130_fd_sc_hd__clkbuf_16)
                  0.04    0.10    0.26 ^ clkbuf_2_3__f_clk/X (sky130_fd_sc_hd__clkbuf_16)
     8    0.03                           clknet_2_3__leaf_clk (net)
                  0.04    0.00    0.26 ^ _309_/CLK (sky130_fd_sc_hd__dfrtp_1)
                          0.25    0.51   clock uncertainty
                         -0.01    0.49   clock reconvergence pessimism
                         -0.02    0.47   library hold time
                                  0.47   data required time
-----------------------------------------------------------------------------
                                  0.47   data required time
                                 -0.72   data arrival time
-----------------------------------------------------------------------------
                                  0.25   slack (MET)


Startpoint: _296_ (rising edge-triggered flip-flop clocked by clk)
Endpoint: _313_ (rising edge-triggered flip-flop clocked by clk)
Path Group: clk
Path Type: min
Corner: Fastest

Fanout     Cap    Slew   Delay    Time   Description
-----------------------------------------------------------------------------
                          0.00    0.00   clock clk (rise edge)
                          0.00    0.00   clock source latency
                  0.06    0.04    0.04 ^ clk (in)
     1    0.02                           clk (net)
                  0.06    0.00    0.04 ^ clkbuf_0_clk/A (sky130_fd_sc_hd__clkbuf_16)
                  0.05    0.10    0.14 ^ clkbuf_0_clk/X (sky130_fd_sc_hd__clkbuf_16)
     4    0.04                           clknet_0_clk (net)
                  0.05    0.00    0.14 ^ clkbuf_2_1__f_clk/A (sky130_fd_sc_hd__clkbuf_16)
                  0.04    0.09    0.24 ^ clkbuf_2_1__f_clk/X (sky130_fd_sc_hd__clkbuf_16)
    11    0.03                           clknet_2_1__leaf_clk (net)
                  0.04    0.00    0.24 ^ _296_/CLK (sky130_fd_sc_hd__dfstp_1)
                  0.06    0.24    0.48 v _296_/Q (sky130_fd_sc_hd__dfstp_1)
     4    0.02                           state[0] (net)
                  0.06    0.00    0.48 v _148_/B (sky130_fd_sc_hd__nand2_4)
                  0.10    0.11    0.59 ^ _148_/Y (sky130_fd_sc_hd__nand2_4)
     9    0.04                           _066_ (net)
                  0.10    0.00    0.59 ^ _149_/S (sky130_fd_sc_hd__mux2_1)
                  0.03    0.09    0.68 ^ _149_/X (sky130_fd_sc_hd__mux2_1)
     1    0.00                           _067_ (net)
                  0.03    0.00    0.68 ^ _150_/A (sky130_fd_sc_hd__clkbuf_1)
                  0.03    0.05    0.72 ^ _150_/X (sky130_fd_sc_hd__clkbuf_1)
     1    0.00                           _065_ (net)
                  0.03    0.00    0.72 ^ _313_/D (sky130_fd_sc_hd__dfrtp_1)
                                  0.72   data arrival time

                          0.00    0.00   clock clk (rise edge)
                          0.00    0.00   clock source latency
                  0.06    0.04    0.04 ^ clk (in)
     1    0.02                           clk (net)
                  0.06    0.00    0.04 ^ clkbuf_0_clk/A (sky130_fd_sc_hd__clkbuf_16)
                  0.05    0.11    0.16 ^ clkbuf_0_clk/X (sky130_fd_sc_hd__clkbuf_16)
     4    0.04                           clknet_0_clk (net)
                  0.05    0.00    0.16 ^ clkbuf_2_3__f_clk/A (sky130_fd_sc_hd__clkbuf_16)
                  0.04    0.10    0.26 ^ clkbuf_2_3__f_clk/X (sky130_fd_sc_hd__clkbuf_16)
     8    0.03                           clknet_2_3__leaf_clk (net)
                  0.04    0.00    0.26 ^ _313_/CLK (sky130_fd_sc_hd__dfrtp_1)
                          0.25    0.51   clock uncertainty
                         -0.01    0.49   clock reconvergence pessimism
                         -0.02    0.47   library hold time
                                  0.47   data required time
-----------------------------------------------------------------------------
                                  0.47   data required time
                                 -0.72   data arrival time
-----------------------------------------------------------------------------
                                  0.25   slack (MET)


Startpoint: _296_ (rising edge-triggered flip-flop clocked by clk)
Endpoint: _311_ (rising edge-triggered flip-flop clocked by clk)
Path Group: clk
Path Type: min
Corner: Fastest

Fanout     Cap    Slew   Delay    Time   Description
-----------------------------------------------------------------------------
                          0.00    0.00   clock clk (rise edge)
                          0.00    0.00   clock source latency
                  0.06    0.04    0.04 ^ clk (in)
     1    0.02                           clk (net)
                  0.06    0.00    0.04 ^ clkbuf_0_clk/A (sky130_fd_sc_hd__clkbuf_16)
                  0.05    0.10    0.14 ^ clkbuf_0_clk/X (sky130_fd_sc_hd__clkbuf_16)
     4    0.04                           clknet_0_clk (net)
                  0.05    0.00    0.14 ^ clkbuf_2_1__f_clk/A (sky130_fd_sc_hd__clkbuf_16)
                  0.04    0.09    0.24 ^ clkbuf_2_1__f_clk/X (sky130_fd_sc_hd__clkbuf_16)
    11    0.03                           clknet_2_1__leaf_clk (net)
                  0.04    0.00    0.24 ^ _296_/CLK (sky130_fd_sc_hd__dfstp_1)
                  0.06    0.24    0.48 v _296_/Q (sky130_fd_sc_hd__dfstp_1)
     4    0.02                           state[0] (net)
                  0.06    0.00    0.48 v _148_/B (sky130_fd_sc_hd__nand2_4)
                  0.10    0.11    0.59 ^ _148_/Y (sky130_fd_sc_hd__nand2_4)
     9    0.04                           _066_ (net)
                  0.10    0.00    0.59 ^ _153_/S (sky130_fd_sc_hd__mux2_1)
                  0.03    0.09    0.68 ^ _153_/X (sky130_fd_sc_hd__mux2_1)
     1    0.00                           _069_ (net)
                  0.03    0.00    0.68 ^ _154_/A (sky130_fd_sc_hd__clkbuf_1)
                  0.03    0.05    0.73 ^ _154_/X (sky130_fd_sc_hd__clkbuf_1)
     1    0.00                           _063_ (net)
                  0.03    0.00    0.73 ^ _311_/D (sky130_fd_sc_hd__dfrtp_1)
                                  0.73   data arrival time

                          0.00    0.00   clock clk (rise edge)
                          0.00    0.00   clock source latency
                  0.06    0.04    0.04 ^ clk (in)
     1    0.02                           clk (net)
                  0.06    0.00    0.04 ^ clkbuf_0_clk/A (sky130_fd_sc_hd__clkbuf_16)
                  0.05    0.11    0.16 ^ clkbuf_0_clk/X (sky130_fd_sc_hd__clkbuf_16)
     4    0.04                           clknet_0_clk (net)
                  0.05    0.00    0.16 ^ clkbuf_2_3__f_clk/A (sky130_fd_sc_hd__clkbuf_16)
                  0.04    0.10    0.26 ^ clkbuf_2_3__f_clk/X (sky130_fd_sc_hd__clkbuf_16)
     8    0.03                           clknet_2_3__leaf_clk (net)
                  0.04    0.00    0.26 ^ _311_/CLK (sky130_fd_sc_hd__dfrtp_1)
                          0.25    0.51   clock uncertainty
                         -0.01    0.49   clock reconvergence pessimism
                         -0.02    0.47   library hold time
                                  0.47   data required time
-----------------------------------------------------------------------------
                                  0.47   data required time
                                 -0.73   data arrival time
-----------------------------------------------------------------------------
                                  0.26   slack (MET)


Startpoint: _296_ (rising edge-triggered flip-flop clocked by clk)
Endpoint: _310_ (rising edge-triggered flip-flop clocked by clk)
Path Group: clk
Path Type: min
Corner: Fastest

Fanout     Cap    Slew   Delay    Time   Description
-----------------------------------------------------------------------------
                          0.00    0.00   clock clk (rise edge)
                          0.00    0.00   clock source latency
                  0.06    0.04    0.04 ^ clk (in)
     1    0.02                           clk (net)
                  0.06    0.00    0.04 ^ clkbuf_0_clk/A (sky130_fd_sc_hd__clkbuf_16)
                  0.05    0.10    0.14 ^ clkbuf_0_clk/X (sky130_fd_sc_hd__clkbuf_16)
     4    0.04                           clknet_0_clk (net)
                  0.05    0.00    0.14 ^ clkbuf_2_1__f_clk/A (sky130_fd_sc_hd__clkbuf_16)
                  0.04    0.09    0.24 ^ clkbuf_2_1__f_clk/X (sky130_fd_sc_hd__clkbuf_16)
    11    0.03                           clknet_2_1__leaf_clk (net)
                  0.04    0.00    0.24 ^ _296_/CLK (sky130_fd_sc_hd__dfstp_1)
                  0.06    0.24    0.48 v _296_/Q (sky130_fd_sc_hd__dfstp_1)
     4    0.02                           state[0] (net)
                  0.06    0.00    0.48 v _148_/B (sky130_fd_sc_hd__nand2_4)
                  0.10    0.11    0.59 ^ _148_/Y (sky130_fd_sc_hd__nand2_4)
     9    0.04                           _066_ (net)
                  0.10    0.00    0.59 ^ _155_/S (sky130_fd_sc_hd__mux2_1)
                  0.03    0.09    0.68 ^ _155_/X (sky130_fd_sc_hd__mux2_1)
     1    0.00                           _070_ (net)
                  0.03    0.00    0.68 ^ _156_/A (sky130_fd_sc_hd__clkbuf_1)
                  0.03    0.05    0.73 ^ _156_/X (sky130_fd_sc_hd__clkbuf_1)
     1    0.00                           _062_ (net)
                  0.03    0.00    0.73 ^ _310_/D (sky130_fd_sc_hd__dfrtp_1)
                                  0.73   data arrival time

                          0.00    0.00   clock clk (rise edge)
                          0.00    0.00   clock source latency
                  0.06    0.04    0.04 ^ clk (in)
     1    0.02                           clk (net)
                  0.06    0.00    0.04 ^ clkbuf_0_clk/A (sky130_fd_sc_hd__clkbuf_16)
                  0.05    0.11    0.16 ^ clkbuf_0_clk/X (sky130_fd_sc_hd__clkbuf_16)
     4    0.04                           clknet_0_clk (net)
                  0.05    0.00    0.16 ^ clkbuf_2_3__f_clk/A (sky130_fd_sc_hd__clkbuf_16)
                  0.04    0.10    0.26 ^ clkbuf_2_3__f_clk/X (sky130_fd_sc_hd__clkbuf_16)
     8    0.03                           clknet_2_3__leaf_clk (net)
                  0.04    0.00    0.26 ^ _310_/CLK (sky130_fd_sc_hd__dfrtp_1)
                          0.25    0.51   clock uncertainty
                         -0.01    0.49   clock reconvergence pessimism
                         -0.02    0.47   library hold time
                                  0.47   data required time
-----------------------------------------------------------------------------
                                  0.47   data required time
                                 -0.73   data arrival time
-----------------------------------------------------------------------------
                                  0.26   slack (MET)


Startpoint: _296_ (rising edge-triggered flip-flop clocked by clk)
Endpoint: _312_ (rising edge-triggered flip-flop clocked by clk)
Path Group: clk
Path Type: min
Corner: Fastest

Fanout     Cap    Slew   Delay    Time   Description
-----------------------------------------------------------------------------
                          0.00    0.00   clock clk (rise edge)
                          0.00    0.00   clock source latency
                  0.06    0.04    0.04 ^ clk (in)
     1    0.02                           clk (net)
                  0.06    0.00    0.04 ^ clkbuf_0_clk/A (sky130_fd_sc_hd__clkbuf_16)
                  0.05    0.10    0.14 ^ clkbuf_0_clk/X (sky130_fd_sc_hd__clkbuf_16)
     4    0.04                           clknet_0_clk (net)
                  0.05    0.00    0.14 ^ clkbuf_2_1__f_clk/A (sky130_fd_sc_hd__clkbuf_16)
                  0.04    0.09    0.24 ^ clkbuf_2_1__f_clk/X (sky130_fd_sc_hd__clkbuf_16)
    11    0.03                           clknet_2_1__leaf_clk (net)
                  0.04    0.00    0.24 ^ _296_/CLK (sky130_fd_sc_hd__dfstp_1)
                  0.06    0.24    0.48 v _296_/Q (sky130_fd_sc_hd__dfstp_1)
     4    0.02                           state[0] (net)
                  0.06    0.00    0.48 v _148_/B (sky130_fd_sc_hd__nand2_4)
                  0.10    0.11    0.59 ^ _148_/Y (sky130_fd_sc_hd__nand2_4)
     9    0.04                           _066_ (net)
                  0.10    0.00    0.59 ^ _151_/S (sky130_fd_sc_hd__mux2_1)
                  0.03    0.09    0.68 ^ _151_/X (sky130_fd_sc_hd__mux2_1)
     1    0.00                           _068_ (net)
                  0.03    0.00    0.68 ^ _152_/A (sky130_fd_sc_hd__clkbuf_1)
                  0.03    0.05    0.73 ^ _152_/X (sky130_fd_sc_hd__clkbuf_1)
     1    0.00                           _064_ (net)
                  0.03    0.00    0.73 ^ _312_/D (sky130_fd_sc_hd__dfrtp_1)
                                  0.73   data arrival time

                          0.00    0.00   clock clk (rise edge)
                          0.00    0.00   clock source latency
                  0.06    0.04    0.04 ^ clk (in)
     1    0.02                           clk (net)
                  0.06    0.00    0.04 ^ clkbuf_0_clk/A (sky130_fd_sc_hd__clkbuf_16)
                  0.05    0.11    0.16 ^ clkbuf_0_clk/X (sky130_fd_sc_hd__clkbuf_16)
     4    0.04                           clknet_0_clk (net)
                  0.05    0.00    0.16 ^ clkbuf_2_3__f_clk/A (sky130_fd_sc_hd__clkbuf_16)
                  0.04    0.10    0.26 ^ clkbuf_2_3__f_clk/X (sky130_fd_sc_hd__clkbuf_16)
     8    0.03                           clknet_2_3__leaf_clk (net)
                  0.04    0.00    0.26 ^ _312_/CLK (sky130_fd_sc_hd__dfrtp_1)
                          0.25    0.51   clock uncertainty
                         -0.01    0.49   clock reconvergence pessimism
                         -0.02    0.47   library hold time
                                  0.47   data required time
-----------------------------------------------------------------------------
                                  0.47   data required time
                                 -0.73   data arrival time
-----------------------------------------------------------------------------
                                  0.26   slack (MET)


Startpoint: _296_ (rising edge-triggered flip-flop clocked by clk)
Endpoint: _307_ (rising edge-triggered flip-flop clocked by clk)
Path Group: clk
Path Type: min
Corner: Fastest

Fanout     Cap    Slew   Delay    Time   Description
-----------------------------------------------------------------------------
                          0.00    0.00   clock clk (rise edge)
                          0.00    0.00   clock source latency
                  0.06    0.04    0.04 ^ clk (in)
     1    0.02                           clk (net)
                  0.06    0.00    0.04 ^ clkbuf_0_clk/A (sky130_fd_sc_hd__clkbuf_16)
                  0.05    0.10    0.14 ^ clkbuf_0_clk/X (sky130_fd_sc_hd__clkbuf_16)
     4    0.04                           clknet_0_clk (net)
                  0.05    0.00    0.14 ^ clkbuf_2_1__f_clk/A (sky130_fd_sc_hd__clkbuf_16)
                  0.04    0.09    0.24 ^ clkbuf_2_1__f_clk/X (sky130_fd_sc_hd__clkbuf_16)
    11    0.03                           clknet_2_1__leaf_clk (net)
                  0.04    0.00    0.24 ^ _296_/CLK (sky130_fd_sc_hd__dfstp_1)
                  0.06    0.24    0.48 v _296_/Q (sky130_fd_sc_hd__dfstp_1)
     4    0.02                           state[0] (net)
                  0.06    0.00    0.48 v _148_/B (sky130_fd_sc_hd__nand2_4)
                  0.10    0.11    0.59 ^ _148_/Y (sky130_fd_sc_hd__nand2_4)
     9    0.04                           _066_ (net)
                  0.10    0.00    0.59 ^ _161_/S (sky130_fd_sc_hd__mux2_1)
                  0.03    0.09    0.68 ^ _161_/X (sky130_fd_sc_hd__mux2_1)
     1    0.00                           _073_ (net)
                  0.03    0.00    0.68 ^ _162_/A (sky130_fd_sc_hd__clkbuf_1)
                  0.03    0.05    0.72 ^ _162_/X (sky130_fd_sc_hd__clkbuf_1)
     1    0.00                           _059_ (net)
                  0.03    0.00    0.72 ^ _307_/D (sky130_fd_sc_hd__dfrtp_1)
                                  0.72   data arrival time

                          0.00    0.00   clock clk (rise edge)
                          0.00    0.00   clock source latency
                  0.06    0.04    0.04 ^ clk (in)
     1    0.02                           clk (net)
                  0.06    0.00    0.04 ^ clkbuf_0_clk/A (sky130_fd_sc_hd__clkbuf_16)
                  0.05    0.11    0.16 ^ clkbuf_0_clk/X (sky130_fd_sc_hd__clkbuf_16)
     4    0.04                           clknet_0_clk (net)
                  0.05    0.00    0.16 ^ clkbuf_2_1__f_clk/A (sky130_fd_sc_hd__clkbuf_16)
                  0.04    0.10    0.26 ^ clkbuf_2_1__f_clk/X (sky130_fd_sc_hd__clkbuf_16)
    11    0.03                           clknet_2_1__leaf_clk (net)
                  0.04    0.00    0.26 ^ _307_/CLK (sky130_fd_sc_hd__dfrtp_1)
                          0.25    0.51   clock uncertainty
                         -0.02    0.49   clock reconvergence pessimism
                         -0.02    0.47   library hold time
                                  0.47   data required time
-----------------------------------------------------------------------------
                                  0.47   data required time
                                 -0.72   data arrival time
-----------------------------------------------------------------------------
                                  0.26   slack (MET)


Startpoint: _296_ (rising edge-triggered flip-flop clocked by clk)
Endpoint: _308_ (rising edge-triggered flip-flop clocked by clk)
Path Group: clk
Path Type: min
Corner: Fastest

Fanout     Cap    Slew   Delay    Time   Description
-----------------------------------------------------------------------------
                          0.00    0.00   clock clk (rise edge)
                          0.00    0.00   clock source latency
                  0.06    0.04    0.04 ^ clk (in)
     1    0.02                           clk (net)
                  0.06    0.00    0.04 ^ clkbuf_0_clk/A (sky130_fd_sc_hd__clkbuf_16)
                  0.05    0.10    0.14 ^ clkbuf_0_clk/X (sky130_fd_sc_hd__clkbuf_16)
     4    0.04                           clknet_0_clk (net)
                  0.05    0.00    0.14 ^ clkbuf_2_1__f_clk/A (sky130_fd_sc_hd__clkbuf_16)
                  0.04    0.09    0.24 ^ clkbuf_2_1__f_clk/X (sky130_fd_sc_hd__clkbuf_16)
    11    0.03                           clknet_2_1__leaf_clk (net)
                  0.04    0.00    0.24 ^ _296_/CLK (sky130_fd_sc_hd__dfstp_1)
                  0.06    0.24    0.48 v _296_/Q (sky130_fd_sc_hd__dfstp_1)
     4    0.02                           state[0] (net)
                  0.06    0.00    0.48 v _148_/B (sky130_fd_sc_hd__nand2_4)
                  0.10    0.11    0.59 ^ _148_/Y (sky130_fd_sc_hd__nand2_4)
     9    0.04                           _066_ (net)
                  0.10    0.00    0.59 ^ _159_/S (sky130_fd_sc_hd__mux2_1)
                  0.03    0.09    0.68 ^ _159_/X (sky130_fd_sc_hd__mux2_1)
     1    0.00                           _072_ (net)
                  0.03    0.00    0.68 ^ _160_/A (sky130_fd_sc_hd__clkbuf_1)
                  0.03    0.05    0.73 ^ _160_/X (sky130_fd_sc_hd__clkbuf_1)
     1    0.00                           _060_ (net)
                  0.03    0.00    0.73 ^ _308_/D (sky130_fd_sc_hd__dfrtp_1)
                                  0.73   data arrival time

                          0.00    0.00   clock clk (rise edge)
                          0.00    0.00   clock source latency
                  0.06    0.04    0.04 ^ clk (in)
     1    0.02                           clk (net)
                  0.06    0.00    0.04 ^ clkbuf_0_clk/A (sky130_fd_sc_hd__clkbuf_16)
                  0.05    0.11    0.16 ^ clkbuf_0_clk/X (sky130_fd_sc_hd__clkbuf_16)
     4    0.04                           clknet_0_clk (net)
                  0.05    0.00    0.16 ^ clkbuf_2_1__f_clk/A (sky130_fd_sc_hd__clkbuf_16)
                  0.04    0.10    0.26 ^ clkbuf_2_1__f_clk/X (sky130_fd_sc_hd__clkbuf_16)
    11    0.03                           clknet_2_1__leaf_clk (net)
                  0.04    0.00    0.26 ^ _308_/CLK (sky130_fd_sc_hd__dfrtp_1)
                          0.25    0.51   clock uncertainty
                         -0.02    0.49   clock reconvergence pessimism
                         -0.02    0.47   library hold time
                                  0.47   data required time
-----------------------------------------------------------------------------
                                  0.47   data required time
                                 -0.73   data arrival time
-----------------------------------------------------------------------------
                                  0.26   slack (MET)


Startpoint: _296_ (rising edge-triggered flip-flop clocked by clk)
Endpoint: _306_ (rising edge-triggered flip-flop clocked by clk)
Path Group: clk
Path Type: min
Corner: Fastest

Fanout     Cap    Slew   Delay    Time   Description
-----------------------------------------------------------------------------
                          0.00    0.00   clock clk (rise edge)
                          0.00    0.00   clock source latency
                  0.06    0.04    0.04 ^ clk (in)
     1    0.02                           clk (net)
                  0.06    0.00    0.04 ^ clkbuf_0_clk/A (sky130_fd_sc_hd__clkbuf_16)
                  0.05    0.10    0.14 ^ clkbuf_0_clk/X (sky130_fd_sc_hd__clkbuf_16)
     4    0.04                           clknet_0_clk (net)
                  0.05    0.00    0.14 ^ clkbuf_2_1__f_clk/A (sky130_fd_sc_hd__clkbuf_16)
                  0.04    0.09    0.24 ^ clkbuf_2_1__f_clk/X (sky130_fd_sc_hd__clkbuf_16)
    11    0.03                           clknet_2_1__leaf_clk (net)
                  0.04    0.00    0.24 ^ _296_/CLK (sky130_fd_sc_hd__dfstp_1)
                  0.06    0.24    0.48 v _296_/Q (sky130_fd_sc_hd__dfstp_1)
     4    0.02                           state[0] (net)
                  0.06    0.00    0.48 v _148_/B (sky130_fd_sc_hd__nand2_4)
                  0.10    0.11    0.59 ^ _148_/Y (sky130_fd_sc_hd__nand2_4)
     9    0.04                           _066_ (net)
                  0.10    0.00    0.59 ^ _163_/S (sky130_fd_sc_hd__mux2_1)
                  0.03    0.09    0.68 ^ _163_/X (sky130_fd_sc_hd__mux2_1)
     1    0.00                           _074_ (net)
                  0.03    0.00    0.68 ^ _164_/A (sky130_fd_sc_hd__clkbuf_1)
                  0.04    0.05    0.73 ^ _164_/X (sky130_fd_sc_hd__clkbuf_1)
     1    0.00                           _058_ (net)
                  0.04    0.00    0.73 ^ _306_/D (sky130_fd_sc_hd__dfrtp_1)
                                  0.73   data arrival time

                          0.00    0.00   clock clk (rise edge)
                          0.00    0.00   clock source latency
                  0.06    0.04    0.04 ^ clk (in)
     1    0.02                           clk (net)
                  0.06    0.00    0.04 ^ clkbuf_0_clk/A (sky130_fd_sc_hd__clkbuf_16)
                  0.05    0.11    0.16 ^ clkbuf_0_clk/X (sky130_fd_sc_hd__clkbuf_16)
     4    0.04                           clknet_0_clk (net)
                  0.05    0.00    0.16 ^ clkbuf_2_1__f_clk/A (sky130_fd_sc_hd__clkbuf_16)
                  0.04    0.10    0.26 ^ clkbuf_2_1__f_clk/X (sky130_fd_sc_hd__clkbuf_16)
    11    0.03                           clknet_2_1__leaf_clk (net)
                  0.04    0.00    0.26 ^ _306_/CLK (sky130_fd_sc_hd__dfrtp_1)
                          0.25    0.51   clock uncertainty
                         -0.02    0.49   clock reconvergence pessimism
                         -0.02    0.47   library hold time
                                  0.47   data required time
-----------------------------------------------------------------------------
                                  0.47   data required time
                                 -0.73   data arrival time
-----------------------------------------------------------------------------
                                  0.26   slack (MET)


Startpoint: _320_ (rising edge-triggered flip-flop clocked by clk)
Endpoint: _320_ (rising edge-triggered flip-flop clocked by clk)
Path Group: clk
Path Type: min
Corner: Fastest

Fanout     Cap    Slew   Delay    Time   Description
-----------------------------------------------------------------------------
                          0.00    0.00   clock clk (rise edge)
                          0.00    0.00   clock source latency
                  0.06    0.04    0.04 ^ clk (in)
     1    0.02                           clk (net)
                  0.06    0.00    0.04 ^ clkbuf_0_clk/A (sky130_fd_sc_hd__clkbuf_16)
                  0.05    0.10    0.14 ^ clkbuf_0_clk/X (sky130_fd_sc_hd__clkbuf_16)
     4    0.04                           clknet_0_clk (net)
                  0.05    0.00    0.14 ^ clkbuf_2_0__f_clk/A (sky130_fd_sc_hd__clkbuf_16)
                  0.04    0.09    0.23 ^ clkbuf_2_0__f_clk/X (sky130_fd_sc_hd__clkbuf_16)
     9    0.03                           clknet_2_0__leaf_clk (net)
                  0.04    0.00    0.23 ^ _320_/CLK (sky130_fd_sc_hd__dfrtp_1)
                  0.09    0.23    0.47 ^ _320_/Q (sky130_fd_sc_hd__dfrtp_1)
     5    0.01                           baud_count[6] (net)
                  0.09    0.00    0.47 ^ _216_/A1 (sky130_fd_sc_hd__a21boi_1)
                  0.03    0.04    0.51 v _216_/Y (sky130_fd_sc_hd__a21boi_1)
     1    0.00                           _112_ (net)
                  0.03    0.00    0.51 v _217_/B1 (sky130_fd_sc_hd__o21a_1)
                  0.02    0.06    0.56 v _217_/X (sky130_fd_sc_hd__o21a_1)
     1    0.00                           _012_ (net)
                  0.02    0.00    0.56 v hold10/A (sky130_fd_sc_hd__dlygate4sd3_1)
                  0.04    0.34    0.91 v hold10/X (sky130_fd_sc_hd__dlygate4sd3_1)
     1    0.00                           net23 (net)
                  0.04    0.00    0.91 v _320_/D (sky130_fd_sc_hd__dfrtp_1)
                                  0.91   data arrival time

                          0.00    0.00   clock clk (rise edge)
                          0.00    0.00   clock source latency
                  0.06    0.04    0.04 ^ clk (in)
     1    0.02                           clk (net)
                  0.06    0.00    0.04 ^ clkbuf_0_clk/A (sky130_fd_sc_hd__clkbuf_16)
                  0.05    0.11    0.16 ^ clkbuf_0_clk/X (sky130_fd_sc_hd__clkbuf_16)
     4    0.04                           clknet_0_clk (net)
                  0.05    0.00    0.16 ^ clkbuf_2_0__f_clk/A (sky130_fd_sc_hd__clkbuf_16)
                  0.04    0.10    0.26 ^ clkbuf_2_0__f_clk/X (sky130_fd_sc_hd__clkbuf_16)
     9    0.03                           clknet_2_0__leaf_clk (net)
                  0.04    0.00    0.26 ^ _320_/CLK (sky130_fd_sc_hd__dfrtp_1)
                          0.25    0.51   clock uncertainty
                         -0.02    0.48   clock reconvergence pessimism
                         -0.03    0.45   library hold time
                                  0.45   data required time
-----------------------------------------------------------------------------
                                  0.45   data required time
                                 -0.91   data arrival time
-----------------------------------------------------------------------------
                                  0.46   slack (MET)


Startpoint: reset (input port clocked by clk)
Endpoint: _329_ (removal check against rising-edge clock clk)
Path Group: asynchronous
Path Type: min
Corner: Fastest

Fanout     Cap    Slew   Delay    Time   Description
-----------------------------------------------------------------------------
                          0.00    0.00   clock clk (rise edge)
                          0.00    0.00   clock network delay (propagated)
                          2.00    2.00 v input external delay
                  0.00    0.00    2.00 v reset (in)
     1    0.00                           reset (net)
                  0.00    0.00    2.00 v input9/A (sky130_fd_sc_hd__buf_2)
                  0.06    0.10    2.10 v input9/X (sky130_fd_sc_hd__buf_2)
     7    0.03                           net9 (net)
                  0.06    0.00    2.10 v _295_/A (sky130_fd_sc_hd__inv_2)
                  0.02    0.04    2.14 ^ _295_/Y (sky130_fd_sc_hd__inv_2)
     1    0.00                           _036_ (net)
                  0.02    0.00    2.14 ^ _329_/RESET_B (sky130_fd_sc_hd__dfrtp_1)
                                  2.14   data arrival time

                          0.00    0.00   clock clk (rise edge)
                          0.00    0.00   clock source latency
                  0.06    0.04    0.04 ^ clk (in)
     1    0.02                           clk (net)
                  0.06    0.00    0.04 ^ clkbuf_0_clk/A (sky130_fd_sc_hd__clkbuf_16)
                  0.05    0.11    0.16 ^ clkbuf_0_clk/X (sky130_fd_sc_hd__clkbuf_16)
     4    0.04                           clknet_0_clk (net)
                  0.05    0.00    0.16 ^ clkbuf_2_1__f_clk/A (sky130_fd_sc_hd__clkbuf_16)
                  0.04    0.10    0.26 ^ clkbuf_2_1__f_clk/X (sky130_fd_sc_hd__clkbuf_16)
    11    0.03                           clknet_2_1__leaf_clk (net)
                  0.04    0.00    0.26 ^ _329_/CLK (sky130_fd_sc_hd__dfrtp_1)
                          0.25    0.51   clock uncertainty
                          0.00    0.51   clock reconvergence pessimism
                          0.20    0.71   library removal time
                                  0.71   data required time
-----------------------------------------------------------------------------
                                  0.71   data required time
                                 -2.14   data arrival time
-----------------------------------------------------------------------------
                                  1.43   slack (MET)


Startpoint: reset (input port clocked by clk)
Endpoint: _328_ (removal check against rising-edge clock clk)
Path Group: asynchronous
Path Type: min
Corner: Fastest

Fanout     Cap    Slew   Delay    Time   Description
-----------------------------------------------------------------------------
                          0.00    0.00   clock clk (rise edge)
                          0.00    0.00   clock network delay (propagated)
                          2.00    2.00 v input external delay
                  0.00    0.00    2.00 v reset (in)
     1    0.00                           reset (net)
                  0.00    0.00    2.00 v input9/A (sky130_fd_sc_hd__buf_2)
                  0.06    0.10    2.10 v input9/X (sky130_fd_sc_hd__buf_2)
     7    0.03                           net9 (net)
                  0.06    0.00    2.10 v _294_/A (sky130_fd_sc_hd__inv_2)
                  0.02    0.04    2.14 ^ _294_/Y (sky130_fd_sc_hd__inv_2)
     1    0.00                           _035_ (net)
                  0.02    0.00    2.14 ^ _328_/RESET_B (sky130_fd_sc_hd__dfrtp_1)
                                  2.14   data arrival time

                          0.00    0.00   clock clk (rise edge)
                          0.00    0.00   clock source latency
                  0.06    0.04    0.04 ^ clk (in)
     1    0.02                           clk (net)
                  0.06    0.00    0.04 ^ clkbuf_0_clk/A (sky130_fd_sc_hd__clkbuf_16)
                  0.05    0.11    0.16 ^ clkbuf_0_clk/X (sky130_fd_sc_hd__clkbuf_16)
     4    0.04                           clknet_0_clk (net)
                  0.05    0.00    0.16 ^ clkbuf_2_1__f_clk/A (sky130_fd_sc_hd__clkbuf_16)
                  0.04    0.10    0.26 ^ clkbuf_2_1__f_clk/X (sky130_fd_sc_hd__clkbuf_16)
    11    0.03                           clknet_2_1__leaf_clk (net)
                  0.04    0.00    0.26 ^ _328_/CLK (sky130_fd_sc_hd__dfrtp_1)
                          0.25    0.51   clock uncertainty
                          0.00    0.51   clock reconvergence pessimism
                          0.20    0.71   library removal time
                                  0.71   data required time
-----------------------------------------------------------------------------
                                  0.71   data required time
                                 -2.14   data arrival time
-----------------------------------------------------------------------------
                                  1.43   slack (MET)


Startpoint: reset (input port clocked by clk)
Endpoint: _327_ (removal check against rising-edge clock clk)
Path Group: asynchronous
Path Type: min
Corner: Fastest

Fanout     Cap    Slew   Delay    Time   Description
-----------------------------------------------------------------------------
                          0.00    0.00   clock clk (rise edge)
                          0.00    0.00   clock network delay (propagated)
                          2.00    2.00 v input external delay
                  0.00    0.00    2.00 v reset (in)
     1    0.00                           reset (net)
                  0.00    0.00    2.00 v input9/A (sky130_fd_sc_hd__buf_2)
                  0.06    0.10    2.10 v input9/X (sky130_fd_sc_hd__buf_2)
     7    0.03                           net9 (net)
                  0.06    0.00    2.10 v _293_/A (sky130_fd_sc_hd__inv_2)
                  0.02    0.04    2.14 ^ _293_/Y (sky130_fd_sc_hd__inv_2)
     1    0.00                           _034_ (net)
                  0.02    0.00    2.14 ^ _327_/RESET_B (sky130_fd_sc_hd__dfrtp_1)
                                  2.14   data arrival time

                          0.00    0.00   clock clk (rise edge)
                          0.00    0.00   clock source latency
                  0.06    0.04    0.04 ^ clk (in)
     1    0.02                           clk (net)
                  0.06    0.00    0.04 ^ clkbuf_0_clk/A (sky130_fd_sc_hd__clkbuf_16)
                  0.05    0.11    0.16 ^ clkbuf_0_clk/X (sky130_fd_sc_hd__clkbuf_16)
     4    0.04                           clknet_0_clk (net)
                  0.05    0.00    0.16 ^ clkbuf_2_1__f_clk/A (sky130_fd_sc_hd__clkbuf_16)
                  0.04    0.10    0.26 ^ clkbuf_2_1__f_clk/X (sky130_fd_sc_hd__clkbuf_16)
    11    0.03                           clknet_2_1__leaf_clk (net)
                  0.04    0.00    0.26 ^ _327_/CLK (sky130_fd_sc_hd__dfrtp_1)
                          0.25    0.51   clock uncertainty
                          0.00    0.51   clock reconvergence pessimism
                          0.20    0.71   library removal time
                                  0.71   data required time
-----------------------------------------------------------------------------
                                  0.71   data required time
                                 -2.14   data arrival time
-----------------------------------------------------------------------------
                                  1.43   slack (MET)


Startpoint: reset (input port clocked by clk)
Endpoint: _326_ (removal check against rising-edge clock clk)
Path Group: asynchronous
Path Type: min
Corner: Fastest

Fanout     Cap    Slew   Delay    Time   Description
-----------------------------------------------------------------------------
                          0.00    0.00   clock clk (rise edge)
                          0.00    0.00   clock network delay (propagated)
                          2.00    2.00 v input external delay
                  0.00    0.00    2.00 v reset (in)
     1    0.00                           reset (net)
                  0.00    0.00    2.00 v input9/A (sky130_fd_sc_hd__buf_2)
                  0.06    0.10    2.10 v input9/X (sky130_fd_sc_hd__buf_2)
     7    0.03                           net9 (net)
                  0.06    0.00    2.10 v _292_/A (sky130_fd_sc_hd__inv_2)
                  0.02    0.04    2.14 ^ _292_/Y (sky130_fd_sc_hd__inv_2)
     1    0.00                           _033_ (net)
                  0.02    0.00    2.14 ^ _326_/RESET_B (sky130_fd_sc_hd__dfrtp_1)
                                  2.14   data arrival time

                          0.00    0.00   clock clk (rise edge)
                          0.00    0.00   clock source latency
                  0.06    0.04    0.04 ^ clk (in)
     1    0.02                           clk (net)
                  0.06    0.00    0.04 ^ clkbuf_0_clk/A (sky130_fd_sc_hd__clkbuf_16)
                  0.05    0.11    0.16 ^ clkbuf_0_clk/X (sky130_fd_sc_hd__clkbuf_16)
     4    0.04                           clknet_0_clk (net)
                  0.05    0.00    0.16 ^ clkbuf_2_1__f_clk/A (sky130_fd_sc_hd__clkbuf_16)
                  0.04    0.10    0.26 ^ clkbuf_2_1__f_clk/X (sky130_fd_sc_hd__clkbuf_16)
    11    0.03                           clknet_2_1__leaf_clk (net)
                  0.04    0.00    0.26 ^ _326_/CLK (sky130_fd_sc_hd__dfrtp_1)
                          0.25    0.51   clock uncertainty
                          0.00    0.51   clock reconvergence pessimism
                          0.20    0.71   library removal time
                                  0.71   data required time
-----------------------------------------------------------------------------
                                  0.71   data required time
                                 -2.14   data arrival time
-----------------------------------------------------------------------------
                                  1.43   slack (MET)


Startpoint: reset (input port clocked by clk)
Endpoint: _323_ (removal check against rising-edge clock clk)
Path Group: asynchronous
Path Type: min
Corner: Fastest

Fanout     Cap    Slew   Delay    Time   Description
-----------------------------------------------------------------------------
                          0.00    0.00   clock clk (rise edge)
                          0.00    0.00   clock network delay (propagated)
                          2.00    2.00 v input external delay
                  0.00    0.00    2.00 v reset (in)
     1    0.00                           reset (net)
                  0.00    0.00    2.00 v input9/A (sky130_fd_sc_hd__buf_2)
                  0.06    0.10    2.10 v input9/X (sky130_fd_sc_hd__buf_2)
     7    0.03                           net9 (net)
                  0.06    0.00    2.10 v _281_/A (sky130_fd_sc_hd__buf_4)
                  0.06    0.13    2.23 v _281_/X (sky130_fd_sc_hd__buf_4)
    10    0.06                           _145_ (net)
                  0.06    0.00    2.23 v _289_/A (sky130_fd_sc_hd__inv_2)
                  0.03    0.04    2.27 ^ _289_/Y (sky130_fd_sc_hd__inv_2)
     1    0.00                           _030_ (net)
                  0.03    0.00    2.27 ^ _323_/RESET_B (sky130_fd_sc_hd__dfrtp_1)
                                  2.27   data arrival time

                          0.00    0.00   clock clk (rise edge)
                          0.00    0.00   clock source latency
                  0.06    0.04    0.04 ^ clk (in)
     1    0.02                           clk (net)
                  0.06    0.00    0.04 ^ clkbuf_0_clk/A (sky130_fd_sc_hd__clkbuf_16)
                  0.05    0.11    0.16 ^ clkbuf_0_clk/X (sky130_fd_sc_hd__clkbuf_16)
     4    0.04                           clknet_0_clk (net)
                  0.05    0.00    0.16 ^ clkbuf_2_1__f_clk/A (sky130_fd_sc_hd__clkbuf_16)
                  0.04    0.10    0.26 ^ clkbuf_2_1__f_clk/X (sky130_fd_sc_hd__clkbuf_16)
    11    0.03                           clknet_2_1__leaf_clk (net)
                  0.04    0.00    0.26 ^ _323_/CLK (sky130_fd_sc_hd__dfrtp_1)
                          0.25    0.51   clock uncertainty
                          0.00    0.51   clock reconvergence pessimism
                          0.20    0.71   library removal time
                                  0.71   data required time
-----------------------------------------------------------------------------
                                  0.71   data required time
                                 -2.27   data arrival time
-----------------------------------------------------------------------------
                                  1.57   slack (MET)


Startpoint: reset (input port clocked by clk)
Endpoint: _325_ (removal check against rising-edge clock clk)
Path Group: asynchronous
Path Type: min
Corner: Fastest

Fanout     Cap    Slew   Delay    Time   Description
-----------------------------------------------------------------------------
                          0.00    0.00   clock clk (rise edge)
                          0.00    0.00   clock network delay (propagated)
                          2.00    2.00 v input external delay
                  0.00    0.00    2.00 v reset (in)
     1    0.00                           reset (net)
                  0.00    0.00    2.00 v input9/A (sky130_fd_sc_hd__buf_2)
                  0.06    0.10    2.10 v input9/X (sky130_fd_sc_hd__buf_2)
     7    0.03                           net9 (net)
                  0.06    0.00    2.10 v _281_/A (sky130_fd_sc_hd__buf_4)
                  0.06    0.13    2.23 v _281_/X (sky130_fd_sc_hd__buf_4)
    10    0.06                           _145_ (net)
                  0.06    0.00    2.24 v _291_/A (sky130_fd_sc_hd__inv_2)
                  0.03    0.04    2.27 ^ _291_/Y (sky130_fd_sc_hd__inv_2)
     1    0.00                           _032_ (net)
                  0.03    0.00    2.27 ^ _325_/RESET_B (sky130_fd_sc_hd__dfrtp_1)
                                  2.27   data arrival time

                          0.00    0.00   clock clk (rise edge)
                          0.00    0.00   clock source latency
                  0.06    0.04    0.04 ^ clk (in)
     1    0.02                           clk (net)
                  0.06    0.00    0.04 ^ clkbuf_0_clk/A (sky130_fd_sc_hd__clkbuf_16)
                  0.05    0.11    0.16 ^ clkbuf_0_clk/X (sky130_fd_sc_hd__clkbuf_16)
     4    0.04                           clknet_0_clk (net)
                  0.05    0.00    0.16 ^ clkbuf_2_1__f_clk/A (sky130_fd_sc_hd__clkbuf_16)
                  0.04    0.10    0.26 ^ clkbuf_2_1__f_clk/X (sky130_fd_sc_hd__clkbuf_16)
    11    0.03                           clknet_2_1__leaf_clk (net)
                  0.04    0.00    0.26 ^ _325_/CLK (sky130_fd_sc_hd__dfrtp_1)
                          0.25    0.51   clock uncertainty
                          0.00    0.51   clock reconvergence pessimism
                          0.20    0.71   library removal time
                                  0.71   data required time
-----------------------------------------------------------------------------
                                  0.71   data required time
                                 -2.27   data arrival time
-----------------------------------------------------------------------------
                                  1.57   slack (MET)


Startpoint: reset (input port clocked by clk)
Endpoint: _308_ (removal check against rising-edge clock clk)
Path Group: asynchronous
Path Type: min
Corner: Fastest

Fanout     Cap    Slew   Delay    Time   Description
-----------------------------------------------------------------------------
                          0.00    0.00   clock clk (rise edge)
                          0.00    0.00   clock network delay (propagated)
                          2.00    2.00 v input external delay
                  0.00    0.00    2.00 v reset (in)
     1    0.00                           reset (net)
                  0.00    0.00    2.00 v input9/A (sky130_fd_sc_hd__buf_2)
                  0.06    0.10    2.10 v input9/X (sky130_fd_sc_hd__buf_2)
     7    0.03                           net9 (net)
                  0.06    0.00    2.10 v _270_/A (sky130_fd_sc_hd__buf_4)
                  0.06    0.13    2.23 v _270_/X (sky130_fd_sc_hd__buf_4)
    10    0.06                           _144_ (net)
                  0.06    0.00    2.24 v _273_/A (sky130_fd_sc_hd__inv_2)
                  0.03    0.04    2.28 ^ _273_/Y (sky130_fd_sc_hd__inv_2)
     1    0.00                           _049_ (net)
                  0.03    0.00    2.28 ^ _308_/RESET_B (sky130_fd_sc_hd__dfrtp_1)
                                  2.28   data arrival time

                          0.00    0.00   clock clk (rise edge)
                          0.00    0.00   clock source latency
                  0.06    0.04    0.04 ^ clk (in)
     1    0.02                           clk (net)
                  0.06    0.00    0.04 ^ clkbuf_0_clk/A (sky130_fd_sc_hd__clkbuf_16)
                  0.05    0.11    0.16 ^ clkbuf_0_clk/X (sky130_fd_sc_hd__clkbuf_16)
     4    0.04                           clknet_0_clk (net)
                  0.05    0.00    0.16 ^ clkbuf_2_1__f_clk/A (sky130_fd_sc_hd__clkbuf_16)
                  0.04    0.10    0.26 ^ clkbuf_2_1__f_clk/X (sky130_fd_sc_hd__clkbuf_16)
    11    0.03                           clknet_2_1__leaf_clk (net)
                  0.04    0.00    0.26 ^ _308_/CLK (sky130_fd_sc_hd__dfrtp_1)
                          0.25    0.51   clock uncertainty
                          0.00    0.51   clock reconvergence pessimism
                          0.20    0.71   library removal time
                                  0.71   data required time
-----------------------------------------------------------------------------
                                  0.71   data required time
                                 -2.28   data arrival time
-----------------------------------------------------------------------------
                                  1.57   slack (MET)


Startpoint: reset (input port clocked by clk)
Endpoint: _307_ (removal check against rising-edge clock clk)
Path Group: asynchronous
Path Type: min
Corner: Fastest

Fanout     Cap    Slew   Delay    Time   Description
-----------------------------------------------------------------------------
                          0.00    0.00   clock clk (rise edge)
                          0.00    0.00   clock network delay (propagated)
                          2.00    2.00 v input external delay
                  0.00    0.00    2.00 v reset (in)
     1    0.00                           reset (net)
                  0.00    0.00    2.00 v input9/A (sky130_fd_sc_hd__buf_2)
                  0.06    0.10    2.10 v input9/X (sky130_fd_sc_hd__buf_2)
     7    0.03                           net9 (net)
                  0.06    0.00    2.10 v _270_/A (sky130_fd_sc_hd__buf_4)
                  0.06    0.13    2.23 v _270_/X (sky130_fd_sc_hd__buf_4)
    10    0.06                           _144_ (net)
                  0.06    0.00    2.24 v _272_/A (sky130_fd_sc_hd__inv_2)
                  0.03    0.04    2.28 ^ _272_/Y (sky130_fd_sc_hd__inv_2)
     1    0.00                           _048_ (net)
                  0.03    0.00    2.28 ^ _307_/RESET_B (sky130_fd_sc_hd__dfrtp_1)
                                  2.28   data arrival time

                          0.00    0.00   clock clk (rise edge)
                          0.00    0.00   clock source latency
                  0.06    0.04    0.04 ^ clk (in)
     1    0.02                           clk (net)
                  0.06    0.00    0.04 ^ clkbuf_0_clk/A (sky130_fd_sc_hd__clkbuf_16)
                  0.05    0.11    0.16 ^ clkbuf_0_clk/X (sky130_fd_sc_hd__clkbuf_16)
     4    0.04                           clknet_0_clk (net)
                  0.05    0.00    0.16 ^ clkbuf_2_1__f_clk/A (sky130_fd_sc_hd__clkbuf_16)
                  0.04    0.10    0.26 ^ clkbuf_2_1__f_clk/X (sky130_fd_sc_hd__clkbuf_16)
    11    0.03                           clknet_2_1__leaf_clk (net)
                  0.04    0.00    0.26 ^ _307_/CLK (sky130_fd_sc_hd__dfrtp_1)
                          0.25    0.51   clock uncertainty
                          0.00    0.51   clock reconvergence pessimism
                          0.20    0.71   library removal time
                                  0.71   data required time
-----------------------------------------------------------------------------
                                  0.71   data required time
                                 -2.28   data arrival time
-----------------------------------------------------------------------------
                                  1.57   slack (MET)


Startpoint: reset (input port clocked by clk)
Endpoint: _324_ (removal check against rising-edge clock clk)
Path Group: asynchronous
Path Type: min
Corner: Fastest

Fanout     Cap    Slew   Delay    Time   Description
-----------------------------------------------------------------------------
                          0.00    0.00   clock clk (rise edge)
                          0.00    0.00   clock network delay (propagated)
                          2.00    2.00 v input external delay
                  0.00    0.00    2.00 v reset (in)
     1    0.00                           reset (net)
                  0.00    0.00    2.00 v input9/A (sky130_fd_sc_hd__buf_2)
                  0.06    0.10    2.10 v input9/X (sky130_fd_sc_hd__buf_2)
     7    0.03                           net9 (net)
                  0.06    0.00    2.10 v _281_/A (sky130_fd_sc_hd__buf_4)
                  0.06    0.13    2.23 v _281_/X (sky130_fd_sc_hd__buf_4)
    10    0.06                           _145_ (net)
                  0.06    0.00    2.23 v _290_/A (sky130_fd_sc_hd__inv_2)
                  0.03    0.04    2.28 ^ _290_/Y (sky130_fd_sc_hd__inv_2)
     1    0.00                           _031_ (net)
                  0.03    0.00    2.28 ^ _324_/RESET_B (sky130_fd_sc_hd__dfrtp_1)
                                  2.28   data arrival time

                          0.00    0.00   clock clk (rise edge)
                          0.00    0.00   clock source latency
                  0.06    0.04    0.04 ^ clk (in)
     1    0.02                           clk (net)
                  0.06    0.00    0.04 ^ clkbuf_0_clk/A (sky130_fd_sc_hd__clkbuf_16)
                  0.05    0.11    0.16 ^ clkbuf_0_clk/X (sky130_fd_sc_hd__clkbuf_16)
     4    0.04                           clknet_0_clk (net)
                  0.05    0.00    0.16 ^ clkbuf_2_1__f_clk/A (sky130_fd_sc_hd__clkbuf_16)
                  0.04    0.10    0.26 ^ clkbuf_2_1__f_clk/X (sky130_fd_sc_hd__clkbuf_16)
    11    0.03                           clknet_2_1__leaf_clk (net)
                  0.04    0.00    0.26 ^ _324_/CLK (sky130_fd_sc_hd__dfrtp_1)
                          0.25    0.51   clock uncertainty
                          0.00    0.51   clock reconvergence pessimism
                          0.20    0.71   library removal time
                                  0.71   data required time
-----------------------------------------------------------------------------
                                  0.71   data required time
                                 -2.28   data arrival time
-----------------------------------------------------------------------------
                                  1.57   slack (MET)


Startpoint: reset (input port clocked by clk)
Endpoint: _298_ (removal check against rising-edge clock clk)
Path Group: asynchronous
Path Type: min
Corner: Fastest

Fanout     Cap    Slew   Delay    Time   Description
-----------------------------------------------------------------------------
                          0.00    0.00   clock clk (rise edge)
                          0.00    0.00   clock network delay (propagated)
                          2.00    2.00 v input external delay
                  0.00    0.00    2.00 v reset (in)
     1    0.00                           reset (net)
                  0.00    0.00    2.00 v input9/A (sky130_fd_sc_hd__buf_2)
                  0.06    0.10    2.10 v input9/X (sky130_fd_sc_hd__buf_2)
     7    0.03                           net9 (net)
                  0.06    0.00    2.10 v _259_/A (sky130_fd_sc_hd__buf_4)
                  0.06    0.13    2.23 v _259_/X (sky130_fd_sc_hd__buf_4)
    10    0.06                           _143_ (net)
                  0.06    0.00    2.23 v _262_/A (sky130_fd_sc_hd__inv_2)
                  0.03    0.04    2.27 ^ _262_/Y (sky130_fd_sc_hd__inv_2)
     1    0.00                           _039_ (net)
                  0.03    0.00    2.27 ^ _298_/RESET_B (sky130_fd_sc_hd__dfrtp_1)
                                  2.27   data arrival time

                          0.00    0.00   clock clk (rise edge)
                          0.00    0.00   clock source latency
                  0.06    0.04    0.04 ^ clk (in)
     1    0.02                           clk (net)
                  0.06    0.00    0.04 ^ clkbuf_0_clk/A (sky130_fd_sc_hd__clkbuf_16)
                  0.05    0.11    0.16 ^ clkbuf_0_clk/X (sky130_fd_sc_hd__clkbuf_16)
     4    0.04                           clknet_0_clk (net)
                  0.05    0.00    0.16 ^ clkbuf_2_0__f_clk/A (sky130_fd_sc_hd__clkbuf_16)
                  0.04    0.10    0.26 ^ clkbuf_2_0__f_clk/X (sky130_fd_sc_hd__clkbuf_16)
     9    0.03                           clknet_2_0__leaf_clk (net)
                  0.04    0.00    0.26 ^ _298_/CLK (sky130_fd_sc_hd__dfrtp_1)
                          0.25    0.51   clock uncertainty
                          0.00    0.51   clock reconvergence pessimism
                          0.20    0.70   library removal time
                                  0.70   data required time
-----------------------------------------------------------------------------
                                  0.70   data required time
                                 -2.27   data arrival time
-----------------------------------------------------------------------------
                                  1.57   slack (MET)


Startpoint: reset (input port clocked by clk)
Endpoint: _300_ (removal check against rising-edge clock clk)
Path Group: asynchronous
Path Type: min
Corner: Fastest

Fanout     Cap    Slew   Delay    Time   Description
-----------------------------------------------------------------------------
                          0.00    0.00   clock clk (rise edge)
                          0.00    0.00   clock network delay (propagated)
                          2.00    2.00 v input external delay
                  0.00    0.00    2.00 v reset (in)
     1    0.00                           reset (net)
                  0.00    0.00    2.00 v input9/A (sky130_fd_sc_hd__buf_2)
                  0.06    0.10    2.10 v input9/X (sky130_fd_sc_hd__buf_2)
     7    0.03                           net9 (net)
                  0.06    0.00    2.10 v _259_/A (sky130_fd_sc_hd__buf_4)
                  0.06    0.13    2.23 v _259_/X (sky130_fd_sc_hd__buf_4)
    10    0.06                           _143_ (net)
                  0.06    0.00    2.23 v _264_/A (sky130_fd_sc_hd__inv_2)
                  0.03    0.04    2.27 ^ _264_/Y (sky130_fd_sc_hd__inv_2)
     1    0.00                           _041_ (net)
                  0.03    0.00    2.27 ^ _300_/RESET_B (sky130_fd_sc_hd__dfrtp_4)
                                  2.27   data arrival time

                          0.00    0.00   clock clk (rise edge)
                          0.00    0.00   clock source latency
                  0.06    0.04    0.04 ^ clk (in)
     1    0.02                           clk (net)
                  0.06    0.00    0.04 ^ clkbuf_0_clk/A (sky130_fd_sc_hd__clkbuf_16)
                  0.05    0.11    0.16 ^ clkbuf_0_clk/X (sky130_fd_sc_hd__clkbuf_16)
     4    0.04                           clknet_0_clk (net)
                  0.05    0.00    0.16 ^ clkbuf_2_3__f_clk/A (sky130_fd_sc_hd__clkbuf_16)
                  0.04    0.10    0.26 ^ clkbuf_2_3__f_clk/X (sky130_fd_sc_hd__clkbuf_16)
     8    0.03                           clknet_2_3__leaf_clk (net)
                  0.04    0.00    0.26 ^ _300_/CLK (sky130_fd_sc_hd__dfrtp_4)
                          0.25    0.51   clock uncertainty
                          0.00    0.51   clock reconvergence pessimism
                          0.20    0.70   library removal time
                                  0.70   data required time
-----------------------------------------------------------------------------
                                  0.70   data required time
                                 -2.27   data arrival time
-----------------------------------------------------------------------------
                                  1.57   slack (MET)


Startpoint: reset (input port clocked by clk)
Endpoint: _306_ (removal check against rising-edge clock clk)
Path Group: asynchronous
Path Type: min
Corner: Fastest

Fanout     Cap    Slew   Delay    Time   Description
-----------------------------------------------------------------------------
                          0.00    0.00   clock clk (rise edge)
                          0.00    0.00   clock network delay (propagated)
                          2.00    2.00 v input external delay
                  0.00    0.00    2.00 v reset (in)
     1    0.00                           reset (net)
                  0.00    0.00    2.00 v input9/A (sky130_fd_sc_hd__buf_2)
                  0.06    0.10    2.10 v input9/X (sky130_fd_sc_hd__buf_2)
     7    0.03                           net9 (net)
                  0.06    0.00    2.10 v _270_/A (sky130_fd_sc_hd__buf_4)
                  0.06    0.13    2.23 v _270_/X (sky130_fd_sc_hd__buf_4)
    10    0.06                           _144_ (net)
                  0.06    0.00    2.24 v _271_/A (sky130_fd_sc_hd__inv_2)
                  0.03    0.04    2.28 ^ _271_/Y (sky130_fd_sc_hd__inv_2)
     1    0.00                           _047_ (net)
                  0.03    0.00    2.28 ^ _306_/RESET_B (sky130_fd_sc_hd__dfrtp_1)
                                  2.28   data arrival time

                          0.00    0.00   clock clk (rise edge)
                          0.00    0.00   clock source latency
                  0.06    0.04    0.04 ^ clk (in)
     1    0.02                           clk (net)
                  0.06    0.00    0.04 ^ clkbuf_0_clk/A (sky130_fd_sc_hd__clkbuf_16)
                  0.05    0.11    0.16 ^ clkbuf_0_clk/X (sky130_fd_sc_hd__clkbuf_16)
     4    0.04                           clknet_0_clk (net)
                  0.05    0.00    0.16 ^ clkbuf_2_1__f_clk/A (sky130_fd_sc_hd__clkbuf_16)
                  0.04    0.10    0.26 ^ clkbuf_2_1__f_clk/X (sky130_fd_sc_hd__clkbuf_16)
    11    0.03                           clknet_2_1__leaf_clk (net)
                  0.04    0.00    0.26 ^ _306_/CLK (sky130_fd_sc_hd__dfrtp_1)
                          0.25    0.51   clock uncertainty
                          0.00    0.51   clock reconvergence pessimism
                          0.20    0.71   library removal time
                                  0.71   data required time
-----------------------------------------------------------------------------
                                  0.71   data required time
                                 -2.28   data arrival time
-----------------------------------------------------------------------------
                                  1.57   slack (MET)


Startpoint: reset (input port clocked by clk)
Endpoint: _318_ (removal check against rising-edge clock clk)
Path Group: asynchronous
Path Type: min
Corner: Fastest

Fanout     Cap    Slew   Delay    Time   Description
-----------------------------------------------------------------------------
                          0.00    0.00   clock clk (rise edge)
                          0.00    0.00   clock network delay (propagated)
                          2.00    2.00 v input external delay
                  0.00    0.00    2.00 v reset (in)
     1    0.00                           reset (net)
                  0.00    0.00    2.00 v input9/A (sky130_fd_sc_hd__buf_2)
                  0.06    0.10    2.10 v input9/X (sky130_fd_sc_hd__buf_2)
     7    0.03                           net9 (net)
                  0.06    0.00    2.10 v _281_/A (sky130_fd_sc_hd__buf_4)
                  0.06    0.13    2.23 v _281_/X (sky130_fd_sc_hd__buf_4)
    10    0.06                           _145_ (net)
                  0.06    0.00    2.24 v _284_/A (sky130_fd_sc_hd__inv_2)
                  0.03    0.04    2.27 ^ _284_/Y (sky130_fd_sc_hd__inv_2)
     1    0.00                           _025_ (net)
                  0.03    0.00    2.27 ^ _318_/RESET_B (sky130_fd_sc_hd__dfrtp_1)
                                  2.27   data arrival time

                          0.00    0.00   clock clk (rise edge)
                          0.00    0.00   clock source latency
                  0.06    0.04    0.04 ^ clk (in)
     1    0.02                           clk (net)
                  0.06    0.00    0.04 ^ clkbuf_0_clk/A (sky130_fd_sc_hd__clkbuf_16)
                  0.05    0.11    0.16 ^ clkbuf_0_clk/X (sky130_fd_sc_hd__clkbuf_16)
     4    0.04                           clknet_0_clk (net)
                  0.05    0.00    0.16 ^ clkbuf_2_0__f_clk/A (sky130_fd_sc_hd__clkbuf_16)
                  0.04    0.10    0.26 ^ clkbuf_2_0__f_clk/X (sky130_fd_sc_hd__clkbuf_16)
     9    0.03                           clknet_2_0__leaf_clk (net)
                  0.04    0.00    0.26 ^ _318_/CLK (sky130_fd_sc_hd__dfrtp_1)
                          0.25    0.51   clock uncertainty
                          0.00    0.51   clock reconvergence pessimism
                          0.20    0.70   library removal time
                                  0.70   data required time
-----------------------------------------------------------------------------
                                  0.70   data required time
                                 -2.27   data arrival time
-----------------------------------------------------------------------------
                                  1.57   slack (MET)


Startpoint: reset (input port clocked by clk)
Endpoint: _320_ (removal check against rising-edge clock clk)
Path Group: asynchronous
Path Type: min
Corner: Fastest

Fanout     Cap    Slew   Delay    Time   Description
-----------------------------------------------------------------------------
                          0.00    0.00   clock clk (rise edge)
                          0.00    0.00   clock network delay (propagated)
                          2.00    2.00 v input external delay
                  0.00    0.00    2.00 v reset (in)
     1    0.00                           reset (net)
                  0.00    0.00    2.00 v input9/A (sky130_fd_sc_hd__buf_2)
                  0.06    0.10    2.10 v input9/X (sky130_fd_sc_hd__buf_2)
     7    0.03                           net9 (net)
                  0.06    0.00    2.10 v _281_/A (sky130_fd_sc_hd__buf_4)
                  0.06    0.13    2.23 v _281_/X (sky130_fd_sc_hd__buf_4)
    10    0.06                           _145_ (net)
                  0.06    0.00    2.24 v _286_/A (sky130_fd_sc_hd__inv_2)
                  0.03    0.04    2.27 ^ _286_/Y (sky130_fd_sc_hd__inv_2)
     1    0.00                           _027_ (net)
                  0.03    0.00    2.27 ^ _320_/RESET_B (sky130_fd_sc_hd__dfrtp_1)
                                  2.27   data arrival time

                          0.00    0.00   clock clk (rise edge)
                          0.00    0.00   clock source latency
                  0.06    0.04    0.04 ^ clk (in)
     1    0.02                           clk (net)
                  0.06    0.00    0.04 ^ clkbuf_0_clk/A (sky130_fd_sc_hd__clkbuf_16)
                  0.05    0.11    0.16 ^ clkbuf_0_clk/X (sky130_fd_sc_hd__clkbuf_16)
     4    0.04                           clknet_0_clk (net)
                  0.05    0.00    0.16 ^ clkbuf_2_0__f_clk/A (sky130_fd_sc_hd__clkbuf_16)
                  0.04    0.10    0.26 ^ clkbuf_2_0__f_clk/X (sky130_fd_sc_hd__clkbuf_16)
     9    0.03                           clknet_2_0__leaf_clk (net)
                  0.04    0.00    0.26 ^ _320_/CLK (sky130_fd_sc_hd__dfrtp_1)
                          0.25    0.51   clock uncertainty
                          0.00    0.51   clock reconvergence pessimism
                          0.20    0.70   library removal time
                                  0.70   data required time
-----------------------------------------------------------------------------
                                  0.70   data required time
                                 -2.27   data arrival time
-----------------------------------------------------------------------------
                                  1.57   slack (MET)


Startpoint: reset (input port clocked by clk)
Endpoint: _302_ (removal check against rising-edge clock clk)
Path Group: asynchronous
Path Type: min
Corner: Fastest

Fanout     Cap    Slew   Delay    Time   Description
-----------------------------------------------------------------------------
                          0.00    0.00   clock clk (rise edge)
                          0.00    0.00   clock network delay (propagated)
                          2.00    2.00 v input external delay
                  0.00    0.00    2.00 v reset (in)
     1    0.00                           reset (net)
                  0.00    0.00    2.00 v input9/A (sky130_fd_sc_hd__buf_2)
                  0.06    0.10    2.10 v input9/X (sky130_fd_sc_hd__buf_2)
     7    0.03                           net9 (net)
                  0.06    0.00    2.10 v _259_/A (sky130_fd_sc_hd__buf_4)
                  0.06    0.13    2.23 v _259_/X (sky130_fd_sc_hd__buf_4)
    10    0.06                           _143_ (net)
                  0.06    0.00    2.23 v _266_/A (sky130_fd_sc_hd__inv_2)
                  0.03    0.04    2.27 ^ _266_/Y (sky130_fd_sc_hd__inv_2)
     1    0.00                           _043_ (net)
                  0.03    0.00    2.27 ^ _302_/RESET_B (sky130_fd_sc_hd__dfrtp_1)
                                  2.27   data arrival time

                          0.00    0.00   clock clk (rise edge)
                          0.00    0.00   clock source latency
                  0.06    0.04    0.04 ^ clk (in)
     1    0.02                           clk (net)
                  0.06    0.00    0.04 ^ clkbuf_0_clk/A (sky130_fd_sc_hd__clkbuf_16)
                  0.05    0.11    0.16 ^ clkbuf_0_clk/X (sky130_fd_sc_hd__clkbuf_16)
     4    0.04                           clknet_0_clk (net)
                  0.05    0.00    0.16 ^ clkbuf_2_3__f_clk/A (sky130_fd_sc_hd__clkbuf_16)
                  0.04    0.10    0.26 ^ clkbuf_2_3__f_clk/X (sky130_fd_sc_hd__clkbuf_16)
     8    0.03                           clknet_2_3__leaf_clk (net)
                  0.04    0.00    0.26 ^ _302_/CLK (sky130_fd_sc_hd__dfrtp_1)
                          0.25    0.51   clock uncertainty
                          0.00    0.51   clock reconvergence pessimism
                          0.20    0.70   library removal time
                                  0.70   data required time
-----------------------------------------------------------------------------
                                  0.70   data required time
                                 -2.27   data arrival time
-----------------------------------------------------------------------------
                                  1.57   slack (MET)


Startpoint: reset (input port clocked by clk)
Endpoint: _322_ (removal check against rising-edge clock clk)
Path Group: asynchronous
Path Type: min
Corner: Fastest

Fanout     Cap    Slew   Delay    Time   Description
-----------------------------------------------------------------------------
                          0.00    0.00   clock clk (rise edge)
                          0.00    0.00   clock network delay (propagated)
                          2.00    2.00 v input external delay
                  0.00    0.00    2.00 v reset (in)
     1    0.00                           reset (net)
                  0.00    0.00    2.00 v input9/A (sky130_fd_sc_hd__buf_2)
                  0.06    0.10    2.10 v input9/X (sky130_fd_sc_hd__buf_2)
     7    0.03                           net9 (net)
                  0.06    0.00    2.10 v _281_/A (sky130_fd_sc_hd__buf_4)
                  0.06    0.13    2.23 v _281_/X (sky130_fd_sc_hd__buf_4)
    10    0.06                           _145_ (net)
                  0.06    0.00    2.24 v _288_/A (sky130_fd_sc_hd__inv_2)
                  0.03    0.04    2.28 ^ _288_/Y (sky130_fd_sc_hd__inv_2)
     1    0.00                           _029_ (net)
                  0.03    0.00    2.28 ^ _322_/RESET_B (sky130_fd_sc_hd__dfrtp_2)
                                  2.28   data arrival time

                          0.00    0.00   clock clk (rise edge)
                          0.00    0.00   clock source latency
                  0.06    0.04    0.04 ^ clk (in)
     1    0.02                           clk (net)
                  0.06    0.00    0.04 ^ clkbuf_0_clk/A (sky130_fd_sc_hd__clkbuf_16)
                  0.05    0.11    0.16 ^ clkbuf_0_clk/X (sky130_fd_sc_hd__clkbuf_16)
     4    0.04                           clknet_0_clk (net)
                  0.05    0.00    0.16 ^ clkbuf_2_0__f_clk/A (sky130_fd_sc_hd__clkbuf_16)
                  0.04    0.10    0.26 ^ clkbuf_2_0__f_clk/X (sky130_fd_sc_hd__clkbuf_16)
     9    0.03                           clknet_2_0__leaf_clk (net)
                  0.04    0.00    0.26 ^ _322_/CLK (sky130_fd_sc_hd__dfrtp_2)
                          0.25    0.51   clock uncertainty
                          0.00    0.51   clock reconvergence pessimism
                          0.20    0.70   library removal time
                                  0.70   data required time
-----------------------------------------------------------------------------
                                  0.70   data required time
                                 -2.28   data arrival time
-----------------------------------------------------------------------------
                                  1.57   slack (MET)


Startpoint: reset (input port clocked by clk)
Endpoint: _321_ (removal check against rising-edge clock clk)
Path Group: asynchronous
Path Type: min
Corner: Fastest

Fanout     Cap    Slew   Delay    Time   Description
-----------------------------------------------------------------------------
                          0.00    0.00   clock clk (rise edge)
                          0.00    0.00   clock network delay (propagated)
                          2.00    2.00 v input external delay
                  0.00    0.00    2.00 v reset (in)
     1    0.00                           reset (net)
                  0.00    0.00    2.00 v input9/A (sky130_fd_sc_hd__buf_2)
                  0.06    0.10    2.10 v input9/X (sky130_fd_sc_hd__buf_2)
     7    0.03                           net9 (net)
                  0.06    0.00    2.10 v _281_/A (sky130_fd_sc_hd__buf_4)
                  0.06    0.13    2.23 v _281_/X (sky130_fd_sc_hd__buf_4)
    10    0.06                           _145_ (net)
                  0.06    0.00    2.24 v _287_/A (sky130_fd_sc_hd__inv_2)
                  0.03    0.04    2.28 ^ _287_/Y (sky130_fd_sc_hd__inv_2)
     1    0.00                           _028_ (net)
                  0.03    0.00    2.28 ^ _321_/RESET_B (sky130_fd_sc_hd__dfrtp_1)
                                  2.28   data arrival time

                          0.00    0.00   clock clk (rise edge)
                          0.00    0.00   clock source latency
                  0.06    0.04    0.04 ^ clk (in)
     1    0.02                           clk (net)
                  0.06    0.00    0.04 ^ clkbuf_0_clk/A (sky130_fd_sc_hd__clkbuf_16)
                  0.05    0.11    0.16 ^ clkbuf_0_clk/X (sky130_fd_sc_hd__clkbuf_16)
     4    0.04                           clknet_0_clk (net)
                  0.05    0.00    0.16 ^ clkbuf_2_0__f_clk/A (sky130_fd_sc_hd__clkbuf_16)
                  0.04    0.10    0.26 ^ clkbuf_2_0__f_clk/X (sky130_fd_sc_hd__clkbuf_16)
     9    0.03                           clknet_2_0__leaf_clk (net)
                  0.04    0.00    0.26 ^ _321_/CLK (sky130_fd_sc_hd__dfrtp_1)
                          0.25    0.51   clock uncertainty
                          0.00    0.51   clock reconvergence pessimism
                          0.20    0.70   library removal time
                                  0.70   data required time
-----------------------------------------------------------------------------
                                  0.70   data required time
                                 -2.28   data arrival time
-----------------------------------------------------------------------------
                                  1.57   slack (MET)


Startpoint: reset (input port clocked by clk)
Endpoint: _319_ (removal check against rising-edge clock clk)
Path Group: asynchronous
Path Type: min
Corner: Fastest

Fanout     Cap    Slew   Delay    Time   Description
-----------------------------------------------------------------------------
                          0.00    0.00   clock clk (rise edge)
                          0.00    0.00   clock network delay (propagated)
                          2.00    2.00 v input external delay
                  0.00    0.00    2.00 v reset (in)
     1    0.00                           reset (net)
                  0.00    0.00    2.00 v input9/A (sky130_fd_sc_hd__buf_2)
                  0.06    0.10    2.10 v input9/X (sky130_fd_sc_hd__buf_2)
     7    0.03                           net9 (net)
                  0.06    0.00    2.10 v _281_/A (sky130_fd_sc_hd__buf_4)
                  0.06    0.13    2.23 v _281_/X (sky130_fd_sc_hd__buf_4)
    10    0.06                           _145_ (net)
                  0.06    0.00    2.24 v _285_/A (sky130_fd_sc_hd__inv_2)
                  0.03    0.04    2.28 ^ _285_/Y (sky130_fd_sc_hd__inv_2)
     1    0.00                           _026_ (net)
                  0.03    0.00    2.28 ^ _319_/RESET_B (sky130_fd_sc_hd__dfrtp_1)
                                  2.28   data arrival time

                          0.00    0.00   clock clk (rise edge)
                          0.00    0.00   clock source latency
                  0.06    0.04    0.04 ^ clk (in)
     1    0.02                           clk (net)
                  0.06    0.00    0.04 ^ clkbuf_0_clk/A (sky130_fd_sc_hd__clkbuf_16)
                  0.05    0.11    0.16 ^ clkbuf_0_clk/X (sky130_fd_sc_hd__clkbuf_16)
     4    0.04                           clknet_0_clk (net)
                  0.05    0.00    0.16 ^ clkbuf_2_0__f_clk/A (sky130_fd_sc_hd__clkbuf_16)
                  0.04    0.10    0.26 ^ clkbuf_2_0__f_clk/X (sky130_fd_sc_hd__clkbuf_16)
     9    0.03                           clknet_2_0__leaf_clk (net)
                  0.04    0.00    0.26 ^ _319_/CLK (sky130_fd_sc_hd__dfrtp_1)
                          0.25    0.51   clock uncertainty
                          0.00    0.51   clock reconvergence pessimism
                          0.20    0.70   library removal time
                                  0.70   data required time
-----------------------------------------------------------------------------
                                  0.70   data required time
                                 -2.28   data arrival time
-----------------------------------------------------------------------------
                                  1.57   slack (MET)


Startpoint: reset (input port clocked by clk)
Endpoint: _301_ (removal check against rising-edge clock clk)
Path Group: asynchronous
Path Type: min
Corner: Fastest

Fanout     Cap    Slew   Delay    Time   Description
-----------------------------------------------------------------------------
                          0.00    0.00   clock clk (rise edge)
                          0.00    0.00   clock network delay (propagated)
                          2.00    2.00 v input external delay
                  0.00    0.00    2.00 v reset (in)
     1    0.00                           reset (net)
                  0.00    0.00    2.00 v input9/A (sky130_fd_sc_hd__buf_2)
                  0.06    0.10    2.10 v input9/X (sky130_fd_sc_hd__buf_2)
     7    0.03                           net9 (net)
                  0.06    0.00    2.10 v _259_/A (sky130_fd_sc_hd__buf_4)
                  0.06    0.13    2.23 v _259_/X (sky130_fd_sc_hd__buf_4)
    10    0.06                           _143_ (net)
                  0.06    0.00    2.23 v _265_/A (sky130_fd_sc_hd__inv_2)
                  0.03    0.04    2.27 ^ _265_/Y (sky130_fd_sc_hd__inv_2)
     1    0.00                           _042_ (net)
                  0.03    0.00    2.27 ^ _301_/RESET_B (sky130_fd_sc_hd__dfrtp_2)
                                  2.27   data arrival time

                          0.00    0.00   clock clk (rise edge)
                          0.00    0.00   clock source latency
                  0.06    0.04    0.04 ^ clk (in)
     1    0.02                           clk (net)
                  0.06    0.00    0.04 ^ clkbuf_0_clk/A (sky130_fd_sc_hd__clkbuf_16)
                  0.05    0.11    0.16 ^ clkbuf_0_clk/X (sky130_fd_sc_hd__clkbuf_16)
     4    0.04                           clknet_0_clk (net)
                  0.05    0.00    0.16 ^ clkbuf_2_3__f_clk/A (sky130_fd_sc_hd__clkbuf_16)
                  0.04    0.10    0.26 ^ clkbuf_2_3__f_clk/X (sky130_fd_sc_hd__clkbuf_16)
     8    0.03                           clknet_2_3__leaf_clk (net)
                  0.04    0.00    0.26 ^ _301_/CLK (sky130_fd_sc_hd__dfrtp_2)
                          0.25    0.51   clock uncertainty
                          0.00    0.51   clock reconvergence pessimism
                          0.20    0.70   library removal time
                                  0.70   data required time
-----------------------------------------------------------------------------
                                  0.70   data required time
                                 -2.27   data arrival time
-----------------------------------------------------------------------------
                                  1.57   slack (MET)


Startpoint: reset (input port clocked by clk)
Endpoint: _316_ (removal check against rising-edge clock clk)
Path Group: asynchronous
Path Type: min
Corner: Fastest

Fanout     Cap    Slew   Delay    Time   Description
-----------------------------------------------------------------------------
                          0.00    0.00   clock clk (rise edge)
                          0.00    0.00   clock network delay (propagated)
                          2.00    2.00 v input external delay
                  0.00    0.00    2.00 v reset (in)
     1    0.00                           reset (net)
                  0.00    0.00    2.00 v input9/A (sky130_fd_sc_hd__buf_2)
                  0.06    0.10    2.10 v input9/X (sky130_fd_sc_hd__buf_2)
     7    0.03                           net9 (net)
                  0.06    0.00    2.10 v _281_/A (sky130_fd_sc_hd__buf_4)
                  0.06    0.13    2.23 v _281_/X (sky130_fd_sc_hd__buf_4)
    10    0.06                           _145_ (net)
                  0.06    0.00    2.24 v _282_/A (sky130_fd_sc_hd__inv_2)
                  0.03    0.04    2.28 ^ _282_/Y (sky130_fd_sc_hd__inv_2)
     1    0.00                           _023_ (net)
                  0.03    0.00    2.28 ^ _316_/RESET_B (sky130_fd_sc_hd__dfrtp_1)
                                  2.28   data arrival time

                          0.00    0.00   clock clk (rise edge)
                          0.00    0.00   clock source latency
                  0.06    0.04    0.04 ^ clk (in)
     1    0.02                           clk (net)
                  0.06    0.00    0.04 ^ clkbuf_0_clk/A (sky130_fd_sc_hd__clkbuf_16)
                  0.05    0.11    0.16 ^ clkbuf_0_clk/X (sky130_fd_sc_hd__clkbuf_16)
     4    0.04                           clknet_0_clk (net)
                  0.05    0.00    0.16 ^ clkbuf_2_0__f_clk/A (sky130_fd_sc_hd__clkbuf_16)
                  0.04    0.10    0.26 ^ clkbuf_2_0__f_clk/X (sky130_fd_sc_hd__clkbuf_16)
     9    0.03                           clknet_2_0__leaf_clk (net)
                  0.04    0.00    0.26 ^ _316_/CLK (sky130_fd_sc_hd__dfrtp_1)
                          0.25    0.51   clock uncertainty
                          0.00    0.51   clock reconvergence pessimism
                          0.20    0.70   library removal time
                                  0.70   data required time
-----------------------------------------------------------------------------
                                  0.70   data required time
                                 -2.28   data arrival time
-----------------------------------------------------------------------------
                                  1.57   slack (MET)


Startpoint: reset (input port clocked by clk)
Endpoint: _314_ (removal check against rising-edge clock clk)
Path Group: asynchronous
Path Type: min
Corner: Fastest

Fanout     Cap    Slew   Delay    Time   Description
-----------------------------------------------------------------------------
                          0.00    0.00   clock clk (rise edge)
                          0.00    0.00   clock network delay (propagated)
                          2.00    2.00 v input external delay
                  0.00    0.00    2.00 v reset (in)
     1    0.00                           reset (net)
                  0.00    0.00    2.00 v input9/A (sky130_fd_sc_hd__buf_2)
                  0.06    0.10    2.10 v input9/X (sky130_fd_sc_hd__buf_2)
     7    0.03                           net9 (net)
                  0.06    0.00    2.10 v _270_/A (sky130_fd_sc_hd__buf_4)
                  0.06    0.13    2.23 v _270_/X (sky130_fd_sc_hd__buf_4)
    10    0.06                           _144_ (net)
                  0.06    0.00    2.24 v _279_/A (sky130_fd_sc_hd__inv_2)
                  0.03    0.04    2.28 ^ _279_/Y (sky130_fd_sc_hd__inv_2)
     1    0.00                           _021_ (net)
                  0.03    0.00    2.28 ^ _314_/RESET_B (sky130_fd_sc_hd__dfrtp_4)
                                  2.28   data arrival time

                          0.00    0.00   clock clk (rise edge)
                          0.00    0.00   clock source latency
                  0.06    0.04    0.04 ^ clk (in)
     1    0.02                           clk (net)
                  0.06    0.00    0.04 ^ clkbuf_0_clk/A (sky130_fd_sc_hd__clkbuf_16)
                  0.05    0.11    0.16 ^ clkbuf_0_clk/X (sky130_fd_sc_hd__clkbuf_16)
     4    0.04                           clknet_0_clk (net)
                  0.05    0.00    0.16 ^ clkbuf_2_0__f_clk/A (sky130_fd_sc_hd__clkbuf_16)
                  0.04    0.10    0.26 ^ clkbuf_2_0__f_clk/X (sky130_fd_sc_hd__clkbuf_16)
     9    0.03                           clknet_2_0__leaf_clk (net)
                  0.04    0.00    0.26 ^ _314_/CLK (sky130_fd_sc_hd__dfrtp_4)
                          0.25    0.51   clock uncertainty
                          0.00    0.51   clock reconvergence pessimism
                          0.20    0.71   library removal time
                                  0.71   data required time
-----------------------------------------------------------------------------
                                  0.71   data required time
                                 -2.28   data arrival time
-----------------------------------------------------------------------------
                                  1.57   slack (MET)


Startpoint: reset (input port clocked by clk)
Endpoint: _317_ (removal check against rising-edge clock clk)
Path Group: asynchronous
Path Type: min
Corner: Fastest

Fanout     Cap    Slew   Delay    Time   Description
-----------------------------------------------------------------------------
                          0.00    0.00   clock clk (rise edge)
                          0.00    0.00   clock network delay (propagated)
                          2.00    2.00 v input external delay
                  0.00    0.00    2.00 v reset (in)
     1    0.00                           reset (net)
                  0.00    0.00    2.00 v input9/A (sky130_fd_sc_hd__buf_2)
                  0.06    0.10    2.10 v input9/X (sky130_fd_sc_hd__buf_2)
     7    0.03                           net9 (net)
                  0.06    0.00    2.10 v _281_/A (sky130_fd_sc_hd__buf_4)
                  0.06    0.13    2.23 v _281_/X (sky130_fd_sc_hd__buf_4)
    10    0.06                           _145_ (net)
                  0.06    0.00    2.24 v _283_/A (sky130_fd_sc_hd__inv_2)
                  0.03    0.04    2.28 ^ _283_/Y (sky130_fd_sc_hd__inv_2)
     1    0.00                           _024_ (net)
                  0.03    0.00    2.28 ^ _317_/RESET_B (sky130_fd_sc_hd__dfrtp_1)
                                  2.28   data arrival time

                          0.00    0.00   clock clk (rise edge)
                          0.00    0.00   clock source latency
                  0.06    0.04    0.04 ^ clk (in)
     1    0.02                           clk (net)
                  0.06    0.00    0.04 ^ clkbuf_0_clk/A (sky130_fd_sc_hd__clkbuf_16)
                  0.05    0.11    0.16 ^ clkbuf_0_clk/X (sky130_fd_sc_hd__clkbuf_16)
     4    0.04                           clknet_0_clk (net)
                  0.05    0.00    0.16 ^ clkbuf_2_0__f_clk/A (sky130_fd_sc_hd__clkbuf_16)
                  0.04    0.10    0.26 ^ clkbuf_2_0__f_clk/X (sky130_fd_sc_hd__clkbuf_16)
     9    0.03                           clknet_2_0__leaf_clk (net)
                  0.04    0.00    0.26 ^ _317_/CLK (sky130_fd_sc_hd__dfrtp_1)
                          0.25    0.51   clock uncertainty
                          0.00    0.51   clock reconvergence pessimism
                          0.20    0.70   library removal time
                                  0.70   data required time
-----------------------------------------------------------------------------
                                  0.70   data required time
                                 -2.28   data arrival time
-----------------------------------------------------------------------------
                                  1.57   slack (MET)


Startpoint: reset (input port clocked by clk)
Endpoint: _309_ (removal check against rising-edge clock clk)
Path Group: asynchronous
Path Type: min
Corner: Fastest

Fanout     Cap    Slew   Delay    Time   Description
-----------------------------------------------------------------------------
                          0.00    0.00   clock clk (rise edge)
                          0.00    0.00   clock network delay (propagated)
                          2.00    2.00 v input external delay
                  0.00    0.00    2.00 v reset (in)
     1    0.00                           reset (net)
                  0.00    0.00    2.00 v input9/A (sky130_fd_sc_hd__buf_2)
                  0.06    0.10    2.10 v input9/X (sky130_fd_sc_hd__buf_2)
     7    0.03                           net9 (net)
                  0.06    0.00    2.10 v _270_/A (sky130_fd_sc_hd__buf_4)
                  0.06    0.13    2.23 v _270_/X (sky130_fd_sc_hd__buf_4)
    10    0.06                           _144_ (net)
                  0.06    0.00    2.24 v _274_/A (sky130_fd_sc_hd__inv_2)
                  0.03    0.04    2.28 ^ _274_/Y (sky130_fd_sc_hd__inv_2)
     1    0.00                           _050_ (net)
                  0.03    0.00    2.28 ^ _309_/RESET_B (sky130_fd_sc_hd__dfrtp_1)
                                  2.28   data arrival time

                          0.00    0.00   clock clk (rise edge)
                          0.00    0.00   clock source latency
                  0.06    0.04    0.04 ^ clk (in)
     1    0.02                           clk (net)
                  0.06    0.00    0.04 ^ clkbuf_0_clk/A (sky130_fd_sc_hd__clkbuf_16)
                  0.05    0.11    0.16 ^ clkbuf_0_clk/X (sky130_fd_sc_hd__clkbuf_16)
     4    0.04                           clknet_0_clk (net)
                  0.05    0.00    0.16 ^ clkbuf_2_3__f_clk/A (sky130_fd_sc_hd__clkbuf_16)
                  0.04    0.10    0.26 ^ clkbuf_2_3__f_clk/X (sky130_fd_sc_hd__clkbuf_16)
     8    0.03                           clknet_2_3__leaf_clk (net)
                  0.04    0.00    0.26 ^ _309_/CLK (sky130_fd_sc_hd__dfrtp_1)
                          0.25    0.51   clock uncertainty
                          0.00    0.51   clock reconvergence pessimism
                          0.20    0.70   library removal time
                                  0.70   data required time
-----------------------------------------------------------------------------
                                  0.70   data required time
                                 -2.28   data arrival time
-----------------------------------------------------------------------------
                                  1.57   slack (MET)


Startpoint: reset (input port clocked by clk)
Endpoint: _311_ (removal check against rising-edge clock clk)
Path Group: asynchronous
Path Type: min
Corner: Fastest

Fanout     Cap    Slew   Delay    Time   Description
-----------------------------------------------------------------------------
                          0.00    0.00   clock clk (rise edge)
                          0.00    0.00   clock network delay (propagated)
                          2.00    2.00 v input external delay
                  0.00    0.00    2.00 v reset (in)
     1    0.00                           reset (net)
                  0.00    0.00    2.00 v input9/A (sky130_fd_sc_hd__buf_2)
                  0.06    0.10    2.10 v input9/X (sky130_fd_sc_hd__buf_2)
     7    0.03                           net9 (net)
                  0.06    0.00    2.10 v _270_/A (sky130_fd_sc_hd__buf_4)
                  0.06    0.13    2.23 v _270_/X (sky130_fd_sc_hd__buf_4)
    10    0.06                           _144_ (net)
                  0.06    0.00    2.24 v _276_/A (sky130_fd_sc_hd__inv_2)
                  0.03    0.04    2.28 ^ _276_/Y (sky130_fd_sc_hd__inv_2)
     1    0.00                           _052_ (net)
                  0.03    0.00    2.28 ^ _311_/RESET_B (sky130_fd_sc_hd__dfrtp_1)
                                  2.28   data arrival time

                          0.00    0.00   clock clk (rise edge)
                          0.00    0.00   clock source latency
                  0.06    0.04    0.04 ^ clk (in)
     1    0.02                           clk (net)
                  0.06    0.00    0.04 ^ clkbuf_0_clk/A (sky130_fd_sc_hd__clkbuf_16)
                  0.05    0.11    0.16 ^ clkbuf_0_clk/X (sky130_fd_sc_hd__clkbuf_16)
     4    0.04                           clknet_0_clk (net)
                  0.05    0.00    0.16 ^ clkbuf_2_3__f_clk/A (sky130_fd_sc_hd__clkbuf_16)
                  0.04    0.10    0.26 ^ clkbuf_2_3__f_clk/X (sky130_fd_sc_hd__clkbuf_16)
     8    0.03                           clknet_2_3__leaf_clk (net)
                  0.04    0.00    0.26 ^ _311_/CLK (sky130_fd_sc_hd__dfrtp_1)
                          0.25    0.51   clock uncertainty
                          0.00    0.51   clock reconvergence pessimism
                          0.20    0.70   library removal time
                                  0.70   data required time
-----------------------------------------------------------------------------
                                  0.70   data required time
                                 -2.28   data arrival time
-----------------------------------------------------------------------------
                                  1.57   slack (MET)


Startpoint: reset (input port clocked by clk)
Endpoint: _310_ (removal check against rising-edge clock clk)
Path Group: asynchronous
Path Type: min
Corner: Fastest

Fanout     Cap    Slew   Delay    Time   Description
-----------------------------------------------------------------------------
                          0.00    0.00   clock clk (rise edge)
                          0.00    0.00   clock network delay (propagated)
                          2.00    2.00 v input external delay
                  0.00    0.00    2.00 v reset (in)
     1    0.00                           reset (net)
                  0.00    0.00    2.00 v input9/A (sky130_fd_sc_hd__buf_2)
                  0.06    0.10    2.10 v input9/X (sky130_fd_sc_hd__buf_2)
     7    0.03                           net9 (net)
                  0.06    0.00    2.10 v _270_/A (sky130_fd_sc_hd__buf_4)
                  0.06    0.13    2.23 v _270_/X (sky130_fd_sc_hd__buf_4)
    10    0.06                           _144_ (net)
                  0.06    0.00    2.24 v _275_/A (sky130_fd_sc_hd__inv_2)
                  0.03    0.04    2.28 ^ _275_/Y (sky130_fd_sc_hd__inv_2)
     1    0.00                           _051_ (net)
                  0.03    0.00    2.28 ^ _310_/RESET_B (sky130_fd_sc_hd__dfrtp_1)
                                  2.28   data arrival time

                          0.00    0.00   clock clk (rise edge)
                          0.00    0.00   clock source latency
                  0.06    0.04    0.04 ^ clk (in)
     1    0.02                           clk (net)
                  0.06    0.00    0.04 ^ clkbuf_0_clk/A (sky130_fd_sc_hd__clkbuf_16)
                  0.05    0.11    0.16 ^ clkbuf_0_clk/X (sky130_fd_sc_hd__clkbuf_16)
     4    0.04                           clknet_0_clk (net)
                  0.05    0.00    0.16 ^ clkbuf_2_3__f_clk/A (sky130_fd_sc_hd__clkbuf_16)
                  0.04    0.10    0.26 ^ clkbuf_2_3__f_clk/X (sky130_fd_sc_hd__clkbuf_16)
     8    0.03                           clknet_2_3__leaf_clk (net)
                  0.04    0.00    0.26 ^ _310_/CLK (sky130_fd_sc_hd__dfrtp_1)
                          0.25    0.51   clock uncertainty
                          0.00    0.51   clock reconvergence pessimism
                          0.20    0.70   library removal time
                                  0.70   data required time
-----------------------------------------------------------------------------
                                  0.70   data required time
                                 -2.28   data arrival time
-----------------------------------------------------------------------------
                                  1.57   slack (MET)


Startpoint: reset (input port clocked by clk)
Endpoint: _313_ (removal check against rising-edge clock clk)
Path Group: asynchronous
Path Type: min
Corner: Fastest

Fanout     Cap    Slew   Delay    Time   Description
-----------------------------------------------------------------------------
                          0.00    0.00   clock clk (rise edge)
                          0.00    0.00   clock network delay (propagated)
                          2.00    2.00 v input external delay
                  0.00    0.00    2.00 v reset (in)
     1    0.00                           reset (net)
                  0.00    0.00    2.00 v input9/A (sky130_fd_sc_hd__buf_2)
                  0.06    0.10    2.10 v input9/X (sky130_fd_sc_hd__buf_2)
     7    0.03                           net9 (net)
                  0.06    0.00    2.10 v _270_/A (sky130_fd_sc_hd__buf_4)
                  0.06    0.13    2.23 v _270_/X (sky130_fd_sc_hd__buf_4)
    10    0.06                           _144_ (net)
                  0.06    0.00    2.24 v _278_/A (sky130_fd_sc_hd__inv_2)
                  0.03    0.04    2.28 ^ _278_/Y (sky130_fd_sc_hd__inv_2)
     1    0.00                           _020_ (net)
                  0.03    0.00    2.28 ^ _313_/RESET_B (sky130_fd_sc_hd__dfrtp_1)
                                  2.28   data arrival time

                          0.00    0.00   clock clk (rise edge)
                          0.00    0.00   clock source latency
                  0.06    0.04    0.04 ^ clk (in)
     1    0.02                           clk (net)
                  0.06    0.00    0.04 ^ clkbuf_0_clk/A (sky130_fd_sc_hd__clkbuf_16)
                  0.05    0.11    0.16 ^ clkbuf_0_clk/X (sky130_fd_sc_hd__clkbuf_16)
     4    0.04                           clknet_0_clk (net)
                  0.05    0.00    0.16 ^ clkbuf_2_3__f_clk/A (sky130_fd_sc_hd__clkbuf_16)
                  0.04    0.10    0.26 ^ clkbuf_2_3__f_clk/X (sky130_fd_sc_hd__clkbuf_16)
     8    0.03                           clknet_2_3__leaf_clk (net)
                  0.04    0.00    0.26 ^ _313_/CLK (sky130_fd_sc_hd__dfrtp_1)
                          0.25    0.51   clock uncertainty
                          0.00    0.51   clock reconvergence pessimism
                          0.20    0.70   library removal time
                                  0.70   data required time
-----------------------------------------------------------------------------
                                  0.70   data required time
                                 -2.28   data arrival time
-----------------------------------------------------------------------------
                                  1.57   slack (MET)


Startpoint: reset (input port clocked by clk)
Endpoint: _312_ (removal check against rising-edge clock clk)
Path Group: asynchronous
Path Type: min
Corner: Fastest

Fanout     Cap    Slew   Delay    Time   Description
-----------------------------------------------------------------------------
                          0.00    0.00   clock clk (rise edge)
                          0.00    0.00   clock network delay (propagated)
                          2.00    2.00 v input external delay
                  0.00    0.00    2.00 v reset (in)
     1    0.00                           reset (net)
                  0.00    0.00    2.00 v input9/A (sky130_fd_sc_hd__buf_2)
                  0.06    0.10    2.10 v input9/X (sky130_fd_sc_hd__buf_2)
     7    0.03                           net9 (net)
                  0.06    0.00    2.10 v _270_/A (sky130_fd_sc_hd__buf_4)
                  0.06    0.13    2.23 v _270_/X (sky130_fd_sc_hd__buf_4)
    10    0.06                           _144_ (net)
                  0.06    0.00    2.24 v _277_/A (sky130_fd_sc_hd__inv_2)
                  0.03    0.04    2.28 ^ _277_/Y (sky130_fd_sc_hd__inv_2)
     1    0.00                           _053_ (net)
                  0.03    0.00    2.28 ^ _312_/RESET_B (sky130_fd_sc_hd__dfrtp_1)
                                  2.28   data arrival time

                          0.00    0.00   clock clk (rise edge)
                          0.00    0.00   clock source latency
                  0.06    0.04    0.04 ^ clk (in)
     1    0.02                           clk (net)
                  0.06    0.00    0.04 ^ clkbuf_0_clk/A (sky130_fd_sc_hd__clkbuf_16)
                  0.05    0.11    0.16 ^ clkbuf_0_clk/X (sky130_fd_sc_hd__clkbuf_16)
     4    0.04                           clknet_0_clk (net)
                  0.05    0.00    0.16 ^ clkbuf_2_3__f_clk/A (sky130_fd_sc_hd__clkbuf_16)
                  0.04    0.10    0.26 ^ clkbuf_2_3__f_clk/X (sky130_fd_sc_hd__clkbuf_16)
     8    0.03                           clknet_2_3__leaf_clk (net)
                  0.04    0.00    0.26 ^ _312_/CLK (sky130_fd_sc_hd__dfrtp_1)
                          0.25    0.51   clock uncertainty
                          0.00    0.51   clock reconvergence pessimism
                          0.20    0.70   library removal time
                                  0.70   data required time
-----------------------------------------------------------------------------
                                  0.70   data required time
                                 -2.28   data arrival time
-----------------------------------------------------------------------------
                                  1.58   slack (MET)


Startpoint: reset (input port clocked by clk)
Endpoint: _297_ (removal check against rising-edge clock clk)
Path Group: asynchronous
Path Type: min
Corner: Fastest

Fanout     Cap    Slew   Delay    Time   Description
-----------------------------------------------------------------------------
                          0.00    0.00   clock clk (rise edge)
                          0.00    0.00   clock network delay (propagated)
                          2.00    2.00 v input external delay
                  0.00    0.00    2.00 v reset (in)
     1    0.00                           reset (net)
                  0.00    0.00    2.00 v input9/A (sky130_fd_sc_hd__buf_2)
                  0.06    0.10    2.10 v input9/X (sky130_fd_sc_hd__buf_2)
     7    0.03                           net9 (net)
                  0.06    0.00    2.10 v _259_/A (sky130_fd_sc_hd__buf_4)
                  0.06    0.13    2.23 v _259_/X (sky130_fd_sc_hd__buf_4)
    10    0.06                           _143_ (net)
                  0.06    0.00    2.23 v _261_/A (sky130_fd_sc_hd__inv_2)
                  0.03    0.04    2.27 ^ _261_/Y (sky130_fd_sc_hd__inv_2)
     1    0.00                           _038_ (net)
                  0.03    0.00    2.27 ^ _297_/RESET_B (sky130_fd_sc_hd__dfrtp_4)
                                  2.27   data arrival time

                          0.00    0.00   clock clk (rise edge)
                          0.00    0.00   clock source latency
                  0.06    0.04    0.04 ^ clk (in)
     1    0.02                           clk (net)
                  0.06    0.00    0.04 ^ clkbuf_0_clk/A (sky130_fd_sc_hd__clkbuf_16)
                  0.05    0.11    0.16 ^ clkbuf_0_clk/X (sky130_fd_sc_hd__clkbuf_16)
     4    0.04                           clknet_0_clk (net)
                  0.05    0.00    0.16 ^ clkbuf_2_2__f_clk/A (sky130_fd_sc_hd__clkbuf_16)
                  0.03    0.09    0.25 ^ clkbuf_2_2__f_clk/X (sky130_fd_sc_hd__clkbuf_16)
     6    0.02                           clknet_2_2__leaf_clk (net)
                  0.03    0.00    0.25 ^ _297_/CLK (sky130_fd_sc_hd__dfrtp_4)
                          0.25    0.50   clock uncertainty
                          0.00    0.50   clock reconvergence pessimism
                          0.20    0.70   library removal time
                                  0.70   data required time
-----------------------------------------------------------------------------
                                  0.70   data required time
                                 -2.27   data arrival time
-----------------------------------------------------------------------------
                                  1.58   slack (MET)


Startpoint: reset (input port clocked by clk)
Endpoint: _299_ (removal check against rising-edge clock clk)
Path Group: asynchronous
Path Type: min
Corner: Fastest

Fanout     Cap    Slew   Delay    Time   Description
-----------------------------------------------------------------------------
                          0.00    0.00   clock clk (rise edge)
                          0.00    0.00   clock network delay (propagated)
                          2.00    2.00 v input external delay
                  0.00    0.00    2.00 v reset (in)
     1    0.00                           reset (net)
                  0.00    0.00    2.00 v input9/A (sky130_fd_sc_hd__buf_2)
                  0.06    0.10    2.10 v input9/X (sky130_fd_sc_hd__buf_2)
     7    0.03                           net9 (net)
                  0.06    0.00    2.10 v _259_/A (sky130_fd_sc_hd__buf_4)
                  0.06    0.13    2.23 v _259_/X (sky130_fd_sc_hd__buf_4)
    10    0.06                           _143_ (net)
                  0.06    0.00    2.23 v _263_/A (sky130_fd_sc_hd__inv_2)
                  0.03    0.04    2.27 ^ _263_/Y (sky130_fd_sc_hd__inv_2)
     1    0.00                           _040_ (net)
                  0.03    0.00    2.27 ^ _299_/RESET_B (sky130_fd_sc_hd__dfrtp_1)
                                  2.27   data arrival time

                          0.00    0.00   clock clk (rise edge)
                          0.00    0.00   clock source latency
                  0.06    0.04    0.04 ^ clk (in)
     1    0.02                           clk (net)
                  0.06    0.00    0.04 ^ clkbuf_0_clk/A (sky130_fd_sc_hd__clkbuf_16)
                  0.05    0.11    0.16 ^ clkbuf_0_clk/X (sky130_fd_sc_hd__clkbuf_16)
     4    0.04                           clknet_0_clk (net)
                  0.05    0.00    0.16 ^ clkbuf_2_2__f_clk/A (sky130_fd_sc_hd__clkbuf_16)
                  0.03    0.09    0.25 ^ clkbuf_2_2__f_clk/X (sky130_fd_sc_hd__clkbuf_16)
     6    0.02                           clknet_2_2__leaf_clk (net)
                  0.03    0.00    0.25 ^ _299_/CLK (sky130_fd_sc_hd__dfrtp_1)
                          0.25    0.50   clock uncertainty
                          0.00    0.50   clock reconvergence pessimism
                          0.20    0.69   library removal time
                                  0.69   data required time
-----------------------------------------------------------------------------
                                  0.69   data required time
                                 -2.27   data arrival time
-----------------------------------------------------------------------------
                                  1.58   slack (MET)


Startpoint: reset (input port clocked by clk)
Endpoint: _303_ (removal check against rising-edge clock clk)
Path Group: asynchronous
Path Type: min
Corner: Fastest

Fanout     Cap    Slew   Delay    Time   Description
-----------------------------------------------------------------------------
                          0.00    0.00   clock clk (rise edge)
                          0.00    0.00   clock network delay (propagated)
                          2.00    2.00 v input external delay
                  0.00    0.00    2.00 v reset (in)
     1    0.00                           reset (net)
                  0.00    0.00    2.00 v input9/A (sky130_fd_sc_hd__buf_2)
                  0.06    0.10    2.10 v input9/X (sky130_fd_sc_hd__buf_2)
     7    0.03                           net9 (net)
                  0.06    0.00    2.10 v _259_/A (sky130_fd_sc_hd__buf_4)
                  0.06    0.13    2.23 v _259_/X (sky130_fd_sc_hd__buf_4)
    10    0.06                           _143_ (net)
                  0.06    0.00    2.23 v _267_/A (sky130_fd_sc_hd__inv_2)
                  0.03    0.04    2.27 ^ _267_/Y (sky130_fd_sc_hd__inv_2)
     1    0.00                           _044_ (net)
                  0.03    0.00    2.27 ^ _303_/RESET_B (sky130_fd_sc_hd__dfrtp_1)
                                  2.27   data arrival time

                          0.00    0.00   clock clk (rise edge)
                          0.00    0.00   clock source latency
                  0.06    0.04    0.04 ^ clk (in)
     1    0.02                           clk (net)
                  0.06    0.00    0.04 ^ clkbuf_0_clk/A (sky130_fd_sc_hd__clkbuf_16)
                  0.05    0.11    0.16 ^ clkbuf_0_clk/X (sky130_fd_sc_hd__clkbuf_16)
     4    0.04                           clknet_0_clk (net)
                  0.05    0.00    0.16 ^ clkbuf_2_2__f_clk/A (sky130_fd_sc_hd__clkbuf_16)
                  0.03    0.09    0.25 ^ clkbuf_2_2__f_clk/X (sky130_fd_sc_hd__clkbuf_16)
     6    0.02                           clknet_2_2__leaf_clk (net)
                  0.03    0.00    0.25 ^ _303_/CLK (sky130_fd_sc_hd__dfrtp_1)
                          0.25    0.50   clock uncertainty
                          0.00    0.50   clock reconvergence pessimism
                          0.20    0.69   library removal time
                                  0.69   data required time
-----------------------------------------------------------------------------
                                  0.69   data required time
                                 -2.27   data arrival time
-----------------------------------------------------------------------------
                                  1.58   slack (MET)


Startpoint: reset (input port clocked by clk)
Endpoint: _305_ (removal check against rising-edge clock clk)
Path Group: asynchronous
Path Type: min
Corner: Fastest

Fanout     Cap    Slew   Delay    Time   Description
-----------------------------------------------------------------------------
                          0.00    0.00   clock clk (rise edge)
                          0.00    0.00   clock network delay (propagated)
                          2.00    2.00 v input external delay
                  0.00    0.00    2.00 v reset (in)
     1    0.00                           reset (net)
                  0.00    0.00    2.00 v input9/A (sky130_fd_sc_hd__buf_2)
                  0.06    0.10    2.10 v input9/X (sky130_fd_sc_hd__buf_2)
     7    0.03                           net9 (net)
                  0.06    0.00    2.10 v _259_/A (sky130_fd_sc_hd__buf_4)
                  0.06    0.13    2.23 v _259_/X (sky130_fd_sc_hd__buf_4)
    10    0.06                           _143_ (net)
                  0.06    0.00    2.23 v _269_/A (sky130_fd_sc_hd__inv_2)
                  0.03    0.04    2.27 ^ _269_/Y (sky130_fd_sc_hd__inv_2)
     1    0.00                           _046_ (net)
                  0.03    0.00    2.27 ^ _305_/RESET_B (sky130_fd_sc_hd__dfrtp_1)
                                  2.27   data arrival time

                          0.00    0.00   clock clk (rise edge)
                          0.00    0.00   clock source latency
                  0.06    0.04    0.04 ^ clk (in)
     1    0.02                           clk (net)
                  0.06    0.00    0.04 ^ clkbuf_0_clk/A (sky130_fd_sc_hd__clkbuf_16)
                  0.05    0.11    0.16 ^ clkbuf_0_clk/X (sky130_fd_sc_hd__clkbuf_16)
     4    0.04                           clknet_0_clk (net)
                  0.05    0.00    0.16 ^ clkbuf_2_2__f_clk/A (sky130_fd_sc_hd__clkbuf_16)
                  0.03    0.09    0.25 ^ clkbuf_2_2__f_clk/X (sky130_fd_sc_hd__clkbuf_16)
     6    0.02                           clknet_2_2__leaf_clk (net)
                  0.03    0.00    0.25 ^ _305_/CLK (sky130_fd_sc_hd__dfrtp_1)
                          0.25    0.50   clock uncertainty
                          0.00    0.50   clock reconvergence pessimism
                          0.20    0.69   library removal time
                                  0.69   data required time
-----------------------------------------------------------------------------
                                  0.69   data required time
                                 -2.27   data arrival time
-----------------------------------------------------------------------------
                                  1.58   slack (MET)


Startpoint: reset (input port clocked by clk)
Endpoint: _315_ (removal check against rising-edge clock clk)
Path Group: asynchronous
Path Type: min
Corner: Fastest

Fanout     Cap    Slew   Delay    Time   Description
-----------------------------------------------------------------------------
                          0.00    0.00   clock clk (rise edge)
                          0.00    0.00   clock network delay (propagated)
                          2.00    2.00 v input external delay
                  0.00    0.00    2.00 v reset (in)
     1    0.00                           reset (net)
                  0.00    0.00    2.00 v input9/A (sky130_fd_sc_hd__buf_2)
                  0.06    0.10    2.10 v input9/X (sky130_fd_sc_hd__buf_2)
     7    0.03                           net9 (net)
                  0.06    0.00    2.10 v _270_/A (sky130_fd_sc_hd__buf_4)
                  0.06    0.13    2.23 v _270_/X (sky130_fd_sc_hd__buf_4)
    10    0.06                           _144_ (net)
                  0.06    0.00    2.24 v _280_/A (sky130_fd_sc_hd__inv_2)
                  0.03    0.04    2.28 ^ _280_/Y (sky130_fd_sc_hd__inv_2)
     1    0.00                           _022_ (net)
                  0.03    0.00    2.28 ^ _315_/RESET_B (sky130_fd_sc_hd__dfrtp_2)
                                  2.28   data arrival time

                          0.00    0.00   clock clk (rise edge)
                          0.00    0.00   clock source latency
                  0.06    0.04    0.04 ^ clk (in)
     1    0.02                           clk (net)
                  0.06    0.00    0.04 ^ clkbuf_0_clk/A (sky130_fd_sc_hd__clkbuf_16)
                  0.05    0.11    0.16 ^ clkbuf_0_clk/X (sky130_fd_sc_hd__clkbuf_16)
     4    0.04                           clknet_0_clk (net)
                  0.05    0.00    0.16 ^ clkbuf_2_2__f_clk/A (sky130_fd_sc_hd__clkbuf_16)
                  0.03    0.09    0.25 ^ clkbuf_2_2__f_clk/X (sky130_fd_sc_hd__clkbuf_16)
     6    0.02                           clknet_2_2__leaf_clk (net)
                  0.03    0.00    0.25 ^ _315_/CLK (sky130_fd_sc_hd__dfrtp_2)
                          0.25    0.50   clock uncertainty
                          0.00    0.50   clock reconvergence pessimism
                          0.20    0.69   library removal time
                                  0.69   data required time
-----------------------------------------------------------------------------
                                  0.69   data required time
                                 -2.28   data arrival time
-----------------------------------------------------------------------------
                                  1.58   slack (MET)


Startpoint: reset (input port clocked by clk)
Endpoint: _296_ (removal check against rising-edge clock clk)
Path Group: asynchronous
Path Type: min
Corner: Fastest

Fanout     Cap    Slew   Delay    Time   Description
-----------------------------------------------------------------------------
                          0.00    0.00   clock clk (rise edge)
                          0.00    0.00   clock network delay (propagated)
                          2.00    2.00 v input external delay
                  0.00    0.00    2.00 v reset (in)
     1    0.00                           reset (net)
                  0.00    0.00    2.00 v input9/A (sky130_fd_sc_hd__buf_2)
                  0.06    0.10    2.10 v input9/X (sky130_fd_sc_hd__buf_2)
     7    0.03                           net9 (net)
                  0.06    0.00    2.10 v _259_/A (sky130_fd_sc_hd__buf_4)
                  0.06    0.13    2.23 v _259_/X (sky130_fd_sc_hd__buf_4)
    10    0.06                           _143_ (net)
                  0.06    0.00    2.23 v _260_/A (sky130_fd_sc_hd__inv_2)
                  0.02    0.04    2.27 ^ _260_/Y (sky130_fd_sc_hd__inv_2)
     1    0.00                           _037_ (net)
                  0.02    0.00    2.27 ^ _296_/SET_B (sky130_fd_sc_hd__dfstp_1)
                                  2.27   data arrival time

                          0.00    0.00   clock clk (rise edge)
                          0.00    0.00   clock source latency
                  0.06    0.04    0.04 ^ clk (in)
     1    0.02                           clk (net)
                  0.06    0.00    0.04 ^ clkbuf_0_clk/A (sky130_fd_sc_hd__clkbuf_16)
                  0.05    0.11    0.16 ^ clkbuf_0_clk/X (sky130_fd_sc_hd__clkbuf_16)
     4    0.04                           clknet_0_clk (net)
                  0.05    0.00    0.16 ^ clkbuf_2_1__f_clk/A (sky130_fd_sc_hd__clkbuf_16)
                  0.04    0.10    0.26 ^ clkbuf_2_1__f_clk/X (sky130_fd_sc_hd__clkbuf_16)
    11    0.03                           clknet_2_1__leaf_clk (net)
                  0.04    0.00    0.26 ^ _296_/CLK (sky130_fd_sc_hd__dfstp_1)
                          0.25    0.51   clock uncertainty
                          0.00    0.51   clock reconvergence pessimism
                          0.10    0.61   library removal time
                                  0.61   data required time
-----------------------------------------------------------------------------
                                  0.61   data required time
                                 -2.27   data arrival time
-----------------------------------------------------------------------------
                                  1.66   slack (MET)


Startpoint: reset (input port clocked by clk)
Endpoint: _304_ (removal check against rising-edge clock clk)
Path Group: asynchronous
Path Type: min
Corner: Fastest

Fanout     Cap    Slew   Delay    Time   Description
-----------------------------------------------------------------------------
                          0.00    0.00   clock clk (rise edge)
                          0.00    0.00   clock network delay (propagated)
                          2.00    2.00 v input external delay
                  0.00    0.00    2.00 v reset (in)
     1    0.00                           reset (net)
                  0.00    0.00    2.00 v input9/A (sky130_fd_sc_hd__buf_2)
                  0.06    0.10    2.10 v input9/X (sky130_fd_sc_hd__buf_2)
     7    0.03                           net9 (net)
                  0.06    0.00    2.10 v _259_/A (sky130_fd_sc_hd__buf_4)
                  0.06    0.13    2.23 v _259_/X (sky130_fd_sc_hd__buf_4)
    10    0.06                           _143_ (net)
                  0.06    0.00    2.23 v _268_/A (sky130_fd_sc_hd__inv_2)
                  0.03    0.04    2.27 ^ _268_/Y (sky130_fd_sc_hd__inv_2)
     1    0.00                           _045_ (net)
                  0.03    0.00    2.27 ^ _304_/SET_B (sky130_fd_sc_hd__dfstp_1)
                                  2.27   data arrival time

                          0.00    0.00   clock clk (rise edge)
                          0.00    0.00   clock source latency
                  0.06    0.04    0.04 ^ clk (in)
     1    0.02                           clk (net)
                  0.06    0.00    0.04 ^ clkbuf_0_clk/A (sky130_fd_sc_hd__clkbuf_16)
                  0.05    0.11    0.16 ^ clkbuf_0_clk/X (sky130_fd_sc_hd__clkbuf_16)
     4    0.04                           clknet_0_clk (net)
                  0.05    0.00    0.16 ^ clkbuf_2_2__f_clk/A (sky130_fd_sc_hd__clkbuf_16)
                  0.03    0.09    0.25 ^ clkbuf_2_2__f_clk/X (sky130_fd_sc_hd__clkbuf_16)
     6    0.02                           clknet_2_2__leaf_clk (net)
                  0.03    0.00    0.25 ^ _304_/CLK (sky130_fd_sc_hd__dfstp_1)
                          0.25    0.50   clock uncertainty
                          0.00    0.50   clock reconvergence pessimism
                          0.10    0.60   library removal time
                                  0.60   data required time
-----------------------------------------------------------------------------
                                  0.60   data required time
                                 -2.27   data arrival time
-----------------------------------------------------------------------------
                                  1.67   slack (MET)


Startpoint: _305_ (rising edge-triggered flip-flop clocked by clk)
Endpoint: busy (output port clocked by clk)
Path Group: clk
Path Type: min
Corner: Fastest

Fanout     Cap    Slew   Delay    Time   Description
-----------------------------------------------------------------------------
                          0.00    0.00   clock clk (rise edge)
                          0.00    0.00   clock source latency
                  0.06    0.04    0.04 ^ clk (in)
     1    0.02                           clk (net)
                  0.06    0.00    0.04 ^ clkbuf_0_clk/A (sky130_fd_sc_hd__clkbuf_16)
                  0.05    0.10    0.14 ^ clkbuf_0_clk/X (sky130_fd_sc_hd__clkbuf_16)
     4    0.04                           clknet_0_clk (net)
                  0.05    0.00    0.14 ^ clkbuf_2_2__f_clk/A (sky130_fd_sc_hd__clkbuf_16)
                  0.03    0.08    0.23 ^ clkbuf_2_2__f_clk/X (sky130_fd_sc_hd__clkbuf_16)
     6    0.02                           clknet_2_2__leaf_clk (net)
                  0.03    0.00    0.23 ^ _305_/CLK (sky130_fd_sc_hd__dfrtp_1)
                  0.04    0.19    0.42 ^ _305_/Q (sky130_fd_sc_hd__dfrtp_1)
     1    0.00                           net11 (net)
                  0.04    0.00    0.42 ^ output11/A (sky130_fd_sc_hd__clkbuf_4)
                  0.08    0.12    0.54 ^ output11/X (sky130_fd_sc_hd__clkbuf_4)
     1    0.03                           busy (net)
                  0.08    0.00    0.54 ^ busy (out)
                                  0.54   data arrival time

                          0.00    0.00   clock clk (rise edge)
                          0.00    0.00   clock network delay (propagated)
                          0.25    0.25   clock uncertainty
                          0.00    0.25   clock reconvergence pessimism
                         -2.00   -1.75   output external delay
                                 -1.75   data required time
-----------------------------------------------------------------------------
                                 -1.75   data required time
                                 -0.54   data arrival time
-----------------------------------------------------------------------------
                                  2.29   slack (MET)


Startpoint: _304_ (rising edge-triggered flip-flop clocked by clk)
Endpoint: tx (output port clocked by clk)
Path Group: clk
Path Type: min
Corner: Fastest

Fanout     Cap    Slew   Delay    Time   Description
-----------------------------------------------------------------------------
                          0.00    0.00   clock clk (rise edge)
                          0.00    0.00   clock source latency
                  0.06    0.04    0.04 ^ clk (in)
     1    0.02                           clk (net)
                  0.06    0.00    0.04 ^ clkbuf_0_clk/A (sky130_fd_sc_hd__clkbuf_16)
                  0.05    0.10    0.14 ^ clkbuf_0_clk/X (sky130_fd_sc_hd__clkbuf_16)
     4    0.04                           clknet_0_clk (net)
                  0.05    0.00    0.14 ^ clkbuf_2_2__f_clk/A (sky130_fd_sc_hd__clkbuf_16)
                  0.03    0.08    0.23 ^ clkbuf_2_2__f_clk/X (sky130_fd_sc_hd__clkbuf_16)
     6    0.02                           clknet_2_2__leaf_clk (net)
                  0.03    0.00    0.23 ^ _304_/CLK (sky130_fd_sc_hd__dfstp_1)
                  0.03    0.21    0.44 v _304_/Q (sky130_fd_sc_hd__dfstp_1)
     1    0.01                           net12 (net)
                  0.03    0.00    0.44 v output12/A (sky130_fd_sc_hd__clkbuf_4)
                  0.06    0.12    0.56 v output12/X (sky130_fd_sc_hd__clkbuf_4)
     1    0.03                           tx (net)
                  0.06    0.00    0.56 v tx (out)
                                  0.56   data arrival time

                          0.00    0.00   clock clk (rise edge)
                          0.00    0.00   clock network delay (propagated)
                          0.25    0.25   clock uncertainty
                          0.00    0.25   clock reconvergence pessimism
                         -2.00   -1.75   output external delay
                                 -1.75   data required time
-----------------------------------------------------------------------------
                                 -1.75   data required time
                                 -0.56   data arrival time
-----------------------------------------------------------------------------
                                  2.31   slack (MET)



======================= Slowest Corner ===================================

Startpoint: reset (input port clocked by clk)
Endpoint: _328_ (removal check against rising-edge clock clk)
Path Group: asynchronous
Path Type: min
Corner: Slowest

Fanout     Cap    Slew   Delay    Time   Description
-----------------------------------------------------------------------------
                          0.00    0.00   clock clk (rise edge)
                          0.00    0.00   clock network delay (propagated)
                          2.00    2.00 v input external delay
                  0.02    0.01    2.01 v reset (in)
     1    0.00                           reset (net)
                  0.02    0.00    2.01 v input9/A (sky130_fd_sc_hd__buf_2)
                  0.15    0.30    2.30 v input9/X (sky130_fd_sc_hd__buf_2)
     7    0.03                           net9 (net)
                  0.15    0.00    2.30 v _294_/A (sky130_fd_sc_hd__inv_2)
                  0.06    0.10    2.40 ^ _294_/Y (sky130_fd_sc_hd__inv_2)
     1    0.00                           _035_ (net)
                  0.06    0.00    2.40 ^ _328_/RESET_B (sky130_fd_sc_hd__dfrtp_1)
                                  2.40   data arrival time

                          0.00    0.00   clock clk (rise edge)
                          0.00    0.00   clock source latency
                  0.13    0.09    0.09 ^ clk (in)
     1    0.02                           clk (net)
                  0.13    0.00    0.09 ^ clkbuf_0_clk/A (sky130_fd_sc_hd__clkbuf_16)
                  0.10    0.29    0.39 ^ clkbuf_0_clk/X (sky130_fd_sc_hd__clkbuf_16)
     4    0.04                           clknet_0_clk (net)
                  0.10    0.00    0.39 ^ clkbuf_2_1__f_clk/A (sky130_fd_sc_hd__clkbuf_16)
                  0.08    0.26    0.65 ^ clkbuf_2_1__f_clk/X (sky130_fd_sc_hd__clkbuf_16)
    11    0.03                           clknet_2_1__leaf_clk (net)
                  0.08    0.00    0.65 ^ _328_/CLK (sky130_fd_sc_hd__dfrtp_1)
                          0.25    0.90   clock uncertainty
                          0.00    0.90   clock reconvergence pessimism
                          0.66    1.56   library removal time
                                  1.56   data required time
-----------------------------------------------------------------------------
                                  1.56   data required time
                                 -2.40   data arrival time
-----------------------------------------------------------------------------
                                  0.85   slack (MET)


Startpoint: reset (input port clocked by clk)
Endpoint: _327_ (removal check against rising-edge clock clk)
Path Group: asynchronous
Path Type: min
Corner: Slowest

Fanout     Cap    Slew   Delay    Time   Description
-----------------------------------------------------------------------------
                          0.00    0.00   clock clk (rise edge)
                          0.00    0.00   clock network delay (propagated)
                          2.00    2.00 v input external delay
                  0.02    0.01    2.01 v reset (in)
     1    0.00                           reset (net)
                  0.02    0.00    2.01 v input9/A (sky130_fd_sc_hd__buf_2)
                  0.15    0.30    2.30 v input9/X (sky130_fd_sc_hd__buf_2)
     7    0.03                           net9 (net)
                  0.15    0.00    2.30 v _293_/A (sky130_fd_sc_hd__inv_2)
                  0.06    0.10    2.40 ^ _293_/Y (sky130_fd_sc_hd__inv_2)
     1    0.00                           _034_ (net)
                  0.06    0.00    2.40 ^ _327_/RESET_B (sky130_fd_sc_hd__dfrtp_1)
                                  2.40   data arrival time

                          0.00    0.00   clock clk (rise edge)
                          0.00    0.00   clock source latency
                  0.13    0.09    0.09 ^ clk (in)
     1    0.02                           clk (net)
                  0.13    0.00    0.09 ^ clkbuf_0_clk/A (sky130_fd_sc_hd__clkbuf_16)
                  0.10    0.29    0.39 ^ clkbuf_0_clk/X (sky130_fd_sc_hd__clkbuf_16)
     4    0.04                           clknet_0_clk (net)
                  0.10    0.00    0.39 ^ clkbuf_2_1__f_clk/A (sky130_fd_sc_hd__clkbuf_16)
                  0.08    0.26    0.65 ^ clkbuf_2_1__f_clk/X (sky130_fd_sc_hd__clkbuf_16)
    11    0.03                           clknet_2_1__leaf_clk (net)
                  0.08    0.00    0.65 ^ _327_/CLK (sky130_fd_sc_hd__dfrtp_1)
                          0.25    0.90   clock uncertainty
                          0.00    0.90   clock reconvergence pessimism
                          0.66    1.56   library removal time
                                  1.56   data required time
-----------------------------------------------------------------------------
                                  1.56   data required time
                                 -2.40   data arrival time
-----------------------------------------------------------------------------
                                  0.85   slack (MET)


Startpoint: reset (input port clocked by clk)
Endpoint: _329_ (removal check against rising-edge clock clk)
Path Group: asynchronous
Path Type: min
Corner: Slowest

Fanout     Cap    Slew   Delay    Time   Description
-----------------------------------------------------------------------------
                          0.00    0.00   clock clk (rise edge)
                          0.00    0.00   clock network delay (propagated)
                          2.00    2.00 v input external delay
                  0.02    0.01    2.01 v reset (in)
     1    0.00                           reset (net)
                  0.02    0.00    2.01 v input9/A (sky130_fd_sc_hd__buf_2)
                  0.15    0.30    2.30 v input9/X (sky130_fd_sc_hd__buf_2)
     7    0.03                           net9 (net)
                  0.15    0.00    2.30 v _295_/A (sky130_fd_sc_hd__inv_2)
                  0.06    0.10    2.40 ^ _295_/Y (sky130_fd_sc_hd__inv_2)
     1    0.00                           _036_ (net)
                  0.06    0.00    2.40 ^ _329_/RESET_B (sky130_fd_sc_hd__dfrtp_1)
                                  2.40   data arrival time

                          0.00    0.00   clock clk (rise edge)
                          0.00    0.00   clock source latency
                  0.13    0.09    0.09 ^ clk (in)
     1    0.02                           clk (net)
                  0.13    0.00    0.09 ^ clkbuf_0_clk/A (sky130_fd_sc_hd__clkbuf_16)
                  0.10    0.29    0.39 ^ clkbuf_0_clk/X (sky130_fd_sc_hd__clkbuf_16)
     4    0.04                           clknet_0_clk (net)
                  0.10    0.00    0.39 ^ clkbuf_2_1__f_clk/A (sky130_fd_sc_hd__clkbuf_16)
                  0.08    0.26    0.65 ^ clkbuf_2_1__f_clk/X (sky130_fd_sc_hd__clkbuf_16)
    11    0.03                           clknet_2_1__leaf_clk (net)
                  0.08    0.00    0.65 ^ _329_/CLK (sky130_fd_sc_hd__dfrtp_1)
                          0.25    0.90   clock uncertainty
                          0.00    0.90   clock reconvergence pessimism
                          0.66    1.56   library removal time
                                  1.56   data required time
-----------------------------------------------------------------------------
                                  1.56   data required time
                                 -2.40   data arrival time
-----------------------------------------------------------------------------
                                  0.85   slack (MET)


Startpoint: reset (input port clocked by clk)
Endpoint: _326_ (removal check against rising-edge clock clk)
Path Group: asynchronous
Path Type: min
Corner: Slowest

Fanout     Cap    Slew   Delay    Time   Description
-----------------------------------------------------------------------------
                          0.00    0.00   clock clk (rise edge)
                          0.00    0.00   clock network delay (propagated)
                          2.00    2.00 v input external delay
                  0.02    0.01    2.01 v reset (in)
     1    0.00                           reset (net)
                  0.02    0.00    2.01 v input9/A (sky130_fd_sc_hd__buf_2)
                  0.15    0.30    2.30 v input9/X (sky130_fd_sc_hd__buf_2)
     7    0.03                           net9 (net)
                  0.15    0.00    2.30 v _292_/A (sky130_fd_sc_hd__inv_2)
                  0.06    0.10    2.40 ^ _292_/Y (sky130_fd_sc_hd__inv_2)
     1    0.00                           _033_ (net)
                  0.06    0.00    2.40 ^ _326_/RESET_B (sky130_fd_sc_hd__dfrtp_1)
                                  2.40   data arrival time

                          0.00    0.00   clock clk (rise edge)
                          0.00    0.00   clock source latency
                  0.13    0.09    0.09 ^ clk (in)
     1    0.02                           clk (net)
                  0.13    0.00    0.09 ^ clkbuf_0_clk/A (sky130_fd_sc_hd__clkbuf_16)
                  0.10    0.29    0.39 ^ clkbuf_0_clk/X (sky130_fd_sc_hd__clkbuf_16)
     4    0.04                           clknet_0_clk (net)
                  0.10    0.00    0.39 ^ clkbuf_2_1__f_clk/A (sky130_fd_sc_hd__clkbuf_16)
                  0.08    0.26    0.65 ^ clkbuf_2_1__f_clk/X (sky130_fd_sc_hd__clkbuf_16)
    11    0.03                           clknet_2_1__leaf_clk (net)
                  0.08    0.00    0.65 ^ _326_/CLK (sky130_fd_sc_hd__dfrtp_1)
                          0.25    0.90   clock uncertainty
                          0.00    0.90   clock reconvergence pessimism
                          0.66    1.56   library removal time
                                  1.56   data required time
-----------------------------------------------------------------------------
                                  1.56   data required time
                                 -2.40   data arrival time
-----------------------------------------------------------------------------
                                  0.85   slack (MET)


Startpoint: _322_ (rising edge-triggered flip-flop clocked by clk)
Endpoint: _322_ (rising edge-triggered flip-flop clocked by clk)
Path Group: clk
Path Type: min
Corner: Slowest

Fanout     Cap    Slew   Delay    Time   Description
-----------------------------------------------------------------------------
                          0.00    0.00   clock clk (rise edge)
                          0.00    0.00   clock source latency
                  0.13    0.08    0.08 ^ clk (in)
     1    0.02                           clk (net)
                  0.13    0.00    0.08 ^ clkbuf_0_clk/A (sky130_fd_sc_hd__clkbuf_16)
                  0.10    0.27    0.35 ^ clkbuf_0_clk/X (sky130_fd_sc_hd__clkbuf_16)
     4    0.04                           clknet_0_clk (net)
                  0.10    0.00    0.35 ^ clkbuf_2_0__f_clk/A (sky130_fd_sc_hd__clkbuf_16)
                  0.08    0.23    0.58 ^ clkbuf_2_0__f_clk/X (sky130_fd_sc_hd__clkbuf_16)
     9    0.03                           clknet_2_0__leaf_clk (net)
                  0.08    0.00    0.58 ^ _322_/CLK (sky130_fd_sc_hd__dfrtp_2)
                  0.17    0.74    1.32 ^ _322_/Q (sky130_fd_sc_hd__dfrtp_2)
     6    0.02                           baud_count[8] (net)
                  0.17    0.00    1.32 ^ _224_/A1 (sky130_fd_sc_hd__a21boi_1)
                  0.07    0.15    1.47 v _224_/Y (sky130_fd_sc_hd__a21boi_1)
     1    0.00                           _118_ (net)
                  0.07    0.00    1.47 v _225_/B1 (sky130_fd_sc_hd__o21a_1)
                  0.05    0.17    1.65 v _225_/X (sky130_fd_sc_hd__o21a_1)
     1    0.00                           _014_ (net)
                  0.05    0.00    1.65 v _322_/D (sky130_fd_sc_hd__dfrtp_2)
                                  1.65   data arrival time

                          0.00    0.00   clock clk (rise edge)
                          0.00    0.00   clock source latency
                  0.13    0.09    0.09 ^ clk (in)
     1    0.02                           clk (net)
                  0.13    0.00    0.09 ^ clkbuf_0_clk/A (sky130_fd_sc_hd__clkbuf_16)
                  0.10    0.29    0.39 ^ clkbuf_0_clk/X (sky130_fd_sc_hd__clkbuf_16)
     4    0.04                           clknet_0_clk (net)
                  0.10    0.00    0.39 ^ clkbuf_2_0__f_clk/A (sky130_fd_sc_hd__clkbuf_16)
                  0.08    0.26    0.64 ^ clkbuf_2_0__f_clk/X (sky130_fd_sc_hd__clkbuf_16)
     9    0.03                           clknet_2_0__leaf_clk (net)
                  0.08    0.00    0.64 ^ _322_/CLK (sky130_fd_sc_hd__dfrtp_2)
                          0.25    0.89   clock uncertainty
                         -0.06    0.83   clock reconvergence pessimism
                         -0.08    0.75   library hold time
                                  0.75   data required time
-----------------------------------------------------------------------------
                                  0.75   data required time
                                 -1.65   data arrival time
-----------------------------------------------------------------------------
                                  0.90   slack (MET)


Startpoint: _318_ (rising edge-triggered flip-flop clocked by clk)
Endpoint: _318_ (rising edge-triggered flip-flop clocked by clk)
Path Group: clk
Path Type: min
Corner: Slowest

Fanout     Cap    Slew   Delay    Time   Description
-----------------------------------------------------------------------------
                          0.00    0.00   clock clk (rise edge)
                          0.00    0.00   clock source latency
                  0.13    0.08    0.08 ^ clk (in)
     1    0.02                           clk (net)
                  0.13    0.00    0.08 ^ clkbuf_0_clk/A (sky130_fd_sc_hd__clkbuf_16)
                  0.10    0.27    0.35 ^ clkbuf_0_clk/X (sky130_fd_sc_hd__clkbuf_16)
     4    0.04                           clknet_0_clk (net)
                  0.10    0.00    0.35 ^ clkbuf_2_0__f_clk/A (sky130_fd_sc_hd__clkbuf_16)
                  0.08    0.23    0.58 ^ clkbuf_2_0__f_clk/X (sky130_fd_sc_hd__clkbuf_16)
     9    0.03                           clknet_2_0__leaf_clk (net)
                  0.08    0.00    0.58 ^ _318_/CLK (sky130_fd_sc_hd__dfrtp_1)
                  0.20    0.71    1.29 ^ _318_/Q (sky130_fd_sc_hd__dfrtp_1)
     5    0.01                           baud_count[4] (net)
                  0.20    0.00    1.29 ^ _208_/A1 (sky130_fd_sc_hd__a21boi_1)
                  0.07    0.17    1.46 v _208_/Y (sky130_fd_sc_hd__a21boi_1)
     1    0.00                           _106_ (net)
                  0.07    0.00    1.46 v _209_/C1 (sky130_fd_sc_hd__o211a_1)
                  0.05    0.18    1.64 v _209_/X (sky130_fd_sc_hd__o211a_1)
     1    0.00                           _010_ (net)
                  0.05    0.00    1.64 v _318_/D (sky130_fd_sc_hd__dfrtp_1)
                                  1.64   data arrival time

                          0.00    0.00   clock clk (rise edge)
                          0.00    0.00   clock source latency
                  0.13    0.09    0.09 ^ clk (in)
     1    0.02                           clk (net)
                  0.13    0.00    0.09 ^ clkbuf_0_clk/A (sky130_fd_sc_hd__clkbuf_16)
                  0.10    0.29    0.39 ^ clkbuf_0_clk/X (sky130_fd_sc_hd__clkbuf_16)
     4    0.04                           clknet_0_clk (net)
                  0.10    0.00    0.39 ^ clkbuf_2_0__f_clk/A (sky130_fd_sc_hd__clkbuf_16)
                  0.08    0.26    0.64 ^ clkbuf_2_0__f_clk/X (sky130_fd_sc_hd__clkbuf_16)
     9    0.03                           clknet_2_0__leaf_clk (net)
                  0.08    0.00    0.64 ^ _318_/CLK (sky130_fd_sc_hd__dfrtp_1)
                          0.25    0.89   clock uncertainty
                         -0.06    0.83   clock reconvergence pessimism
                         -0.09    0.74   library hold time
                                  0.74   data required time
-----------------------------------------------------------------------------
                                  0.74   data required time
                                 -1.64   data arrival time
-----------------------------------------------------------------------------
                                  0.90   slack (MET)


Startpoint: _326_ (rising edge-triggered flip-flop clocked by clk)
Endpoint: _326_ (rising edge-triggered flip-flop clocked by clk)
Path Group: clk
Path Type: min
Corner: Slowest

Fanout     Cap    Slew   Delay    Time   Description
-----------------------------------------------------------------------------
                          0.00    0.00   clock clk (rise edge)
                          0.00    0.00   clock source latency
                  0.13    0.08    0.08 ^ clk (in)
     1    0.02                           clk (net)
                  0.13    0.00    0.08 ^ clkbuf_0_clk/A (sky130_fd_sc_hd__clkbuf_16)
                  0.10    0.27    0.35 ^ clkbuf_0_clk/X (sky130_fd_sc_hd__clkbuf_16)
     4    0.04                           clknet_0_clk (net)
                  0.10    0.00    0.35 ^ clkbuf_2_1__f_clk/A (sky130_fd_sc_hd__clkbuf_16)
                  0.08    0.24    0.59 ^ clkbuf_2_1__f_clk/X (sky130_fd_sc_hd__clkbuf_16)
    11    0.03                           clknet_2_1__leaf_clk (net)
                  0.08    0.00    0.59 ^ _326_/CLK (sky130_fd_sc_hd__dfrtp_1)
                  0.22    0.73    1.32 ^ _326_/Q (sky130_fd_sc_hd__dfrtp_1)
     6    0.01                           baud_count[12] (net)
                  0.22    0.00    1.32 ^ _239_/A1 (sky130_fd_sc_hd__a21boi_1)
                  0.08    0.18    1.50 v _239_/Y (sky130_fd_sc_hd__a21boi_1)
     1    0.00                           _129_ (net)
                  0.08    0.00    1.50 v _240_/B1 (sky130_fd_sc_hd__o21a_1)
                  0.06    0.19    1.69 v _240_/X (sky130_fd_sc_hd__o21a_1)
     1    0.00                           _003_ (net)
                  0.06    0.00    1.69 v _326_/D (sky130_fd_sc_hd__dfrtp_1)
                                  1.69   data arrival time

                          0.00    0.00   clock clk (rise edge)
                          0.00    0.00   clock source latency
                  0.13    0.09    0.09 ^ clk (in)
     1    0.02                           clk (net)
                  0.13    0.00    0.09 ^ clkbuf_0_clk/A (sky130_fd_sc_hd__clkbuf_16)
                  0.10    0.29    0.39 ^ clkbuf_0_clk/X (sky130_fd_sc_hd__clkbuf_16)
     4    0.04                           clknet_0_clk (net)
                  0.10    0.00    0.39 ^ clkbuf_2_1__f_clk/A (sky130_fd_sc_hd__clkbuf_16)
                  0.08    0.26    0.65 ^ clkbuf_2_1__f_clk/X (sky130_fd_sc_hd__clkbuf_16)
    11    0.03                           clknet_2_1__leaf_clk (net)
                  0.08    0.00    0.65 ^ _326_/CLK (sky130_fd_sc_hd__dfrtp_1)
                          0.25    0.90   clock uncertainty
                         -0.06    0.84   clock reconvergence pessimism
                         -0.09    0.75   library hold time
                                  0.75   data required time
-----------------------------------------------------------------------------
                                  0.75   data required time
                                 -1.69   data arrival time
-----------------------------------------------------------------------------
                                  0.95   slack (MET)


Startpoint: _296_ (rising edge-triggered flip-flop clocked by clk)
Endpoint: _296_ (rising edge-triggered flip-flop clocked by clk)
Path Group: clk
Path Type: min
Corner: Slowest

Fanout     Cap    Slew   Delay    Time   Description
-----------------------------------------------------------------------------
                          0.00    0.00   clock clk (rise edge)
                          0.00    0.00   clock source latency
                  0.13    0.08    0.08 ^ clk (in)
     1    0.02                           clk (net)
                  0.13    0.00    0.08 ^ clkbuf_0_clk/A (sky130_fd_sc_hd__clkbuf_16)
                  0.10    0.27    0.35 ^ clkbuf_0_clk/X (sky130_fd_sc_hd__clkbuf_16)
     4    0.04                           clknet_0_clk (net)
                  0.10    0.00    0.35 ^ clkbuf_2_1__f_clk/A (sky130_fd_sc_hd__clkbuf_16)
                  0.08    0.24    0.59 ^ clkbuf_2_1__f_clk/X (sky130_fd_sc_hd__clkbuf_16)
    11    0.03                           clknet_2_1__leaf_clk (net)
                  0.08    0.00    0.59 ^ _296_/CLK (sky130_fd_sc_hd__dfstp_1)
                  0.17    0.77    1.36 v _296_/Q (sky130_fd_sc_hd__dfstp_1)
     4    0.02                           state[0] (net)
                  0.17    0.00    1.36 v _191_/A2 (sky130_fd_sc_hd__a22o_1)
                  0.07    0.43    1.79 v _191_/X (sky130_fd_sc_hd__a22o_1)
     1    0.00                           _016_ (net)
                  0.07    0.00    1.79 v _296_/D (sky130_fd_sc_hd__dfstp_1)
                                  1.79   data arrival time

                          0.00    0.00   clock clk (rise edge)
                          0.00    0.00   clock source latency
                  0.13    0.09    0.09 ^ clk (in)
     1    0.02                           clk (net)
                  0.13    0.00    0.09 ^ clkbuf_0_clk/A (sky130_fd_sc_hd__clkbuf_16)
                  0.10    0.29    0.39 ^ clkbuf_0_clk/X (sky130_fd_sc_hd__clkbuf_16)
     4    0.04                           clknet_0_clk (net)
                  0.10    0.00    0.39 ^ clkbuf_2_1__f_clk/A (sky130_fd_sc_hd__clkbuf_16)
                  0.08    0.26    0.65 ^ clkbuf_2_1__f_clk/X (sky130_fd_sc_hd__clkbuf_16)
    11    0.03                           clknet_2_1__leaf_clk (net)
                  0.08    0.00    0.65 ^ _296_/CLK (sky130_fd_sc_hd__dfstp_1)
                          0.25    0.90   clock uncertainty
                         -0.06    0.84   clock reconvergence pessimism
                          0.00    0.83   library hold time
                                  0.83   data required time
-----------------------------------------------------------------------------
                                  0.83   data required time
                                 -1.79   data arrival time
-----------------------------------------------------------------------------
                                  0.96   slack (MET)


Startpoint: _297_ (rising edge-triggered flip-flop clocked by clk)
Endpoint: _297_ (rising edge-triggered flip-flop clocked by clk)
Path Group: clk
Path Type: min
Corner: Slowest

Fanout     Cap    Slew   Delay    Time   Description
-----------------------------------------------------------------------------
                          0.00    0.00   clock clk (rise edge)
                          0.00    0.00   clock source latency
                  0.13    0.08    0.08 ^ clk (in)
     1    0.02                           clk (net)
                  0.13    0.00    0.08 ^ clkbuf_0_clk/A (sky130_fd_sc_hd__clkbuf_16)
                  0.10    0.27    0.35 ^ clkbuf_0_clk/X (sky130_fd_sc_hd__clkbuf_16)
     4    0.04                           clknet_0_clk (net)
                  0.10    0.00    0.35 ^ clkbuf_2_2__f_clk/A (sky130_fd_sc_hd__clkbuf_16)
                  0.06    0.22    0.57 ^ clkbuf_2_2__f_clk/X (sky130_fd_sc_hd__clkbuf_16)
     6    0.02                           clknet_2_2__leaf_clk (net)
                  0.06    0.00    0.57 ^ _297_/CLK (sky130_fd_sc_hd__dfrtp_4)
                  0.20    0.87    1.43 ^ _297_/Q (sky130_fd_sc_hd__dfrtp_4)
     8    0.03                           state[1] (net)
                  0.20    0.00    1.43 ^ _189_/B2 (sky130_fd_sc_hd__a22o_1)
                  0.07    0.27    1.70 ^ _189_/X (sky130_fd_sc_hd__a22o_1)
     1    0.00                           _017_ (net)
                  0.07    0.00    1.70 ^ _297_/D (sky130_fd_sc_hd__dfrtp_4)
                                  1.70   data arrival time

                          0.00    0.00   clock clk (rise edge)
                          0.00    0.00   clock source latency
                  0.13    0.09    0.09 ^ clk (in)
     1    0.02                           clk (net)
                  0.13    0.00    0.09 ^ clkbuf_0_clk/A (sky130_fd_sc_hd__clkbuf_16)
                  0.10    0.29    0.39 ^ clkbuf_0_clk/X (sky130_fd_sc_hd__clkbuf_16)
     4    0.04                           clknet_0_clk (net)
                  0.10    0.00    0.39 ^ clkbuf_2_2__f_clk/A (sky130_fd_sc_hd__clkbuf_16)
                  0.06    0.24    0.63 ^ clkbuf_2_2__f_clk/X (sky130_fd_sc_hd__clkbuf_16)
     6    0.02                           clknet_2_2__leaf_clk (net)
                  0.06    0.00    0.63 ^ _297_/CLK (sky130_fd_sc_hd__dfrtp_4)
                          0.25    0.88   clock uncertainty
                         -0.06    0.82   clock reconvergence pessimism
                         -0.08    0.74   library hold time
                                  0.74   data required time
-----------------------------------------------------------------------------
                                  0.74   data required time
                                 -1.70   data arrival time
-----------------------------------------------------------------------------
                                  0.96   slack (MET)


Startpoint: _303_ (rising edge-triggered flip-flop clocked by clk)
Endpoint: _299_ (rising edge-triggered flip-flop clocked by clk)
Path Group: clk
Path Type: min
Corner: Slowest

Fanout     Cap    Slew   Delay    Time   Description
-----------------------------------------------------------------------------
                          0.00    0.00   clock clk (rise edge)
                          0.00    0.00   clock source latency
                  0.13    0.08    0.08 ^ clk (in)
     1    0.02                           clk (net)
                  0.13    0.00    0.08 ^ clkbuf_0_clk/A (sky130_fd_sc_hd__clkbuf_16)
                  0.10    0.27    0.35 ^ clkbuf_0_clk/X (sky130_fd_sc_hd__clkbuf_16)
     4    0.04                           clknet_0_clk (net)
                  0.10    0.00    0.35 ^ clkbuf_2_2__f_clk/A (sky130_fd_sc_hd__clkbuf_16)
                  0.06    0.22    0.57 ^ clkbuf_2_2__f_clk/X (sky130_fd_sc_hd__clkbuf_16)
     6    0.02                           clknet_2_2__leaf_clk (net)
                  0.06    0.00    0.57 ^ _303_/CLK (sky130_fd_sc_hd__dfrtp_1)
                  0.11    0.63    1.20 ^ _303_/Q (sky130_fd_sc_hd__dfrtp_1)
     2    0.01                           bit_index[3] (net)
                  0.11    0.00    1.20 ^ _186_/A (sky130_fd_sc_hd__or4_1)
                  0.06    0.18    1.38 ^ _186_/X (sky130_fd_sc_hd__or4_1)
     1    0.00                           _091_ (net)
                  0.06    0.00    1.38 ^ _187_/B1_N (sky130_fd_sc_hd__a21bo_1)
                  0.06    0.33    1.71 v _187_/X (sky130_fd_sc_hd__a21bo_1)
     1    0.00                           _019_ (net)
                  0.06    0.00    1.71 v _299_/D (sky130_fd_sc_hd__dfrtp_1)
                                  1.71   data arrival time

                          0.00    0.00   clock clk (rise edge)
                          0.00    0.00   clock source latency
                  0.13    0.09    0.09 ^ clk (in)
     1    0.02                           clk (net)
                  0.13    0.00    0.09 ^ clkbuf_0_clk/A (sky130_fd_sc_hd__clkbuf_16)
                  0.10    0.29    0.39 ^ clkbuf_0_clk/X (sky130_fd_sc_hd__clkbuf_16)
     4    0.04                           clknet_0_clk (net)
                  0.10    0.00    0.39 ^ clkbuf_2_2__f_clk/A (sky130_fd_sc_hd__clkbuf_16)
                  0.06    0.24    0.63 ^ clkbuf_2_2__f_clk/X (sky130_fd_sc_hd__clkbuf_16)
     6    0.02                           clknet_2_2__leaf_clk (net)
                  0.06    0.00    0.63 ^ _299_/CLK (sky130_fd_sc_hd__dfrtp_1)
                          0.25    0.88   clock uncertainty
                         -0.06    0.82   clock reconvergence pessimism
                         -0.09    0.72   library hold time
                                  0.72   data required time
-----------------------------------------------------------------------------
                                  0.72   data required time
                                 -1.71   data arrival time
-----------------------------------------------------------------------------
                                  0.98   slack (MET)


Startpoint: _301_ (rising edge-triggered flip-flop clocked by clk)
Endpoint: _301_ (rising edge-triggered flip-flop clocked by clk)
Path Group: clk
Path Type: min
Corner: Slowest

Fanout     Cap    Slew   Delay    Time   Description
-----------------------------------------------------------------------------
                          0.00    0.00   clock clk (rise edge)
                          0.00    0.00   clock source latency
                  0.13    0.08    0.08 ^ clk (in)
     1    0.02                           clk (net)
                  0.13    0.00    0.08 ^ clkbuf_0_clk/A (sky130_fd_sc_hd__clkbuf_16)
                  0.10    0.27    0.35 ^ clkbuf_0_clk/X (sky130_fd_sc_hd__clkbuf_16)
     4    0.04                           clknet_0_clk (net)
                  0.10    0.00    0.35 ^ clkbuf_2_3__f_clk/A (sky130_fd_sc_hd__clkbuf_16)
                  0.07    0.23    0.58 ^ clkbuf_2_3__f_clk/X (sky130_fd_sc_hd__clkbuf_16)
     8    0.02                           clknet_2_3__leaf_clk (net)
                  0.07    0.00    0.58 ^ _301_/CLK (sky130_fd_sc_hd__dfrtp_2)
                  0.20    0.77    1.35 ^ _301_/Q (sky130_fd_sc_hd__dfrtp_2)
     6    0.02                           bit_index[1] (net)
                  0.20    0.00    1.35 ^ _179_/A1 (sky130_fd_sc_hd__a21o_1)
                  0.07    0.25    1.60 ^ _179_/X (sky130_fd_sc_hd__a21o_1)
     1    0.00                           _087_ (net)
                  0.07    0.00    1.60 ^ _181_/A2 (sky130_fd_sc_hd__a21oi_1)
                  0.06    0.13    1.73 v _181_/Y (sky130_fd_sc_hd__a21oi_1)
     1    0.00                           _055_ (net)
                  0.06    0.00    1.73 v _301_/D (sky130_fd_sc_hd__dfrtp_2)
                                  1.73   data arrival time

                          0.00    0.00   clock clk (rise edge)
                          0.00    0.00   clock source latency
                  0.13    0.09    0.09 ^ clk (in)
     1    0.02                           clk (net)
                  0.13    0.00    0.09 ^ clkbuf_0_clk/A (sky130_fd_sc_hd__clkbuf_16)
                  0.10    0.29    0.39 ^ clkbuf_0_clk/X (sky130_fd_sc_hd__clkbuf_16)
     4    0.04                           clknet_0_clk (net)
                  0.10    0.00    0.39 ^ clkbuf_2_3__f_clk/A (sky130_fd_sc_hd__clkbuf_16)
                  0.07    0.25    0.64 ^ clkbuf_2_3__f_clk/X (sky130_fd_sc_hd__clkbuf_16)
     8    0.02                           clknet_2_3__leaf_clk (net)
                  0.07    0.00    0.64 ^ _301_/CLK (sky130_fd_sc_hd__dfrtp_2)
                          0.25    0.89   clock uncertainty
                         -0.06    0.83   clock reconvergence pessimism
                         -0.09    0.74   library hold time
                                  0.74   data required time
-----------------------------------------------------------------------------
                                  0.74   data required time
                                 -1.73   data arrival time
-----------------------------------------------------------------------------
                                  0.99   slack (MET)


Startpoint: _300_ (rising edge-triggered flip-flop clocked by clk)
Endpoint: _300_ (rising edge-triggered flip-flop clocked by clk)
Path Group: clk
Path Type: min
Corner: Slowest

Fanout     Cap    Slew   Delay    Time   Description
-----------------------------------------------------------------------------
                          0.00    0.00   clock clk (rise edge)
                          0.00    0.00   clock source latency
                  0.13    0.08    0.08 ^ clk (in)
     1    0.02                           clk (net)
                  0.13    0.00    0.08 ^ clkbuf_0_clk/A (sky130_fd_sc_hd__clkbuf_16)
                  0.10    0.27    0.35 ^ clkbuf_0_clk/X (sky130_fd_sc_hd__clkbuf_16)
     4    0.04                           clknet_0_clk (net)
                  0.10    0.00    0.35 ^ clkbuf_2_3__f_clk/A (sky130_fd_sc_hd__clkbuf_16)
                  0.07    0.23    0.58 ^ clkbuf_2_3__f_clk/X (sky130_fd_sc_hd__clkbuf_16)
     8    0.02                           clknet_2_3__leaf_clk (net)
                  0.07    0.00    0.58 ^ _300_/CLK (sky130_fd_sc_hd__dfrtp_4)
                  0.19    0.87    1.45 ^ _300_/Q (sky130_fd_sc_hd__dfrtp_4)
     8    0.03                           bit_index[0] (net)
                  0.19    0.00    1.45 ^ _182_/B1 (sky130_fd_sc_hd__a21oi_1)
                  0.08    0.12    1.57 v _182_/Y (sky130_fd_sc_hd__a21oi_1)
     1    0.00                           _089_ (net)
                  0.08    0.00    1.57 v _183_/B1 (sky130_fd_sc_hd__a21oi_1)
                  0.14    0.17    1.74 ^ _183_/Y (sky130_fd_sc_hd__a21oi_1)
     1    0.00                           _054_ (net)
                  0.14    0.00    1.74 ^ _300_/D (sky130_fd_sc_hd__dfrtp_4)
                                  1.74   data arrival time

                          0.00    0.00   clock clk (rise edge)
                          0.00    0.00   clock source latency
                  0.13    0.09    0.09 ^ clk (in)
     1    0.02                           clk (net)
                  0.13    0.00    0.09 ^ clkbuf_0_clk/A (sky130_fd_sc_hd__clkbuf_16)
                  0.10    0.29    0.39 ^ clkbuf_0_clk/X (sky130_fd_sc_hd__clkbuf_16)
     4    0.04                           clknet_0_clk (net)
                  0.10    0.00    0.39 ^ clkbuf_2_3__f_clk/A (sky130_fd_sc_hd__clkbuf_16)
                  0.07    0.25    0.64 ^ clkbuf_2_3__f_clk/X (sky130_fd_sc_hd__clkbuf_16)
     8    0.02                           clknet_2_3__leaf_clk (net)
                  0.07    0.00    0.64 ^ _300_/CLK (sky130_fd_sc_hd__dfrtp_4)
                          0.25    0.89   clock uncertainty
                         -0.06    0.83   clock reconvergence pessimism
                         -0.09    0.73   library hold time
                                  0.73   data required time
-----------------------------------------------------------------------------
                                  0.73   data required time
                                 -1.74   data arrival time
-----------------------------------------------------------------------------
                                  1.00   slack (MET)


Startpoint: _323_ (rising edge-triggered flip-flop clocked by clk)
Endpoint: _323_ (rising edge-triggered flip-flop clocked by clk)
Path Group: clk
Path Type: min
Corner: Slowest

Fanout     Cap    Slew   Delay    Time   Description
-----------------------------------------------------------------------------
                          0.00    0.00   clock clk (rise edge)
                          0.00    0.00   clock source latency
                  0.13    0.08    0.08 ^ clk (in)
     1    0.02                           clk (net)
                  0.13    0.00    0.08 ^ clkbuf_0_clk/A (sky130_fd_sc_hd__clkbuf_16)
                  0.10    0.27    0.35 ^ clkbuf_0_clk/X (sky130_fd_sc_hd__clkbuf_16)
     4    0.04                           clknet_0_clk (net)
                  0.10    0.00    0.35 ^ clkbuf_2_1__f_clk/A (sky130_fd_sc_hd__clkbuf_16)
                  0.08    0.24    0.59 ^ clkbuf_2_1__f_clk/X (sky130_fd_sc_hd__clkbuf_16)
    11    0.03                           clknet_2_1__leaf_clk (net)
                  0.08    0.00    0.59 ^ _323_/CLK (sky130_fd_sc_hd__dfrtp_1)
                  0.19    0.70    1.29 ^ _323_/Q (sky130_fd_sc_hd__dfrtp_1)
     4    0.01                           baud_count[9] (net)
                  0.19    0.00    1.29 ^ _227_/A (sky130_fd_sc_hd__nand3_2)
                  0.19    0.22    1.51 v _227_/Y (sky130_fd_sc_hd__nand3_2)
     4    0.01                           _120_ (net)
                  0.19    0.00    1.51 v _228_/B1 (sky130_fd_sc_hd__o211a_1)
                  0.05    0.26    1.77 v _228_/X (sky130_fd_sc_hd__o211a_1)
     1    0.00                           _015_ (net)
                  0.05    0.00    1.77 v _323_/D (sky130_fd_sc_hd__dfrtp_1)
                                  1.77   data arrival time

                          0.00    0.00   clock clk (rise edge)
                          0.00    0.00   clock source latency
                  0.13    0.09    0.09 ^ clk (in)
     1    0.02                           clk (net)
                  0.13    0.00    0.09 ^ clkbuf_0_clk/A (sky130_fd_sc_hd__clkbuf_16)
                  0.10    0.29    0.39 ^ clkbuf_0_clk/X (sky130_fd_sc_hd__clkbuf_16)
     4    0.04                           clknet_0_clk (net)
                  0.10    0.00    0.39 ^ clkbuf_2_1__f_clk/A (sky130_fd_sc_hd__clkbuf_16)
                  0.08    0.26    0.65 ^ clkbuf_2_1__f_clk/X (sky130_fd_sc_hd__clkbuf_16)
    11    0.03                           clknet_2_1__leaf_clk (net)
                  0.08    0.00    0.65 ^ _323_/CLK (sky130_fd_sc_hd__dfrtp_1)
                          0.25    0.90   clock uncertainty
                         -0.06    0.84   clock reconvergence pessimism
                         -0.09    0.75   library hold time
                                  0.75   data required time
-----------------------------------------------------------------------------
                                  0.75   data required time
                                 -1.77   data arrival time
-----------------------------------------------------------------------------
                                  1.02   slack (MET)


Startpoint: _321_ (rising edge-triggered flip-flop clocked by clk)
Endpoint: _321_ (rising edge-triggered flip-flop clocked by clk)
Path Group: clk
Path Type: min
Corner: Slowest

Fanout     Cap    Slew   Delay    Time   Description
-----------------------------------------------------------------------------
                          0.00    0.00   clock clk (rise edge)
                          0.00    0.00   clock source latency
                  0.13    0.08    0.08 ^ clk (in)
     1    0.02                           clk (net)
                  0.13    0.00    0.08 ^ clkbuf_0_clk/A (sky130_fd_sc_hd__clkbuf_16)
                  0.10    0.27    0.35 ^ clkbuf_0_clk/X (sky130_fd_sc_hd__clkbuf_16)
     4    0.04                           clknet_0_clk (net)
                  0.10    0.00    0.35 ^ clkbuf_2_0__f_clk/A (sky130_fd_sc_hd__clkbuf_16)
                  0.08    0.23    0.58 ^ clkbuf_2_0__f_clk/X (sky130_fd_sc_hd__clkbuf_16)
     9    0.03                           clknet_2_0__leaf_clk (net)
                  0.08    0.00    0.58 ^ _321_/CLK (sky130_fd_sc_hd__dfrtp_1)
                  0.13    0.65    1.23 ^ _321_/Q (sky130_fd_sc_hd__dfrtp_1)
     3    0.01                           baud_count[7] (net)
                  0.13    0.00    1.23 ^ _218_/B1 (sky130_fd_sc_hd__a31o_1)
                  0.07    0.17    1.40 ^ _218_/X (sky130_fd_sc_hd__a31o_1)
     1    0.00                           _113_ (net)
                  0.07    0.00    1.40 ^ _222_/B (sky130_fd_sc_hd__and3_1)
                  0.08    0.27    1.67 ^ _222_/X (sky130_fd_sc_hd__and3_1)
     1    0.00                           _117_ (net)
                  0.08    0.00    1.67 ^ _223_/A (sky130_fd_sc_hd__clkbuf_1)
                  0.06    0.14    1.81 ^ _223_/X (sky130_fd_sc_hd__clkbuf_1)
     1    0.00                           _013_ (net)
                  0.06    0.00    1.81 ^ _321_/D (sky130_fd_sc_hd__dfrtp_1)
                                  1.81   data arrival time

                          0.00    0.00   clock clk (rise edge)
                          0.00    0.00   clock source latency
                  0.13    0.09    0.09 ^ clk (in)
     1    0.02                           clk (net)
                  0.13    0.00    0.09 ^ clkbuf_0_clk/A (sky130_fd_sc_hd__clkbuf_16)
                  0.10    0.29    0.39 ^ clkbuf_0_clk/X (sky130_fd_sc_hd__clkbuf_16)
     4    0.04                           clknet_0_clk (net)
                  0.10    0.00    0.39 ^ clkbuf_2_0__f_clk/A (sky130_fd_sc_hd__clkbuf_16)
                  0.08    0.26    0.64 ^ clkbuf_2_0__f_clk/X (sky130_fd_sc_hd__clkbuf_16)
     9    0.03                           clknet_2_0__leaf_clk (net)
                  0.08    0.00    0.64 ^ _321_/CLK (sky130_fd_sc_hd__dfrtp_1)
                          0.25    0.89   clock uncertainty
                         -0.06    0.83   clock reconvergence pessimism
                         -0.07    0.76   library hold time
                                  0.76   data required time
-----------------------------------------------------------------------------
                                  0.76   data required time
                                 -1.81   data arrival time
-----------------------------------------------------------------------------
                                  1.05   slack (MET)


Startpoint: _297_ (rising edge-triggered flip-flop clocked by clk)
Endpoint: _304_ (rising edge-triggered flip-flop clocked by clk)
Path Group: clk
Path Type: min
Corner: Slowest

Fanout     Cap    Slew   Delay    Time   Description
-----------------------------------------------------------------------------
                          0.00    0.00   clock clk (rise edge)
                          0.00    0.00   clock source latency
                  0.13    0.08    0.08 ^ clk (in)
     1    0.02                           clk (net)
                  0.13    0.00    0.08 ^ clkbuf_0_clk/A (sky130_fd_sc_hd__clkbuf_16)
                  0.10    0.27    0.35 ^ clkbuf_0_clk/X (sky130_fd_sc_hd__clkbuf_16)
     4    0.04                           clknet_0_clk (net)
                  0.10    0.00    0.35 ^ clkbuf_2_2__f_clk/A (sky130_fd_sc_hd__clkbuf_16)
                  0.06    0.22    0.57 ^ clkbuf_2_2__f_clk/X (sky130_fd_sc_hd__clkbuf_16)
     6    0.02                           clknet_2_2__leaf_clk (net)
                  0.06    0.00    0.57 ^ _297_/CLK (sky130_fd_sc_hd__dfrtp_4)
                  0.20    0.87    1.43 ^ _297_/Q (sky130_fd_sc_hd__dfrtp_4)
     8    0.03                           state[1] (net)
                  0.20    0.00    1.43 ^ _258_/A1 (sky130_fd_sc_hd__a311o_1)
                  0.10    0.36    1.80 ^ _258_/X (sky130_fd_sc_hd__a311o_1)
     1    0.00                           _147_ (net)
                  0.10    0.00    1.80 ^ _304_/D (sky130_fd_sc_hd__dfstp_1)
                                  1.80   data arrival time

                          0.00    0.00   clock clk (rise edge)
                          0.00    0.00   clock source latency
                  0.13    0.09    0.09 ^ clk (in)
     1    0.02                           clk (net)
                  0.13    0.00    0.09 ^ clkbuf_0_clk/A (sky130_fd_sc_hd__clkbuf_16)
                  0.10    0.29    0.39 ^ clkbuf_0_clk/X (sky130_fd_sc_hd__clkbuf_16)
     4    0.04                           clknet_0_clk (net)
                  0.10    0.00    0.39 ^ clkbuf_2_2__f_clk/A (sky130_fd_sc_hd__clkbuf_16)
                  0.06    0.24    0.63 ^ clkbuf_2_2__f_clk/X (sky130_fd_sc_hd__clkbuf_16)
     6    0.02                           clknet_2_2__leaf_clk (net)
                  0.06    0.00    0.63 ^ _304_/CLK (sky130_fd_sc_hd__dfstp_1)
                          0.25    0.88   clock uncertainty
                         -0.06    0.82   clock reconvergence pessimism
                         -0.08    0.74   library hold time
                                  0.74   data required time
-----------------------------------------------------------------------------
                                  0.74   data required time
                                 -1.80   data arrival time
-----------------------------------------------------------------------------
                                  1.06   slack (MET)


Startpoint: _297_ (rising edge-triggered flip-flop clocked by clk)
Endpoint: _305_ (rising edge-triggered flip-flop clocked by clk)
Path Group: clk
Path Type: min
Corner: Slowest

Fanout     Cap    Slew   Delay    Time   Description
-----------------------------------------------------------------------------
                          0.00    0.00   clock clk (rise edge)
                          0.00    0.00   clock source latency
                  0.13    0.08    0.08 ^ clk (in)
     1    0.02                           clk (net)
                  0.13    0.00    0.08 ^ clkbuf_0_clk/A (sky130_fd_sc_hd__clkbuf_16)
                  0.10    0.27    0.35 ^ clkbuf_0_clk/X (sky130_fd_sc_hd__clkbuf_16)
     4    0.04                           clknet_0_clk (net)
                  0.10    0.00    0.35 ^ clkbuf_2_2__f_clk/A (sky130_fd_sc_hd__clkbuf_16)
                  0.06    0.22    0.57 ^ clkbuf_2_2__f_clk/X (sky130_fd_sc_hd__clkbuf_16)
     6    0.02                           clknet_2_2__leaf_clk (net)
                  0.06    0.00    0.57 ^ _297_/CLK (sky130_fd_sc_hd__dfrtp_4)
                  0.20    0.87    1.43 ^ _297_/Q (sky130_fd_sc_hd__dfrtp_4)
     8    0.03                           state[1] (net)
                  0.20    0.00    1.43 ^ _252_/B (sky130_fd_sc_hd__or3_1)
                  0.07    0.22    1.66 ^ _252_/X (sky130_fd_sc_hd__or3_1)
     1    0.00                           _138_ (net)
                  0.07    0.00    1.66 ^ _253_/A (sky130_fd_sc_hd__clkbuf_1)
                  0.08    0.15    1.80 ^ _253_/X (sky130_fd_sc_hd__clkbuf_1)
     1    0.00                           _146_ (net)
                  0.08    0.00    1.80 ^ _305_/D (sky130_fd_sc_hd__dfrtp_1)
                                  1.80   data arrival time

                          0.00    0.00   clock clk (rise edge)
                          0.00    0.00   clock source latency
                  0.13    0.09    0.09 ^ clk (in)
     1    0.02                           clk (net)
                  0.13    0.00    0.09 ^ clkbuf_0_clk/A (sky130_fd_sc_hd__clkbuf_16)
                  0.10    0.29    0.39 ^ clkbuf_0_clk/X (sky130_fd_sc_hd__clkbuf_16)
     4    0.04                           clknet_0_clk (net)
                  0.10    0.00    0.39 ^ clkbuf_2_2__f_clk/A (sky130_fd_sc_hd__clkbuf_16)
                  0.06    0.24    0.63 ^ clkbuf_2_2__f_clk/X (sky130_fd_sc_hd__clkbuf_16)
     6    0.02                           clknet_2_2__leaf_clk (net)
                  0.06    0.00    0.63 ^ _305_/CLK (sky130_fd_sc_hd__dfrtp_1)
                          0.25    0.88   clock uncertainty
                         -0.06    0.82   clock reconvergence pessimism
                         -0.08    0.74   library hold time
                                  0.74   data required time
-----------------------------------------------------------------------------
                                  0.74   data required time
                                 -1.80   data arrival time
-----------------------------------------------------------------------------
                                  1.07   slack (MET)


Startpoint: _319_ (rising edge-triggered flip-flop clocked by clk)
Endpoint: _319_ (rising edge-triggered flip-flop clocked by clk)
Path Group: clk
Path Type: min
Corner: Slowest

Fanout     Cap    Slew   Delay    Time   Description
-----------------------------------------------------------------------------
                          0.00    0.00   clock clk (rise edge)
                          0.00    0.00   clock source latency
                  0.13    0.08    0.08 ^ clk (in)
     1    0.02                           clk (net)
                  0.13    0.00    0.08 ^ clkbuf_0_clk/A (sky130_fd_sc_hd__clkbuf_16)
                  0.10    0.27    0.35 ^ clkbuf_0_clk/X (sky130_fd_sc_hd__clkbuf_16)
     4    0.04                           clknet_0_clk (net)
                  0.10    0.00    0.35 ^ clkbuf_2_0__f_clk/A (sky130_fd_sc_hd__clkbuf_16)
                  0.08    0.23    0.58 ^ clkbuf_2_0__f_clk/X (sky130_fd_sc_hd__clkbuf_16)
     9    0.03                           clknet_2_0__leaf_clk (net)
                  0.08    0.00    0.58 ^ _319_/CLK (sky130_fd_sc_hd__dfrtp_1)
                  0.14    0.66    1.24 ^ _319_/Q (sky130_fd_sc_hd__dfrtp_1)
     3    0.01                           baud_count[5] (net)
                  0.14    0.00    1.24 ^ _210_/B1 (sky130_fd_sc_hd__a21o_1)
                  0.06    0.16    1.40 ^ _210_/X (sky130_fd_sc_hd__a21o_1)
     1    0.00                           _107_ (net)
                  0.06    0.00    1.40 ^ _214_/B (sky130_fd_sc_hd__and3_1)
                  0.09    0.27    1.67 ^ _214_/X (sky130_fd_sc_hd__and3_1)
     1    0.00                           _111_ (net)
                  0.09    0.00    1.67 ^ _215_/A (sky130_fd_sc_hd__clkbuf_1)
                  0.08    0.16    1.83 ^ _215_/X (sky130_fd_sc_hd__clkbuf_1)
     1    0.00                           _011_ (net)
                  0.08    0.00    1.83 ^ _319_/D (sky130_fd_sc_hd__dfrtp_1)
                                  1.83   data arrival time

                          0.00    0.00   clock clk (rise edge)
                          0.00    0.00   clock source latency
                  0.13    0.09    0.09 ^ clk (in)
     1    0.02                           clk (net)
                  0.13    0.00    0.09 ^ clkbuf_0_clk/A (sky130_fd_sc_hd__clkbuf_16)
                  0.10    0.29    0.39 ^ clkbuf_0_clk/X (sky130_fd_sc_hd__clkbuf_16)
     4    0.04                           clknet_0_clk (net)
                  0.10    0.00    0.39 ^ clkbuf_2_0__f_clk/A (sky130_fd_sc_hd__clkbuf_16)
                  0.08    0.26    0.64 ^ clkbuf_2_0__f_clk/X (sky130_fd_sc_hd__clkbuf_16)
     9    0.03                           clknet_2_0__leaf_clk (net)
                  0.08    0.00    0.64 ^ _319_/CLK (sky130_fd_sc_hd__dfrtp_1)
                          0.25    0.89   clock uncertainty
                         -0.06    0.83   clock reconvergence pessimism
                         -0.08    0.75   library hold time
                                  0.75   data required time
-----------------------------------------------------------------------------
                                  0.75   data required time
                                 -1.83   data arrival time
-----------------------------------------------------------------------------
                                  1.07   slack (MET)


Startpoint: _324_ (rising edge-triggered flip-flop clocked by clk)
Endpoint: _325_ (rising edge-triggered flip-flop clocked by clk)
Path Group: clk
Path Type: min
Corner: Slowest

Fanout     Cap    Slew   Delay    Time   Description
-----------------------------------------------------------------------------
                          0.00    0.00   clock clk (rise edge)
                          0.00    0.00   clock source latency
                  0.13    0.08    0.08 ^ clk (in)
     1    0.02                           clk (net)
                  0.13    0.00    0.08 ^ clkbuf_0_clk/A (sky130_fd_sc_hd__clkbuf_16)
                  0.10    0.27    0.35 ^ clkbuf_0_clk/X (sky130_fd_sc_hd__clkbuf_16)
     4    0.04                           clknet_0_clk (net)
                  0.10    0.00    0.35 ^ clkbuf_2_1__f_clk/A (sky130_fd_sc_hd__clkbuf_16)
                  0.08    0.24    0.59 ^ clkbuf_2_1__f_clk/X (sky130_fd_sc_hd__clkbuf_16)
    11    0.03                           clknet_2_1__leaf_clk (net)
                  0.08    0.00    0.59 ^ _324_/CLK (sky130_fd_sc_hd__dfrtp_1)
                  0.16    0.68    1.27 ^ _324_/Q (sky130_fd_sc_hd__dfrtp_1)
     3    0.01                           baud_count[10] (net)
                  0.16    0.00    1.27 ^ _229_/A (sky130_fd_sc_hd__inv_2)
                  0.06    0.11    1.38 v _229_/Y (sky130_fd_sc_hd__inv_2)
     3    0.01                           _121_ (net)
                  0.06    0.00    1.38 v _234_/A (sky130_fd_sc_hd__nor2_1)
                  0.16    0.17    1.55 ^ _234_/Y (sky130_fd_sc_hd__nor2_1)
     1    0.00                           _125_ (net)
                  0.16    0.00    1.55 ^ _238_/A2 (sky130_fd_sc_hd__o211a_1)
                  0.07    0.29    1.84 ^ _238_/X (sky130_fd_sc_hd__o211a_1)
     1    0.00                           _002_ (net)
                  0.07    0.00    1.84 ^ _325_/D (sky130_fd_sc_hd__dfrtp_1)
                                  1.84   data arrival time

                          0.00    0.00   clock clk (rise edge)
                          0.00    0.00   clock source latency
                  0.13    0.09    0.09 ^ clk (in)
     1    0.02                           clk (net)
                  0.13    0.00    0.09 ^ clkbuf_0_clk/A (sky130_fd_sc_hd__clkbuf_16)
                  0.10    0.29    0.39 ^ clkbuf_0_clk/X (sky130_fd_sc_hd__clkbuf_16)
     4    0.04                           clknet_0_clk (net)
                  0.10    0.00    0.39 ^ clkbuf_2_1__f_clk/A (sky130_fd_sc_hd__clkbuf_16)
                  0.08    0.26    0.65 ^ clkbuf_2_1__f_clk/X (sky130_fd_sc_hd__clkbuf_16)
    11    0.03                           clknet_2_1__leaf_clk (net)
                  0.08    0.00    0.65 ^ _325_/CLK (sky130_fd_sc_hd__dfrtp_1)
                          0.25    0.90   clock uncertainty
                         -0.06    0.84   clock reconvergence pessimism
                         -0.08    0.76   library hold time
                                  0.76   data required time
-----------------------------------------------------------------------------
                                  0.76   data required time
                                 -1.84   data arrival time
-----------------------------------------------------------------------------
                                  1.08   slack (MET)


Startpoint: _327_ (rising edge-triggered flip-flop clocked by clk)
Endpoint: _329_ (rising edge-triggered flip-flop clocked by clk)
Path Group: clk
Path Type: min
Corner: Slowest

Fanout     Cap    Slew   Delay    Time   Description
-----------------------------------------------------------------------------
                          0.00    0.00   clock clk (rise edge)
                          0.00    0.00   clock source latency
                  0.13    0.08    0.08 ^ clk (in)
     1    0.02                           clk (net)
                  0.13    0.00    0.08 ^ clkbuf_0_clk/A (sky130_fd_sc_hd__clkbuf_16)
                  0.10    0.27    0.35 ^ clkbuf_0_clk/X (sky130_fd_sc_hd__clkbuf_16)
     4    0.04                           clknet_0_clk (net)
                  0.10    0.00    0.35 ^ clkbuf_2_1__f_clk/A (sky130_fd_sc_hd__clkbuf_16)
                  0.08    0.24    0.59 ^ clkbuf_2_1__f_clk/X (sky130_fd_sc_hd__clkbuf_16)
    11    0.03                           clknet_2_1__leaf_clk (net)
                  0.08    0.00    0.59 ^ _327_/CLK (sky130_fd_sc_hd__dfrtp_1)
                  0.16    0.68    1.27 ^ _327_/Q (sky130_fd_sc_hd__dfrtp_1)
     4    0.01                           baud_count[13] (net)
                  0.16    0.00    1.27 ^ _248_/A (sky130_fd_sc_hd__and4_1)
                  0.16    0.41    1.68 ^ _248_/X (sky130_fd_sc_hd__and4_1)
     2    0.01                           _135_ (net)
                  0.16    0.00    1.68 ^ _250_/A2 (sky130_fd_sc_hd__a21oi_1)
                  0.06    0.15    1.83 v _250_/Y (sky130_fd_sc_hd__a21oi_1)
     1    0.00                           _006_ (net)
                  0.06    0.00    1.83 v _329_/D (sky130_fd_sc_hd__dfrtp_1)
                                  1.83   data arrival time

                          0.00    0.00   clock clk (rise edge)
                          0.00    0.00   clock source latency
                  0.13    0.09    0.09 ^ clk (in)
     1    0.02                           clk (net)
                  0.13    0.00    0.09 ^ clkbuf_0_clk/A (sky130_fd_sc_hd__clkbuf_16)
                  0.10    0.29    0.39 ^ clkbuf_0_clk/X (sky130_fd_sc_hd__clkbuf_16)
     4    0.04                           clknet_0_clk (net)
                  0.10    0.00    0.39 ^ clkbuf_2_1__f_clk/A (sky130_fd_sc_hd__clkbuf_16)
                  0.08    0.26    0.65 ^ clkbuf_2_1__f_clk/X (sky130_fd_sc_hd__clkbuf_16)
    11    0.03                           clknet_2_1__leaf_clk (net)
                  0.08    0.00    0.65 ^ _329_/CLK (sky130_fd_sc_hd__dfrtp_1)
                          0.25    0.90   clock uncertainty
                         -0.06    0.84   clock reconvergence pessimism
                         -0.09    0.75   library hold time
                                  0.75   data required time
-----------------------------------------------------------------------------
                                  0.75   data required time
                                 -1.83   data arrival time
-----------------------------------------------------------------------------
                                  1.08   slack (MET)


Startpoint: _327_ (rising edge-triggered flip-flop clocked by clk)
Endpoint: _327_ (rising edge-triggered flip-flop clocked by clk)
Path Group: clk
Path Type: min
Corner: Slowest

Fanout     Cap    Slew   Delay    Time   Description
-----------------------------------------------------------------------------
                          0.00    0.00   clock clk (rise edge)
                          0.00    0.00   clock source latency
                  0.13    0.08    0.08 ^ clk (in)
     1    0.02                           clk (net)
                  0.13    0.00    0.08 ^ clkbuf_0_clk/A (sky130_fd_sc_hd__clkbuf_16)
                  0.10    0.27    0.35 ^ clkbuf_0_clk/X (sky130_fd_sc_hd__clkbuf_16)
     4    0.04                           clknet_0_clk (net)
                  0.10    0.00    0.35 ^ clkbuf_2_1__f_clk/A (sky130_fd_sc_hd__clkbuf_16)
                  0.08    0.24    0.59 ^ clkbuf_2_1__f_clk/X (sky130_fd_sc_hd__clkbuf_16)
    11    0.03                           clknet_2_1__leaf_clk (net)
                  0.08    0.00    0.59 ^ _327_/CLK (sky130_fd_sc_hd__dfrtp_1)
                  0.16    0.68    1.27 ^ _327_/Q (sky130_fd_sc_hd__dfrtp_1)
     4    0.01                           baud_count[13] (net)
                  0.16    0.00    1.27 ^ _241_/B1 (sky130_fd_sc_hd__a21o_1)
                  0.05    0.16    1.43 ^ _241_/X (sky130_fd_sc_hd__a21o_1)
     1    0.00                           _130_ (net)
                  0.05    0.00    1.43 ^ _244_/B (sky130_fd_sc_hd__and3_1)
                  0.09    0.27    1.70 ^ _244_/X (sky130_fd_sc_hd__and3_1)
     1    0.00                           _133_ (net)
                  0.09    0.00    1.70 ^ _245_/A (sky130_fd_sc_hd__clkbuf_1)
                  0.07    0.15    1.85 ^ _245_/X (sky130_fd_sc_hd__clkbuf_1)
     1    0.00                           _004_ (net)
                  0.07    0.00    1.85 ^ _327_/D (sky130_fd_sc_hd__dfrtp_1)
                                  1.85   data arrival time

                          0.00    0.00   clock clk (rise edge)
                          0.00    0.00   clock source latency
                  0.13    0.09    0.09 ^ clk (in)
     1    0.02                           clk (net)
                  0.13    0.00    0.09 ^ clkbuf_0_clk/A (sky130_fd_sc_hd__clkbuf_16)
                  0.10    0.29    0.39 ^ clkbuf_0_clk/X (sky130_fd_sc_hd__clkbuf_16)
     4    0.04                           clknet_0_clk (net)
                  0.10    0.00    0.39 ^ clkbuf_2_1__f_clk/A (sky130_fd_sc_hd__clkbuf_16)
                  0.08    0.26    0.65 ^ clkbuf_2_1__f_clk/X (sky130_fd_sc_hd__clkbuf_16)
    11    0.03                           clknet_2_1__leaf_clk (net)
                  0.08    0.00    0.65 ^ _327_/CLK (sky130_fd_sc_hd__dfrtp_1)
                          0.25    0.90   clock uncertainty
                         -0.06    0.84   clock reconvergence pessimism
                         -0.08    0.76   library hold time
                                  0.76   data required time
-----------------------------------------------------------------------------
                                  0.76   data required time
                                 -1.85   data arrival time
-----------------------------------------------------------------------------
                                  1.09   slack (MET)


Startpoint: _324_ (rising edge-triggered flip-flop clocked by clk)
Endpoint: _324_ (rising edge-triggered flip-flop clocked by clk)
Path Group: clk
Path Type: min
Corner: Slowest

Fanout     Cap    Slew   Delay    Time   Description
-----------------------------------------------------------------------------
                          0.00    0.00   clock clk (rise edge)
                          0.00    0.00   clock source latency
                  0.13    0.08    0.08 ^ clk (in)
     1    0.02                           clk (net)
                  0.13    0.00    0.08 ^ clkbuf_0_clk/A (sky130_fd_sc_hd__clkbuf_16)
                  0.10    0.27    0.35 ^ clkbuf_0_clk/X (sky130_fd_sc_hd__clkbuf_16)
     4    0.04                           clknet_0_clk (net)
                  0.10    0.00    0.35 ^ clkbuf_2_1__f_clk/A (sky130_fd_sc_hd__clkbuf_16)
                  0.08    0.24    0.59 ^ clkbuf_2_1__f_clk/X (sky130_fd_sc_hd__clkbuf_16)
    11    0.03                           clknet_2_1__leaf_clk (net)
                  0.08    0.00    0.59 ^ _324_/CLK (sky130_fd_sc_hd__dfrtp_1)
                  0.16    0.68    1.27 ^ _324_/Q (sky130_fd_sc_hd__dfrtp_1)
     3    0.01                           baud_count[10] (net)
                  0.16    0.00    1.27 ^ _229_/A (sky130_fd_sc_hd__inv_2)
                  0.06    0.11    1.38 v _229_/Y (sky130_fd_sc_hd__inv_2)
     3    0.01                           _121_ (net)
                  0.06    0.00    1.38 v _230_/A (sky130_fd_sc_hd__nand2_1)
                  0.05    0.07    1.45 ^ _230_/Y (sky130_fd_sc_hd__nand2_1)
     1    0.00                           _122_ (net)
                  0.05    0.00    1.45 ^ _232_/B (sky130_fd_sc_hd__and3_1)
                  0.09    0.27    1.72 ^ _232_/X (sky130_fd_sc_hd__and3_1)
     1    0.00                           _124_ (net)
                  0.09    0.00    1.72 ^ _233_/A (sky130_fd_sc_hd__clkbuf_1)
                  0.07    0.15    1.87 ^ _233_/X (sky130_fd_sc_hd__clkbuf_1)
     1    0.00                           _001_ (net)
                  0.07    0.00    1.87 ^ _324_/D (sky130_fd_sc_hd__dfrtp_1)
                                  1.87   data arrival time

                          0.00    0.00   clock clk (rise edge)
                          0.00    0.00   clock source latency
                  0.13    0.09    0.09 ^ clk (in)
     1    0.02                           clk (net)
                  0.13    0.00    0.09 ^ clkbuf_0_clk/A (sky130_fd_sc_hd__clkbuf_16)
                  0.10    0.29    0.39 ^ clkbuf_0_clk/X (sky130_fd_sc_hd__clkbuf_16)
     4    0.04                           clknet_0_clk (net)
                  0.10    0.00    0.39 ^ clkbuf_2_1__f_clk/A (sky130_fd_sc_hd__clkbuf_16)
                  0.08    0.26    0.65 ^ clkbuf_2_1__f_clk/X (sky130_fd_sc_hd__clkbuf_16)
    11    0.03                           clknet_2_1__leaf_clk (net)
                  0.08    0.00    0.65 ^ _324_/CLK (sky130_fd_sc_hd__dfrtp_1)
                          0.25    0.90   clock uncertainty
                         -0.06    0.84   clock reconvergence pessimism
                         -0.08    0.76   library hold time
                                  0.76   data required time
-----------------------------------------------------------------------------
                                  0.76   data required time
                                 -1.87   data arrival time
-----------------------------------------------------------------------------
                                  1.10   slack (MET)


Startpoint: _317_ (rising edge-triggered flip-flop clocked by clk)
Endpoint: _317_ (rising edge-triggered flip-flop clocked by clk)
Path Group: clk
Path Type: min
Corner: Slowest

Fanout     Cap    Slew   Delay    Time   Description
-----------------------------------------------------------------------------
                          0.00    0.00   clock clk (rise edge)
                          0.00    0.00   clock source latency
                  0.13    0.08    0.08 ^ clk (in)
     1    0.02                           clk (net)
                  0.13    0.00    0.08 ^ clkbuf_0_clk/A (sky130_fd_sc_hd__clkbuf_16)
                  0.10    0.27    0.35 ^ clkbuf_0_clk/X (sky130_fd_sc_hd__clkbuf_16)
     4    0.04                           clknet_0_clk (net)
                  0.10    0.00    0.35 ^ clkbuf_2_0__f_clk/A (sky130_fd_sc_hd__clkbuf_16)
                  0.08    0.23    0.58 ^ clkbuf_2_0__f_clk/X (sky130_fd_sc_hd__clkbuf_16)
     9    0.03                           clknet_2_0__leaf_clk (net)
                  0.08    0.00    0.58 ^ _317_/CLK (sky130_fd_sc_hd__dfrtp_1)
                  0.14    0.66    1.24 ^ _317_/Q (sky130_fd_sc_hd__dfrtp_1)
     3    0.01                           baud_count[3] (net)
                  0.14    0.00    1.24 ^ _204_/B1 (sky130_fd_sc_hd__a31o_1)
                  0.07    0.17    1.41 ^ _204_/X (sky130_fd_sc_hd__a31o_1)
     1    0.00                           _103_ (net)
                  0.07    0.00    1.41 ^ _205_/C (sky130_fd_sc_hd__and3_1)
                  0.09    0.29    1.70 ^ _205_/X (sky130_fd_sc_hd__and3_1)
     1    0.00                           _104_ (net)
                  0.09    0.00    1.70 ^ _206_/A (sky130_fd_sc_hd__clkbuf_1)
                  0.08    0.16    1.86 ^ _206_/X (sky130_fd_sc_hd__clkbuf_1)
     1    0.00                           _009_ (net)
                  0.08    0.00    1.86 ^ _317_/D (sky130_fd_sc_hd__dfrtp_1)
                                  1.86   data arrival time

                          0.00    0.00   clock clk (rise edge)
                          0.00    0.00   clock source latency
                  0.13    0.09    0.09 ^ clk (in)
     1    0.02                           clk (net)
                  0.13    0.00    0.09 ^ clkbuf_0_clk/A (sky130_fd_sc_hd__clkbuf_16)
                  0.10    0.29    0.39 ^ clkbuf_0_clk/X (sky130_fd_sc_hd__clkbuf_16)
     4    0.04                           clknet_0_clk (net)
                  0.10    0.00    0.39 ^ clkbuf_2_0__f_clk/A (sky130_fd_sc_hd__clkbuf_16)
                  0.08    0.26    0.64 ^ clkbuf_2_0__f_clk/X (sky130_fd_sc_hd__clkbuf_16)
     9    0.03                           clknet_2_0__leaf_clk (net)
                  0.08    0.00    0.64 ^ _317_/CLK (sky130_fd_sc_hd__dfrtp_1)
                          0.25    0.89   clock uncertainty
                         -0.06    0.83   clock reconvergence pessimism
                         -0.08    0.75   library hold time
                                  0.75   data required time
-----------------------------------------------------------------------------
                                  0.75   data required time
                                 -1.86   data arrival time
-----------------------------------------------------------------------------
                                  1.11   slack (MET)


Startpoint: _302_ (rising edge-triggered flip-flop clocked by clk)
Endpoint: _302_ (rising edge-triggered flip-flop clocked by clk)
Path Group: clk
Path Type: min
Corner: Slowest

Fanout     Cap    Slew   Delay    Time   Description
-----------------------------------------------------------------------------
                          0.00    0.00   clock clk (rise edge)
                          0.00    0.00   clock source latency
                  0.13    0.08    0.08 ^ clk (in)
     1    0.02                           clk (net)
                  0.13    0.00    0.08 ^ clkbuf_0_clk/A (sky130_fd_sc_hd__clkbuf_16)
                  0.10    0.27    0.35 ^ clkbuf_0_clk/X (sky130_fd_sc_hd__clkbuf_16)
     4    0.04                           clknet_0_clk (net)
                  0.10    0.00    0.35 ^ clkbuf_2_3__f_clk/A (sky130_fd_sc_hd__clkbuf_16)
                  0.07    0.23    0.58 ^ clkbuf_2_3__f_clk/X (sky130_fd_sc_hd__clkbuf_16)
     8    0.02                           clknet_2_3__leaf_clk (net)
                  0.07    0.00    0.58 ^ _302_/CLK (sky130_fd_sc_hd__dfrtp_1)
                  0.22    0.73    1.30 ^ _302_/Q (sky130_fd_sc_hd__dfrtp_1)
     4    0.01                           bit_index[2] (net)
                  0.22    0.00    1.30 ^ _175_/B1 (sky130_fd_sc_hd__a31o_1)
                  0.07    0.21    1.51 ^ _175_/X (sky130_fd_sc_hd__a31o_1)
     1    0.00                           _084_ (net)
                  0.07    0.00    1.51 ^ _176_/B (sky130_fd_sc_hd__and2_1)
                  0.09    0.22    1.73 ^ _176_/X (sky130_fd_sc_hd__and2_1)
     1    0.00                           _085_ (net)
                  0.09    0.00    1.73 ^ _177_/A (sky130_fd_sc_hd__clkbuf_1)
                  0.08    0.15    1.89 ^ _177_/X (sky130_fd_sc_hd__clkbuf_1)
     1    0.00                           _056_ (net)
                  0.08    0.00    1.89 ^ _302_/D (sky130_fd_sc_hd__dfrtp_1)
                                  1.89   data arrival time

                          0.00    0.00   clock clk (rise edge)
                          0.00    0.00   clock source latency
                  0.13    0.09    0.09 ^ clk (in)
     1    0.02                           clk (net)
                  0.13    0.00    0.09 ^ clkbuf_0_clk/A (sky130_fd_sc_hd__clkbuf_16)
                  0.10    0.29    0.39 ^ clkbuf_0_clk/X (sky130_fd_sc_hd__clkbuf_16)
     4    0.04                           clknet_0_clk (net)
                  0.10    0.00    0.39 ^ clkbuf_2_3__f_clk/A (sky130_fd_sc_hd__clkbuf_16)
                  0.07    0.25    0.64 ^ clkbuf_2_3__f_clk/X (sky130_fd_sc_hd__clkbuf_16)
     8    0.02                           clknet_2_3__leaf_clk (net)
                  0.07    0.00    0.64 ^ _302_/CLK (sky130_fd_sc_hd__dfrtp_1)
                          0.25    0.89   clock uncertainty
                         -0.06    0.83   clock reconvergence pessimism
                         -0.08    0.75   library hold time
                                  0.75   data required time
-----------------------------------------------------------------------------
                                  0.75   data required time
                                 -1.89   data arrival time
-----------------------------------------------------------------------------
                                  1.13   slack (MET)


Startpoint: _315_ (rising edge-triggered flip-flop clocked by clk)
Endpoint: _315_ (rising edge-triggered flip-flop clocked by clk)
Path Group: clk
Path Type: min
Corner: Slowest

Fanout     Cap    Slew   Delay    Time   Description
-----------------------------------------------------------------------------
                          0.00    0.00   clock clk (rise edge)
                          0.00    0.00   clock source latency
                  0.13    0.08    0.08 ^ clk (in)
     1    0.02                           clk (net)
                  0.13    0.00    0.08 ^ clkbuf_0_clk/A (sky130_fd_sc_hd__clkbuf_16)
                  0.10    0.27    0.35 ^ clkbuf_0_clk/X (sky130_fd_sc_hd__clkbuf_16)
     4    0.04                           clknet_0_clk (net)
                  0.10    0.00    0.35 ^ clkbuf_2_2__f_clk/A (sky130_fd_sc_hd__clkbuf_16)
                  0.06    0.22    0.57 ^ clkbuf_2_2__f_clk/X (sky130_fd_sc_hd__clkbuf_16)
     6    0.02                           clknet_2_2__leaf_clk (net)
                  0.06    0.00    0.57 ^ _315_/CLK (sky130_fd_sc_hd__dfrtp_2)
                  0.20    0.76    1.33 ^ _315_/Q (sky130_fd_sc_hd__dfrtp_2)
     7    0.02                           baud_count[1] (net)
                  0.20    0.00    1.33 ^ _196_/A (sky130_fd_sc_hd__nand2_1)
                  0.07    0.13    1.46 v _196_/Y (sky130_fd_sc_hd__nand2_1)
     1    0.00                           _097_ (net)
                  0.07    0.00    1.46 v _198_/A (sky130_fd_sc_hd__and3_1)
                  0.06    0.27    1.73 v _198_/X (sky130_fd_sc_hd__and3_1)
     1    0.00                           _099_ (net)
                  0.06    0.00    1.73 v _199_/A (sky130_fd_sc_hd__clkbuf_1)
                  0.04    0.14    1.87 v _199_/X (sky130_fd_sc_hd__clkbuf_1)
     1    0.00                           _007_ (net)
                  0.04    0.00    1.87 v _315_/D (sky130_fd_sc_hd__dfrtp_2)
                                  1.87   data arrival time

                          0.00    0.00   clock clk (rise edge)
                          0.00    0.00   clock source latency
                  0.13    0.09    0.09 ^ clk (in)
     1    0.02                           clk (net)
                  0.13    0.00    0.09 ^ clkbuf_0_clk/A (sky130_fd_sc_hd__clkbuf_16)
                  0.10    0.29    0.39 ^ clkbuf_0_clk/X (sky130_fd_sc_hd__clkbuf_16)
     4    0.04                           clknet_0_clk (net)
                  0.10    0.00    0.39 ^ clkbuf_2_2__f_clk/A (sky130_fd_sc_hd__clkbuf_16)
                  0.06    0.24    0.63 ^ clkbuf_2_2__f_clk/X (sky130_fd_sc_hd__clkbuf_16)
     6    0.02                           clknet_2_2__leaf_clk (net)
                  0.06    0.00    0.63 ^ _315_/CLK (sky130_fd_sc_hd__dfrtp_2)
                          0.25    0.88   clock uncertainty
                         -0.06    0.82   clock reconvergence pessimism
                         -0.08    0.74   library hold time
                                  0.74   data required time
-----------------------------------------------------------------------------
                                  0.74   data required time
                                 -1.87   data arrival time
-----------------------------------------------------------------------------
                                  1.14   slack (MET)


Startpoint: _327_ (rising edge-triggered flip-flop clocked by clk)
Endpoint: _328_ (rising edge-triggered flip-flop clocked by clk)
Path Group: clk
Path Type: min
Corner: Slowest

Fanout     Cap    Slew   Delay    Time   Description
-----------------------------------------------------------------------------
                          0.00    0.00   clock clk (rise edge)
                          0.00    0.00   clock source latency
                  0.13    0.08    0.08 ^ clk (in)
     1    0.02                           clk (net)
                  0.13    0.00    0.08 ^ clkbuf_0_clk/A (sky130_fd_sc_hd__clkbuf_16)
                  0.10    0.27    0.35 ^ clkbuf_0_clk/X (sky130_fd_sc_hd__clkbuf_16)
     4    0.04                           clknet_0_clk (net)
                  0.10    0.00    0.35 ^ clkbuf_2_1__f_clk/A (sky130_fd_sc_hd__clkbuf_16)
                  0.08    0.24    0.59 ^ clkbuf_2_1__f_clk/X (sky130_fd_sc_hd__clkbuf_16)
    11    0.03                           clknet_2_1__leaf_clk (net)
                  0.08    0.00    0.59 ^ _327_/CLK (sky130_fd_sc_hd__dfrtp_1)
                  0.16    0.68    1.27 ^ _327_/Q (sky130_fd_sc_hd__dfrtp_1)
     4    0.01                           baud_count[13] (net)
                  0.16    0.00    1.27 ^ _242_/A (sky130_fd_sc_hd__and3_1)
                  0.21    0.40    1.67 ^ _242_/X (sky130_fd_sc_hd__and3_1)
     3    0.01                           _131_ (net)
                  0.21    0.00    1.67 ^ _247_/A2 (sky130_fd_sc_hd__o21a_1)
                  0.07    0.24    1.92 ^ _247_/X (sky130_fd_sc_hd__o21a_1)
     1    0.00                           _005_ (net)
                  0.07    0.00    1.92 ^ _328_/D (sky130_fd_sc_hd__dfrtp_1)
                                  1.92   data arrival time

                          0.00    0.00   clock clk (rise edge)
                          0.00    0.00   clock source latency
                  0.13    0.09    0.09 ^ clk (in)
     1    0.02                           clk (net)
                  0.13    0.00    0.09 ^ clkbuf_0_clk/A (sky130_fd_sc_hd__clkbuf_16)
                  0.10    0.29    0.39 ^ clkbuf_0_clk/X (sky130_fd_sc_hd__clkbuf_16)
     4    0.04                           clknet_0_clk (net)
                  0.10    0.00    0.39 ^ clkbuf_2_1__f_clk/A (sky130_fd_sc_hd__clkbuf_16)
                  0.08    0.26    0.65 ^ clkbuf_2_1__f_clk/X (sky130_fd_sc_hd__clkbuf_16)
    11    0.03                           clknet_2_1__leaf_clk (net)
                  0.08    0.00    0.65 ^ _328_/CLK (sky130_fd_sc_hd__dfrtp_1)
                          0.25    0.90   clock uncertainty
                         -0.06    0.84   clock reconvergence pessimism
                         -0.07    0.76   library hold time
                                  0.76   data required time
-----------------------------------------------------------------------------
                                  0.76   data required time
                                 -1.92   data arrival time
-----------------------------------------------------------------------------
                                  1.15   slack (MET)


Startpoint: _315_ (rising edge-triggered flip-flop clocked by clk)
Endpoint: _316_ (rising edge-triggered flip-flop clocked by clk)
Path Group: clk
Path Type: min
Corner: Slowest

Fanout     Cap    Slew   Delay    Time   Description
-----------------------------------------------------------------------------
                          0.00    0.00   clock clk (rise edge)
                          0.00    0.00   clock source latency
                  0.13    0.08    0.08 ^ clk (in)
     1    0.02                           clk (net)
                  0.13    0.00    0.08 ^ clkbuf_0_clk/A (sky130_fd_sc_hd__clkbuf_16)
                  0.10    0.27    0.35 ^ clkbuf_0_clk/X (sky130_fd_sc_hd__clkbuf_16)
     4    0.04                           clknet_0_clk (net)
                  0.10    0.00    0.35 ^ clkbuf_2_2__f_clk/A (sky130_fd_sc_hd__clkbuf_16)
                  0.06    0.22    0.57 ^ clkbuf_2_2__f_clk/X (sky130_fd_sc_hd__clkbuf_16)
     6    0.02                           clknet_2_2__leaf_clk (net)
                  0.06    0.00    0.57 ^ _315_/CLK (sky130_fd_sc_hd__dfrtp_2)
                  0.20    0.76    1.33 ^ _315_/Q (sky130_fd_sc_hd__dfrtp_2)
     7    0.02                           baud_count[1] (net)
                  0.20    0.00    1.33 ^ _200_/A (sky130_fd_sc_hd__nand3_1)
                  0.10    0.15    1.49 v _200_/Y (sky130_fd_sc_hd__nand3_1)
     1    0.00                           _100_ (net)
                  0.10    0.00    1.49 v _202_/A (sky130_fd_sc_hd__and3_1)
                  0.07    0.29    1.78 v _202_/X (sky130_fd_sc_hd__and3_1)
     1    0.00                           _102_ (net)
                  0.07    0.00    1.78 v _203_/A (sky130_fd_sc_hd__clkbuf_1)
                  0.06    0.16    1.94 v _203_/X (sky130_fd_sc_hd__clkbuf_1)
     1    0.00                           _008_ (net)
                  0.06    0.00    1.94 v _316_/D (sky130_fd_sc_hd__dfrtp_1)
                                  1.94   data arrival time

                          0.00    0.00   clock clk (rise edge)
                          0.00    0.00   clock source latency
                  0.13    0.09    0.09 ^ clk (in)
     1    0.02                           clk (net)
                  0.13    0.00    0.09 ^ clkbuf_0_clk/A (sky130_fd_sc_hd__clkbuf_16)
                  0.10    0.29    0.39 ^ clkbuf_0_clk/X (sky130_fd_sc_hd__clkbuf_16)
     4    0.04                           clknet_0_clk (net)
                  0.10    0.00    0.39 ^ clkbuf_2_0__f_clk/A (sky130_fd_sc_hd__clkbuf_16)
                  0.08    0.26    0.64 ^ clkbuf_2_0__f_clk/X (sky130_fd_sc_hd__clkbuf_16)
     9    0.03                           clknet_2_0__leaf_clk (net)
                  0.08    0.00    0.64 ^ _316_/CLK (sky130_fd_sc_hd__dfrtp_1)
                          0.25    0.89   clock uncertainty
                         -0.04    0.86   clock reconvergence pessimism
                         -0.09    0.77   library hold time
                                  0.77   data required time
-----------------------------------------------------------------------------
                                  0.77   data required time
                                 -1.94   data arrival time
-----------------------------------------------------------------------------
                                  1.17   slack (MET)


Startpoint: _325_ (rising edge-triggered flip-flop clocked by clk)
Endpoint: _298_ (rising edge-triggered flip-flop clocked by clk)
Path Group: clk
Path Type: min
Corner: Slowest

Fanout     Cap    Slew   Delay    Time   Description
-----------------------------------------------------------------------------
                          0.00    0.00   clock clk (rise edge)
                          0.00    0.00   clock source latency
                  0.13    0.08    0.08 ^ clk (in)
     1    0.02                           clk (net)
                  0.13    0.00    0.08 ^ clkbuf_0_clk/A (sky130_fd_sc_hd__clkbuf_16)
                  0.10    0.27    0.35 ^ clkbuf_0_clk/X (sky130_fd_sc_hd__clkbuf_16)
     4    0.04                           clknet_0_clk (net)
                  0.10    0.00    0.35 ^ clkbuf_2_1__f_clk/A (sky130_fd_sc_hd__clkbuf_16)
                  0.08    0.24    0.59 ^ clkbuf_2_1__f_clk/X (sky130_fd_sc_hd__clkbuf_16)
    11    0.03                           clknet_2_1__leaf_clk (net)
                  0.08    0.00    0.59 ^ _325_/CLK (sky130_fd_sc_hd__dfrtp_1)
                  0.13    0.66    1.24 ^ _325_/Q (sky130_fd_sc_hd__dfrtp_1)
     3    0.01                           baud_count[11] (net)
                  0.13    0.00    1.24 ^ _168_/C (sky130_fd_sc_hd__or4_1)
                  0.10    0.22    1.46 ^ _168_/X (sky130_fd_sc_hd__or4_1)
     2    0.01                           _078_ (net)
                  0.10    0.00    1.46 ^ _184_/C (sky130_fd_sc_hd__or4_2)
                  0.16    0.28    1.74 ^ _184_/X (sky130_fd_sc_hd__or4_2)
     6    0.02                           _090_ (net)
                  0.16    0.00    1.74 ^ _185_/A2 (sky130_fd_sc_hd__a21bo_1)
                  0.06    0.22    1.96 ^ _185_/X (sky130_fd_sc_hd__a21bo_1)
     1    0.00                           _018_ (net)
                  0.06    0.00    1.96 ^ _298_/D (sky130_fd_sc_hd__dfrtp_1)
                                  1.96   data arrival time

                          0.00    0.00   clock clk (rise edge)
                          0.00    0.00   clock source latency
                  0.13    0.09    0.09 ^ clk (in)
     1    0.02                           clk (net)
                  0.13    0.00    0.09 ^ clkbuf_0_clk/A (sky130_fd_sc_hd__clkbuf_16)
                  0.10    0.29    0.39 ^ clkbuf_0_clk/X (sky130_fd_sc_hd__clkbuf_16)
     4    0.04                           clknet_0_clk (net)
                  0.10    0.00    0.39 ^ clkbuf_2_0__f_clk/A (sky130_fd_sc_hd__clkbuf_16)
                  0.08    0.26    0.64 ^ clkbuf_2_0__f_clk/X (sky130_fd_sc_hd__clkbuf_16)
     9    0.03                           clknet_2_0__leaf_clk (net)
                  0.08    0.00    0.64 ^ _298_/CLK (sky130_fd_sc_hd__dfrtp_1)
                          0.25    0.89   clock uncertainty
                         -0.04    0.86   clock reconvergence pessimism
                         -0.07    0.78   library hold time
                                  0.78   data required time
-----------------------------------------------------------------------------
                                  0.78   data required time
                                 -1.96   data arrival time
-----------------------------------------------------------------------------
                                  1.18   slack (MET)


Startpoint: _314_ (rising edge-triggered flip-flop clocked by clk)
Endpoint: _314_ (rising edge-triggered flip-flop clocked by clk)
Path Group: clk
Path Type: min
Corner: Slowest

Fanout     Cap    Slew   Delay    Time   Description
-----------------------------------------------------------------------------
                          0.00    0.00   clock clk (rise edge)
                          0.00    0.00   clock source latency
                  0.13    0.08    0.08 ^ clk (in)
     1    0.02                           clk (net)
                  0.13    0.00    0.08 ^ clkbuf_0_clk/A (sky130_fd_sc_hd__clkbuf_16)
                  0.10    0.27    0.35 ^ clkbuf_0_clk/X (sky130_fd_sc_hd__clkbuf_16)
     4    0.04                           clknet_0_clk (net)
                  0.10    0.00    0.35 ^ clkbuf_2_0__f_clk/A (sky130_fd_sc_hd__clkbuf_16)
                  0.08    0.23    0.58 ^ clkbuf_2_0__f_clk/X (sky130_fd_sc_hd__clkbuf_16)
     9    0.03                           clknet_2_0__leaf_clk (net)
                  0.08    0.00    0.58 ^ _314_/CLK (sky130_fd_sc_hd__dfrtp_4)
                  0.17    0.85    1.43 ^ _314_/Q (sky130_fd_sc_hd__dfrtp_4)
     8    0.02                           baud_count[0] (net)
                  0.17    0.00    1.43 ^ _194_/A_N (sky130_fd_sc_hd__and2b_1)
                  0.07    0.38    1.81 v _194_/X (sky130_fd_sc_hd__and2b_1)
     1    0.00                           _096_ (net)
                  0.07    0.00    1.81 v _195_/A (sky130_fd_sc_hd__clkbuf_1)
                  0.05    0.15    1.96 v _195_/X (sky130_fd_sc_hd__clkbuf_1)
     1    0.00                           _000_ (net)
                  0.05    0.00    1.96 v _314_/D (sky130_fd_sc_hd__dfrtp_4)
                                  1.96   data arrival time

                          0.00    0.00   clock clk (rise edge)
                          0.00    0.00   clock source latency
                  0.13    0.09    0.09 ^ clk (in)
     1    0.02                           clk (net)
                  0.13    0.00    0.09 ^ clkbuf_0_clk/A (sky130_fd_sc_hd__clkbuf_16)
                  0.10    0.29    0.39 ^ clkbuf_0_clk/X (sky130_fd_sc_hd__clkbuf_16)
     4    0.04                           clknet_0_clk (net)
                  0.10    0.00    0.39 ^ clkbuf_2_0__f_clk/A (sky130_fd_sc_hd__clkbuf_16)
                  0.08    0.26    0.64 ^ clkbuf_2_0__f_clk/X (sky130_fd_sc_hd__clkbuf_16)
     9    0.03                           clknet_2_0__leaf_clk (net)
                  0.08    0.00    0.64 ^ _314_/CLK (sky130_fd_sc_hd__dfrtp_4)
                          0.25    0.89   clock uncertainty
                         -0.06    0.83   clock reconvergence pessimism
                         -0.08    0.75   library hold time
                                  0.75   data required time
-----------------------------------------------------------------------------
                                  0.75   data required time
                                 -1.96   data arrival time
-----------------------------------------------------------------------------
                                  1.21   slack (MET)


Startpoint: reset (input port clocked by clk)
Endpoint: _323_ (removal check against rising-edge clock clk)
Path Group: asynchronous
Path Type: min
Corner: Slowest

Fanout     Cap    Slew   Delay    Time   Description
-----------------------------------------------------------------------------
                          0.00    0.00   clock clk (rise edge)
                          0.00    0.00   clock network delay (propagated)
                          2.00    2.00 v input external delay
                  0.02    0.01    2.01 v reset (in)
     1    0.00                           reset (net)
                  0.02    0.00    2.01 v input9/A (sky130_fd_sc_hd__buf_2)
                  0.15    0.30    2.30 v input9/X (sky130_fd_sc_hd__buf_2)
     7    0.03                           net9 (net)
                  0.15    0.00    2.30 v _281_/A (sky130_fd_sc_hd__buf_4)
                  0.15    0.37    2.67 v _281_/X (sky130_fd_sc_hd__buf_4)
    10    0.06                           _145_ (net)
                  0.15    0.00    2.67 v _289_/A (sky130_fd_sc_hd__inv_2)
                  0.05    0.09    2.77 ^ _289_/Y (sky130_fd_sc_hd__inv_2)
     1    0.00                           _030_ (net)
                  0.05    0.00    2.77 ^ _323_/RESET_B (sky130_fd_sc_hd__dfrtp_1)
                                  2.77   data arrival time

                          0.00    0.00   clock clk (rise edge)
                          0.00    0.00   clock source latency
                  0.13    0.09    0.09 ^ clk (in)
     1    0.02                           clk (net)
                  0.13    0.00    0.09 ^ clkbuf_0_clk/A (sky130_fd_sc_hd__clkbuf_16)
                  0.10    0.29    0.39 ^ clkbuf_0_clk/X (sky130_fd_sc_hd__clkbuf_16)
     4    0.04                           clknet_0_clk (net)
                  0.10    0.00    0.39 ^ clkbuf_2_1__f_clk/A (sky130_fd_sc_hd__clkbuf_16)
                  0.08    0.26    0.65 ^ clkbuf_2_1__f_clk/X (sky130_fd_sc_hd__clkbuf_16)
    11    0.03                           clknet_2_1__leaf_clk (net)
                  0.08    0.00    0.65 ^ _323_/CLK (sky130_fd_sc_hd__dfrtp_1)
                          0.25    0.90   clock uncertainty
                          0.00    0.90   clock reconvergence pessimism
                          0.66    1.55   library removal time
                                  1.55   data required time
-----------------------------------------------------------------------------
                                  1.55   data required time
                                 -2.77   data arrival time
-----------------------------------------------------------------------------
                                  1.21   slack (MET)


Startpoint: reset (input port clocked by clk)
Endpoint: _325_ (removal check against rising-edge clock clk)
Path Group: asynchronous
Path Type: min
Corner: Slowest

Fanout     Cap    Slew   Delay    Time   Description
-----------------------------------------------------------------------------
                          0.00    0.00   clock clk (rise edge)
                          0.00    0.00   clock network delay (propagated)
                          2.00    2.00 v input external delay
                  0.02    0.01    2.01 v reset (in)
     1    0.00                           reset (net)
                  0.02    0.00    2.01 v input9/A (sky130_fd_sc_hd__buf_2)
                  0.15    0.30    2.30 v input9/X (sky130_fd_sc_hd__buf_2)
     7    0.03                           net9 (net)
                  0.15    0.00    2.30 v _281_/A (sky130_fd_sc_hd__buf_4)
                  0.15    0.37    2.67 v _281_/X (sky130_fd_sc_hd__buf_4)
    10    0.06                           _145_ (net)
                  0.15    0.00    2.67 v _291_/A (sky130_fd_sc_hd__inv_2)
                  0.06    0.10    2.77 ^ _291_/Y (sky130_fd_sc_hd__inv_2)
     1    0.00                           _032_ (net)
                  0.06    0.00    2.77 ^ _325_/RESET_B (sky130_fd_sc_hd__dfrtp_1)
                                  2.77   data arrival time

                          0.00    0.00   clock clk (rise edge)
                          0.00    0.00   clock source latency
                  0.13    0.09    0.09 ^ clk (in)
     1    0.02                           clk (net)
                  0.13    0.00    0.09 ^ clkbuf_0_clk/A (sky130_fd_sc_hd__clkbuf_16)
                  0.10    0.29    0.39 ^ clkbuf_0_clk/X (sky130_fd_sc_hd__clkbuf_16)
     4    0.04                           clknet_0_clk (net)
                  0.10    0.00    0.39 ^ clkbuf_2_1__f_clk/A (sky130_fd_sc_hd__clkbuf_16)
                  0.08    0.26    0.65 ^ clkbuf_2_1__f_clk/X (sky130_fd_sc_hd__clkbuf_16)
    11    0.03                           clknet_2_1__leaf_clk (net)
                  0.08    0.00    0.65 ^ _325_/CLK (sky130_fd_sc_hd__dfrtp_1)
                          0.25    0.90   clock uncertainty
                          0.00    0.90   clock reconvergence pessimism
                          0.66    1.56   library removal time
                                  1.56   data required time
-----------------------------------------------------------------------------
                                  1.56   data required time
                                 -2.77   data arrival time
-----------------------------------------------------------------------------
                                  1.21   slack (MET)


Startpoint: reset (input port clocked by clk)
Endpoint: _308_ (removal check against rising-edge clock clk)
Path Group: asynchronous
Path Type: min
Corner: Slowest

Fanout     Cap    Slew   Delay    Time   Description
-----------------------------------------------------------------------------
                          0.00    0.00   clock clk (rise edge)
                          0.00    0.00   clock network delay (propagated)
                          2.00    2.00 v input external delay
                  0.02    0.01    2.01 v reset (in)
     1    0.00                           reset (net)
                  0.02    0.00    2.01 v input9/A (sky130_fd_sc_hd__buf_2)
                  0.15    0.30    2.30 v input9/X (sky130_fd_sc_hd__buf_2)
     7    0.03                           net9 (net)
                  0.15    0.00    2.30 v _270_/A (sky130_fd_sc_hd__buf_4)
                  0.15    0.37    2.67 v _270_/X (sky130_fd_sc_hd__buf_4)
    10    0.06                           _144_ (net)
                  0.15    0.00    2.67 v _273_/A (sky130_fd_sc_hd__inv_2)
                  0.06    0.10    2.77 ^ _273_/Y (sky130_fd_sc_hd__inv_2)
     1    0.00                           _049_ (net)
                  0.06    0.00    2.77 ^ _308_/RESET_B (sky130_fd_sc_hd__dfrtp_1)
                                  2.77   data arrival time

                          0.00    0.00   clock clk (rise edge)
                          0.00    0.00   clock source latency
                  0.13    0.09    0.09 ^ clk (in)
     1    0.02                           clk (net)
                  0.13    0.00    0.09 ^ clkbuf_0_clk/A (sky130_fd_sc_hd__clkbuf_16)
                  0.10    0.29    0.39 ^ clkbuf_0_clk/X (sky130_fd_sc_hd__clkbuf_16)
     4    0.04                           clknet_0_clk (net)
                  0.10    0.00    0.39 ^ clkbuf_2_1__f_clk/A (sky130_fd_sc_hd__clkbuf_16)
                  0.08    0.26    0.65 ^ clkbuf_2_1__f_clk/X (sky130_fd_sc_hd__clkbuf_16)
    11    0.03                           clknet_2_1__leaf_clk (net)
                  0.08    0.00    0.65 ^ _308_/CLK (sky130_fd_sc_hd__dfrtp_1)
                          0.25    0.90   clock uncertainty
                          0.00    0.90   clock reconvergence pessimism
                          0.66    1.56   library removal time
                                  1.56   data required time
-----------------------------------------------------------------------------
                                  1.56   data required time
                                 -2.77   data arrival time
-----------------------------------------------------------------------------
                                  1.21   slack (MET)


Startpoint: reset (input port clocked by clk)
Endpoint: _324_ (removal check against rising-edge clock clk)
Path Group: asynchronous
Path Type: min
Corner: Slowest

Fanout     Cap    Slew   Delay    Time   Description
-----------------------------------------------------------------------------
                          0.00    0.00   clock clk (rise edge)
                          0.00    0.00   clock network delay (propagated)
                          2.00    2.00 v input external delay
                  0.02    0.01    2.01 v reset (in)
     1    0.00                           reset (net)
                  0.02    0.00    2.01 v input9/A (sky130_fd_sc_hd__buf_2)
                  0.15    0.30    2.30 v input9/X (sky130_fd_sc_hd__buf_2)
     7    0.03                           net9 (net)
                  0.15    0.00    2.30 v _281_/A (sky130_fd_sc_hd__buf_4)
                  0.15    0.37    2.67 v _281_/X (sky130_fd_sc_hd__buf_4)
    10    0.06                           _145_ (net)
                  0.15    0.00    2.67 v _290_/A (sky130_fd_sc_hd__inv_2)
                  0.06    0.10    2.77 ^ _290_/Y (sky130_fd_sc_hd__inv_2)
     1    0.00                           _031_ (net)
                  0.06    0.00    2.77 ^ _324_/RESET_B (sky130_fd_sc_hd__dfrtp_1)
                                  2.77   data arrival time

                          0.00    0.00   clock clk (rise edge)
                          0.00    0.00   clock source latency
                  0.13    0.09    0.09 ^ clk (in)
     1    0.02                           clk (net)
                  0.13    0.00    0.09 ^ clkbuf_0_clk/A (sky130_fd_sc_hd__clkbuf_16)
                  0.10    0.29    0.39 ^ clkbuf_0_clk/X (sky130_fd_sc_hd__clkbuf_16)
     4    0.04                           clknet_0_clk (net)
                  0.10    0.00    0.39 ^ clkbuf_2_1__f_clk/A (sky130_fd_sc_hd__clkbuf_16)
                  0.08    0.26    0.65 ^ clkbuf_2_1__f_clk/X (sky130_fd_sc_hd__clkbuf_16)
    11    0.03                           clknet_2_1__leaf_clk (net)
                  0.08    0.00    0.65 ^ _324_/CLK (sky130_fd_sc_hd__dfrtp_1)
                          0.25    0.90   clock uncertainty
                          0.00    0.90   clock reconvergence pessimism
                          0.66    1.56   library removal time
                                  1.56   data required time
-----------------------------------------------------------------------------
                                  1.56   data required time
                                 -2.77   data arrival time
-----------------------------------------------------------------------------
                                  1.22   slack (MET)


Startpoint: reset (input port clocked by clk)
Endpoint: _307_ (removal check against rising-edge clock clk)
Path Group: asynchronous
Path Type: min
Corner: Slowest

Fanout     Cap    Slew   Delay    Time   Description
-----------------------------------------------------------------------------
                          0.00    0.00   clock clk (rise edge)
                          0.00    0.00   clock network delay (propagated)
                          2.00    2.00 v input external delay
                  0.02    0.01    2.01 v reset (in)
     1    0.00                           reset (net)
                  0.02    0.00    2.01 v input9/A (sky130_fd_sc_hd__buf_2)
                  0.15    0.30    2.30 v input9/X (sky130_fd_sc_hd__buf_2)
     7    0.03                           net9 (net)
                  0.15    0.00    2.30 v _270_/A (sky130_fd_sc_hd__buf_4)
                  0.15    0.37    2.67 v _270_/X (sky130_fd_sc_hd__buf_4)
    10    0.06                           _144_ (net)
                  0.15    0.00    2.67 v _272_/A (sky130_fd_sc_hd__inv_2)
                  0.06    0.10    2.77 ^ _272_/Y (sky130_fd_sc_hd__inv_2)
     1    0.00                           _048_ (net)
                  0.06    0.00    2.77 ^ _307_/RESET_B (sky130_fd_sc_hd__dfrtp_1)
                                  2.77   data arrival time

                          0.00    0.00   clock clk (rise edge)
                          0.00    0.00   clock source latency
                  0.13    0.09    0.09 ^ clk (in)
     1    0.02                           clk (net)
                  0.13    0.00    0.09 ^ clkbuf_0_clk/A (sky130_fd_sc_hd__clkbuf_16)
                  0.10    0.29    0.39 ^ clkbuf_0_clk/X (sky130_fd_sc_hd__clkbuf_16)
     4    0.04                           clknet_0_clk (net)
                  0.10    0.00    0.39 ^ clkbuf_2_1__f_clk/A (sky130_fd_sc_hd__clkbuf_16)
                  0.08    0.26    0.65 ^ clkbuf_2_1__f_clk/X (sky130_fd_sc_hd__clkbuf_16)
    11    0.03                           clknet_2_1__leaf_clk (net)
                  0.08    0.00    0.65 ^ _307_/CLK (sky130_fd_sc_hd__dfrtp_1)
                          0.25    0.90   clock uncertainty
                          0.00    0.90   clock reconvergence pessimism
                          0.66    1.56   library removal time
                                  1.56   data required time
-----------------------------------------------------------------------------
                                  1.56   data required time
                                 -2.77   data arrival time
-----------------------------------------------------------------------------
                                  1.22   slack (MET)


Startpoint: reset (input port clocked by clk)
Endpoint: _298_ (removal check against rising-edge clock clk)
Path Group: asynchronous
Path Type: min
Corner: Slowest

Fanout     Cap    Slew   Delay    Time   Description
-----------------------------------------------------------------------------
                          0.00    0.00   clock clk (rise edge)
                          0.00    0.00   clock network delay (propagated)
                          2.00    2.00 v input external delay
                  0.02    0.01    2.01 v reset (in)
     1    0.00                           reset (net)
                  0.02    0.00    2.01 v input9/A (sky130_fd_sc_hd__buf_2)
                  0.15    0.30    2.30 v input9/X (sky130_fd_sc_hd__buf_2)
     7    0.03                           net9 (net)
                  0.15    0.00    2.30 v _259_/A (sky130_fd_sc_hd__buf_4)
                  0.15    0.36    2.67 v _259_/X (sky130_fd_sc_hd__buf_4)
    10    0.06                           _143_ (net)
                  0.15    0.00    2.67 v _262_/A (sky130_fd_sc_hd__inv_2)
                  0.06    0.10    2.77 ^ _262_/Y (sky130_fd_sc_hd__inv_2)
     1    0.00                           _039_ (net)
                  0.06    0.00    2.77 ^ _298_/RESET_B (sky130_fd_sc_hd__dfrtp_1)
                                  2.77   data arrival time

                          0.00    0.00   clock clk (rise edge)
                          0.00    0.00   clock source latency
                  0.13    0.09    0.09 ^ clk (in)
     1    0.02                           clk (net)
                  0.13    0.00    0.09 ^ clkbuf_0_clk/A (sky130_fd_sc_hd__clkbuf_16)
                  0.10    0.29    0.39 ^ clkbuf_0_clk/X (sky130_fd_sc_hd__clkbuf_16)
     4    0.04                           clknet_0_clk (net)
                  0.10    0.00    0.39 ^ clkbuf_2_0__f_clk/A (sky130_fd_sc_hd__clkbuf_16)
                  0.08    0.26    0.64 ^ clkbuf_2_0__f_clk/X (sky130_fd_sc_hd__clkbuf_16)
     9    0.03                           clknet_2_0__leaf_clk (net)
                  0.08    0.00    0.64 ^ _298_/CLK (sky130_fd_sc_hd__dfrtp_1)
                          0.25    0.89   clock uncertainty
                          0.00    0.89   clock reconvergence pessimism
                          0.66    1.55   library removal time
                                  1.55   data required time
-----------------------------------------------------------------------------
                                  1.55   data required time
                                 -2.77   data arrival time
-----------------------------------------------------------------------------
                                  1.22   slack (MET)


Startpoint: reset (input port clocked by clk)
Endpoint: _300_ (removal check against rising-edge clock clk)
Path Group: asynchronous
Path Type: min
Corner: Slowest

Fanout     Cap    Slew   Delay    Time   Description
-----------------------------------------------------------------------------
                          0.00    0.00   clock clk (rise edge)
                          0.00    0.00   clock network delay (propagated)
                          2.00    2.00 v input external delay
                  0.02    0.01    2.01 v reset (in)
     1    0.00                           reset (net)
                  0.02    0.00    2.01 v input9/A (sky130_fd_sc_hd__buf_2)
                  0.15    0.30    2.30 v input9/X (sky130_fd_sc_hd__buf_2)
     7    0.03                           net9 (net)
                  0.15    0.00    2.30 v _259_/A (sky130_fd_sc_hd__buf_4)
                  0.15    0.36    2.67 v _259_/X (sky130_fd_sc_hd__buf_4)
    10    0.06                           _143_ (net)
                  0.15    0.00    2.67 v _264_/A (sky130_fd_sc_hd__inv_2)
                  0.05    0.09    2.76 ^ _264_/Y (sky130_fd_sc_hd__inv_2)
     1    0.00                           _041_ (net)
                  0.05    0.00    2.76 ^ _300_/RESET_B (sky130_fd_sc_hd__dfrtp_4)
                                  2.76   data arrival time

                          0.00    0.00   clock clk (rise edge)
                          0.00    0.00   clock source latency
                  0.13    0.09    0.09 ^ clk (in)
     1    0.02                           clk (net)
                  0.13    0.00    0.09 ^ clkbuf_0_clk/A (sky130_fd_sc_hd__clkbuf_16)
                  0.10    0.29    0.39 ^ clkbuf_0_clk/X (sky130_fd_sc_hd__clkbuf_16)
     4    0.04                           clknet_0_clk (net)
                  0.10    0.00    0.39 ^ clkbuf_2_3__f_clk/A (sky130_fd_sc_hd__clkbuf_16)
                  0.07    0.25    0.64 ^ clkbuf_2_3__f_clk/X (sky130_fd_sc_hd__clkbuf_16)
     8    0.02                           clknet_2_3__leaf_clk (net)
                  0.07    0.00    0.64 ^ _300_/CLK (sky130_fd_sc_hd__dfrtp_4)
                          0.25    0.89   clock uncertainty
                          0.00    0.89   clock reconvergence pessimism
                          0.66    1.54   library removal time
                                  1.54   data required time
-----------------------------------------------------------------------------
                                  1.54   data required time
                                 -2.76   data arrival time
-----------------------------------------------------------------------------
                                  1.22   slack (MET)


Startpoint: reset (input port clocked by clk)
Endpoint: _318_ (removal check against rising-edge clock clk)
Path Group: asynchronous
Path Type: min
Corner: Slowest

Fanout     Cap    Slew   Delay    Time   Description
-----------------------------------------------------------------------------
                          0.00    0.00   clock clk (rise edge)
                          0.00    0.00   clock network delay (propagated)
                          2.00    2.00 v input external delay
                  0.02    0.01    2.01 v reset (in)
     1    0.00                           reset (net)
                  0.02    0.00    2.01 v input9/A (sky130_fd_sc_hd__buf_2)
                  0.15    0.30    2.30 v input9/X (sky130_fd_sc_hd__buf_2)
     7    0.03                           net9 (net)
                  0.15    0.00    2.30 v _281_/A (sky130_fd_sc_hd__buf_4)
                  0.15    0.37    2.67 v _281_/X (sky130_fd_sc_hd__buf_4)
    10    0.06                           _145_ (net)
                  0.15    0.00    2.67 v _284_/A (sky130_fd_sc_hd__inv_2)
                  0.05    0.09    2.77 ^ _284_/Y (sky130_fd_sc_hd__inv_2)
     1    0.00                           _025_ (net)
                  0.05    0.00    2.77 ^ _318_/RESET_B (sky130_fd_sc_hd__dfrtp_1)
                                  2.77   data arrival time

                          0.00    0.00   clock clk (rise edge)
                          0.00    0.00   clock source latency
                  0.13    0.09    0.09 ^ clk (in)
     1    0.02                           clk (net)
                  0.13    0.00    0.09 ^ clkbuf_0_clk/A (sky130_fd_sc_hd__clkbuf_16)
                  0.10    0.29    0.39 ^ clkbuf_0_clk/X (sky130_fd_sc_hd__clkbuf_16)
     4    0.04                           clknet_0_clk (net)
                  0.10    0.00    0.39 ^ clkbuf_2_0__f_clk/A (sky130_fd_sc_hd__clkbuf_16)
                  0.08    0.26    0.64 ^ clkbuf_2_0__f_clk/X (sky130_fd_sc_hd__clkbuf_16)
     9    0.03                           clknet_2_0__leaf_clk (net)
                  0.08    0.00    0.64 ^ _318_/CLK (sky130_fd_sc_hd__dfrtp_1)
                          0.25    0.89   clock uncertainty
                          0.00    0.89   clock reconvergence pessimism
                          0.65    1.55   library removal time
                                  1.55   data required time
-----------------------------------------------------------------------------
                                  1.55   data required time
                                 -2.77   data arrival time
-----------------------------------------------------------------------------
                                  1.22   slack (MET)


Startpoint: reset (input port clocked by clk)
Endpoint: _306_ (removal check against rising-edge clock clk)
Path Group: asynchronous
Path Type: min
Corner: Slowest

Fanout     Cap    Slew   Delay    Time   Description
-----------------------------------------------------------------------------
                          0.00    0.00   clock clk (rise edge)
                          0.00    0.00   clock network delay (propagated)
                          2.00    2.00 v input external delay
                  0.02    0.01    2.01 v reset (in)
     1    0.00                           reset (net)
                  0.02    0.00    2.01 v input9/A (sky130_fd_sc_hd__buf_2)
                  0.15    0.30    2.30 v input9/X (sky130_fd_sc_hd__buf_2)
     7    0.03                           net9 (net)
                  0.15    0.00    2.30 v _270_/A (sky130_fd_sc_hd__buf_4)
                  0.15    0.37    2.67 v _270_/X (sky130_fd_sc_hd__buf_4)
    10    0.06                           _144_ (net)
                  0.15    0.00    2.67 v _271_/A (sky130_fd_sc_hd__inv_2)
                  0.06    0.10    2.78 ^ _271_/Y (sky130_fd_sc_hd__inv_2)
     1    0.00                           _047_ (net)
                  0.06    0.00    2.78 ^ _306_/RESET_B (sky130_fd_sc_hd__dfrtp_1)
                                  2.78   data arrival time

                          0.00    0.00   clock clk (rise edge)
                          0.00    0.00   clock source latency
                  0.13    0.09    0.09 ^ clk (in)
     1    0.02                           clk (net)
                  0.13    0.00    0.09 ^ clkbuf_0_clk/A (sky130_fd_sc_hd__clkbuf_16)
                  0.10    0.29    0.39 ^ clkbuf_0_clk/X (sky130_fd_sc_hd__clkbuf_16)
     4    0.04                           clknet_0_clk (net)
                  0.10    0.00    0.39 ^ clkbuf_2_1__f_clk/A (sky130_fd_sc_hd__clkbuf_16)
                  0.08    0.26    0.65 ^ clkbuf_2_1__f_clk/X (sky130_fd_sc_hd__clkbuf_16)
    11    0.03                           clknet_2_1__leaf_clk (net)
                  0.08    0.00    0.65 ^ _306_/CLK (sky130_fd_sc_hd__dfrtp_1)
                          0.25    0.90   clock uncertainty
                          0.00    0.90   clock reconvergence pessimism
                          0.66    1.56   library removal time
                                  1.56   data required time
-----------------------------------------------------------------------------
                                  1.56   data required time
                                 -2.78   data arrival time
-----------------------------------------------------------------------------
                                  1.22   slack (MET)


Startpoint: reset (input port clocked by clk)
Endpoint: _302_ (removal check against rising-edge clock clk)
Path Group: asynchronous
Path Type: min
Corner: Slowest

Fanout     Cap    Slew   Delay    Time   Description
-----------------------------------------------------------------------------
                          0.00    0.00   clock clk (rise edge)
                          0.00    0.00   clock network delay (propagated)
                          2.00    2.00 v input external delay
                  0.02    0.01    2.01 v reset (in)
     1    0.00                           reset (net)
                  0.02    0.00    2.01 v input9/A (sky130_fd_sc_hd__buf_2)
                  0.15    0.30    2.30 v input9/X (sky130_fd_sc_hd__buf_2)
     7    0.03                           net9 (net)
                  0.15    0.00    2.30 v _259_/A (sky130_fd_sc_hd__buf_4)
                  0.15    0.36    2.67 v _259_/X (sky130_fd_sc_hd__buf_4)
    10    0.06                           _143_ (net)
                  0.15    0.00    2.67 v _266_/A (sky130_fd_sc_hd__inv_2)
                  0.05    0.09    2.76 ^ _266_/Y (sky130_fd_sc_hd__inv_2)
     1    0.00                           _043_ (net)
                  0.05    0.00    2.76 ^ _302_/RESET_B (sky130_fd_sc_hd__dfrtp_1)
                                  2.76   data arrival time

                          0.00    0.00   clock clk (rise edge)
                          0.00    0.00   clock source latency
                  0.13    0.09    0.09 ^ clk (in)
     1    0.02                           clk (net)
                  0.13    0.00    0.09 ^ clkbuf_0_clk/A (sky130_fd_sc_hd__clkbuf_16)
                  0.10    0.29    0.39 ^ clkbuf_0_clk/X (sky130_fd_sc_hd__clkbuf_16)
     4    0.04                           clknet_0_clk (net)
                  0.10    0.00    0.39 ^ clkbuf_2_3__f_clk/A (sky130_fd_sc_hd__clkbuf_16)
                  0.07    0.25    0.64 ^ clkbuf_2_3__f_clk/X (sky130_fd_sc_hd__clkbuf_16)
     8    0.02                           clknet_2_3__leaf_clk (net)
                  0.07    0.00    0.64 ^ _302_/CLK (sky130_fd_sc_hd__dfrtp_1)
                          0.25    0.89   clock uncertainty
                          0.00    0.89   clock reconvergence pessimism
                          0.65    1.54   library removal time
                                  1.54   data required time
-----------------------------------------------------------------------------
                                  1.54   data required time
                                 -2.76   data arrival time
-----------------------------------------------------------------------------
                                  1.22   slack (MET)


Startpoint: reset (input port clocked by clk)
Endpoint: _320_ (removal check against rising-edge clock clk)
Path Group: asynchronous
Path Type: min
Corner: Slowest

Fanout     Cap    Slew   Delay    Time   Description
-----------------------------------------------------------------------------
                          0.00    0.00   clock clk (rise edge)
                          0.00    0.00   clock network delay (propagated)
                          2.00    2.00 v input external delay
                  0.02    0.01    2.01 v reset (in)
     1    0.00                           reset (net)
                  0.02    0.00    2.01 v input9/A (sky130_fd_sc_hd__buf_2)
                  0.15    0.30    2.30 v input9/X (sky130_fd_sc_hd__buf_2)
     7    0.03                           net9 (net)
                  0.15    0.00    2.30 v _281_/A (sky130_fd_sc_hd__buf_4)
                  0.15    0.37    2.67 v _281_/X (sky130_fd_sc_hd__buf_4)
    10    0.06                           _145_ (net)
                  0.15    0.00    2.67 v _286_/A (sky130_fd_sc_hd__inv_2)
                  0.05    0.09    2.77 ^ _286_/Y (sky130_fd_sc_hd__inv_2)
     1    0.00                           _027_ (net)
                  0.05    0.00    2.77 ^ _320_/RESET_B (sky130_fd_sc_hd__dfrtp_1)
                                  2.77   data arrival time

                          0.00    0.00   clock clk (rise edge)
                          0.00    0.00   clock source latency
                  0.13    0.09    0.09 ^ clk (in)
     1    0.02                           clk (net)
                  0.13    0.00    0.09 ^ clkbuf_0_clk/A (sky130_fd_sc_hd__clkbuf_16)
                  0.10    0.29    0.39 ^ clkbuf_0_clk/X (sky130_fd_sc_hd__clkbuf_16)
     4    0.04                           clknet_0_clk (net)
                  0.10    0.00    0.39 ^ clkbuf_2_0__f_clk/A (sky130_fd_sc_hd__clkbuf_16)
                  0.08    0.26    0.64 ^ clkbuf_2_0__f_clk/X (sky130_fd_sc_hd__clkbuf_16)
     9    0.03                           clknet_2_0__leaf_clk (net)
                  0.08    0.00    0.64 ^ _320_/CLK (sky130_fd_sc_hd__dfrtp_1)
                          0.25    0.89   clock uncertainty
                          0.00    0.89   clock reconvergence pessimism
                          0.65    1.55   library removal time
                                  1.55   data required time
-----------------------------------------------------------------------------
                                  1.55   data required time
                                 -2.77   data arrival time
-----------------------------------------------------------------------------
                                  1.22   slack (MET)


Startpoint: reset (input port clocked by clk)
Endpoint: _322_ (removal check against rising-edge clock clk)
Path Group: asynchronous
Path Type: min
Corner: Slowest

Fanout     Cap    Slew   Delay    Time   Description
-----------------------------------------------------------------------------
                          0.00    0.00   clock clk (rise edge)
                          0.00    0.00   clock network delay (propagated)
                          2.00    2.00 v input external delay
                  0.02    0.01    2.01 v reset (in)
     1    0.00                           reset (net)
                  0.02    0.00    2.01 v input9/A (sky130_fd_sc_hd__buf_2)
                  0.15    0.30    2.30 v input9/X (sky130_fd_sc_hd__buf_2)
     7    0.03                           net9 (net)
                  0.15    0.00    2.30 v _281_/A (sky130_fd_sc_hd__buf_4)
                  0.15    0.37    2.67 v _281_/X (sky130_fd_sc_hd__buf_4)
    10    0.06                           _145_ (net)
                  0.15    0.00    2.67 v _288_/A (sky130_fd_sc_hd__inv_2)
                  0.06    0.10    2.77 ^ _288_/Y (sky130_fd_sc_hd__inv_2)
     1    0.00                           _029_ (net)
                  0.06    0.00    2.77 ^ _322_/RESET_B (sky130_fd_sc_hd__dfrtp_2)
                                  2.77   data arrival time

                          0.00    0.00   clock clk (rise edge)
                          0.00    0.00   clock source latency
                  0.13    0.09    0.09 ^ clk (in)
     1    0.02                           clk (net)
                  0.13    0.00    0.09 ^ clkbuf_0_clk/A (sky130_fd_sc_hd__clkbuf_16)
                  0.10    0.29    0.39 ^ clkbuf_0_clk/X (sky130_fd_sc_hd__clkbuf_16)
     4    0.04                           clknet_0_clk (net)
                  0.10    0.00    0.39 ^ clkbuf_2_0__f_clk/A (sky130_fd_sc_hd__clkbuf_16)
                  0.08    0.26    0.64 ^ clkbuf_2_0__f_clk/X (sky130_fd_sc_hd__clkbuf_16)
     9    0.03                           clknet_2_0__leaf_clk (net)
                  0.08    0.00    0.64 ^ _322_/CLK (sky130_fd_sc_hd__dfrtp_2)
                          0.25    0.89   clock uncertainty
                          0.00    0.89   clock reconvergence pessimism
                          0.65    1.55   library removal time
                                  1.55   data required time
-----------------------------------------------------------------------------
                                  1.55   data required time
                                 -2.77   data arrival time
-----------------------------------------------------------------------------
                                  1.22   slack (MET)


Startpoint: reset (input port clocked by clk)
Endpoint: _321_ (removal check against rising-edge clock clk)
Path Group: asynchronous
Path Type: min
Corner: Slowest

Fanout     Cap    Slew   Delay    Time   Description
-----------------------------------------------------------------------------
                          0.00    0.00   clock clk (rise edge)
                          0.00    0.00   clock network delay (propagated)
                          2.00    2.00 v input external delay
                  0.02    0.01    2.01 v reset (in)
     1    0.00                           reset (net)
                  0.02    0.00    2.01 v input9/A (sky130_fd_sc_hd__buf_2)
                  0.15    0.30    2.30 v input9/X (sky130_fd_sc_hd__buf_2)
     7    0.03                           net9 (net)
                  0.15    0.00    2.30 v _281_/A (sky130_fd_sc_hd__buf_4)
                  0.15    0.37    2.67 v _281_/X (sky130_fd_sc_hd__buf_4)
    10    0.06                           _145_ (net)
                  0.15    0.00    2.67 v _287_/A (sky130_fd_sc_hd__inv_2)
                  0.06    0.10    2.77 ^ _287_/Y (sky130_fd_sc_hd__inv_2)
     1    0.00                           _028_ (net)
                  0.06    0.00    2.77 ^ _321_/RESET_B (sky130_fd_sc_hd__dfrtp_1)
                                  2.77   data arrival time

                          0.00    0.00   clock clk (rise edge)
                          0.00    0.00   clock source latency
                  0.13    0.09    0.09 ^ clk (in)
     1    0.02                           clk (net)
                  0.13    0.00    0.09 ^ clkbuf_0_clk/A (sky130_fd_sc_hd__clkbuf_16)
                  0.10    0.29    0.39 ^ clkbuf_0_clk/X (sky130_fd_sc_hd__clkbuf_16)
     4    0.04                           clknet_0_clk (net)
                  0.10    0.00    0.39 ^ clkbuf_2_0__f_clk/A (sky130_fd_sc_hd__clkbuf_16)
                  0.08    0.26    0.64 ^ clkbuf_2_0__f_clk/X (sky130_fd_sc_hd__clkbuf_16)
     9    0.03                           clknet_2_0__leaf_clk (net)
                  0.08    0.00    0.64 ^ _321_/CLK (sky130_fd_sc_hd__dfrtp_1)
                          0.25    0.89   clock uncertainty
                          0.00    0.89   clock reconvergence pessimism
                          0.65    1.55   library removal time
                                  1.55   data required time
-----------------------------------------------------------------------------
                                  1.55   data required time
                                 -2.77   data arrival time
-----------------------------------------------------------------------------
                                  1.22   slack (MET)


Startpoint: reset (input port clocked by clk)
Endpoint: _319_ (removal check against rising-edge clock clk)
Path Group: asynchronous
Path Type: min
Corner: Slowest

Fanout     Cap    Slew   Delay    Time   Description
-----------------------------------------------------------------------------
                          0.00    0.00   clock clk (rise edge)
                          0.00    0.00   clock network delay (propagated)
                          2.00    2.00 v input external delay
                  0.02    0.01    2.01 v reset (in)
     1    0.00                           reset (net)
                  0.02    0.00    2.01 v input9/A (sky130_fd_sc_hd__buf_2)
                  0.15    0.30    2.30 v input9/X (sky130_fd_sc_hd__buf_2)
     7    0.03                           net9 (net)
                  0.15    0.00    2.30 v _281_/A (sky130_fd_sc_hd__buf_4)
                  0.15    0.37    2.67 v _281_/X (sky130_fd_sc_hd__buf_4)
    10    0.06                           _145_ (net)
                  0.15    0.00    2.67 v _285_/A (sky130_fd_sc_hd__inv_2)
                  0.06    0.10    2.77 ^ _285_/Y (sky130_fd_sc_hd__inv_2)
     1    0.00                           _026_ (net)
                  0.06    0.00    2.77 ^ _319_/RESET_B (sky130_fd_sc_hd__dfrtp_1)
                                  2.77   data arrival time

                          0.00    0.00   clock clk (rise edge)
                          0.00    0.00   clock source latency
                  0.13    0.09    0.09 ^ clk (in)
     1    0.02                           clk (net)
                  0.13    0.00    0.09 ^ clkbuf_0_clk/A (sky130_fd_sc_hd__clkbuf_16)
                  0.10    0.29    0.39 ^ clkbuf_0_clk/X (sky130_fd_sc_hd__clkbuf_16)
     4    0.04                           clknet_0_clk (net)
                  0.10    0.00    0.39 ^ clkbuf_2_0__f_clk/A (sky130_fd_sc_hd__clkbuf_16)
                  0.08    0.26    0.64 ^ clkbuf_2_0__f_clk/X (sky130_fd_sc_hd__clkbuf_16)
     9    0.03                           clknet_2_0__leaf_clk (net)
                  0.08    0.00    0.64 ^ _319_/CLK (sky130_fd_sc_hd__dfrtp_1)
                          0.25    0.89   clock uncertainty
                          0.00    0.89   clock reconvergence pessimism
                          0.65    1.55   library removal time
                                  1.55   data required time
-----------------------------------------------------------------------------
                                  1.55   data required time
                                 -2.77   data arrival time
-----------------------------------------------------------------------------
                                  1.22   slack (MET)


Startpoint: reset (input port clocked by clk)
Endpoint: _301_ (removal check against rising-edge clock clk)
Path Group: asynchronous
Path Type: min
Corner: Slowest

Fanout     Cap    Slew   Delay    Time   Description
-----------------------------------------------------------------------------
                          0.00    0.00   clock clk (rise edge)
                          0.00    0.00   clock network delay (propagated)
                          2.00    2.00 v input external delay
                  0.02    0.01    2.01 v reset (in)
     1    0.00                           reset (net)
                  0.02    0.00    2.01 v input9/A (sky130_fd_sc_hd__buf_2)
                  0.15    0.30    2.30 v input9/X (sky130_fd_sc_hd__buf_2)
     7    0.03                           net9 (net)
                  0.15    0.00    2.30 v _259_/A (sky130_fd_sc_hd__buf_4)
                  0.15    0.36    2.67 v _259_/X (sky130_fd_sc_hd__buf_4)
    10    0.06                           _143_ (net)
                  0.15    0.00    2.67 v _265_/A (sky130_fd_sc_hd__inv_2)
                  0.06    0.10    2.76 ^ _265_/Y (sky130_fd_sc_hd__inv_2)
     1    0.00                           _042_ (net)
                  0.06    0.00    2.76 ^ _301_/RESET_B (sky130_fd_sc_hd__dfrtp_2)
                                  2.76   data arrival time

                          0.00    0.00   clock clk (rise edge)
                          0.00    0.00   clock source latency
                  0.13    0.09    0.09 ^ clk (in)
     1    0.02                           clk (net)
                  0.13    0.00    0.09 ^ clkbuf_0_clk/A (sky130_fd_sc_hd__clkbuf_16)
                  0.10    0.29    0.39 ^ clkbuf_0_clk/X (sky130_fd_sc_hd__clkbuf_16)
     4    0.04                           clknet_0_clk (net)
                  0.10    0.00    0.39 ^ clkbuf_2_3__f_clk/A (sky130_fd_sc_hd__clkbuf_16)
                  0.07    0.25    0.64 ^ clkbuf_2_3__f_clk/X (sky130_fd_sc_hd__clkbuf_16)
     8    0.02                           clknet_2_3__leaf_clk (net)
                  0.07    0.00    0.64 ^ _301_/CLK (sky130_fd_sc_hd__dfrtp_2)
                          0.25    0.89   clock uncertainty
                          0.00    0.89   clock reconvergence pessimism
                          0.65    1.54   library removal time
                                  1.54   data required time
-----------------------------------------------------------------------------
                                  1.54   data required time
                                 -2.76   data arrival time
-----------------------------------------------------------------------------
                                  1.22   slack (MET)


Startpoint: reset (input port clocked by clk)
Endpoint: _316_ (removal check against rising-edge clock clk)
Path Group: asynchronous
Path Type: min
Corner: Slowest

Fanout     Cap    Slew   Delay    Time   Description
-----------------------------------------------------------------------------
                          0.00    0.00   clock clk (rise edge)
                          0.00    0.00   clock network delay (propagated)
                          2.00    2.00 v input external delay
                  0.02    0.01    2.01 v reset (in)
     1    0.00                           reset (net)
                  0.02    0.00    2.01 v input9/A (sky130_fd_sc_hd__buf_2)
                  0.15    0.30    2.30 v input9/X (sky130_fd_sc_hd__buf_2)
     7    0.03                           net9 (net)
                  0.15    0.00    2.30 v _281_/A (sky130_fd_sc_hd__buf_4)
                  0.15    0.37    2.67 v _281_/X (sky130_fd_sc_hd__buf_4)
    10    0.06                           _145_ (net)
                  0.15    0.00    2.67 v _282_/A (sky130_fd_sc_hd__inv_2)
                  0.06    0.10    2.77 ^ _282_/Y (sky130_fd_sc_hd__inv_2)
     1    0.00                           _023_ (net)
                  0.06    0.00    2.77 ^ _316_/RESET_B (sky130_fd_sc_hd__dfrtp_1)
                                  2.77   data arrival time

                          0.00    0.00   clock clk (rise edge)
                          0.00    0.00   clock source latency
                  0.13    0.09    0.09 ^ clk (in)
     1    0.02                           clk (net)
                  0.13    0.00    0.09 ^ clkbuf_0_clk/A (sky130_fd_sc_hd__clkbuf_16)
                  0.10    0.29    0.39 ^ clkbuf_0_clk/X (sky130_fd_sc_hd__clkbuf_16)
     4    0.04                           clknet_0_clk (net)
                  0.10    0.00    0.39 ^ clkbuf_2_0__f_clk/A (sky130_fd_sc_hd__clkbuf_16)
                  0.08    0.26    0.64 ^ clkbuf_2_0__f_clk/X (sky130_fd_sc_hd__clkbuf_16)
     9    0.03                           clknet_2_0__leaf_clk (net)
                  0.08    0.00    0.64 ^ _316_/CLK (sky130_fd_sc_hd__dfrtp_1)
                          0.25    0.89   clock uncertainty
                          0.00    0.89   clock reconvergence pessimism
                          0.66    1.55   library removal time
                                  1.55   data required time
-----------------------------------------------------------------------------
                                  1.55   data required time
                                 -2.77   data arrival time
-----------------------------------------------------------------------------
                                  1.22   slack (MET)


Startpoint: reset (input port clocked by clk)
Endpoint: _314_ (removal check against rising-edge clock clk)
Path Group: asynchronous
Path Type: min
Corner: Slowest

Fanout     Cap    Slew   Delay    Time   Description
-----------------------------------------------------------------------------
                          0.00    0.00   clock clk (rise edge)
                          0.00    0.00   clock network delay (propagated)
                          2.00    2.00 v input external delay
                  0.02    0.01    2.01 v reset (in)
     1    0.00                           reset (net)
                  0.02    0.00    2.01 v input9/A (sky130_fd_sc_hd__buf_2)
                  0.15    0.30    2.30 v input9/X (sky130_fd_sc_hd__buf_2)
     7    0.03                           net9 (net)
                  0.15    0.00    2.30 v _270_/A (sky130_fd_sc_hd__buf_4)
                  0.15    0.37    2.67 v _270_/X (sky130_fd_sc_hd__buf_4)
    10    0.06                           _144_ (net)
                  0.15    0.00    2.68 v _279_/A (sky130_fd_sc_hd__inv_2)
                  0.06    0.10    2.78 ^ _279_/Y (sky130_fd_sc_hd__inv_2)
     1    0.00                           _021_ (net)
                  0.06    0.00    2.78 ^ _314_/RESET_B (sky130_fd_sc_hd__dfrtp_4)
                                  2.78   data arrival time

                          0.00    0.00   clock clk (rise edge)
                          0.00    0.00   clock source latency
                  0.13    0.09    0.09 ^ clk (in)
     1    0.02                           clk (net)
                  0.13    0.00    0.09 ^ clkbuf_0_clk/A (sky130_fd_sc_hd__clkbuf_16)
                  0.10    0.29    0.39 ^ clkbuf_0_clk/X (sky130_fd_sc_hd__clkbuf_16)
     4    0.04                           clknet_0_clk (net)
                  0.10    0.00    0.39 ^ clkbuf_2_0__f_clk/A (sky130_fd_sc_hd__clkbuf_16)
                  0.08    0.26    0.64 ^ clkbuf_2_0__f_clk/X (sky130_fd_sc_hd__clkbuf_16)
     9    0.03                           clknet_2_0__leaf_clk (net)
                  0.08    0.00    0.64 ^ _314_/CLK (sky130_fd_sc_hd__dfrtp_4)
                          0.25    0.89   clock uncertainty
                          0.00    0.89   clock reconvergence pessimism
                          0.66    1.55   library removal time
                                  1.55   data required time
-----------------------------------------------------------------------------
                                  1.55   data required time
                                 -2.78   data arrival time
-----------------------------------------------------------------------------
                                  1.22   slack (MET)


Startpoint: reset (input port clocked by clk)
Endpoint: _317_ (removal check against rising-edge clock clk)
Path Group: asynchronous
Path Type: min
Corner: Slowest

Fanout     Cap    Slew   Delay    Time   Description
-----------------------------------------------------------------------------
                          0.00    0.00   clock clk (rise edge)
                          0.00    0.00   clock network delay (propagated)
                          2.00    2.00 v input external delay
                  0.02    0.01    2.01 v reset (in)
     1    0.00                           reset (net)
                  0.02    0.00    2.01 v input9/A (sky130_fd_sc_hd__buf_2)
                  0.15    0.30    2.30 v input9/X (sky130_fd_sc_hd__buf_2)
     7    0.03                           net9 (net)
                  0.15    0.00    2.30 v _281_/A (sky130_fd_sc_hd__buf_4)
                  0.15    0.37    2.67 v _281_/X (sky130_fd_sc_hd__buf_4)
    10    0.06                           _145_ (net)
                  0.15    0.00    2.67 v _283_/A (sky130_fd_sc_hd__inv_2)
                  0.06    0.10    2.77 ^ _283_/Y (sky130_fd_sc_hd__inv_2)
     1    0.00                           _024_ (net)
                  0.06    0.00    2.77 ^ _317_/RESET_B (sky130_fd_sc_hd__dfrtp_1)
                                  2.77   data arrival time

                          0.00    0.00   clock clk (rise edge)
                          0.00    0.00   clock source latency
                  0.13    0.09    0.09 ^ clk (in)
     1    0.02                           clk (net)
                  0.13    0.00    0.09 ^ clkbuf_0_clk/A (sky130_fd_sc_hd__clkbuf_16)
                  0.10    0.29    0.39 ^ clkbuf_0_clk/X (sky130_fd_sc_hd__clkbuf_16)
     4    0.04                           clknet_0_clk (net)
                  0.10    0.00    0.39 ^ clkbuf_2_0__f_clk/A (sky130_fd_sc_hd__clkbuf_16)
                  0.08    0.26    0.64 ^ clkbuf_2_0__f_clk/X (sky130_fd_sc_hd__clkbuf_16)
     9    0.03                           clknet_2_0__leaf_clk (net)
                  0.08    0.00    0.64 ^ _317_/CLK (sky130_fd_sc_hd__dfrtp_1)
                          0.25    0.89   clock uncertainty
                          0.00    0.89   clock reconvergence pessimism
                          0.66    1.55   library removal time
                                  1.55   data required time
-----------------------------------------------------------------------------
                                  1.55   data required time
                                 -2.77   data arrival time
-----------------------------------------------------------------------------
                                  1.22   slack (MET)


Startpoint: reset (input port clocked by clk)
Endpoint: _309_ (removal check against rising-edge clock clk)
Path Group: asynchronous
Path Type: min
Corner: Slowest

Fanout     Cap    Slew   Delay    Time   Description
-----------------------------------------------------------------------------
                          0.00    0.00   clock clk (rise edge)
                          0.00    0.00   clock network delay (propagated)
                          2.00    2.00 v input external delay
                  0.02    0.01    2.01 v reset (in)
     1    0.00                           reset (net)
                  0.02    0.00    2.01 v input9/A (sky130_fd_sc_hd__buf_2)
                  0.15    0.30    2.30 v input9/X (sky130_fd_sc_hd__buf_2)
     7    0.03                           net9 (net)
                  0.15    0.00    2.30 v _270_/A (sky130_fd_sc_hd__buf_4)
                  0.15    0.37    2.67 v _270_/X (sky130_fd_sc_hd__buf_4)
    10    0.06                           _144_ (net)
                  0.15    0.00    2.67 v _274_/A (sky130_fd_sc_hd__inv_2)
                  0.06    0.10    2.77 ^ _274_/Y (sky130_fd_sc_hd__inv_2)
     1    0.00                           _050_ (net)
                  0.06    0.00    2.77 ^ _309_/RESET_B (sky130_fd_sc_hd__dfrtp_1)
                                  2.77   data arrival time

                          0.00    0.00   clock clk (rise edge)
                          0.00    0.00   clock source latency
                  0.13    0.09    0.09 ^ clk (in)
     1    0.02                           clk (net)
                  0.13    0.00    0.09 ^ clkbuf_0_clk/A (sky130_fd_sc_hd__clkbuf_16)
                  0.10    0.29    0.39 ^ clkbuf_0_clk/X (sky130_fd_sc_hd__clkbuf_16)
     4    0.04                           clknet_0_clk (net)
                  0.10    0.00    0.39 ^ clkbuf_2_3__f_clk/A (sky130_fd_sc_hd__clkbuf_16)
                  0.07    0.25    0.64 ^ clkbuf_2_3__f_clk/X (sky130_fd_sc_hd__clkbuf_16)
     8    0.02                           clknet_2_3__leaf_clk (net)
                  0.07    0.00    0.64 ^ _309_/CLK (sky130_fd_sc_hd__dfrtp_1)
                          0.25    0.89   clock uncertainty
                          0.00    0.89   clock reconvergence pessimism
                          0.65    1.54   library removal time
                                  1.54   data required time
-----------------------------------------------------------------------------
                                  1.54   data required time
                                 -2.77   data arrival time
-----------------------------------------------------------------------------
                                  1.23   slack (MET)


Startpoint: reset (input port clocked by clk)
Endpoint: _311_ (removal check against rising-edge clock clk)
Path Group: asynchronous
Path Type: min
Corner: Slowest

Fanout     Cap    Slew   Delay    Time   Description
-----------------------------------------------------------------------------
                          0.00    0.00   clock clk (rise edge)
                          0.00    0.00   clock network delay (propagated)
                          2.00    2.00 v input external delay
                  0.02    0.01    2.01 v reset (in)
     1    0.00                           reset (net)
                  0.02    0.00    2.01 v input9/A (sky130_fd_sc_hd__buf_2)
                  0.15    0.30    2.30 v input9/X (sky130_fd_sc_hd__buf_2)
     7    0.03                           net9 (net)
                  0.15    0.00    2.30 v _270_/A (sky130_fd_sc_hd__buf_4)
                  0.15    0.37    2.67 v _270_/X (sky130_fd_sc_hd__buf_4)
    10    0.06                           _144_ (net)
                  0.15    0.00    2.67 v _276_/A (sky130_fd_sc_hd__inv_2)
                  0.06    0.10    2.77 ^ _276_/Y (sky130_fd_sc_hd__inv_2)
     1    0.00                           _052_ (net)
                  0.06    0.00    2.77 ^ _311_/RESET_B (sky130_fd_sc_hd__dfrtp_1)
                                  2.77   data arrival time

                          0.00    0.00   clock clk (rise edge)
                          0.00    0.00   clock source latency
                  0.13    0.09    0.09 ^ clk (in)
     1    0.02                           clk (net)
                  0.13    0.00    0.09 ^ clkbuf_0_clk/A (sky130_fd_sc_hd__clkbuf_16)
                  0.10    0.29    0.39 ^ clkbuf_0_clk/X (sky130_fd_sc_hd__clkbuf_16)
     4    0.04                           clknet_0_clk (net)
                  0.10    0.00    0.39 ^ clkbuf_2_3__f_clk/A (sky130_fd_sc_hd__clkbuf_16)
                  0.07    0.25    0.64 ^ clkbuf_2_3__f_clk/X (sky130_fd_sc_hd__clkbuf_16)
     8    0.02                           clknet_2_3__leaf_clk (net)
                  0.07    0.00    0.64 ^ _311_/CLK (sky130_fd_sc_hd__dfrtp_1)
                          0.25    0.89   clock uncertainty
                          0.00    0.89   clock reconvergence pessimism
                          0.65    1.54   library removal time
                                  1.54   data required time
-----------------------------------------------------------------------------
                                  1.54   data required time
                                 -2.77   data arrival time
-----------------------------------------------------------------------------
                                  1.23   slack (MET)


Startpoint: reset (input port clocked by clk)
Endpoint: _310_ (removal check against rising-edge clock clk)
Path Group: asynchronous
Path Type: min
Corner: Slowest

Fanout     Cap    Slew   Delay    Time   Description
-----------------------------------------------------------------------------
                          0.00    0.00   clock clk (rise edge)
                          0.00    0.00   clock network delay (propagated)
                          2.00    2.00 v input external delay
                  0.02    0.01    2.01 v reset (in)
     1    0.00                           reset (net)
                  0.02    0.00    2.01 v input9/A (sky130_fd_sc_hd__buf_2)
                  0.15    0.30    2.30 v input9/X (sky130_fd_sc_hd__buf_2)
     7    0.03                           net9 (net)
                  0.15    0.00    2.30 v _270_/A (sky130_fd_sc_hd__buf_4)
                  0.15    0.37    2.67 v _270_/X (sky130_fd_sc_hd__buf_4)
    10    0.06                           _144_ (net)
                  0.15    0.00    2.67 v _275_/A (sky130_fd_sc_hd__inv_2)
                  0.06    0.10    2.77 ^ _275_/Y (sky130_fd_sc_hd__inv_2)
     1    0.00                           _051_ (net)
                  0.06    0.00    2.77 ^ _310_/RESET_B (sky130_fd_sc_hd__dfrtp_1)
                                  2.77   data arrival time

                          0.00    0.00   clock clk (rise edge)
                          0.00    0.00   clock source latency
                  0.13    0.09    0.09 ^ clk (in)
     1    0.02                           clk (net)
                  0.13    0.00    0.09 ^ clkbuf_0_clk/A (sky130_fd_sc_hd__clkbuf_16)
                  0.10    0.29    0.39 ^ clkbuf_0_clk/X (sky130_fd_sc_hd__clkbuf_16)
     4    0.04                           clknet_0_clk (net)
                  0.10    0.00    0.39 ^ clkbuf_2_3__f_clk/A (sky130_fd_sc_hd__clkbuf_16)
                  0.07    0.25    0.64 ^ clkbuf_2_3__f_clk/X (sky130_fd_sc_hd__clkbuf_16)
     8    0.02                           clknet_2_3__leaf_clk (net)
                  0.07    0.00    0.64 ^ _310_/CLK (sky130_fd_sc_hd__dfrtp_1)
                          0.25    0.89   clock uncertainty
                          0.00    0.89   clock reconvergence pessimism
                          0.65    1.54   library removal time
                                  1.54   data required time
-----------------------------------------------------------------------------
                                  1.54   data required time
                                 -2.77   data arrival time
-----------------------------------------------------------------------------
                                  1.23   slack (MET)


Startpoint: reset (input port clocked by clk)
Endpoint: _313_ (removal check against rising-edge clock clk)
Path Group: asynchronous
Path Type: min
Corner: Slowest

Fanout     Cap    Slew   Delay    Time   Description
-----------------------------------------------------------------------------
                          0.00    0.00   clock clk (rise edge)
                          0.00    0.00   clock network delay (propagated)
                          2.00    2.00 v input external delay
                  0.02    0.01    2.01 v reset (in)
     1    0.00                           reset (net)
                  0.02    0.00    2.01 v input9/A (sky130_fd_sc_hd__buf_2)
                  0.15    0.30    2.30 v input9/X (sky130_fd_sc_hd__buf_2)
     7    0.03                           net9 (net)
                  0.15    0.00    2.30 v _270_/A (sky130_fd_sc_hd__buf_4)
                  0.15    0.37    2.67 v _270_/X (sky130_fd_sc_hd__buf_4)
    10    0.06                           _144_ (net)
                  0.15    0.00    2.67 v _278_/A (sky130_fd_sc_hd__inv_2)
                  0.06    0.10    2.77 ^ _278_/Y (sky130_fd_sc_hd__inv_2)
     1    0.00                           _020_ (net)
                  0.06    0.00    2.77 ^ _313_/RESET_B (sky130_fd_sc_hd__dfrtp_1)
                                  2.77   data arrival time

                          0.00    0.00   clock clk (rise edge)
                          0.00    0.00   clock source latency
                  0.13    0.09    0.09 ^ clk (in)
     1    0.02                           clk (net)
                  0.13    0.00    0.09 ^ clkbuf_0_clk/A (sky130_fd_sc_hd__clkbuf_16)
                  0.10    0.29    0.39 ^ clkbuf_0_clk/X (sky130_fd_sc_hd__clkbuf_16)
     4    0.04                           clknet_0_clk (net)
                  0.10    0.00    0.39 ^ clkbuf_2_3__f_clk/A (sky130_fd_sc_hd__clkbuf_16)
                  0.07    0.25    0.64 ^ clkbuf_2_3__f_clk/X (sky130_fd_sc_hd__clkbuf_16)
     8    0.02                           clknet_2_3__leaf_clk (net)
                  0.07    0.00    0.64 ^ _313_/CLK (sky130_fd_sc_hd__dfrtp_1)
                          0.25    0.89   clock uncertainty
                          0.00    0.89   clock reconvergence pessimism
                          0.65    1.54   library removal time
                                  1.54   data required time
-----------------------------------------------------------------------------
                                  1.54   data required time
                                 -2.77   data arrival time
-----------------------------------------------------------------------------
                                  1.23   slack (MET)


Startpoint: reset (input port clocked by clk)
Endpoint: _312_ (removal check against rising-edge clock clk)
Path Group: asynchronous
Path Type: min
Corner: Slowest

Fanout     Cap    Slew   Delay    Time   Description
-----------------------------------------------------------------------------
                          0.00    0.00   clock clk (rise edge)
                          0.00    0.00   clock network delay (propagated)
                          2.00    2.00 v input external delay
                  0.02    0.01    2.01 v reset (in)
     1    0.00                           reset (net)
                  0.02    0.00    2.01 v input9/A (sky130_fd_sc_hd__buf_2)
                  0.15    0.30    2.30 v input9/X (sky130_fd_sc_hd__buf_2)
     7    0.03                           net9 (net)
                  0.15    0.00    2.30 v _270_/A (sky130_fd_sc_hd__buf_4)
                  0.15    0.37    2.67 v _270_/X (sky130_fd_sc_hd__buf_4)
    10    0.06                           _144_ (net)
                  0.15    0.00    2.67 v _277_/A (sky130_fd_sc_hd__inv_2)
                  0.06    0.10    2.77 ^ _277_/Y (sky130_fd_sc_hd__inv_2)
     1    0.00                           _053_ (net)
                  0.06    0.00    2.77 ^ _312_/RESET_B (sky130_fd_sc_hd__dfrtp_1)
                                  2.77   data arrival time

                          0.00    0.00   clock clk (rise edge)
                          0.00    0.00   clock source latency
                  0.13    0.09    0.09 ^ clk (in)
     1    0.02                           clk (net)
                  0.13    0.00    0.09 ^ clkbuf_0_clk/A (sky130_fd_sc_hd__clkbuf_16)
                  0.10    0.29    0.39 ^ clkbuf_0_clk/X (sky130_fd_sc_hd__clkbuf_16)
     4    0.04                           clknet_0_clk (net)
                  0.10    0.00    0.39 ^ clkbuf_2_3__f_clk/A (sky130_fd_sc_hd__clkbuf_16)
                  0.07    0.25    0.64 ^ clkbuf_2_3__f_clk/X (sky130_fd_sc_hd__clkbuf_16)
     8    0.02                           clknet_2_3__leaf_clk (net)
                  0.07    0.00    0.64 ^ _312_/CLK (sky130_fd_sc_hd__dfrtp_1)
                          0.25    0.89   clock uncertainty
                          0.00    0.89   clock reconvergence pessimism
                          0.65    1.54   library removal time
                                  1.54   data required time
-----------------------------------------------------------------------------
                                  1.54   data required time
                                 -2.77   data arrival time
-----------------------------------------------------------------------------
                                  1.23   slack (MET)


Startpoint: reset (input port clocked by clk)
Endpoint: _297_ (removal check against rising-edge clock clk)
Path Group: asynchronous
Path Type: min
Corner: Slowest

Fanout     Cap    Slew   Delay    Time   Description
-----------------------------------------------------------------------------
                          0.00    0.00   clock clk (rise edge)
                          0.00    0.00   clock network delay (propagated)
                          2.00    2.00 v input external delay
                  0.02    0.01    2.01 v reset (in)
     1    0.00                           reset (net)
                  0.02    0.00    2.01 v input9/A (sky130_fd_sc_hd__buf_2)
                  0.15    0.30    2.30 v input9/X (sky130_fd_sc_hd__buf_2)
     7    0.03                           net9 (net)
                  0.15    0.00    2.30 v _259_/A (sky130_fd_sc_hd__buf_4)
                  0.15    0.36    2.67 v _259_/X (sky130_fd_sc_hd__buf_4)
    10    0.06                           _143_ (net)
                  0.15    0.00    2.67 v _261_/A (sky130_fd_sc_hd__inv_2)
                  0.05    0.09    2.76 ^ _261_/Y (sky130_fd_sc_hd__inv_2)
     1    0.00                           _038_ (net)
                  0.05    0.00    2.76 ^ _297_/RESET_B (sky130_fd_sc_hd__dfrtp_4)
                                  2.76   data arrival time

                          0.00    0.00   clock clk (rise edge)
                          0.00    0.00   clock source latency
                  0.13    0.09    0.09 ^ clk (in)
     1    0.02                           clk (net)
                  0.13    0.00    0.09 ^ clkbuf_0_clk/A (sky130_fd_sc_hd__clkbuf_16)
                  0.10    0.29    0.39 ^ clkbuf_0_clk/X (sky130_fd_sc_hd__clkbuf_16)
     4    0.04                           clknet_0_clk (net)
                  0.10    0.00    0.39 ^ clkbuf_2_2__f_clk/A (sky130_fd_sc_hd__clkbuf_16)
                  0.06    0.24    0.63 ^ clkbuf_2_2__f_clk/X (sky130_fd_sc_hd__clkbuf_16)
     6    0.02                           clknet_2_2__leaf_clk (net)
                  0.06    0.00    0.63 ^ _297_/CLK (sky130_fd_sc_hd__dfrtp_4)
                          0.25    0.88   clock uncertainty
                          0.00    0.88   clock reconvergence pessimism
                          0.65    1.53   library removal time
                                  1.53   data required time
-----------------------------------------------------------------------------
                                  1.53   data required time
                                 -2.76   data arrival time
-----------------------------------------------------------------------------
                                  1.23   slack (MET)


Startpoint: reset (input port clocked by clk)
Endpoint: _303_ (removal check against rising-edge clock clk)
Path Group: asynchronous
Path Type: min
Corner: Slowest

Fanout     Cap    Slew   Delay    Time   Description
-----------------------------------------------------------------------------
                          0.00    0.00   clock clk (rise edge)
                          0.00    0.00   clock network delay (propagated)
                          2.00    2.00 v input external delay
                  0.02    0.01    2.01 v reset (in)
     1    0.00                           reset (net)
                  0.02    0.00    2.01 v input9/A (sky130_fd_sc_hd__buf_2)
                  0.15    0.30    2.30 v input9/X (sky130_fd_sc_hd__buf_2)
     7    0.03                           net9 (net)
                  0.15    0.00    2.30 v _259_/A (sky130_fd_sc_hd__buf_4)
                  0.15    0.36    2.67 v _259_/X (sky130_fd_sc_hd__buf_4)
    10    0.06                           _143_ (net)
                  0.15    0.00    2.67 v _267_/A (sky130_fd_sc_hd__inv_2)
                  0.06    0.09    2.76 ^ _267_/Y (sky130_fd_sc_hd__inv_2)
     1    0.00                           _044_ (net)
                  0.06    0.00    2.76 ^ _303_/RESET_B (sky130_fd_sc_hd__dfrtp_1)
                                  2.76   data arrival time

                          0.00    0.00   clock clk (rise edge)
                          0.00    0.00   clock source latency
                  0.13    0.09    0.09 ^ clk (in)
     1    0.02                           clk (net)
                  0.13    0.00    0.09 ^ clkbuf_0_clk/A (sky130_fd_sc_hd__clkbuf_16)
                  0.10    0.29    0.39 ^ clkbuf_0_clk/X (sky130_fd_sc_hd__clkbuf_16)
     4    0.04                           clknet_0_clk (net)
                  0.10    0.00    0.39 ^ clkbuf_2_2__f_clk/A (sky130_fd_sc_hd__clkbuf_16)
                  0.06    0.24    0.63 ^ clkbuf_2_2__f_clk/X (sky130_fd_sc_hd__clkbuf_16)
     6    0.02                           clknet_2_2__leaf_clk (net)
                  0.06    0.00    0.63 ^ _303_/CLK (sky130_fd_sc_hd__dfrtp_1)
                          0.25    0.88   clock uncertainty
                          0.00    0.88   clock reconvergence pessimism
                          0.65    1.53   library removal time
                                  1.53   data required time
-----------------------------------------------------------------------------
                                  1.53   data required time
                                 -2.76   data arrival time
-----------------------------------------------------------------------------
                                  1.23   slack (MET)


Startpoint: reset (input port clocked by clk)
Endpoint: _305_ (removal check against rising-edge clock clk)
Path Group: asynchronous
Path Type: min
Corner: Slowest

Fanout     Cap    Slew   Delay    Time   Description
-----------------------------------------------------------------------------
                          0.00    0.00   clock clk (rise edge)
                          0.00    0.00   clock network delay (propagated)
                          2.00    2.00 v input external delay
                  0.02    0.01    2.01 v reset (in)
     1    0.00                           reset (net)
                  0.02    0.00    2.01 v input9/A (sky130_fd_sc_hd__buf_2)
                  0.15    0.30    2.30 v input9/X (sky130_fd_sc_hd__buf_2)
     7    0.03                           net9 (net)
                  0.15    0.00    2.30 v _259_/A (sky130_fd_sc_hd__buf_4)
                  0.15    0.36    2.67 v _259_/X (sky130_fd_sc_hd__buf_4)
    10    0.06                           _143_ (net)
                  0.15    0.00    2.67 v _269_/A (sky130_fd_sc_hd__inv_2)
                  0.05    0.09    2.76 ^ _269_/Y (sky130_fd_sc_hd__inv_2)
     1    0.00                           _046_ (net)
                  0.05    0.00    2.76 ^ _305_/RESET_B (sky130_fd_sc_hd__dfrtp_1)
                                  2.76   data arrival time

                          0.00    0.00   clock clk (rise edge)
                          0.00    0.00   clock source latency
                  0.13    0.09    0.09 ^ clk (in)
     1    0.02                           clk (net)
                  0.13    0.00    0.09 ^ clkbuf_0_clk/A (sky130_fd_sc_hd__clkbuf_16)
                  0.10    0.29    0.39 ^ clkbuf_0_clk/X (sky130_fd_sc_hd__clkbuf_16)
     4    0.04                           clknet_0_clk (net)
                  0.10    0.00    0.39 ^ clkbuf_2_2__f_clk/A (sky130_fd_sc_hd__clkbuf_16)
                  0.06    0.24    0.63 ^ clkbuf_2_2__f_clk/X (sky130_fd_sc_hd__clkbuf_16)
     6    0.02                           clknet_2_2__leaf_clk (net)
                  0.06    0.00    0.63 ^ _305_/CLK (sky130_fd_sc_hd__dfrtp_1)
                          0.25    0.88   clock uncertainty
                          0.00    0.88   clock reconvergence pessimism
                          0.65    1.53   library removal time
                                  1.53   data required time
-----------------------------------------------------------------------------
                                  1.53   data required time
                                 -2.76   data arrival time
-----------------------------------------------------------------------------
                                  1.24   slack (MET)


Startpoint: reset (input port clocked by clk)
Endpoint: _299_ (removal check against rising-edge clock clk)
Path Group: asynchronous
Path Type: min
Corner: Slowest

Fanout     Cap    Slew   Delay    Time   Description
-----------------------------------------------------------------------------
                          0.00    0.00   clock clk (rise edge)
                          0.00    0.00   clock network delay (propagated)
                          2.00    2.00 v input external delay
                  0.02    0.01    2.01 v reset (in)
     1    0.00                           reset (net)
                  0.02    0.00    2.01 v input9/A (sky130_fd_sc_hd__buf_2)
                  0.15    0.30    2.30 v input9/X (sky130_fd_sc_hd__buf_2)
     7    0.03                           net9 (net)
                  0.15    0.00    2.30 v _259_/A (sky130_fd_sc_hd__buf_4)
                  0.15    0.36    2.67 v _259_/X (sky130_fd_sc_hd__buf_4)
    10    0.06                           _143_ (net)
                  0.15    0.00    2.67 v _263_/A (sky130_fd_sc_hd__inv_2)
                  0.05    0.09    2.76 ^ _263_/Y (sky130_fd_sc_hd__inv_2)
     1    0.00                           _040_ (net)
                  0.05    0.00    2.76 ^ _299_/RESET_B (sky130_fd_sc_hd__dfrtp_1)
                                  2.76   data arrival time

                          0.00    0.00   clock clk (rise edge)
                          0.00    0.00   clock source latency
                  0.13    0.09    0.09 ^ clk (in)
     1    0.02                           clk (net)
                  0.13    0.00    0.09 ^ clkbuf_0_clk/A (sky130_fd_sc_hd__clkbuf_16)
                  0.10    0.29    0.39 ^ clkbuf_0_clk/X (sky130_fd_sc_hd__clkbuf_16)
     4    0.04                           clknet_0_clk (net)
                  0.10    0.00    0.39 ^ clkbuf_2_2__f_clk/A (sky130_fd_sc_hd__clkbuf_16)
                  0.06    0.24    0.63 ^ clkbuf_2_2__f_clk/X (sky130_fd_sc_hd__clkbuf_16)
     6    0.02                           clknet_2_2__leaf_clk (net)
                  0.06    0.00    0.63 ^ _299_/CLK (sky130_fd_sc_hd__dfrtp_1)
                          0.25    0.88   clock uncertainty
                          0.00    0.88   clock reconvergence pessimism
                          0.65    1.53   library removal time
                                  1.53   data required time
-----------------------------------------------------------------------------
                                  1.53   data required time
                                 -2.76   data arrival time
-----------------------------------------------------------------------------
                                  1.24   slack (MET)


Startpoint: reset (input port clocked by clk)
Endpoint: _315_ (removal check against rising-edge clock clk)
Path Group: asynchronous
Path Type: min
Corner: Slowest

Fanout     Cap    Slew   Delay    Time   Description
-----------------------------------------------------------------------------
                          0.00    0.00   clock clk (rise edge)
                          0.00    0.00   clock network delay (propagated)
                          2.00    2.00 v input external delay
                  0.02    0.01    2.01 v reset (in)
     1    0.00                           reset (net)
                  0.02    0.00    2.01 v input9/A (sky130_fd_sc_hd__buf_2)
                  0.15    0.30    2.30 v input9/X (sky130_fd_sc_hd__buf_2)
     7    0.03                           net9 (net)
                  0.15    0.00    2.30 v _270_/A (sky130_fd_sc_hd__buf_4)
                  0.15    0.37    2.67 v _270_/X (sky130_fd_sc_hd__buf_4)
    10    0.06                           _144_ (net)
                  0.15    0.00    2.68 v _280_/A (sky130_fd_sc_hd__inv_2)
                  0.06    0.10    2.77 ^ _280_/Y (sky130_fd_sc_hd__inv_2)
     1    0.00                           _022_ (net)
                  0.06    0.00    2.77 ^ _315_/RESET_B (sky130_fd_sc_hd__dfrtp_2)
                                  2.77   data arrival time

                          0.00    0.00   clock clk (rise edge)
                          0.00    0.00   clock source latency
                  0.13    0.09    0.09 ^ clk (in)
     1    0.02                           clk (net)
                  0.13    0.00    0.09 ^ clkbuf_0_clk/A (sky130_fd_sc_hd__clkbuf_16)
                  0.10    0.29    0.39 ^ clkbuf_0_clk/X (sky130_fd_sc_hd__clkbuf_16)
     4    0.04                           clknet_0_clk (net)
                  0.10    0.00    0.39 ^ clkbuf_2_2__f_clk/A (sky130_fd_sc_hd__clkbuf_16)
                  0.06    0.24    0.63 ^ clkbuf_2_2__f_clk/X (sky130_fd_sc_hd__clkbuf_16)
     6    0.02                           clknet_2_2__leaf_clk (net)
                  0.06    0.00    0.63 ^ _315_/CLK (sky130_fd_sc_hd__dfrtp_2)
                          0.25    0.88   clock uncertainty
                          0.00    0.88   clock reconvergence pessimism
                          0.65    1.53   library removal time
                                  1.53   data required time
-----------------------------------------------------------------------------
                                  1.53   data required time
                                 -2.77   data arrival time
-----------------------------------------------------------------------------
                                  1.24   slack (MET)


Startpoint: _296_ (rising edge-triggered flip-flop clocked by clk)
Endpoint: _309_ (rising edge-triggered flip-flop clocked by clk)
Path Group: clk
Path Type: min
Corner: Slowest

Fanout     Cap    Slew   Delay    Time   Description
-----------------------------------------------------------------------------
                          0.00    0.00   clock clk (rise edge)
                          0.00    0.00   clock source latency
                  0.13    0.08    0.08 ^ clk (in)
     1    0.02                           clk (net)
                  0.13    0.00    0.08 ^ clkbuf_0_clk/A (sky130_fd_sc_hd__clkbuf_16)
                  0.10    0.27    0.35 ^ clkbuf_0_clk/X (sky130_fd_sc_hd__clkbuf_16)
     4    0.04                           clknet_0_clk (net)
                  0.10    0.00    0.35 ^ clkbuf_2_1__f_clk/A (sky130_fd_sc_hd__clkbuf_16)
                  0.08    0.24    0.59 ^ clkbuf_2_1__f_clk/X (sky130_fd_sc_hd__clkbuf_16)
    11    0.03                           clknet_2_1__leaf_clk (net)
                  0.08    0.00    0.59 ^ _296_/CLK (sky130_fd_sc_hd__dfstp_1)
                  0.17    0.77    1.36 v _296_/Q (sky130_fd_sc_hd__dfstp_1)
     4    0.02                           state[0] (net)
                  0.17    0.00    1.36 v _148_/B (sky130_fd_sc_hd__nand2_4)
                  0.21    0.25    1.61 ^ _148_/Y (sky130_fd_sc_hd__nand2_4)
     9    0.04                           _066_ (net)
                  0.21    0.00    1.61 ^ _157_/S (sky130_fd_sc_hd__mux2_1)
                  0.07    0.28    1.89 ^ _157_/X (sky130_fd_sc_hd__mux2_1)
     1    0.00                           _071_ (net)
                  0.07    0.00    1.89 ^ _158_/A (sky130_fd_sc_hd__clkbuf_1)
                  0.06    0.13    2.02 ^ _158_/X (sky130_fd_sc_hd__clkbuf_1)
     1    0.00                           _061_ (net)
                  0.06    0.00    2.02 ^ _309_/D (sky130_fd_sc_hd__dfrtp_1)
                                  2.02   data arrival time

                          0.00    0.00   clock clk (rise edge)
                          0.00    0.00   clock source latency
                  0.13    0.09    0.09 ^ clk (in)
     1    0.02                           clk (net)
                  0.13    0.00    0.09 ^ clkbuf_0_clk/A (sky130_fd_sc_hd__clkbuf_16)
                  0.10    0.29    0.39 ^ clkbuf_0_clk/X (sky130_fd_sc_hd__clkbuf_16)
     4    0.04                           clknet_0_clk (net)
                  0.10    0.00    0.39 ^ clkbuf_2_3__f_clk/A (sky130_fd_sc_hd__clkbuf_16)
                  0.07    0.25    0.64 ^ clkbuf_2_3__f_clk/X (sky130_fd_sc_hd__clkbuf_16)
     8    0.02                           clknet_2_3__leaf_clk (net)
                  0.07    0.00    0.64 ^ _309_/CLK (sky130_fd_sc_hd__dfrtp_1)
                          0.25    0.89   clock uncertainty
                         -0.04    0.85   clock reconvergence pessimism
                         -0.08    0.78   library hold time
                                  0.78   data required time
-----------------------------------------------------------------------------
                                  0.78   data required time
                                 -2.02   data arrival time
-----------------------------------------------------------------------------
                                  1.25   slack (MET)


Startpoint: _296_ (rising edge-triggered flip-flop clocked by clk)
Endpoint: _313_ (rising edge-triggered flip-flop clocked by clk)
Path Group: clk
Path Type: min
Corner: Slowest

Fanout     Cap    Slew   Delay    Time   Description
-----------------------------------------------------------------------------
                          0.00    0.00   clock clk (rise edge)
                          0.00    0.00   clock source latency
                  0.13    0.08    0.08 ^ clk (in)
     1    0.02                           clk (net)
                  0.13    0.00    0.08 ^ clkbuf_0_clk/A (sky130_fd_sc_hd__clkbuf_16)
                  0.10    0.27    0.35 ^ clkbuf_0_clk/X (sky130_fd_sc_hd__clkbuf_16)
     4    0.04                           clknet_0_clk (net)
                  0.10    0.00    0.35 ^ clkbuf_2_1__f_clk/A (sky130_fd_sc_hd__clkbuf_16)
                  0.08    0.24    0.59 ^ clkbuf_2_1__f_clk/X (sky130_fd_sc_hd__clkbuf_16)
    11    0.03                           clknet_2_1__leaf_clk (net)
                  0.08    0.00    0.59 ^ _296_/CLK (sky130_fd_sc_hd__dfstp_1)
                  0.17    0.77    1.36 v _296_/Q (sky130_fd_sc_hd__dfstp_1)
     4    0.02                           state[0] (net)
                  0.17    0.00    1.36 v _148_/B (sky130_fd_sc_hd__nand2_4)
                  0.21    0.25    1.61 ^ _148_/Y (sky130_fd_sc_hd__nand2_4)
     9    0.04                           _066_ (net)
                  0.21    0.00    1.61 ^ _149_/S (sky130_fd_sc_hd__mux2_1)
                  0.07    0.28    1.89 ^ _149_/X (sky130_fd_sc_hd__mux2_1)
     1    0.00                           _067_ (net)
                  0.07    0.00    1.89 ^ _150_/A (sky130_fd_sc_hd__clkbuf_1)
                  0.07    0.14    2.02 ^ _150_/X (sky130_fd_sc_hd__clkbuf_1)
     1    0.00                           _065_ (net)
                  0.07    0.00    2.02 ^ _313_/D (sky130_fd_sc_hd__dfrtp_1)
                                  2.02   data arrival time

                          0.00    0.00   clock clk (rise edge)
                          0.00    0.00   clock source latency
                  0.13    0.09    0.09 ^ clk (in)
     1    0.02                           clk (net)
                  0.13    0.00    0.09 ^ clkbuf_0_clk/A (sky130_fd_sc_hd__clkbuf_16)
                  0.10    0.29    0.39 ^ clkbuf_0_clk/X (sky130_fd_sc_hd__clkbuf_16)
     4    0.04                           clknet_0_clk (net)
                  0.10    0.00    0.39 ^ clkbuf_2_3__f_clk/A (sky130_fd_sc_hd__clkbuf_16)
                  0.07    0.25    0.64 ^ clkbuf_2_3__f_clk/X (sky130_fd_sc_hd__clkbuf_16)
     8    0.02                           clknet_2_3__leaf_clk (net)
                  0.07    0.00    0.64 ^ _313_/CLK (sky130_fd_sc_hd__dfrtp_1)
                          0.25    0.89   clock uncertainty
                         -0.04    0.85   clock reconvergence pessimism
                         -0.08    0.78   library hold time
                                  0.78   data required time
-----------------------------------------------------------------------------
                                  0.78   data required time
                                 -2.02   data arrival time
-----------------------------------------------------------------------------
                                  1.25   slack (MET)


Startpoint: _296_ (rising edge-triggered flip-flop clocked by clk)
Endpoint: _311_ (rising edge-triggered flip-flop clocked by clk)
Path Group: clk
Path Type: min
Corner: Slowest

Fanout     Cap    Slew   Delay    Time   Description
-----------------------------------------------------------------------------
                          0.00    0.00   clock clk (rise edge)
                          0.00    0.00   clock source latency
                  0.13    0.08    0.08 ^ clk (in)
     1    0.02                           clk (net)
                  0.13    0.00    0.08 ^ clkbuf_0_clk/A (sky130_fd_sc_hd__clkbuf_16)
                  0.10    0.27    0.35 ^ clkbuf_0_clk/X (sky130_fd_sc_hd__clkbuf_16)
     4    0.04                           clknet_0_clk (net)
                  0.10    0.00    0.35 ^ clkbuf_2_1__f_clk/A (sky130_fd_sc_hd__clkbuf_16)
                  0.08    0.24    0.59 ^ clkbuf_2_1__f_clk/X (sky130_fd_sc_hd__clkbuf_16)
    11    0.03                           clknet_2_1__leaf_clk (net)
                  0.08    0.00    0.59 ^ _296_/CLK (sky130_fd_sc_hd__dfstp_1)
                  0.17    0.77    1.36 v _296_/Q (sky130_fd_sc_hd__dfstp_1)
     4    0.02                           state[0] (net)
                  0.17    0.00    1.36 v _148_/B (sky130_fd_sc_hd__nand2_4)
                  0.21    0.25    1.61 ^ _148_/Y (sky130_fd_sc_hd__nand2_4)
     9    0.04                           _066_ (net)
                  0.21    0.00    1.61 ^ _153_/S (sky130_fd_sc_hd__mux2_1)
                  0.08    0.28    1.90 ^ _153_/X (sky130_fd_sc_hd__mux2_1)
     1    0.00                           _069_ (net)
                  0.08    0.00    1.90 ^ _154_/A (sky130_fd_sc_hd__clkbuf_1)
                  0.06    0.14    2.03 ^ _154_/X (sky130_fd_sc_hd__clkbuf_1)
     1    0.00                           _063_ (net)
                  0.06    0.00    2.03 ^ _311_/D (sky130_fd_sc_hd__dfrtp_1)
                                  2.03   data arrival time

                          0.00    0.00   clock clk (rise edge)
                          0.00    0.00   clock source latency
                  0.13    0.09    0.09 ^ clk (in)
     1    0.02                           clk (net)
                  0.13    0.00    0.09 ^ clkbuf_0_clk/A (sky130_fd_sc_hd__clkbuf_16)
                  0.10    0.29    0.39 ^ clkbuf_0_clk/X (sky130_fd_sc_hd__clkbuf_16)
     4    0.04                           clknet_0_clk (net)
                  0.10    0.00    0.39 ^ clkbuf_2_3__f_clk/A (sky130_fd_sc_hd__clkbuf_16)
                  0.07    0.25    0.64 ^ clkbuf_2_3__f_clk/X (sky130_fd_sc_hd__clkbuf_16)
     8    0.02                           clknet_2_3__leaf_clk (net)
                  0.07    0.00    0.64 ^ _311_/CLK (sky130_fd_sc_hd__dfrtp_1)
                          0.25    0.89   clock uncertainty
                         -0.04    0.85   clock reconvergence pessimism
                         -0.08    0.78   library hold time
                                  0.78   data required time
-----------------------------------------------------------------------------
                                  0.78   data required time
                                 -2.03   data arrival time
-----------------------------------------------------------------------------
                                  1.25   slack (MET)


Startpoint: _296_ (rising edge-triggered flip-flop clocked by clk)
Endpoint: _310_ (rising edge-triggered flip-flop clocked by clk)
Path Group: clk
Path Type: min
Corner: Slowest

Fanout     Cap    Slew   Delay    Time   Description
-----------------------------------------------------------------------------
                          0.00    0.00   clock clk (rise edge)
                          0.00    0.00   clock source latency
                  0.13    0.08    0.08 ^ clk (in)
     1    0.02                           clk (net)
                  0.13    0.00    0.08 ^ clkbuf_0_clk/A (sky130_fd_sc_hd__clkbuf_16)
                  0.10    0.27    0.35 ^ clkbuf_0_clk/X (sky130_fd_sc_hd__clkbuf_16)
     4    0.04                           clknet_0_clk (net)
                  0.10    0.00    0.35 ^ clkbuf_2_1__f_clk/A (sky130_fd_sc_hd__clkbuf_16)
                  0.08    0.24    0.59 ^ clkbuf_2_1__f_clk/X (sky130_fd_sc_hd__clkbuf_16)
    11    0.03                           clknet_2_1__leaf_clk (net)
                  0.08    0.00    0.59 ^ _296_/CLK (sky130_fd_sc_hd__dfstp_1)
                  0.17    0.77    1.36 v _296_/Q (sky130_fd_sc_hd__dfstp_1)
     4    0.02                           state[0] (net)
                  0.17    0.00    1.36 v _148_/B (sky130_fd_sc_hd__nand2_4)
                  0.21    0.25    1.61 ^ _148_/Y (sky130_fd_sc_hd__nand2_4)
     9    0.04                           _066_ (net)
                  0.21    0.00    1.61 ^ _155_/S (sky130_fd_sc_hd__mux2_1)
                  0.07    0.28    1.89 ^ _155_/X (sky130_fd_sc_hd__mux2_1)
     1    0.00                           _070_ (net)
                  0.07    0.00    1.89 ^ _156_/A (sky130_fd_sc_hd__clkbuf_1)
                  0.07    0.14    2.03 ^ _156_/X (sky130_fd_sc_hd__clkbuf_1)
     1    0.00                           _062_ (net)
                  0.07    0.00    2.03 ^ _310_/D (sky130_fd_sc_hd__dfrtp_1)
                                  2.03   data arrival time

                          0.00    0.00   clock clk (rise edge)
                          0.00    0.00   clock source latency
                  0.13    0.09    0.09 ^ clk (in)
     1    0.02                           clk (net)
                  0.13    0.00    0.09 ^ clkbuf_0_clk/A (sky130_fd_sc_hd__clkbuf_16)
                  0.10    0.29    0.39 ^ clkbuf_0_clk/X (sky130_fd_sc_hd__clkbuf_16)
     4    0.04                           clknet_0_clk (net)
                  0.10    0.00    0.39 ^ clkbuf_2_3__f_clk/A (sky130_fd_sc_hd__clkbuf_16)
                  0.07    0.25    0.64 ^ clkbuf_2_3__f_clk/X (sky130_fd_sc_hd__clkbuf_16)
     8    0.02                           clknet_2_3__leaf_clk (net)
                  0.07    0.00    0.64 ^ _310_/CLK (sky130_fd_sc_hd__dfrtp_1)
                          0.25    0.89   clock uncertainty
                         -0.04    0.85   clock reconvergence pessimism
                         -0.08    0.78   library hold time
                                  0.78   data required time
-----------------------------------------------------------------------------
                                  0.78   data required time
                                 -2.03   data arrival time
-----------------------------------------------------------------------------
                                  1.26   slack (MET)


Startpoint: _296_ (rising edge-triggered flip-flop clocked by clk)
Endpoint: _312_ (rising edge-triggered flip-flop clocked by clk)
Path Group: clk
Path Type: min
Corner: Slowest

Fanout     Cap    Slew   Delay    Time   Description
-----------------------------------------------------------------------------
                          0.00    0.00   clock clk (rise edge)
                          0.00    0.00   clock source latency
                  0.13    0.08    0.08 ^ clk (in)
     1    0.02                           clk (net)
                  0.13    0.00    0.08 ^ clkbuf_0_clk/A (sky130_fd_sc_hd__clkbuf_16)
                  0.10    0.27    0.35 ^ clkbuf_0_clk/X (sky130_fd_sc_hd__clkbuf_16)
     4    0.04                           clknet_0_clk (net)
                  0.10    0.00    0.35 ^ clkbuf_2_1__f_clk/A (sky130_fd_sc_hd__clkbuf_16)
                  0.08    0.24    0.59 ^ clkbuf_2_1__f_clk/X (sky130_fd_sc_hd__clkbuf_16)
    11    0.03                           clknet_2_1__leaf_clk (net)
                  0.08    0.00    0.59 ^ _296_/CLK (sky130_fd_sc_hd__dfstp_1)
                  0.17    0.77    1.36 v _296_/Q (sky130_fd_sc_hd__dfstp_1)
     4    0.02                           state[0] (net)
                  0.17    0.00    1.36 v _148_/B (sky130_fd_sc_hd__nand2_4)
                  0.21    0.25    1.61 ^ _148_/Y (sky130_fd_sc_hd__nand2_4)
     9    0.04                           _066_ (net)
                  0.21    0.00    1.61 ^ _151_/S (sky130_fd_sc_hd__mux2_1)
                  0.08    0.28    1.89 ^ _151_/X (sky130_fd_sc_hd__mux2_1)
     1    0.00                           _068_ (net)
                  0.08    0.00    1.89 ^ _152_/A (sky130_fd_sc_hd__clkbuf_1)
                  0.07    0.14    2.03 ^ _152_/X (sky130_fd_sc_hd__clkbuf_1)
     1    0.00                           _064_ (net)
                  0.07    0.00    2.04 ^ _312_/D (sky130_fd_sc_hd__dfrtp_1)
                                  2.04   data arrival time

                          0.00    0.00   clock clk (rise edge)
                          0.00    0.00   clock source latency
                  0.13    0.09    0.09 ^ clk (in)
     1    0.02                           clk (net)
                  0.13    0.00    0.09 ^ clkbuf_0_clk/A (sky130_fd_sc_hd__clkbuf_16)
                  0.10    0.29    0.39 ^ clkbuf_0_clk/X (sky130_fd_sc_hd__clkbuf_16)
     4    0.04                           clknet_0_clk (net)
                  0.10    0.00    0.39 ^ clkbuf_2_3__f_clk/A (sky130_fd_sc_hd__clkbuf_16)
                  0.07    0.25    0.64 ^ clkbuf_2_3__f_clk/X (sky130_fd_sc_hd__clkbuf_16)
     8    0.02                           clknet_2_3__leaf_clk (net)
                  0.07    0.00    0.64 ^ _312_/CLK (sky130_fd_sc_hd__dfrtp_1)
                          0.25    0.89   clock uncertainty
                         -0.04    0.85   clock reconvergence pessimism
                         -0.08    0.78   library hold time
                                  0.78   data required time
-----------------------------------------------------------------------------
                                  0.78   data required time
                                 -2.04   data arrival time
-----------------------------------------------------------------------------
                                  1.26   slack (MET)


Startpoint: _296_ (rising edge-triggered flip-flop clocked by clk)
Endpoint: _307_ (rising edge-triggered flip-flop clocked by clk)
Path Group: clk
Path Type: min
Corner: Slowest

Fanout     Cap    Slew   Delay    Time   Description
-----------------------------------------------------------------------------
                          0.00    0.00   clock clk (rise edge)
                          0.00    0.00   clock source latency
                  0.13    0.08    0.08 ^ clk (in)
     1    0.02                           clk (net)
                  0.13    0.00    0.08 ^ clkbuf_0_clk/A (sky130_fd_sc_hd__clkbuf_16)
                  0.10    0.27    0.35 ^ clkbuf_0_clk/X (sky130_fd_sc_hd__clkbuf_16)
     4    0.04                           clknet_0_clk (net)
                  0.10    0.00    0.35 ^ clkbuf_2_1__f_clk/A (sky130_fd_sc_hd__clkbuf_16)
                  0.08    0.24    0.59 ^ clkbuf_2_1__f_clk/X (sky130_fd_sc_hd__clkbuf_16)
    11    0.03                           clknet_2_1__leaf_clk (net)
                  0.08    0.00    0.59 ^ _296_/CLK (sky130_fd_sc_hd__dfstp_1)
                  0.17    0.77    1.36 v _296_/Q (sky130_fd_sc_hd__dfstp_1)
     4    0.02                           state[0] (net)
                  0.17    0.00    1.36 v _148_/B (sky130_fd_sc_hd__nand2_4)
                  0.21    0.25    1.61 ^ _148_/Y (sky130_fd_sc_hd__nand2_4)
     9    0.04                           _066_ (net)
                  0.21    0.00    1.61 ^ _161_/S (sky130_fd_sc_hd__mux2_1)
                  0.07    0.28    1.89 ^ _161_/X (sky130_fd_sc_hd__mux2_1)
     1    0.00                           _073_ (net)
                  0.07    0.00    1.89 ^ _162_/A (sky130_fd_sc_hd__clkbuf_1)
                  0.07    0.14    2.03 ^ _162_/X (sky130_fd_sc_hd__clkbuf_1)
     1    0.00                           _059_ (net)
                  0.07    0.00    2.03 ^ _307_/D (sky130_fd_sc_hd__dfrtp_1)
                                  2.03   data arrival time

                          0.00    0.00   clock clk (rise edge)
                          0.00    0.00   clock source latency
                  0.13    0.09    0.09 ^ clk (in)
     1    0.02                           clk (net)
                  0.13    0.00    0.09 ^ clkbuf_0_clk/A (sky130_fd_sc_hd__clkbuf_16)
                  0.10    0.29    0.39 ^ clkbuf_0_clk/X (sky130_fd_sc_hd__clkbuf_16)
     4    0.04                           clknet_0_clk (net)
                  0.10    0.00    0.39 ^ clkbuf_2_1__f_clk/A (sky130_fd_sc_hd__clkbuf_16)
                  0.08    0.26    0.65 ^ clkbuf_2_1__f_clk/X (sky130_fd_sc_hd__clkbuf_16)
    11    0.03                           clknet_2_1__leaf_clk (net)
                  0.08    0.00    0.65 ^ _307_/CLK (sky130_fd_sc_hd__dfrtp_1)
                          0.25    0.90   clock uncertainty
                         -0.06    0.84   clock reconvergence pessimism
                         -0.07    0.76   library hold time
                                  0.76   data required time
-----------------------------------------------------------------------------
                                  0.76   data required time
                                 -2.03   data arrival time
-----------------------------------------------------------------------------
                                  1.26   slack (MET)


Startpoint: _296_ (rising edge-triggered flip-flop clocked by clk)
Endpoint: _308_ (rising edge-triggered flip-flop clocked by clk)
Path Group: clk
Path Type: min
Corner: Slowest

Fanout     Cap    Slew   Delay    Time   Description
-----------------------------------------------------------------------------
                          0.00    0.00   clock clk (rise edge)
                          0.00    0.00   clock source latency
                  0.13    0.08    0.08 ^ clk (in)
     1    0.02                           clk (net)
                  0.13    0.00    0.08 ^ clkbuf_0_clk/A (sky130_fd_sc_hd__clkbuf_16)
                  0.10    0.27    0.35 ^ clkbuf_0_clk/X (sky130_fd_sc_hd__clkbuf_16)
     4    0.04                           clknet_0_clk (net)
                  0.10    0.00    0.35 ^ clkbuf_2_1__f_clk/A (sky130_fd_sc_hd__clkbuf_16)
                  0.08    0.24    0.59 ^ clkbuf_2_1__f_clk/X (sky130_fd_sc_hd__clkbuf_16)
    11    0.03                           clknet_2_1__leaf_clk (net)
                  0.08    0.00    0.59 ^ _296_/CLK (sky130_fd_sc_hd__dfstp_1)
                  0.17    0.77    1.36 v _296_/Q (sky130_fd_sc_hd__dfstp_1)
     4    0.02                           state[0] (net)
                  0.17    0.00    1.36 v _148_/B (sky130_fd_sc_hd__nand2_4)
                  0.21    0.25    1.61 ^ _148_/Y (sky130_fd_sc_hd__nand2_4)
     9    0.04                           _066_ (net)
                  0.21    0.00    1.61 ^ _159_/S (sky130_fd_sc_hd__mux2_1)
                  0.07    0.28    1.89 ^ _159_/X (sky130_fd_sc_hd__mux2_1)
     1    0.00                           _072_ (net)
                  0.07    0.00    1.89 ^ _160_/A (sky130_fd_sc_hd__clkbuf_1)
                  0.07    0.14    2.03 ^ _160_/X (sky130_fd_sc_hd__clkbuf_1)
     1    0.00                           _060_ (net)
                  0.07    0.00    2.03 ^ _308_/D (sky130_fd_sc_hd__dfrtp_1)
                                  2.03   data arrival time

                          0.00    0.00   clock clk (rise edge)
                          0.00    0.00   clock source latency
                  0.13    0.09    0.09 ^ clk (in)
     1    0.02                           clk (net)
                  0.13    0.00    0.09 ^ clkbuf_0_clk/A (sky130_fd_sc_hd__clkbuf_16)
                  0.10    0.29    0.39 ^ clkbuf_0_clk/X (sky130_fd_sc_hd__clkbuf_16)
     4    0.04                           clknet_0_clk (net)
                  0.10    0.00    0.39 ^ clkbuf_2_1__f_clk/A (sky130_fd_sc_hd__clkbuf_16)
                  0.08    0.26    0.65 ^ clkbuf_2_1__f_clk/X (sky130_fd_sc_hd__clkbuf_16)
    11    0.03                           clknet_2_1__leaf_clk (net)
                  0.08    0.00    0.65 ^ _308_/CLK (sky130_fd_sc_hd__dfrtp_1)
                          0.25    0.90   clock uncertainty
                         -0.06    0.84   clock reconvergence pessimism
                         -0.08    0.76   library hold time
                                  0.76   data required time
-----------------------------------------------------------------------------
                                  0.76   data required time
                                 -2.03   data arrival time
-----------------------------------------------------------------------------
                                  1.27   slack (MET)


Startpoint: _296_ (rising edge-triggered flip-flop clocked by clk)
Endpoint: _306_ (rising edge-triggered flip-flop clocked by clk)
Path Group: clk
Path Type: min
Corner: Slowest

Fanout     Cap    Slew   Delay    Time   Description
-----------------------------------------------------------------------------
                          0.00    0.00   clock clk (rise edge)
                          0.00    0.00   clock source latency
                  0.13    0.08    0.08 ^ clk (in)
     1    0.02                           clk (net)
                  0.13    0.00    0.08 ^ clkbuf_0_clk/A (sky130_fd_sc_hd__clkbuf_16)
                  0.10    0.27    0.35 ^ clkbuf_0_clk/X (sky130_fd_sc_hd__clkbuf_16)
     4    0.04                           clknet_0_clk (net)
                  0.10    0.00    0.35 ^ clkbuf_2_1__f_clk/A (sky130_fd_sc_hd__clkbuf_16)
                  0.08    0.24    0.59 ^ clkbuf_2_1__f_clk/X (sky130_fd_sc_hd__clkbuf_16)
    11    0.03                           clknet_2_1__leaf_clk (net)
                  0.08    0.00    0.59 ^ _296_/CLK (sky130_fd_sc_hd__dfstp_1)
                  0.17    0.77    1.36 v _296_/Q (sky130_fd_sc_hd__dfstp_1)
     4    0.02                           state[0] (net)
                  0.17    0.00    1.36 v _148_/B (sky130_fd_sc_hd__nand2_4)
                  0.21    0.25    1.61 ^ _148_/Y (sky130_fd_sc_hd__nand2_4)
     9    0.04                           _066_ (net)
                  0.21    0.00    1.61 ^ _163_/S (sky130_fd_sc_hd__mux2_1)
                  0.07    0.28    1.89 ^ _163_/X (sky130_fd_sc_hd__mux2_1)
     1    0.00                           _074_ (net)
                  0.07    0.00    1.89 ^ _164_/A (sky130_fd_sc_hd__clkbuf_1)
                  0.08    0.15    2.04 ^ _164_/X (sky130_fd_sc_hd__clkbuf_1)
     1    0.00                           _058_ (net)
                  0.08    0.00    2.04 ^ _306_/D (sky130_fd_sc_hd__dfrtp_1)
                                  2.04   data arrival time

                          0.00    0.00   clock clk (rise edge)
                          0.00    0.00   clock source latency
                  0.13    0.09    0.09 ^ clk (in)
     1    0.02                           clk (net)
                  0.13    0.00    0.09 ^ clkbuf_0_clk/A (sky130_fd_sc_hd__clkbuf_16)
                  0.10    0.29    0.39 ^ clkbuf_0_clk/X (sky130_fd_sc_hd__clkbuf_16)
     4    0.04                           clknet_0_clk (net)
                  0.10    0.00    0.39 ^ clkbuf_2_1__f_clk/A (sky130_fd_sc_hd__clkbuf_16)
                  0.08    0.26    0.65 ^ clkbuf_2_1__f_clk/X (sky130_fd_sc_hd__clkbuf_16)
    11    0.03                           clknet_2_1__leaf_clk (net)
                  0.08    0.00    0.65 ^ _306_/CLK (sky130_fd_sc_hd__dfrtp_1)
                          0.25    0.90   clock uncertainty
                         -0.06    0.84   clock reconvergence pessimism
                         -0.08    0.76   library hold time
                                  0.76   data required time
-----------------------------------------------------------------------------
                                  0.76   data required time
                                 -2.04   data arrival time
-----------------------------------------------------------------------------
                                  1.28   slack (MET)


Startpoint: _297_ (rising edge-triggered flip-flop clocked by clk)
Endpoint: _303_ (rising edge-triggered flip-flop clocked by clk)
Path Group: clk
Path Type: min
Corner: Slowest

Fanout     Cap    Slew   Delay    Time   Description
-----------------------------------------------------------------------------
                          0.00    0.00   clock clk (rise edge)
                          0.00    0.00   clock source latency
                  0.13    0.08    0.08 ^ clk (in)
     1    0.02                           clk (net)
                  0.13    0.00    0.08 ^ clkbuf_0_clk/A (sky130_fd_sc_hd__clkbuf_16)
                  0.10    0.27    0.35 ^ clkbuf_0_clk/X (sky130_fd_sc_hd__clkbuf_16)
     4    0.04                           clknet_0_clk (net)
                  0.10    0.00    0.35 ^ clkbuf_2_2__f_clk/A (sky130_fd_sc_hd__clkbuf_16)
                  0.06    0.22    0.57 ^ clkbuf_2_2__f_clk/X (sky130_fd_sc_hd__clkbuf_16)
     6    0.02                           clknet_2_2__leaf_clk (net)
                  0.06    0.00    0.57 ^ _297_/CLK (sky130_fd_sc_hd__dfrtp_4)
                  0.20    0.87    1.43 ^ _297_/Q (sky130_fd_sc_hd__dfrtp_4)
     8    0.03                           state[1] (net)
                  0.20    0.00    1.43 ^ _172_/A1 (sky130_fd_sc_hd__a21bo_1)
                  0.07    0.25    1.68 ^ _172_/X (sky130_fd_sc_hd__a21bo_1)
     2    0.00                           _082_ (net)
                  0.07    0.00    1.68 ^ _173_/B (sky130_fd_sc_hd__and2_1)
                  0.08    0.22    1.90 ^ _173_/X (sky130_fd_sc_hd__and2_1)
     1    0.00                           _083_ (net)
                  0.08    0.00    1.90 ^ _174_/A (sky130_fd_sc_hd__clkbuf_1)
                  0.07    0.14    2.04 ^ _174_/X (sky130_fd_sc_hd__clkbuf_1)
     1    0.00                           _057_ (net)
                  0.07    0.00    2.04 ^ _303_/D (sky130_fd_sc_hd__dfrtp_1)
                                  2.04   data arrival time

                          0.00    0.00   clock clk (rise edge)
                          0.00    0.00   clock source latency
                  0.13    0.09    0.09 ^ clk (in)
     1    0.02                           clk (net)
                  0.13    0.00    0.09 ^ clkbuf_0_clk/A (sky130_fd_sc_hd__clkbuf_16)
                  0.10    0.29    0.39 ^ clkbuf_0_clk/X (sky130_fd_sc_hd__clkbuf_16)
     4    0.04                           clknet_0_clk (net)
                  0.10    0.00    0.39 ^ clkbuf_2_2__f_clk/A (sky130_fd_sc_hd__clkbuf_16)
                  0.06    0.24    0.63 ^ clkbuf_2_2__f_clk/X (sky130_fd_sc_hd__clkbuf_16)
     6    0.02                           clknet_2_2__leaf_clk (net)
                  0.06    0.00    0.63 ^ _303_/CLK (sky130_fd_sc_hd__dfrtp_1)
                          0.25    0.88   clock uncertainty
                         -0.06    0.82   clock reconvergence pessimism
                         -0.08    0.74   library hold time
                                  0.74   data required time
-----------------------------------------------------------------------------
                                  0.74   data required time
                                 -2.04   data arrival time
-----------------------------------------------------------------------------
                                  1.30   slack (MET)


Startpoint: reset (input port clocked by clk)
Endpoint: _296_ (removal check against rising-edge clock clk)
Path Group: asynchronous
Path Type: min
Corner: Slowest

Fanout     Cap    Slew   Delay    Time   Description
-----------------------------------------------------------------------------
                          0.00    0.00   clock clk (rise edge)
                          0.00    0.00   clock network delay (propagated)
                          2.00    2.00 v input external delay
                  0.02    0.01    2.01 v reset (in)
     1    0.00                           reset (net)
                  0.02    0.00    2.01 v input9/A (sky130_fd_sc_hd__buf_2)
                  0.15    0.30    2.30 v input9/X (sky130_fd_sc_hd__buf_2)
     7    0.03                           net9 (net)
                  0.15    0.00    2.30 v _259_/A (sky130_fd_sc_hd__buf_4)
                  0.15    0.36    2.67 v _259_/X (sky130_fd_sc_hd__buf_4)
    10    0.06                           _143_ (net)
                  0.15    0.00    2.67 v _260_/A (sky130_fd_sc_hd__inv_2)
                  0.05    0.09    2.76 ^ _260_/Y (sky130_fd_sc_hd__inv_2)
     1    0.00                           _037_ (net)
                  0.05    0.00    2.76 ^ _296_/SET_B (sky130_fd_sc_hd__dfstp_1)
                                  2.76   data arrival time

                          0.00    0.00   clock clk (rise edge)
                          0.00    0.00   clock source latency
                  0.13    0.09    0.09 ^ clk (in)
     1    0.02                           clk (net)
                  0.13    0.00    0.09 ^ clkbuf_0_clk/A (sky130_fd_sc_hd__clkbuf_16)
                  0.10    0.29    0.39 ^ clkbuf_0_clk/X (sky130_fd_sc_hd__clkbuf_16)
     4    0.04                           clknet_0_clk (net)
                  0.10    0.00    0.39 ^ clkbuf_2_1__f_clk/A (sky130_fd_sc_hd__clkbuf_16)
                  0.08    0.26    0.65 ^ clkbuf_2_1__f_clk/X (sky130_fd_sc_hd__clkbuf_16)
    11    0.03                           clknet_2_1__leaf_clk (net)
                  0.08    0.00    0.65 ^ _296_/CLK (sky130_fd_sc_hd__dfstp_1)
                          0.25    0.90   clock uncertainty
                          0.00    0.90   clock reconvergence pessimism
                          0.31    1.21   library removal time
                                  1.21   data required time
-----------------------------------------------------------------------------
                                  1.21   data required time
                                 -2.76   data arrival time
-----------------------------------------------------------------------------
                                  1.55   slack (MET)


Startpoint: reset (input port clocked by clk)
Endpoint: _304_ (removal check against rising-edge clock clk)
Path Group: asynchronous
Path Type: min
Corner: Slowest

Fanout     Cap    Slew   Delay    Time   Description
-----------------------------------------------------------------------------
                          0.00    0.00   clock clk (rise edge)
                          0.00    0.00   clock network delay (propagated)
                          2.00    2.00 v input external delay
                  0.02    0.01    2.01 v reset (in)
     1    0.00                           reset (net)
                  0.02    0.00    2.01 v input9/A (sky130_fd_sc_hd__buf_2)
                  0.15    0.30    2.30 v input9/X (sky130_fd_sc_hd__buf_2)
     7    0.03                           net9 (net)
                  0.15    0.00    2.30 v _259_/A (sky130_fd_sc_hd__buf_4)
                  0.15    0.36    2.67 v _259_/X (sky130_fd_sc_hd__buf_4)
    10    0.06                           _143_ (net)
                  0.15    0.00    2.67 v _268_/A (sky130_fd_sc_hd__inv_2)
                  0.05    0.09    2.76 ^ _268_/Y (sky130_fd_sc_hd__inv_2)
     1    0.00                           _045_ (net)
                  0.05    0.00    2.76 ^ _304_/SET_B (sky130_fd_sc_hd__dfstp_1)
                                  2.76   data arrival time

                          0.00    0.00   clock clk (rise edge)
                          0.00    0.00   clock source latency
                  0.13    0.09    0.09 ^ clk (in)
     1    0.02                           clk (net)
                  0.13    0.00    0.09 ^ clkbuf_0_clk/A (sky130_fd_sc_hd__clkbuf_16)
                  0.10    0.29    0.39 ^ clkbuf_0_clk/X (sky130_fd_sc_hd__clkbuf_16)
     4    0.04                           clknet_0_clk (net)
                  0.10    0.00    0.39 ^ clkbuf_2_2__f_clk/A (sky130_fd_sc_hd__clkbuf_16)
                  0.06    0.24    0.63 ^ clkbuf_2_2__f_clk/X (sky130_fd_sc_hd__clkbuf_16)
     6    0.02                           clknet_2_2__leaf_clk (net)
                  0.06    0.00    0.63 ^ _304_/CLK (sky130_fd_sc_hd__dfstp_1)
                          0.25    0.88   clock uncertainty
                          0.00    0.88   clock reconvergence pessimism
                          0.30    1.18   library removal time
                                  1.18   data required time
-----------------------------------------------------------------------------
                                  1.18   data required time
                                 -2.76   data arrival time
-----------------------------------------------------------------------------
                                  1.58   slack (MET)


Startpoint: _320_ (rising edge-triggered flip-flop clocked by clk)
Endpoint: _320_ (rising edge-triggered flip-flop clocked by clk)
Path Group: clk
Path Type: min
Corner: Slowest

Fanout     Cap    Slew   Delay    Time   Description
-----------------------------------------------------------------------------
                          0.00    0.00   clock clk (rise edge)
                          0.00    0.00   clock source latency
                  0.13    0.08    0.08 ^ clk (in)
     1    0.02                           clk (net)
                  0.13    0.00    0.08 ^ clkbuf_0_clk/A (sky130_fd_sc_hd__clkbuf_16)
                  0.10    0.27    0.35 ^ clkbuf_0_clk/X (sky130_fd_sc_hd__clkbuf_16)
     4    0.04                           clknet_0_clk (net)
                  0.10    0.00    0.35 ^ clkbuf_2_0__f_clk/A (sky130_fd_sc_hd__clkbuf_16)
                  0.08    0.23    0.58 ^ clkbuf_2_0__f_clk/X (sky130_fd_sc_hd__clkbuf_16)
     9    0.03                           clknet_2_0__leaf_clk (net)
                  0.08    0.00    0.58 ^ _320_/CLK (sky130_fd_sc_hd__dfrtp_1)
                  0.19    0.70    1.28 ^ _320_/Q (sky130_fd_sc_hd__dfrtp_1)
     5    0.01                           baud_count[6] (net)
                  0.19    0.00    1.28 ^ _216_/A1 (sky130_fd_sc_hd__a21boi_1)
                  0.08    0.17    1.45 v _216_/Y (sky130_fd_sc_hd__a21boi_1)
     1    0.00                           _112_ (net)
                  0.08    0.00    1.45 v _217_/B1 (sky130_fd_sc_hd__o21a_1)
                  0.06    0.19    1.64 v _217_/X (sky130_fd_sc_hd__o21a_1)
     1    0.00                           _012_ (net)
                  0.06    0.00    1.64 v hold10/A (sky130_fd_sc_hd__dlygate4sd3_1)
                  0.11    1.07    2.71 v hold10/X (sky130_fd_sc_hd__dlygate4sd3_1)
     1    0.00                           net23 (net)
                  0.11    0.00    2.71 v _320_/D (sky130_fd_sc_hd__dfrtp_1)
                                  2.71   data arrival time

                          0.00    0.00   clock clk (rise edge)
                          0.00    0.00   clock source latency
                  0.13    0.09    0.09 ^ clk (in)
     1    0.02                           clk (net)
                  0.13    0.00    0.09 ^ clkbuf_0_clk/A (sky130_fd_sc_hd__clkbuf_16)
                  0.10    0.29    0.39 ^ clkbuf_0_clk/X (sky130_fd_sc_hd__clkbuf_16)
     4    0.04                           clknet_0_clk (net)
                  0.10    0.00    0.39 ^ clkbuf_2_0__f_clk/A (sky130_fd_sc_hd__clkbuf_16)
                  0.08    0.26    0.64 ^ clkbuf_2_0__f_clk/X (sky130_fd_sc_hd__clkbuf_16)
     9    0.03                           clknet_2_0__leaf_clk (net)
                  0.08    0.00    0.64 ^ _320_/CLK (sky130_fd_sc_hd__dfrtp_1)
                          0.25    0.89   clock uncertainty
                         -0.06    0.83   clock reconvergence pessimism
                         -0.11    0.72   library hold time
                                  0.72   data required time
-----------------------------------------------------------------------------
                                  0.72   data required time
                                 -2.71   data arrival time
-----------------------------------------------------------------------------
                                  1.99   slack (MET)


Startpoint: _305_ (rising edge-triggered flip-flop clocked by clk)
Endpoint: busy (output port clocked by clk)
Path Group: clk
Path Type: min
Corner: Slowest

Fanout     Cap    Slew   Delay    Time   Description
-----------------------------------------------------------------------------
                          0.00    0.00   clock clk (rise edge)
                          0.00    0.00   clock source latency
                  0.13    0.08    0.08 ^ clk (in)
     1    0.02                           clk (net)
                  0.13    0.00    0.08 ^ clkbuf_0_clk/A (sky130_fd_sc_hd__clkbuf_16)
                  0.10    0.27    0.35 ^ clkbuf_0_clk/X (sky130_fd_sc_hd__clkbuf_16)
     4    0.04                           clknet_0_clk (net)
                  0.10    0.00    0.35 ^ clkbuf_2_2__f_clk/A (sky130_fd_sc_hd__clkbuf_16)
                  0.06    0.22    0.57 ^ clkbuf_2_2__f_clk/X (sky130_fd_sc_hd__clkbuf_16)
     6    0.02                           clknet_2_2__leaf_clk (net)
                  0.06    0.00    0.57 ^ _305_/CLK (sky130_fd_sc_hd__dfrtp_1)
                  0.09    0.62    1.18 ^ _305_/Q (sky130_fd_sc_hd__dfrtp_1)
     1    0.00                           net11 (net)
                  0.09    0.00    1.18 ^ output11/A (sky130_fd_sc_hd__clkbuf_4)
                  0.18    0.32    1.50 ^ output11/X (sky130_fd_sc_hd__clkbuf_4)
     1    0.03                           busy (net)
                  0.18    0.00    1.51 ^ busy (out)
                                  1.51   data arrival time

                          0.00    0.00   clock clk (rise edge)
                          0.00    0.00   clock network delay (propagated)
                          0.25    0.25   clock uncertainty
                          0.00    0.25   clock reconvergence pessimism
                         -2.00   -1.75   output external delay
                                 -1.75   data required time
-----------------------------------------------------------------------------
                                 -1.75   data required time
                                 -1.51   data arrival time
-----------------------------------------------------------------------------
                                  3.26   slack (MET)


Startpoint: _304_ (rising edge-triggered flip-flop clocked by clk)
Endpoint: tx (output port clocked by clk)
Path Group: clk
Path Type: min
Corner: Slowest

Fanout     Cap    Slew   Delay    Time   Description
-----------------------------------------------------------------------------
                          0.00    0.00   clock clk (rise edge)
                          0.00    0.00   clock source latency
                  0.13    0.08    0.08 ^ clk (in)
     1    0.02                           clk (net)
                  0.13    0.00    0.08 ^ clkbuf_0_clk/A (sky130_fd_sc_hd__clkbuf_16)
                  0.10    0.27    0.35 ^ clkbuf_0_clk/X (sky130_fd_sc_hd__clkbuf_16)
     4    0.04                           clknet_0_clk (net)
                  0.10    0.00    0.35 ^ clkbuf_2_2__f_clk/A (sky130_fd_sc_hd__clkbuf_16)
                  0.06    0.22    0.57 ^ clkbuf_2_2__f_clk/X (sky130_fd_sc_hd__clkbuf_16)
     6    0.02                           clknet_2_2__leaf_clk (net)
                  0.06    0.00    0.57 ^ _304_/CLK (sky130_fd_sc_hd__dfstp_1)
                  0.08    0.69    1.26 v _304_/Q (sky130_fd_sc_hd__dfstp_1)
     1    0.01                           net12 (net)
                  0.08    0.00    1.26 v output12/A (sky130_fd_sc_hd__clkbuf_4)
                  0.14    0.31    1.57 v output12/X (sky130_fd_sc_hd__clkbuf_4)
     1    0.03                           tx (net)
                  0.14    0.00    1.57 v tx (out)
                                  1.57   data arrival time

                          0.00    0.00   clock clk (rise edge)
                          0.00    0.00   clock network delay (propagated)
                          0.25    0.25   clock uncertainty
                          0.00    0.25   clock reconvergence pessimism
                         -2.00   -1.75   output external delay
                                 -1.75   data required time
-----------------------------------------------------------------------------
                                 -1.75   data required time
                                 -1.57   data arrival time
-----------------------------------------------------------------------------
                                  3.32   slack (MET)



======================= Typical Corner ===================================

Startpoint: _322_ (rising edge-triggered flip-flop clocked by clk)
Endpoint: _322_ (rising edge-triggered flip-flop clocked by clk)
Path Group: clk
Path Type: min
Corner: Typical

Fanout     Cap    Slew   Delay    Time   Description
-----------------------------------------------------------------------------
                          0.00    0.00   clock clk (rise edge)
                          0.00    0.00   clock source latency
                  0.08    0.05    0.05 ^ clk (in)
     1    0.02                           clk (net)
                  0.08    0.00    0.05 ^ clkbuf_0_clk/A (sky130_fd_sc_hd__clkbuf_16)
                  0.06    0.15    0.20 ^ clkbuf_0_clk/X (sky130_fd_sc_hd__clkbuf_16)
     4    0.04                           clknet_0_clk (net)
                  0.06    0.00    0.20 ^ clkbuf_2_0__f_clk/A (sky130_fd_sc_hd__clkbuf_16)
                  0.05    0.13    0.34 ^ clkbuf_2_0__f_clk/X (sky130_fd_sc_hd__clkbuf_16)
     9    0.03                           clknet_2_0__leaf_clk (net)
                  0.05    0.00    0.34 ^ _322_/CLK (sky130_fd_sc_hd__dfrtp_2)
                  0.10    0.37    0.71 ^ _322_/Q (sky130_fd_sc_hd__dfrtp_2)
     6    0.02                           baud_count[8] (net)
                  0.10    0.00    0.71 ^ _224_/A1 (sky130_fd_sc_hd__a21boi_1)
                  0.04    0.07    0.77 v _224_/Y (sky130_fd_sc_hd__a21boi_1)
     1    0.00                           _118_ (net)
                  0.04    0.00    0.77 v _225_/B1 (sky130_fd_sc_hd__o21a_1)
                  0.03    0.09    0.86 v _225_/X (sky130_fd_sc_hd__o21a_1)
     1    0.00                           _014_ (net)
                  0.03    0.00    0.86 v _322_/D (sky130_fd_sc_hd__dfrtp_2)
                                  0.86   data arrival time

                          0.00    0.00   clock clk (rise edge)
                          0.00    0.00   clock source latency
                  0.08    0.06    0.06 ^ clk (in)
     1    0.02                           clk (net)
                  0.08    0.00    0.06 ^ clkbuf_0_clk/A (sky130_fd_sc_hd__clkbuf_16)
                  0.06    0.17    0.22 ^ clkbuf_0_clk/X (sky130_fd_sc_hd__clkbuf_16)
     4    0.04                           clknet_0_clk (net)
                  0.06    0.00    0.23 ^ clkbuf_2_0__f_clk/A (sky130_fd_sc_hd__clkbuf_16)
                  0.05    0.15    0.37 ^ clkbuf_2_0__f_clk/X (sky130_fd_sc_hd__clkbuf_16)
     9    0.03                           clknet_2_0__leaf_clk (net)
                  0.05    0.00    0.37 ^ _322_/CLK (sky130_fd_sc_hd__dfrtp_2)
                          0.25    0.62   clock uncertainty
                         -0.04    0.59   clock reconvergence pessimism
                         -0.03    0.55   library hold time
                                  0.55   data required time
-----------------------------------------------------------------------------
                                  0.55   data required time
                                 -0.86   data arrival time
-----------------------------------------------------------------------------
                                  0.31   slack (MET)


Startpoint: _318_ (rising edge-triggered flip-flop clocked by clk)
Endpoint: _318_ (rising edge-triggered flip-flop clocked by clk)
Path Group: clk
Path Type: min
Corner: Typical

Fanout     Cap    Slew   Delay    Time   Description
-----------------------------------------------------------------------------
                          0.00    0.00   clock clk (rise edge)
                          0.00    0.00   clock source latency
                  0.08    0.05    0.05 ^ clk (in)
     1    0.02                           clk (net)
                  0.08    0.00    0.05 ^ clkbuf_0_clk/A (sky130_fd_sc_hd__clkbuf_16)
                  0.06    0.15    0.20 ^ clkbuf_0_clk/X (sky130_fd_sc_hd__clkbuf_16)
     4    0.04                           clknet_0_clk (net)
                  0.06    0.00    0.20 ^ clkbuf_2_0__f_clk/A (sky130_fd_sc_hd__clkbuf_16)
                  0.05    0.13    0.34 ^ clkbuf_2_0__f_clk/X (sky130_fd_sc_hd__clkbuf_16)
     9    0.03                           clknet_2_0__leaf_clk (net)
                  0.05    0.00    0.34 ^ _318_/CLK (sky130_fd_sc_hd__dfrtp_1)
                  0.13    0.36    0.70 ^ _318_/Q (sky130_fd_sc_hd__dfrtp_1)
     5    0.01                           baud_count[4] (net)
                  0.13    0.00    0.70 ^ _208_/A1 (sky130_fd_sc_hd__a21boi_1)
                  0.04    0.08    0.78 v _208_/Y (sky130_fd_sc_hd__a21boi_1)
     1    0.00                           _106_ (net)
                  0.04    0.00    0.78 v _209_/C1 (sky130_fd_sc_hd__o211a_1)
                  0.03    0.09    0.87 v _209_/X (sky130_fd_sc_hd__o211a_1)
     1    0.00                           _010_ (net)
                  0.03    0.00    0.87 v _318_/D (sky130_fd_sc_hd__dfrtp_1)
                                  0.87   data arrival time

                          0.00    0.00   clock clk (rise edge)
                          0.00    0.00   clock source latency
                  0.08    0.06    0.06 ^ clk (in)
     1    0.02                           clk (net)
                  0.08    0.00    0.06 ^ clkbuf_0_clk/A (sky130_fd_sc_hd__clkbuf_16)
                  0.06    0.17    0.22 ^ clkbuf_0_clk/X (sky130_fd_sc_hd__clkbuf_16)
     4    0.04                           clknet_0_clk (net)
                  0.06    0.00    0.23 ^ clkbuf_2_0__f_clk/A (sky130_fd_sc_hd__clkbuf_16)
                  0.05    0.15    0.37 ^ clkbuf_2_0__f_clk/X (sky130_fd_sc_hd__clkbuf_16)
     9    0.03                           clknet_2_0__leaf_clk (net)
                  0.05    0.00    0.37 ^ _318_/CLK (sky130_fd_sc_hd__dfrtp_1)
                          0.25    0.62   clock uncertainty
                         -0.04    0.59   clock reconvergence pessimism
                         -0.04    0.55   library hold time
                                  0.55   data required time
-----------------------------------------------------------------------------
                                  0.55   data required time
                                 -0.87   data arrival time
-----------------------------------------------------------------------------
                                  0.32   slack (MET)


Startpoint: _297_ (rising edge-triggered flip-flop clocked by clk)
Endpoint: _297_ (rising edge-triggered flip-flop clocked by clk)
Path Group: clk
Path Type: min
Corner: Typical

Fanout     Cap    Slew   Delay    Time   Description
-----------------------------------------------------------------------------
                          0.00    0.00   clock clk (rise edge)
                          0.00    0.00   clock source latency
                  0.08    0.05    0.05 ^ clk (in)
     1    0.02                           clk (net)
                  0.08    0.00    0.05 ^ clkbuf_0_clk/A (sky130_fd_sc_hd__clkbuf_16)
                  0.06    0.15    0.20 ^ clkbuf_0_clk/X (sky130_fd_sc_hd__clkbuf_16)
     4    0.04                           clknet_0_clk (net)
                  0.06    0.00    0.20 ^ clkbuf_2_2__f_clk/A (sky130_fd_sc_hd__clkbuf_16)
                  0.04    0.12    0.33 ^ clkbuf_2_2__f_clk/X (sky130_fd_sc_hd__clkbuf_16)
     6    0.02                           clknet_2_2__leaf_clk (net)
                  0.04    0.00    0.33 ^ _297_/CLK (sky130_fd_sc_hd__dfrtp_4)
                  0.11    0.43    0.76 ^ _297_/Q (sky130_fd_sc_hd__dfrtp_4)
     8    0.03                           state[1] (net)
                  0.11    0.00    0.76 ^ _189_/B2 (sky130_fd_sc_hd__a22o_1)
                  0.04    0.13    0.88 ^ _189_/X (sky130_fd_sc_hd__a22o_1)
     1    0.00                           _017_ (net)
                  0.04    0.00    0.89 ^ _297_/D (sky130_fd_sc_hd__dfrtp_4)
                                  0.89   data arrival time

                          0.00    0.00   clock clk (rise edge)
                          0.00    0.00   clock source latency
                  0.08    0.06    0.06 ^ clk (in)
     1    0.02                           clk (net)
                  0.08    0.00    0.06 ^ clkbuf_0_clk/A (sky130_fd_sc_hd__clkbuf_16)
                  0.06    0.17    0.22 ^ clkbuf_0_clk/X (sky130_fd_sc_hd__clkbuf_16)
     4    0.04                           clknet_0_clk (net)
                  0.06    0.00    0.23 ^ clkbuf_2_2__f_clk/A (sky130_fd_sc_hd__clkbuf_16)
                  0.04    0.13    0.36 ^ clkbuf_2_2__f_clk/X (sky130_fd_sc_hd__clkbuf_16)
     6    0.02                           clknet_2_2__leaf_clk (net)
                  0.04    0.00    0.36 ^ _297_/CLK (sky130_fd_sc_hd__dfrtp_4)
                          0.25    0.61   clock uncertainty
                         -0.03    0.58   clock reconvergence pessimism
                         -0.04    0.54   library hold time
                                  0.54   data required time
-----------------------------------------------------------------------------
                                  0.54   data required time
                                 -0.89   data arrival time
-----------------------------------------------------------------------------
                                  0.34   slack (MET)


Startpoint: _326_ (rising edge-triggered flip-flop clocked by clk)
Endpoint: _326_ (rising edge-triggered flip-flop clocked by clk)
Path Group: clk
Path Type: min
Corner: Typical

Fanout     Cap    Slew   Delay    Time   Description
-----------------------------------------------------------------------------
                          0.00    0.00   clock clk (rise edge)
                          0.00    0.00   clock source latency
                  0.08    0.05    0.05 ^ clk (in)
     1    0.02                           clk (net)
                  0.08    0.00    0.05 ^ clkbuf_0_clk/A (sky130_fd_sc_hd__clkbuf_16)
                  0.06    0.15    0.20 ^ clkbuf_0_clk/X (sky130_fd_sc_hd__clkbuf_16)
     4    0.04                           clknet_0_clk (net)
                  0.06    0.00    0.20 ^ clkbuf_2_1__f_clk/A (sky130_fd_sc_hd__clkbuf_16)
                  0.05    0.13    0.34 ^ clkbuf_2_1__f_clk/X (sky130_fd_sc_hd__clkbuf_16)
    11    0.03                           clknet_2_1__leaf_clk (net)
                  0.05    0.00    0.34 ^ _326_/CLK (sky130_fd_sc_hd__dfrtp_1)
                  0.14    0.38    0.72 ^ _326_/Q (sky130_fd_sc_hd__dfrtp_1)
     6    0.02                           baud_count[12] (net)
                  0.14    0.00    0.72 ^ _239_/A1 (sky130_fd_sc_hd__a21boi_1)
                  0.04    0.08    0.80 v _239_/Y (sky130_fd_sc_hd__a21boi_1)
     1    0.00                           _129_ (net)
                  0.04    0.00    0.80 v _240_/B1 (sky130_fd_sc_hd__o21a_1)
                  0.03    0.10    0.89 v _240_/X (sky130_fd_sc_hd__o21a_1)
     1    0.00                           _003_ (net)
                  0.03    0.00    0.89 v _326_/D (sky130_fd_sc_hd__dfrtp_1)
                                  0.89   data arrival time

                          0.00    0.00   clock clk (rise edge)
                          0.00    0.00   clock source latency
                  0.08    0.06    0.06 ^ clk (in)
     1    0.02                           clk (net)
                  0.08    0.00    0.06 ^ clkbuf_0_clk/A (sky130_fd_sc_hd__clkbuf_16)
                  0.06    0.17    0.22 ^ clkbuf_0_clk/X (sky130_fd_sc_hd__clkbuf_16)
     4    0.04                           clknet_0_clk (net)
                  0.06    0.00    0.23 ^ clkbuf_2_1__f_clk/A (sky130_fd_sc_hd__clkbuf_16)
                  0.05    0.15    0.37 ^ clkbuf_2_1__f_clk/X (sky130_fd_sc_hd__clkbuf_16)
    11    0.03                           clknet_2_1__leaf_clk (net)
                  0.05    0.00    0.37 ^ _326_/CLK (sky130_fd_sc_hd__dfrtp_1)
                          0.25    0.62   clock uncertainty
                         -0.04    0.59   clock reconvergence pessimism
                         -0.04    0.55   library hold time
                                  0.55   data required time
-----------------------------------------------------------------------------
                                  0.55   data required time
                                 -0.89   data arrival time
-----------------------------------------------------------------------------
                                  0.34   slack (MET)


Startpoint: _301_ (rising edge-triggered flip-flop clocked by clk)
Endpoint: _301_ (rising edge-triggered flip-flop clocked by clk)
Path Group: clk
Path Type: min
Corner: Typical

Fanout     Cap    Slew   Delay    Time   Description
-----------------------------------------------------------------------------
                          0.00    0.00   clock clk (rise edge)
                          0.00    0.00   clock source latency
                  0.08    0.05    0.05 ^ clk (in)
     1    0.02                           clk (net)
                  0.08    0.00    0.05 ^ clkbuf_0_clk/A (sky130_fd_sc_hd__clkbuf_16)
                  0.06    0.15    0.20 ^ clkbuf_0_clk/X (sky130_fd_sc_hd__clkbuf_16)
     4    0.04                           clknet_0_clk (net)
                  0.06    0.00    0.20 ^ clkbuf_2_3__f_clk/A (sky130_fd_sc_hd__clkbuf_16)
                  0.05    0.13    0.33 ^ clkbuf_2_3__f_clk/X (sky130_fd_sc_hd__clkbuf_16)
     8    0.03                           clknet_2_3__leaf_clk (net)
                  0.05    0.00    0.33 ^ _301_/CLK (sky130_fd_sc_hd__dfrtp_2)
                  0.12    0.39    0.72 ^ _301_/Q (sky130_fd_sc_hd__dfrtp_2)
     6    0.02                           bit_index[1] (net)
                  0.12    0.00    0.72 ^ _179_/A1 (sky130_fd_sc_hd__a21o_1)
                  0.05    0.13    0.85 ^ _179_/X (sky130_fd_sc_hd__a21o_1)
     1    0.00                           _087_ (net)
                  0.05    0.00    0.85 ^ _181_/A2 (sky130_fd_sc_hd__a21oi_1)
                  0.04    0.06    0.91 v _181_/Y (sky130_fd_sc_hd__a21oi_1)
     1    0.00                           _055_ (net)
                  0.04    0.00    0.91 v _301_/D (sky130_fd_sc_hd__dfrtp_2)
                                  0.91   data arrival time

                          0.00    0.00   clock clk (rise edge)
                          0.00    0.00   clock source latency
                  0.08    0.06    0.06 ^ clk (in)
     1    0.02                           clk (net)
                  0.08    0.00    0.06 ^ clkbuf_0_clk/A (sky130_fd_sc_hd__clkbuf_16)
                  0.06    0.17    0.22 ^ clkbuf_0_clk/X (sky130_fd_sc_hd__clkbuf_16)
     4    0.04                           clknet_0_clk (net)
                  0.06    0.00    0.23 ^ clkbuf_2_3__f_clk/A (sky130_fd_sc_hd__clkbuf_16)
                  0.05    0.14    0.37 ^ clkbuf_2_3__f_clk/X (sky130_fd_sc_hd__clkbuf_16)
     8    0.03                           clknet_2_3__leaf_clk (net)
                  0.05    0.00    0.37 ^ _301_/CLK (sky130_fd_sc_hd__dfrtp_2)
                          0.25    0.62   clock uncertainty
                         -0.04    0.58   clock reconvergence pessimism
                         -0.04    0.54   library hold time
                                  0.54   data required time
-----------------------------------------------------------------------------
                                  0.54   data required time
                                 -0.91   data arrival time
-----------------------------------------------------------------------------
                                  0.36   slack (MET)


Startpoint: _296_ (rising edge-triggered flip-flop clocked by clk)
Endpoint: _296_ (rising edge-triggered flip-flop clocked by clk)
Path Group: clk
Path Type: min
Corner: Typical

Fanout     Cap    Slew   Delay    Time   Description
-----------------------------------------------------------------------------
                          0.00    0.00   clock clk (rise edge)
                          0.00    0.00   clock source latency
                  0.08    0.05    0.05 ^ clk (in)
     1    0.02                           clk (net)
                  0.08    0.00    0.05 ^ clkbuf_0_clk/A (sky130_fd_sc_hd__clkbuf_16)
                  0.06    0.15    0.20 ^ clkbuf_0_clk/X (sky130_fd_sc_hd__clkbuf_16)
     4    0.04                           clknet_0_clk (net)
                  0.06    0.00    0.20 ^ clkbuf_2_1__f_clk/A (sky130_fd_sc_hd__clkbuf_16)
                  0.05    0.13    0.34 ^ clkbuf_2_1__f_clk/X (sky130_fd_sc_hd__clkbuf_16)
    11    0.03                           clknet_2_1__leaf_clk (net)
                  0.05    0.00    0.34 ^ _296_/CLK (sky130_fd_sc_hd__dfstp_1)
                  0.09    0.39    0.73 v _296_/Q (sky130_fd_sc_hd__dfstp_1)
     4    0.02                           state[0] (net)
                  0.09    0.00    0.73 v _191_/A2 (sky130_fd_sc_hd__a22o_1)
                  0.04    0.23    0.95 v _191_/X (sky130_fd_sc_hd__a22o_1)
     1    0.00                           _016_ (net)
                  0.04    0.00    0.95 v _296_/D (sky130_fd_sc_hd__dfstp_1)
                                  0.95   data arrival time

                          0.00    0.00   clock clk (rise edge)
                          0.00    0.00   clock source latency
                  0.08    0.06    0.06 ^ clk (in)
     1    0.02                           clk (net)
                  0.08    0.00    0.06 ^ clkbuf_0_clk/A (sky130_fd_sc_hd__clkbuf_16)
                  0.06    0.17    0.22 ^ clkbuf_0_clk/X (sky130_fd_sc_hd__clkbuf_16)
     4    0.04                           clknet_0_clk (net)
                  0.06    0.00    0.23 ^ clkbuf_2_1__f_clk/A (sky130_fd_sc_hd__clkbuf_16)
                  0.05    0.15    0.37 ^ clkbuf_2_1__f_clk/X (sky130_fd_sc_hd__clkbuf_16)
    11    0.03                           clknet_2_1__leaf_clk (net)
                  0.05    0.00    0.38 ^ _296_/CLK (sky130_fd_sc_hd__dfstp_1)
                          0.25    0.63   clock uncertainty
                         -0.04    0.59   clock reconvergence pessimism
                         -0.01    0.58   library hold time
                                  0.58   data required time
-----------------------------------------------------------------------------
                                  0.58   data required time
                                 -0.95   data arrival time
-----------------------------------------------------------------------------
                                  0.37   slack (MET)


Startpoint: _323_ (rising edge-triggered flip-flop clocked by clk)
Endpoint: _323_ (rising edge-triggered flip-flop clocked by clk)
Path Group: clk
Path Type: min
Corner: Typical

Fanout     Cap    Slew   Delay    Time   Description
-----------------------------------------------------------------------------
                          0.00    0.00   clock clk (rise edge)
                          0.00    0.00   clock source latency
                  0.08    0.05    0.05 ^ clk (in)
     1    0.02                           clk (net)
                  0.08    0.00    0.05 ^ clkbuf_0_clk/A (sky130_fd_sc_hd__clkbuf_16)
                  0.06    0.15    0.20 ^ clkbuf_0_clk/X (sky130_fd_sc_hd__clkbuf_16)
     4    0.04                           clknet_0_clk (net)
                  0.06    0.00    0.20 ^ clkbuf_2_1__f_clk/A (sky130_fd_sc_hd__clkbuf_16)
                  0.05    0.13    0.34 ^ clkbuf_2_1__f_clk/X (sky130_fd_sc_hd__clkbuf_16)
    11    0.03                           clknet_2_1__leaf_clk (net)
                  0.05    0.00    0.34 ^ _323_/CLK (sky130_fd_sc_hd__dfrtp_1)
                  0.12    0.36    0.70 ^ _323_/Q (sky130_fd_sc_hd__dfrtp_1)
     4    0.01                           baud_count[9] (net)
                  0.12    0.00    0.70 ^ _227_/A (sky130_fd_sc_hd__nand3_2)
                  0.09    0.10    0.80 v _227_/Y (sky130_fd_sc_hd__nand3_2)
     4    0.01                           _120_ (net)
                  0.09    0.00    0.80 v _228_/B1 (sky130_fd_sc_hd__o211a_1)
                  0.03    0.13    0.93 v _228_/X (sky130_fd_sc_hd__o211a_1)
     1    0.00                           _015_ (net)
                  0.03    0.00    0.93 v _323_/D (sky130_fd_sc_hd__dfrtp_1)
                                  0.93   data arrival time

                          0.00    0.00   clock clk (rise edge)
                          0.00    0.00   clock source latency
                  0.08    0.06    0.06 ^ clk (in)
     1    0.02                           clk (net)
                  0.08    0.00    0.06 ^ clkbuf_0_clk/A (sky130_fd_sc_hd__clkbuf_16)
                  0.06    0.17    0.22 ^ clkbuf_0_clk/X (sky130_fd_sc_hd__clkbuf_16)
     4    0.04                           clknet_0_clk (net)
                  0.06    0.00    0.23 ^ clkbuf_2_1__f_clk/A (sky130_fd_sc_hd__clkbuf_16)
                  0.05    0.15    0.37 ^ clkbuf_2_1__f_clk/X (sky130_fd_sc_hd__clkbuf_16)
    11    0.03                           clknet_2_1__leaf_clk (net)
                  0.05    0.00    0.37 ^ _323_/CLK (sky130_fd_sc_hd__dfrtp_1)
                          0.25    0.62   clock uncertainty
                         -0.04    0.59   clock reconvergence pessimism
                         -0.04    0.55   library hold time
                                  0.55   data required time
-----------------------------------------------------------------------------
                                  0.55   data required time
                                 -0.93   data arrival time
-----------------------------------------------------------------------------
                                  0.38   slack (MET)


Startpoint: _303_ (rising edge-triggered flip-flop clocked by clk)
Endpoint: _299_ (rising edge-triggered flip-flop clocked by clk)
Path Group: clk
Path Type: min
Corner: Typical

Fanout     Cap    Slew   Delay    Time   Description
-----------------------------------------------------------------------------
                          0.00    0.00   clock clk (rise edge)
                          0.00    0.00   clock source latency
                  0.08    0.05    0.05 ^ clk (in)
     1    0.02                           clk (net)
                  0.08    0.00    0.05 ^ clkbuf_0_clk/A (sky130_fd_sc_hd__clkbuf_16)
                  0.06    0.15    0.20 ^ clkbuf_0_clk/X (sky130_fd_sc_hd__clkbuf_16)
     4    0.04                           clknet_0_clk (net)
                  0.06    0.00    0.20 ^ clkbuf_2_2__f_clk/A (sky130_fd_sc_hd__clkbuf_16)
                  0.04    0.12    0.33 ^ clkbuf_2_2__f_clk/X (sky130_fd_sc_hd__clkbuf_16)
     6    0.02                           clknet_2_2__leaf_clk (net)
                  0.04    0.00    0.33 ^ _303_/CLK (sky130_fd_sc_hd__dfrtp_1)
                  0.07    0.32    0.64 ^ _303_/Q (sky130_fd_sc_hd__dfrtp_1)
     2    0.01                           bit_index[3] (net)
                  0.07    0.00    0.64 ^ _186_/A (sky130_fd_sc_hd__or4_1)
                  0.03    0.10    0.74 ^ _186_/X (sky130_fd_sc_hd__or4_1)
     1    0.00                           _091_ (net)
                  0.03    0.00    0.74 ^ _187_/B1_N (sky130_fd_sc_hd__a21bo_1)
                  0.03    0.17    0.91 v _187_/X (sky130_fd_sc_hd__a21bo_1)
     1    0.00                           _019_ (net)
                  0.03    0.00    0.91 v _299_/D (sky130_fd_sc_hd__dfrtp_1)
                                  0.91   data arrival time

                          0.00    0.00   clock clk (rise edge)
                          0.00    0.00   clock source latency
                  0.08    0.06    0.06 ^ clk (in)
     1    0.02                           clk (net)
                  0.08    0.00    0.06 ^ clkbuf_0_clk/A (sky130_fd_sc_hd__clkbuf_16)
                  0.06    0.17    0.22 ^ clkbuf_0_clk/X (sky130_fd_sc_hd__clkbuf_16)
     4    0.04                           clknet_0_clk (net)
                  0.06    0.00    0.23 ^ clkbuf_2_2__f_clk/A (sky130_fd_sc_hd__clkbuf_16)
                  0.04    0.13    0.36 ^ clkbuf_2_2__f_clk/X (sky130_fd_sc_hd__clkbuf_16)
     6    0.02                           clknet_2_2__leaf_clk (net)
                  0.04    0.00    0.36 ^ _299_/CLK (sky130_fd_sc_hd__dfrtp_1)
                          0.25    0.61   clock uncertainty
                         -0.03    0.58   clock reconvergence pessimism
                         -0.04    0.53   library hold time
                                  0.53   data required time
-----------------------------------------------------------------------------
                                  0.53   data required time
                                 -0.91   data arrival time
-----------------------------------------------------------------------------
                                  0.38   slack (MET)


Startpoint: _300_ (rising edge-triggered flip-flop clocked by clk)
Endpoint: _300_ (rising edge-triggered flip-flop clocked by clk)
Path Group: clk
Path Type: min
Corner: Typical

Fanout     Cap    Slew   Delay    Time   Description
-----------------------------------------------------------------------------
                          0.00    0.00   clock clk (rise edge)
                          0.00    0.00   clock source latency
                  0.08    0.05    0.05 ^ clk (in)
     1    0.02                           clk (net)
                  0.08    0.00    0.05 ^ clkbuf_0_clk/A (sky130_fd_sc_hd__clkbuf_16)
                  0.06    0.15    0.20 ^ clkbuf_0_clk/X (sky130_fd_sc_hd__clkbuf_16)
     4    0.04                           clknet_0_clk (net)
                  0.06    0.00    0.20 ^ clkbuf_2_3__f_clk/A (sky130_fd_sc_hd__clkbuf_16)
                  0.05    0.13    0.33 ^ clkbuf_2_3__f_clk/X (sky130_fd_sc_hd__clkbuf_16)
     8    0.03                           clknet_2_3__leaf_clk (net)
                  0.05    0.00    0.33 ^ _300_/CLK (sky130_fd_sc_hd__dfrtp_4)
                  0.11    0.43    0.77 ^ _300_/Q (sky130_fd_sc_hd__dfrtp_4)
     8    0.03                           bit_index[0] (net)
                  0.11    0.00    0.77 ^ _182_/B1 (sky130_fd_sc_hd__a21oi_1)
                  0.05    0.06    0.83 v _182_/Y (sky130_fd_sc_hd__a21oi_1)
     1    0.00                           _089_ (net)
                  0.05    0.00    0.83 v _183_/B1 (sky130_fd_sc_hd__a21oi_1)
                  0.08    0.10    0.93 ^ _183_/Y (sky130_fd_sc_hd__a21oi_1)
     1    0.00                           _054_ (net)
                  0.08    0.00    0.93 ^ _300_/D (sky130_fd_sc_hd__dfrtp_4)
                                  0.93   data arrival time

                          0.00    0.00   clock clk (rise edge)
                          0.00    0.00   clock source latency
                  0.08    0.06    0.06 ^ clk (in)
     1    0.02                           clk (net)
                  0.08    0.00    0.06 ^ clkbuf_0_clk/A (sky130_fd_sc_hd__clkbuf_16)
                  0.06    0.17    0.22 ^ clkbuf_0_clk/X (sky130_fd_sc_hd__clkbuf_16)
     4    0.04                           clknet_0_clk (net)
                  0.06    0.00    0.23 ^ clkbuf_2_3__f_clk/A (sky130_fd_sc_hd__clkbuf_16)
                  0.05    0.14    0.37 ^ clkbuf_2_3__f_clk/X (sky130_fd_sc_hd__clkbuf_16)
     8    0.03                           clknet_2_3__leaf_clk (net)
                  0.05    0.00    0.37 ^ _300_/CLK (sky130_fd_sc_hd__dfrtp_4)
                          0.25    0.62   clock uncertainty
                         -0.04    0.58   clock reconvergence pessimism
                         -0.04    0.54   library hold time
                                  0.54   data required time
-----------------------------------------------------------------------------
                                  0.54   data required time
                                 -0.93   data arrival time
-----------------------------------------------------------------------------
                                  0.39   slack (MET)


Startpoint: _297_ (rising edge-triggered flip-flop clocked by clk)
Endpoint: _304_ (rising edge-triggered flip-flop clocked by clk)
Path Group: clk
Path Type: min
Corner: Typical

Fanout     Cap    Slew   Delay    Time   Description
-----------------------------------------------------------------------------
                          0.00    0.00   clock clk (rise edge)
                          0.00    0.00   clock source latency
                  0.08    0.05    0.05 ^ clk (in)
     1    0.02                           clk (net)
                  0.08    0.00    0.05 ^ clkbuf_0_clk/A (sky130_fd_sc_hd__clkbuf_16)
                  0.06    0.15    0.20 ^ clkbuf_0_clk/X (sky130_fd_sc_hd__clkbuf_16)
     4    0.04                           clknet_0_clk (net)
                  0.06    0.00    0.20 ^ clkbuf_2_2__f_clk/A (sky130_fd_sc_hd__clkbuf_16)
                  0.04    0.12    0.33 ^ clkbuf_2_2__f_clk/X (sky130_fd_sc_hd__clkbuf_16)
     6    0.02                           clknet_2_2__leaf_clk (net)
                  0.04    0.00    0.33 ^ _297_/CLK (sky130_fd_sc_hd__dfrtp_4)
                  0.11    0.43    0.76 ^ _297_/Q (sky130_fd_sc_hd__dfrtp_4)
     8    0.03                           state[1] (net)
                  0.11    0.00    0.76 ^ _258_/A1 (sky130_fd_sc_hd__a311o_1)
                  0.06    0.17    0.93 ^ _258_/X (sky130_fd_sc_hd__a311o_1)
     1    0.00                           _147_ (net)
                  0.06    0.00    0.93 ^ _304_/D (sky130_fd_sc_hd__dfstp_1)
                                  0.93   data arrival time

                          0.00    0.00   clock clk (rise edge)
                          0.00    0.00   clock source latency
                  0.08    0.06    0.06 ^ clk (in)
     1    0.02                           clk (net)
                  0.08    0.00    0.06 ^ clkbuf_0_clk/A (sky130_fd_sc_hd__clkbuf_16)
                  0.06    0.17    0.22 ^ clkbuf_0_clk/X (sky130_fd_sc_hd__clkbuf_16)
     4    0.04                           clknet_0_clk (net)
                  0.06    0.00    0.23 ^ clkbuf_2_2__f_clk/A (sky130_fd_sc_hd__clkbuf_16)
                  0.04    0.13    0.36 ^ clkbuf_2_2__f_clk/X (sky130_fd_sc_hd__clkbuf_16)
     6    0.02                           clknet_2_2__leaf_clk (net)
                  0.04    0.00    0.36 ^ _304_/CLK (sky130_fd_sc_hd__dfstp_1)
                          0.25    0.61   clock uncertainty
                         -0.03    0.58   clock reconvergence pessimism
                         -0.04    0.54   library hold time
                                  0.54   data required time
-----------------------------------------------------------------------------
                                  0.54   data required time
                                 -0.93   data arrival time
-----------------------------------------------------------------------------
                                  0.39   slack (MET)


Startpoint: _328_ (rising edge-triggered flip-flop clocked by clk)
Endpoint: _329_ (rising edge-triggered flip-flop clocked by clk)
Path Group: clk
Path Type: min
Corner: Typical

Fanout     Cap    Slew   Delay    Time   Description
-----------------------------------------------------------------------------
                          0.00    0.00   clock clk (rise edge)
                          0.00    0.00   clock source latency
                  0.08    0.05    0.05 ^ clk (in)
     1    0.02                           clk (net)
                  0.08    0.00    0.05 ^ clkbuf_0_clk/A (sky130_fd_sc_hd__clkbuf_16)
                  0.06    0.15    0.20 ^ clkbuf_0_clk/X (sky130_fd_sc_hd__clkbuf_16)
     4    0.04                           clknet_0_clk (net)
                  0.06    0.00    0.20 ^ clkbuf_2_1__f_clk/A (sky130_fd_sc_hd__clkbuf_16)
                  0.05    0.13    0.34 ^ clkbuf_2_1__f_clk/X (sky130_fd_sc_hd__clkbuf_16)
    11    0.03                           clknet_2_1__leaf_clk (net)
                  0.05    0.00    0.34 ^ _328_/CLK (sky130_fd_sc_hd__dfrtp_1)
                  0.08    0.33    0.67 ^ _328_/Q (sky130_fd_sc_hd__dfrtp_1)
     3    0.01                           baud_count[14] (net)
                  0.08    0.00    0.67 ^ _248_/C (sky130_fd_sc_hd__and4_1)
                  0.09    0.21    0.88 ^ _248_/X (sky130_fd_sc_hd__and4_1)
     2    0.01                           _135_ (net)
                  0.09    0.00    0.88 ^ _250_/A2 (sky130_fd_sc_hd__a21oi_1)
                  0.03    0.07    0.95 v _250_/Y (sky130_fd_sc_hd__a21oi_1)
     1    0.00                           _006_ (net)
                  0.03    0.00    0.95 v _329_/D (sky130_fd_sc_hd__dfrtp_1)
                                  0.95   data arrival time

                          0.00    0.00   clock clk (rise edge)
                          0.00    0.00   clock source latency
                  0.08    0.06    0.06 ^ clk (in)
     1    0.02                           clk (net)
                  0.08    0.00    0.06 ^ clkbuf_0_clk/A (sky130_fd_sc_hd__clkbuf_16)
                  0.06    0.17    0.22 ^ clkbuf_0_clk/X (sky130_fd_sc_hd__clkbuf_16)
     4    0.04                           clknet_0_clk (net)
                  0.06    0.00    0.23 ^ clkbuf_2_1__f_clk/A (sky130_fd_sc_hd__clkbuf_16)
                  0.05    0.15    0.37 ^ clkbuf_2_1__f_clk/X (sky130_fd_sc_hd__clkbuf_16)
    11    0.03                           clknet_2_1__leaf_clk (net)
                  0.05    0.00    0.38 ^ _329_/CLK (sky130_fd_sc_hd__dfrtp_1)
                          0.25    0.63   clock uncertainty
                         -0.04    0.59   clock reconvergence pessimism
                         -0.04    0.55   library hold time
                                  0.55   data required time
-----------------------------------------------------------------------------
                                  0.55   data required time
                                 -0.95   data arrival time
-----------------------------------------------------------------------------
                                  0.40   slack (MET)


Startpoint: _321_ (rising edge-triggered flip-flop clocked by clk)
Endpoint: _321_ (rising edge-triggered flip-flop clocked by clk)
Path Group: clk
Path Type: min
Corner: Typical

Fanout     Cap    Slew   Delay    Time   Description
-----------------------------------------------------------------------------
                          0.00    0.00   clock clk (rise edge)
                          0.00    0.00   clock source latency
                  0.08    0.05    0.05 ^ clk (in)
     1    0.02                           clk (net)
                  0.08    0.00    0.05 ^ clkbuf_0_clk/A (sky130_fd_sc_hd__clkbuf_16)
                  0.06    0.15    0.20 ^ clkbuf_0_clk/X (sky130_fd_sc_hd__clkbuf_16)
     4    0.04                           clknet_0_clk (net)
                  0.06    0.00    0.20 ^ clkbuf_2_0__f_clk/A (sky130_fd_sc_hd__clkbuf_16)
                  0.05    0.13    0.34 ^ clkbuf_2_0__f_clk/X (sky130_fd_sc_hd__clkbuf_16)
     9    0.03                           clknet_2_0__leaf_clk (net)
                  0.05    0.00    0.34 ^ _321_/CLK (sky130_fd_sc_hd__dfrtp_1)
                  0.08    0.33    0.66 ^ _321_/Q (sky130_fd_sc_hd__dfrtp_1)
     3    0.01                           baud_count[7] (net)
                  0.08    0.00    0.66 ^ _218_/B1 (sky130_fd_sc_hd__a31o_1)
                  0.04    0.09    0.75 ^ _218_/X (sky130_fd_sc_hd__a31o_1)
     1    0.00                           _113_ (net)
                  0.04    0.00    0.75 ^ _222_/B (sky130_fd_sc_hd__and3_1)
                  0.05    0.13    0.88 ^ _222_/X (sky130_fd_sc_hd__and3_1)
     1    0.00                           _117_ (net)
                  0.05    0.00    0.88 ^ _223_/A (sky130_fd_sc_hd__clkbuf_1)
                  0.04    0.07    0.96 ^ _223_/X (sky130_fd_sc_hd__clkbuf_1)
     1    0.00                           _013_ (net)
                  0.04    0.00    0.96 ^ _321_/D (sky130_fd_sc_hd__dfrtp_1)
                                  0.96   data arrival time

                          0.00    0.00   clock clk (rise edge)
                          0.00    0.00   clock source latency
                  0.08    0.06    0.06 ^ clk (in)
     1    0.02                           clk (net)
                  0.08    0.00    0.06 ^ clkbuf_0_clk/A (sky130_fd_sc_hd__clkbuf_16)
                  0.06    0.17    0.22 ^ clkbuf_0_clk/X (sky130_fd_sc_hd__clkbuf_16)
     4    0.04                           clknet_0_clk (net)
                  0.06    0.00    0.23 ^ clkbuf_2_0__f_clk/A (sky130_fd_sc_hd__clkbuf_16)
                  0.05    0.15    0.37 ^ clkbuf_2_0__f_clk/X (sky130_fd_sc_hd__clkbuf_16)
     9    0.03                           clknet_2_0__leaf_clk (net)
                  0.05    0.00    0.37 ^ _321_/CLK (sky130_fd_sc_hd__dfrtp_1)
                          0.25    0.62   clock uncertainty
                         -0.04    0.59   clock reconvergence pessimism
                         -0.03    0.55   library hold time
                                  0.55   data required time
-----------------------------------------------------------------------------
                                  0.55   data required time
                                 -0.96   data arrival time
-----------------------------------------------------------------------------
                                  0.40   slack (MET)


Startpoint: _324_ (rising edge-triggered flip-flop clocked by clk)
Endpoint: _325_ (rising edge-triggered flip-flop clocked by clk)
Path Group: clk
Path Type: min
Corner: Typical

Fanout     Cap    Slew   Delay    Time   Description
-----------------------------------------------------------------------------
                          0.00    0.00   clock clk (rise edge)
                          0.00    0.00   clock source latency
                  0.08    0.05    0.05 ^ clk (in)
     1    0.02                           clk (net)
                  0.08    0.00    0.05 ^ clkbuf_0_clk/A (sky130_fd_sc_hd__clkbuf_16)
                  0.06    0.15    0.20 ^ clkbuf_0_clk/X (sky130_fd_sc_hd__clkbuf_16)
     4    0.04                           clknet_0_clk (net)
                  0.06    0.00    0.20 ^ clkbuf_2_1__f_clk/A (sky130_fd_sc_hd__clkbuf_16)
                  0.05    0.13    0.34 ^ clkbuf_2_1__f_clk/X (sky130_fd_sc_hd__clkbuf_16)
    11    0.03                           clknet_2_1__leaf_clk (net)
                  0.05    0.00    0.34 ^ _324_/CLK (sky130_fd_sc_hd__dfrtp_1)
                  0.10    0.35    0.69 ^ _324_/Q (sky130_fd_sc_hd__dfrtp_1)
     3    0.01                           baud_count[10] (net)
                  0.10    0.00    0.69 ^ _229_/A (sky130_fd_sc_hd__inv_2)
                  0.04    0.05    0.74 v _229_/Y (sky130_fd_sc_hd__inv_2)
     3    0.01                           _121_ (net)
                  0.04    0.00    0.74 v _234_/A (sky130_fd_sc_hd__nor2_1)
                  0.09    0.10    0.84 ^ _234_/Y (sky130_fd_sc_hd__nor2_1)
     1    0.00                           _125_ (net)
                  0.09    0.00    0.84 ^ _238_/A2 (sky130_fd_sc_hd__o211a_1)
                  0.04    0.13    0.97 ^ _238_/X (sky130_fd_sc_hd__o211a_1)
     1    0.00                           _002_ (net)
                  0.04    0.00    0.97 ^ _325_/D (sky130_fd_sc_hd__dfrtp_1)
                                  0.97   data arrival time

                          0.00    0.00   clock clk (rise edge)
                          0.00    0.00   clock source latency
                  0.08    0.06    0.06 ^ clk (in)
     1    0.02                           clk (net)
                  0.08    0.00    0.06 ^ clkbuf_0_clk/A (sky130_fd_sc_hd__clkbuf_16)
                  0.06    0.17    0.22 ^ clkbuf_0_clk/X (sky130_fd_sc_hd__clkbuf_16)
     4    0.04                           clknet_0_clk (net)
                  0.06    0.00    0.23 ^ clkbuf_2_1__f_clk/A (sky130_fd_sc_hd__clkbuf_16)
                  0.05    0.15    0.37 ^ clkbuf_2_1__f_clk/X (sky130_fd_sc_hd__clkbuf_16)
    11    0.03                           clknet_2_1__leaf_clk (net)
                  0.05    0.00    0.37 ^ _325_/CLK (sky130_fd_sc_hd__dfrtp_1)
                          0.25    0.62   clock uncertainty
                         -0.04    0.59   clock reconvergence pessimism
                         -0.03    0.56   library hold time
                                  0.56   data required time
-----------------------------------------------------------------------------
                                  0.56   data required time
                                 -0.97   data arrival time
-----------------------------------------------------------------------------
                                  0.41   slack (MET)


Startpoint: _297_ (rising edge-triggered flip-flop clocked by clk)
Endpoint: _305_ (rising edge-triggered flip-flop clocked by clk)
Path Group: clk
Path Type: min
Corner: Typical

Fanout     Cap    Slew   Delay    Time   Description
-----------------------------------------------------------------------------
                          0.00    0.00   clock clk (rise edge)
                          0.00    0.00   clock source latency
                  0.08    0.05    0.05 ^ clk (in)
     1    0.02                           clk (net)
                  0.08    0.00    0.05 ^ clkbuf_0_clk/A (sky130_fd_sc_hd__clkbuf_16)
                  0.06    0.15    0.20 ^ clkbuf_0_clk/X (sky130_fd_sc_hd__clkbuf_16)
     4    0.04                           clknet_0_clk (net)
                  0.06    0.00    0.20 ^ clkbuf_2_2__f_clk/A (sky130_fd_sc_hd__clkbuf_16)
                  0.04    0.12    0.33 ^ clkbuf_2_2__f_clk/X (sky130_fd_sc_hd__clkbuf_16)
     6    0.02                           clknet_2_2__leaf_clk (net)
                  0.04    0.00    0.33 ^ _297_/CLK (sky130_fd_sc_hd__dfrtp_4)
                  0.11    0.43    0.76 ^ _297_/Q (sky130_fd_sc_hd__dfrtp_4)
     8    0.03                           state[1] (net)
                  0.11    0.00    0.76 ^ _252_/B (sky130_fd_sc_hd__or3_1)
                  0.05    0.12    0.88 ^ _252_/X (sky130_fd_sc_hd__or3_1)
     1    0.00                           _138_ (net)
                  0.05    0.00    0.88 ^ _253_/A (sky130_fd_sc_hd__clkbuf_1)
                  0.05    0.08    0.96 ^ _253_/X (sky130_fd_sc_hd__clkbuf_1)
     1    0.00                           _146_ (net)
                  0.05    0.00    0.96 ^ _305_/D (sky130_fd_sc_hd__dfrtp_1)
                                  0.96   data arrival time

                          0.00    0.00   clock clk (rise edge)
                          0.00    0.00   clock source latency
                  0.08    0.06    0.06 ^ clk (in)
     1    0.02                           clk (net)
                  0.08    0.00    0.06 ^ clkbuf_0_clk/A (sky130_fd_sc_hd__clkbuf_16)
                  0.06    0.17    0.22 ^ clkbuf_0_clk/X (sky130_fd_sc_hd__clkbuf_16)
     4    0.04                           clknet_0_clk (net)
                  0.06    0.00    0.23 ^ clkbuf_2_2__f_clk/A (sky130_fd_sc_hd__clkbuf_16)
                  0.04    0.13    0.36 ^ clkbuf_2_2__f_clk/X (sky130_fd_sc_hd__clkbuf_16)
     6    0.02                           clknet_2_2__leaf_clk (net)
                  0.04    0.00    0.36 ^ _305_/CLK (sky130_fd_sc_hd__dfrtp_1)
                          0.25    0.61   clock uncertainty
                         -0.03    0.58   clock reconvergence pessimism
                         -0.04    0.54   library hold time
                                  0.54   data required time
-----------------------------------------------------------------------------
                                  0.54   data required time
                                 -0.96   data arrival time
-----------------------------------------------------------------------------
                                  0.42   slack (MET)


Startpoint: _319_ (rising edge-triggered flip-flop clocked by clk)
Endpoint: _319_ (rising edge-triggered flip-flop clocked by clk)
Path Group: clk
Path Type: min
Corner: Typical

Fanout     Cap    Slew   Delay    Time   Description
-----------------------------------------------------------------------------
                          0.00    0.00   clock clk (rise edge)
                          0.00    0.00   clock source latency
                  0.08    0.05    0.05 ^ clk (in)
     1    0.02                           clk (net)
                  0.08    0.00    0.05 ^ clkbuf_0_clk/A (sky130_fd_sc_hd__clkbuf_16)
                  0.06    0.15    0.20 ^ clkbuf_0_clk/X (sky130_fd_sc_hd__clkbuf_16)
     4    0.04                           clknet_0_clk (net)
                  0.06    0.00    0.20 ^ clkbuf_2_0__f_clk/A (sky130_fd_sc_hd__clkbuf_16)
                  0.05    0.13    0.34 ^ clkbuf_2_0__f_clk/X (sky130_fd_sc_hd__clkbuf_16)
     9    0.03                           clknet_2_0__leaf_clk (net)
                  0.05    0.00    0.34 ^ _319_/CLK (sky130_fd_sc_hd__dfrtp_1)
                  0.09    0.34    0.67 ^ _319_/Q (sky130_fd_sc_hd__dfrtp_1)
     3    0.01                           baud_count[5] (net)
                  0.09    0.00    0.67 ^ _210_/B1 (sky130_fd_sc_hd__a21o_1)
                  0.03    0.08    0.75 ^ _210_/X (sky130_fd_sc_hd__a21o_1)
     1    0.00                           _107_ (net)
                  0.03    0.00    0.75 ^ _214_/B (sky130_fd_sc_hd__and3_1)
                  0.05    0.13    0.88 ^ _214_/X (sky130_fd_sc_hd__and3_1)
     1    0.00                           _111_ (net)
                  0.05    0.00    0.88 ^ _215_/A (sky130_fd_sc_hd__clkbuf_1)
                  0.05    0.08    0.97 ^ _215_/X (sky130_fd_sc_hd__clkbuf_1)
     1    0.00                           _011_ (net)
                  0.05    0.00    0.97 ^ _319_/D (sky130_fd_sc_hd__dfrtp_1)
                                  0.97   data arrival time

                          0.00    0.00   clock clk (rise edge)
                          0.00    0.00   clock source latency
                  0.08    0.06    0.06 ^ clk (in)
     1    0.02                           clk (net)
                  0.08    0.00    0.06 ^ clkbuf_0_clk/A (sky130_fd_sc_hd__clkbuf_16)
                  0.06    0.17    0.22 ^ clkbuf_0_clk/X (sky130_fd_sc_hd__clkbuf_16)
     4    0.04                           clknet_0_clk (net)
                  0.06    0.00    0.23 ^ clkbuf_2_0__f_clk/A (sky130_fd_sc_hd__clkbuf_16)
                  0.05    0.15    0.37 ^ clkbuf_2_0__f_clk/X (sky130_fd_sc_hd__clkbuf_16)
     9    0.03                           clknet_2_0__leaf_clk (net)
                  0.05    0.00    0.37 ^ _319_/CLK (sky130_fd_sc_hd__dfrtp_1)
                          0.25    0.62   clock uncertainty
                         -0.04    0.59   clock reconvergence pessimism
                         -0.04    0.55   library hold time
                                  0.55   data required time
-----------------------------------------------------------------------------
                                  0.55   data required time
                                 -0.97   data arrival time
-----------------------------------------------------------------------------
                                  0.42   slack (MET)


Startpoint: _315_ (rising edge-triggered flip-flop clocked by clk)
Endpoint: _315_ (rising edge-triggered flip-flop clocked by clk)
Path Group: clk
Path Type: min
Corner: Typical

Fanout     Cap    Slew   Delay    Time   Description
-----------------------------------------------------------------------------
                          0.00    0.00   clock clk (rise edge)
                          0.00    0.00   clock source latency
                  0.08    0.05    0.05 ^ clk (in)
     1    0.02                           clk (net)
                  0.08    0.00    0.05 ^ clkbuf_0_clk/A (sky130_fd_sc_hd__clkbuf_16)
                  0.06    0.15    0.20 ^ clkbuf_0_clk/X (sky130_fd_sc_hd__clkbuf_16)
     4    0.04                           clknet_0_clk (net)
                  0.06    0.00    0.20 ^ clkbuf_2_2__f_clk/A (sky130_fd_sc_hd__clkbuf_16)
                  0.04    0.12    0.33 ^ clkbuf_2_2__f_clk/X (sky130_fd_sc_hd__clkbuf_16)
     6    0.02                           clknet_2_2__leaf_clk (net)
                  0.04    0.00    0.33 ^ _315_/CLK (sky130_fd_sc_hd__dfrtp_2)
                  0.12    0.38    0.71 ^ _315_/Q (sky130_fd_sc_hd__dfrtp_2)
     7    0.02                           baud_count[1] (net)
                  0.12    0.00    0.71 ^ _196_/A (sky130_fd_sc_hd__nand2_1)
                  0.03    0.05    0.77 v _196_/Y (sky130_fd_sc_hd__nand2_1)
     1    0.00                           _097_ (net)
                  0.03    0.00    0.77 v _198_/A (sky130_fd_sc_hd__and3_1)
                  0.03    0.12    0.89 v _198_/X (sky130_fd_sc_hd__and3_1)
     1    0.00                           _099_ (net)
                  0.03    0.00    0.89 v _199_/A (sky130_fd_sc_hd__clkbuf_1)
                  0.02    0.07    0.96 v _199_/X (sky130_fd_sc_hd__clkbuf_1)
     1    0.00                           _007_ (net)
                  0.02    0.00    0.96 v _315_/D (sky130_fd_sc_hd__dfrtp_2)
                                  0.96   data arrival time

                          0.00    0.00   clock clk (rise edge)
                          0.00    0.00   clock source latency
                  0.08    0.06    0.06 ^ clk (in)
     1    0.02                           clk (net)
                  0.08    0.00    0.06 ^ clkbuf_0_clk/A (sky130_fd_sc_hd__clkbuf_16)
                  0.06    0.17    0.22 ^ clkbuf_0_clk/X (sky130_fd_sc_hd__clkbuf_16)
     4    0.04                           clknet_0_clk (net)
                  0.06    0.00    0.23 ^ clkbuf_2_2__f_clk/A (sky130_fd_sc_hd__clkbuf_16)
                  0.04    0.13    0.36 ^ clkbuf_2_2__f_clk/X (sky130_fd_sc_hd__clkbuf_16)
     6    0.02                           clknet_2_2__leaf_clk (net)
                  0.04    0.00    0.36 ^ _315_/CLK (sky130_fd_sc_hd__dfrtp_2)
                          0.25    0.61   clock uncertainty
                         -0.03    0.58   clock reconvergence pessimism
                         -0.04    0.54   library hold time
                                  0.54   data required time
-----------------------------------------------------------------------------
                                  0.54   data required time
                                 -0.96   data arrival time
-----------------------------------------------------------------------------
                                  0.42   slack (MET)


Startpoint: _327_ (rising edge-triggered flip-flop clocked by clk)
Endpoint: _327_ (rising edge-triggered flip-flop clocked by clk)
Path Group: clk
Path Type: min
Corner: Typical

Fanout     Cap    Slew   Delay    Time   Description
-----------------------------------------------------------------------------
                          0.00    0.00   clock clk (rise edge)
                          0.00    0.00   clock source latency
                  0.08    0.05    0.05 ^ clk (in)
     1    0.02                           clk (net)
                  0.08    0.00    0.05 ^ clkbuf_0_clk/A (sky130_fd_sc_hd__clkbuf_16)
                  0.06    0.15    0.20 ^ clkbuf_0_clk/X (sky130_fd_sc_hd__clkbuf_16)
     4    0.04                           clknet_0_clk (net)
                  0.06    0.00    0.20 ^ clkbuf_2_1__f_clk/A (sky130_fd_sc_hd__clkbuf_16)
                  0.05    0.13    0.34 ^ clkbuf_2_1__f_clk/X (sky130_fd_sc_hd__clkbuf_16)
    11    0.03                           clknet_2_1__leaf_clk (net)
                  0.05    0.00    0.34 ^ _327_/CLK (sky130_fd_sc_hd__dfrtp_1)
                  0.10    0.35    0.69 ^ _327_/Q (sky130_fd_sc_hd__dfrtp_1)
     4    0.01                           baud_count[13] (net)
                  0.10    0.00    0.69 ^ _241_/B1 (sky130_fd_sc_hd__a21o_1)
                  0.03    0.08    0.77 ^ _241_/X (sky130_fd_sc_hd__a21o_1)
     1    0.00                           _130_ (net)
                  0.03    0.00    0.77 ^ _244_/B (sky130_fd_sc_hd__and3_1)
                  0.05    0.13    0.90 ^ _244_/X (sky130_fd_sc_hd__and3_1)
     1    0.00                           _133_ (net)
                  0.05    0.00    0.90 ^ _245_/A (sky130_fd_sc_hd__clkbuf_1)
                  0.05    0.08    0.98 ^ _245_/X (sky130_fd_sc_hd__clkbuf_1)
     1    0.00                           _004_ (net)
                  0.05    0.00    0.98 ^ _327_/D (sky130_fd_sc_hd__dfrtp_1)
                                  0.98   data arrival time

                          0.00    0.00   clock clk (rise edge)
                          0.00    0.00   clock source latency
                  0.08    0.06    0.06 ^ clk (in)
     1    0.02                           clk (net)
                  0.08    0.00    0.06 ^ clkbuf_0_clk/A (sky130_fd_sc_hd__clkbuf_16)
                  0.06    0.17    0.22 ^ clkbuf_0_clk/X (sky130_fd_sc_hd__clkbuf_16)
     4    0.04                           clknet_0_clk (net)
                  0.06    0.00    0.23 ^ clkbuf_2_1__f_clk/A (sky130_fd_sc_hd__clkbuf_16)
                  0.05    0.15    0.37 ^ clkbuf_2_1__f_clk/X (sky130_fd_sc_hd__clkbuf_16)
    11    0.03                           clknet_2_1__leaf_clk (net)
                  0.05    0.00    0.37 ^ _327_/CLK (sky130_fd_sc_hd__dfrtp_1)
                          0.25    0.62   clock uncertainty
                         -0.04    0.59   clock reconvergence pessimism
                         -0.03    0.56   library hold time
                                  0.56   data required time
-----------------------------------------------------------------------------
                                  0.56   data required time
                                 -0.98   data arrival time
-----------------------------------------------------------------------------
                                  0.42   slack (MET)


Startpoint: _317_ (rising edge-triggered flip-flop clocked by clk)
Endpoint: _317_ (rising edge-triggered flip-flop clocked by clk)
Path Group: clk
Path Type: min
Corner: Typical

Fanout     Cap    Slew   Delay    Time   Description
-----------------------------------------------------------------------------
                          0.00    0.00   clock clk (rise edge)
                          0.00    0.00   clock source latency
                  0.08    0.05    0.05 ^ clk (in)
     1    0.02                           clk (net)
                  0.08    0.00    0.05 ^ clkbuf_0_clk/A (sky130_fd_sc_hd__clkbuf_16)
                  0.06    0.15    0.20 ^ clkbuf_0_clk/X (sky130_fd_sc_hd__clkbuf_16)
     4    0.04                           clknet_0_clk (net)
                  0.06    0.00    0.20 ^ clkbuf_2_0__f_clk/A (sky130_fd_sc_hd__clkbuf_16)
                  0.05    0.13    0.34 ^ clkbuf_2_0__f_clk/X (sky130_fd_sc_hd__clkbuf_16)
     9    0.03                           clknet_2_0__leaf_clk (net)
                  0.05    0.00    0.34 ^ _317_/CLK (sky130_fd_sc_hd__dfrtp_1)
                  0.08    0.33    0.67 ^ _317_/Q (sky130_fd_sc_hd__dfrtp_1)
     3    0.01                           baud_count[3] (net)
                  0.08    0.00    0.67 ^ _204_/B1 (sky130_fd_sc_hd__a31o_1)
                  0.04    0.09    0.76 ^ _204_/X (sky130_fd_sc_hd__a31o_1)
     1    0.00                           _103_ (net)
                  0.04    0.00    0.76 ^ _205_/C (sky130_fd_sc_hd__and3_1)
                  0.05    0.14    0.90 ^ _205_/X (sky130_fd_sc_hd__and3_1)
     1    0.00                           _104_ (net)
                  0.05    0.00    0.90 ^ _206_/A (sky130_fd_sc_hd__clkbuf_1)
                  0.05    0.08    0.98 ^ _206_/X (sky130_fd_sc_hd__clkbuf_1)
     1    0.00                           _009_ (net)
                  0.05    0.00    0.98 ^ _317_/D (sky130_fd_sc_hd__dfrtp_1)
                                  0.98   data arrival time

                          0.00    0.00   clock clk (rise edge)
                          0.00    0.00   clock source latency
                  0.08    0.06    0.06 ^ clk (in)
     1    0.02                           clk (net)
                  0.08    0.00    0.06 ^ clkbuf_0_clk/A (sky130_fd_sc_hd__clkbuf_16)
                  0.06    0.17    0.22 ^ clkbuf_0_clk/X (sky130_fd_sc_hd__clkbuf_16)
     4    0.04                           clknet_0_clk (net)
                  0.06    0.00    0.23 ^ clkbuf_2_0__f_clk/A (sky130_fd_sc_hd__clkbuf_16)
                  0.05    0.15    0.37 ^ clkbuf_2_0__f_clk/X (sky130_fd_sc_hd__clkbuf_16)
     9    0.03                           clknet_2_0__leaf_clk (net)
                  0.05    0.00    0.37 ^ _317_/CLK (sky130_fd_sc_hd__dfrtp_1)
                          0.25    0.62   clock uncertainty
                         -0.04    0.59   clock reconvergence pessimism
                         -0.04    0.55   library hold time
                                  0.55   data required time
-----------------------------------------------------------------------------
                                  0.55   data required time
                                 -0.98   data arrival time
-----------------------------------------------------------------------------
                                  0.43   slack (MET)


Startpoint: _324_ (rising edge-triggered flip-flop clocked by clk)
Endpoint: _324_ (rising edge-triggered flip-flop clocked by clk)
Path Group: clk
Path Type: min
Corner: Typical

Fanout     Cap    Slew   Delay    Time   Description
-----------------------------------------------------------------------------
                          0.00    0.00   clock clk (rise edge)
                          0.00    0.00   clock source latency
                  0.08    0.05    0.05 ^ clk (in)
     1    0.02                           clk (net)
                  0.08    0.00    0.05 ^ clkbuf_0_clk/A (sky130_fd_sc_hd__clkbuf_16)
                  0.06    0.15    0.20 ^ clkbuf_0_clk/X (sky130_fd_sc_hd__clkbuf_16)
     4    0.04                           clknet_0_clk (net)
                  0.06    0.00    0.20 ^ clkbuf_2_1__f_clk/A (sky130_fd_sc_hd__clkbuf_16)
                  0.05    0.13    0.34 ^ clkbuf_2_1__f_clk/X (sky130_fd_sc_hd__clkbuf_16)
    11    0.03                           clknet_2_1__leaf_clk (net)
                  0.05    0.00    0.34 ^ _324_/CLK (sky130_fd_sc_hd__dfrtp_1)
                  0.10    0.35    0.69 ^ _324_/Q (sky130_fd_sc_hd__dfrtp_1)
     3    0.01                           baud_count[10] (net)
                  0.10    0.00    0.69 ^ _229_/A (sky130_fd_sc_hd__inv_2)
                  0.04    0.05    0.74 v _229_/Y (sky130_fd_sc_hd__inv_2)
     3    0.01                           _121_ (net)
                  0.04    0.00    0.74 v _230_/A (sky130_fd_sc_hd__nand2_1)
                  0.03    0.04    0.78 ^ _230_/Y (sky130_fd_sc_hd__nand2_1)
     1    0.00                           _122_ (net)
                  0.03    0.00    0.78 ^ _232_/B (sky130_fd_sc_hd__and3_1)
                  0.05    0.13    0.91 ^ _232_/X (sky130_fd_sc_hd__and3_1)
     1    0.00                           _124_ (net)
                  0.05    0.00    0.91 ^ _233_/A (sky130_fd_sc_hd__clkbuf_1)
                  0.04    0.08    0.99 ^ _233_/X (sky130_fd_sc_hd__clkbuf_1)
     1    0.00                           _001_ (net)
                  0.04    0.00    0.99 ^ _324_/D (sky130_fd_sc_hd__dfrtp_1)
                                  0.99   data arrival time

                          0.00    0.00   clock clk (rise edge)
                          0.00    0.00   clock source latency
                  0.08    0.06    0.06 ^ clk (in)
     1    0.02                           clk (net)
                  0.08    0.00    0.06 ^ clkbuf_0_clk/A (sky130_fd_sc_hd__clkbuf_16)
                  0.06    0.17    0.22 ^ clkbuf_0_clk/X (sky130_fd_sc_hd__clkbuf_16)
     4    0.04                           clknet_0_clk (net)
                  0.06    0.00    0.23 ^ clkbuf_2_1__f_clk/A (sky130_fd_sc_hd__clkbuf_16)
                  0.05    0.15    0.37 ^ clkbuf_2_1__f_clk/X (sky130_fd_sc_hd__clkbuf_16)
    11    0.03                           clknet_2_1__leaf_clk (net)
                  0.05    0.00    0.37 ^ _324_/CLK (sky130_fd_sc_hd__dfrtp_1)
                          0.25    0.62   clock uncertainty
                         -0.04    0.59   clock reconvergence pessimism
                         -0.03    0.56   library hold time
                                  0.56   data required time
-----------------------------------------------------------------------------
                                  0.56   data required time
                                 -0.99   data arrival time
-----------------------------------------------------------------------------
                                  0.43   slack (MET)


Startpoint: _315_ (rising edge-triggered flip-flop clocked by clk)
Endpoint: _316_ (rising edge-triggered flip-flop clocked by clk)
Path Group: clk
Path Type: min
Corner: Typical

Fanout     Cap    Slew   Delay    Time   Description
-----------------------------------------------------------------------------
                          0.00    0.00   clock clk (rise edge)
                          0.00    0.00   clock source latency
                  0.08    0.05    0.05 ^ clk (in)
     1    0.02                           clk (net)
                  0.08    0.00    0.05 ^ clkbuf_0_clk/A (sky130_fd_sc_hd__clkbuf_16)
                  0.06    0.15    0.20 ^ clkbuf_0_clk/X (sky130_fd_sc_hd__clkbuf_16)
     4    0.04                           clknet_0_clk (net)
                  0.06    0.00    0.20 ^ clkbuf_2_2__f_clk/A (sky130_fd_sc_hd__clkbuf_16)
                  0.04    0.12    0.33 ^ clkbuf_2_2__f_clk/X (sky130_fd_sc_hd__clkbuf_16)
     6    0.02                           clknet_2_2__leaf_clk (net)
                  0.04    0.00    0.33 ^ _315_/CLK (sky130_fd_sc_hd__dfrtp_2)
                  0.12    0.38    0.71 ^ _315_/Q (sky130_fd_sc_hd__dfrtp_2)
     7    0.02                           baud_count[1] (net)
                  0.12    0.00    0.71 ^ _200_/A (sky130_fd_sc_hd__nand3_1)
                  0.05    0.07    0.78 v _200_/Y (sky130_fd_sc_hd__nand3_1)
     1    0.00                           _100_ (net)
                  0.05    0.00    0.78 v _202_/A (sky130_fd_sc_hd__and3_1)
                  0.04    0.13    0.91 v _202_/X (sky130_fd_sc_hd__and3_1)
     1    0.00                           _102_ (net)
                  0.04    0.00    0.91 v _203_/A (sky130_fd_sc_hd__clkbuf_1)
                  0.03    0.08    1.00 v _203_/X (sky130_fd_sc_hd__clkbuf_1)
     1    0.00                           _008_ (net)
                  0.03    0.00    1.00 v _316_/D (sky130_fd_sc_hd__dfrtp_1)
                                  1.00   data arrival time

                          0.00    0.00   clock clk (rise edge)
                          0.00    0.00   clock source latency
                  0.08    0.06    0.06 ^ clk (in)
     1    0.02                           clk (net)
                  0.08    0.00    0.06 ^ clkbuf_0_clk/A (sky130_fd_sc_hd__clkbuf_16)
                  0.06    0.17    0.22 ^ clkbuf_0_clk/X (sky130_fd_sc_hd__clkbuf_16)
     4    0.04                           clknet_0_clk (net)
                  0.06    0.00    0.23 ^ clkbuf_2_0__f_clk/A (sky130_fd_sc_hd__clkbuf_16)
                  0.05    0.15    0.37 ^ clkbuf_2_0__f_clk/X (sky130_fd_sc_hd__clkbuf_16)
     9    0.03                           clknet_2_0__leaf_clk (net)
                  0.05    0.00    0.37 ^ _316_/CLK (sky130_fd_sc_hd__dfrtp_1)
                          0.25    0.62   clock uncertainty
                         -0.02    0.60   clock reconvergence pessimism
                         -0.04    0.56   library hold time
                                  0.56   data required time
-----------------------------------------------------------------------------
                                  0.56   data required time
                                 -1.00   data arrival time
-----------------------------------------------------------------------------
                                  0.43   slack (MET)


Startpoint: _327_ (rising edge-triggered flip-flop clocked by clk)
Endpoint: _328_ (rising edge-triggered flip-flop clocked by clk)
Path Group: clk
Path Type: min
Corner: Typical

Fanout     Cap    Slew   Delay    Time   Description
-----------------------------------------------------------------------------
                          0.00    0.00   clock clk (rise edge)
                          0.00    0.00   clock source latency
                  0.08    0.05    0.05 ^ clk (in)
     1    0.02                           clk (net)
                  0.08    0.00    0.05 ^ clkbuf_0_clk/A (sky130_fd_sc_hd__clkbuf_16)
                  0.06    0.15    0.20 ^ clkbuf_0_clk/X (sky130_fd_sc_hd__clkbuf_16)
     4    0.04                           clknet_0_clk (net)
                  0.06    0.00    0.20 ^ clkbuf_2_1__f_clk/A (sky130_fd_sc_hd__clkbuf_16)
                  0.05    0.13    0.34 ^ clkbuf_2_1__f_clk/X (sky130_fd_sc_hd__clkbuf_16)
    11    0.03                           clknet_2_1__leaf_clk (net)
                  0.05    0.00    0.34 ^ _327_/CLK (sky130_fd_sc_hd__dfrtp_1)
                  0.10    0.35    0.69 ^ _327_/Q (sky130_fd_sc_hd__dfrtp_1)
     4    0.01                           baud_count[13] (net)
                  0.10    0.00    0.69 ^ _242_/A (sky130_fd_sc_hd__and3_1)
                  0.13    0.21    0.90 ^ _242_/X (sky130_fd_sc_hd__and3_1)
     3    0.01                           _131_ (net)
                  0.13    0.00    0.90 ^ _247_/A2 (sky130_fd_sc_hd__o21a_1)
                  0.04    0.12    1.01 ^ _247_/X (sky130_fd_sc_hd__o21a_1)
     1    0.00                           _005_ (net)
                  0.04    0.00    1.01 ^ _328_/D (sky130_fd_sc_hd__dfrtp_1)
                                  1.01   data arrival time

                          0.00    0.00   clock clk (rise edge)
                          0.00    0.00   clock source latency
                  0.08    0.06    0.06 ^ clk (in)
     1    0.02                           clk (net)
                  0.08    0.00    0.06 ^ clkbuf_0_clk/A (sky130_fd_sc_hd__clkbuf_16)
                  0.06    0.17    0.22 ^ clkbuf_0_clk/X (sky130_fd_sc_hd__clkbuf_16)
     4    0.04                           clknet_0_clk (net)
                  0.06    0.00    0.23 ^ clkbuf_2_1__f_clk/A (sky130_fd_sc_hd__clkbuf_16)
                  0.05    0.15    0.37 ^ clkbuf_2_1__f_clk/X (sky130_fd_sc_hd__clkbuf_16)
    11    0.03                           clknet_2_1__leaf_clk (net)
                  0.05    0.00    0.37 ^ _328_/CLK (sky130_fd_sc_hd__dfrtp_1)
                          0.25    0.62   clock uncertainty
                         -0.04    0.59   clock reconvergence pessimism
                         -0.03    0.56   library hold time
                                  0.56   data required time
-----------------------------------------------------------------------------
                                  0.56   data required time
                                 -1.01   data arrival time
-----------------------------------------------------------------------------
                                  0.46   slack (MET)


Startpoint: _314_ (rising edge-triggered flip-flop clocked by clk)
Endpoint: _314_ (rising edge-triggered flip-flop clocked by clk)
Path Group: clk
Path Type: min
Corner: Typical

Fanout     Cap    Slew   Delay    Time   Description
-----------------------------------------------------------------------------
                          0.00    0.00   clock clk (rise edge)
                          0.00    0.00   clock source latency
                  0.08    0.05    0.05 ^ clk (in)
     1    0.02                           clk (net)
                  0.08    0.00    0.05 ^ clkbuf_0_clk/A (sky130_fd_sc_hd__clkbuf_16)
                  0.06    0.15    0.20 ^ clkbuf_0_clk/X (sky130_fd_sc_hd__clkbuf_16)
     4    0.04                           clknet_0_clk (net)
                  0.06    0.00    0.20 ^ clkbuf_2_0__f_clk/A (sky130_fd_sc_hd__clkbuf_16)
                  0.05    0.13    0.34 ^ clkbuf_2_0__f_clk/X (sky130_fd_sc_hd__clkbuf_16)
     9    0.03                           clknet_2_0__leaf_clk (net)
                  0.05    0.00    0.34 ^ _314_/CLK (sky130_fd_sc_hd__dfrtp_4)
                  0.10    0.42    0.76 ^ _314_/Q (sky130_fd_sc_hd__dfrtp_4)
     8    0.02                           baud_count[0] (net)
                  0.10    0.00    0.76 ^ _194_/A_N (sky130_fd_sc_hd__and2b_1)
                  0.03    0.17    0.93 v _194_/X (sky130_fd_sc_hd__and2b_1)
     1    0.00                           _096_ (net)
                  0.03    0.00    0.93 v _195_/A (sky130_fd_sc_hd__clkbuf_1)
                  0.03    0.08    1.01 v _195_/X (sky130_fd_sc_hd__clkbuf_1)
     1    0.00                           _000_ (net)
                  0.03    0.00    1.01 v _314_/D (sky130_fd_sc_hd__dfrtp_4)
                                  1.01   data arrival time

                          0.00    0.00   clock clk (rise edge)
                          0.00    0.00   clock source latency
                  0.08    0.06    0.06 ^ clk (in)
     1    0.02                           clk (net)
                  0.08    0.00    0.06 ^ clkbuf_0_clk/A (sky130_fd_sc_hd__clkbuf_16)
                  0.06    0.17    0.22 ^ clkbuf_0_clk/X (sky130_fd_sc_hd__clkbuf_16)
     4    0.04                           clknet_0_clk (net)
                  0.06    0.00    0.23 ^ clkbuf_2_0__f_clk/A (sky130_fd_sc_hd__clkbuf_16)
                  0.05    0.15    0.37 ^ clkbuf_2_0__f_clk/X (sky130_fd_sc_hd__clkbuf_16)
     9    0.03                           clknet_2_0__leaf_clk (net)
                  0.05    0.00    0.37 ^ _314_/CLK (sky130_fd_sc_hd__dfrtp_4)
                          0.25    0.62   clock uncertainty
                         -0.04    0.59   clock reconvergence pessimism
                         -0.03    0.55   library hold time
                                  0.55   data required time
-----------------------------------------------------------------------------
                                  0.55   data required time
                                 -1.01   data arrival time
-----------------------------------------------------------------------------
                                  0.46   slack (MET)


Startpoint: _302_ (rising edge-triggered flip-flop clocked by clk)
Endpoint: _302_ (rising edge-triggered flip-flop clocked by clk)
Path Group: clk
Path Type: min
Corner: Typical

Fanout     Cap    Slew   Delay    Time   Description
-----------------------------------------------------------------------------
                          0.00    0.00   clock clk (rise edge)
                          0.00    0.00   clock source latency
                  0.08    0.05    0.05 ^ clk (in)
     1    0.02                           clk (net)
                  0.08    0.00    0.05 ^ clkbuf_0_clk/A (sky130_fd_sc_hd__clkbuf_16)
                  0.06    0.15    0.20 ^ clkbuf_0_clk/X (sky130_fd_sc_hd__clkbuf_16)
     4    0.04                           clknet_0_clk (net)
                  0.06    0.00    0.20 ^ clkbuf_2_3__f_clk/A (sky130_fd_sc_hd__clkbuf_16)
                  0.05    0.13    0.33 ^ clkbuf_2_3__f_clk/X (sky130_fd_sc_hd__clkbuf_16)
     8    0.03                           clknet_2_3__leaf_clk (net)
                  0.05    0.00    0.33 ^ _302_/CLK (sky130_fd_sc_hd__dfrtp_1)
                  0.14    0.37    0.71 ^ _302_/Q (sky130_fd_sc_hd__dfrtp_1)
     4    0.01                           bit_index[2] (net)
                  0.14    0.00    0.71 ^ _175_/B1 (sky130_fd_sc_hd__a31o_1)
                  0.04    0.10    0.81 ^ _175_/X (sky130_fd_sc_hd__a31o_1)
     1    0.00                           _084_ (net)
                  0.04    0.00    0.81 ^ _176_/B (sky130_fd_sc_hd__and2_1)
                  0.05    0.11    0.92 ^ _176_/X (sky130_fd_sc_hd__and2_1)
     1    0.00                           _085_ (net)
                  0.05    0.00    0.92 ^ _177_/A (sky130_fd_sc_hd__clkbuf_1)
                  0.05    0.08    1.01 ^ _177_/X (sky130_fd_sc_hd__clkbuf_1)
     1    0.00                           _056_ (net)
                  0.05    0.00    1.01 ^ _302_/D (sky130_fd_sc_hd__dfrtp_1)
                                  1.01   data arrival time

                          0.00    0.00   clock clk (rise edge)
                          0.00    0.00   clock source latency
                  0.08    0.06    0.06 ^ clk (in)
     1    0.02                           clk (net)
                  0.08    0.00    0.06 ^ clkbuf_0_clk/A (sky130_fd_sc_hd__clkbuf_16)
                  0.06    0.17    0.22 ^ clkbuf_0_clk/X (sky130_fd_sc_hd__clkbuf_16)
     4    0.04                           clknet_0_clk (net)
                  0.06    0.00    0.23 ^ clkbuf_2_3__f_clk/A (sky130_fd_sc_hd__clkbuf_16)
                  0.05    0.14    0.37 ^ clkbuf_2_3__f_clk/X (sky130_fd_sc_hd__clkbuf_16)
     8    0.03                           clknet_2_3__leaf_clk (net)
                  0.05    0.00    0.37 ^ _302_/CLK (sky130_fd_sc_hd__dfrtp_1)
                          0.25    0.62   clock uncertainty
                         -0.04    0.58   clock reconvergence pessimism
                         -0.04    0.55   library hold time
                                  0.55   data required time
-----------------------------------------------------------------------------
                                  0.55   data required time
                                 -1.01   data arrival time
-----------------------------------------------------------------------------
                                  0.46   slack (MET)


Startpoint: _325_ (rising edge-triggered flip-flop clocked by clk)
Endpoint: _298_ (rising edge-triggered flip-flop clocked by clk)
Path Group: clk
Path Type: min
Corner: Typical

Fanout     Cap    Slew   Delay    Time   Description
-----------------------------------------------------------------------------
                          0.00    0.00   clock clk (rise edge)
                          0.00    0.00   clock source latency
                  0.08    0.05    0.05 ^ clk (in)
     1    0.02                           clk (net)
                  0.08    0.00    0.05 ^ clkbuf_0_clk/A (sky130_fd_sc_hd__clkbuf_16)
                  0.06    0.15    0.20 ^ clkbuf_0_clk/X (sky130_fd_sc_hd__clkbuf_16)
     4    0.04                           clknet_0_clk (net)
                  0.06    0.00    0.20 ^ clkbuf_2_1__f_clk/A (sky130_fd_sc_hd__clkbuf_16)
                  0.05    0.13    0.34 ^ clkbuf_2_1__f_clk/X (sky130_fd_sc_hd__clkbuf_16)
    11    0.03                           clknet_2_1__leaf_clk (net)
                  0.05    0.00    0.34 ^ _325_/CLK (sky130_fd_sc_hd__dfrtp_1)
                  0.08    0.33    0.67 ^ _325_/Q (sky130_fd_sc_hd__dfrtp_1)
     3    0.01                           baud_count[11] (net)
                  0.08    0.00    0.67 ^ _168_/C (sky130_fd_sc_hd__or4_1)
                  0.06    0.12    0.79 ^ _168_/X (sky130_fd_sc_hd__or4_1)
     2    0.01                           _078_ (net)
                  0.06    0.00    0.79 ^ _184_/C (sky130_fd_sc_hd__or4_2)
                  0.10    0.16    0.95 ^ _184_/X (sky130_fd_sc_hd__or4_2)
     6    0.02                           _090_ (net)
                  0.10    0.00    0.95 ^ _185_/A2 (sky130_fd_sc_hd__a21bo_1)
                  0.03    0.11    1.06 ^ _185_/X (sky130_fd_sc_hd__a21bo_1)
     1    0.00                           _018_ (net)
                  0.03    0.00    1.06 ^ _298_/D (sky130_fd_sc_hd__dfrtp_1)
                                  1.06   data arrival time

                          0.00    0.00   clock clk (rise edge)
                          0.00    0.00   clock source latency
                  0.08    0.06    0.06 ^ clk (in)
     1    0.02                           clk (net)
                  0.08    0.00    0.06 ^ clkbuf_0_clk/A (sky130_fd_sc_hd__clkbuf_16)
                  0.06    0.17    0.22 ^ clkbuf_0_clk/X (sky130_fd_sc_hd__clkbuf_16)
     4    0.04                           clknet_0_clk (net)
                  0.06    0.00    0.23 ^ clkbuf_2_0__f_clk/A (sky130_fd_sc_hd__clkbuf_16)
                  0.05    0.15    0.37 ^ clkbuf_2_0__f_clk/X (sky130_fd_sc_hd__clkbuf_16)
     9    0.03                           clknet_2_0__leaf_clk (net)
                  0.05    0.00    0.37 ^ _298_/CLK (sky130_fd_sc_hd__dfrtp_1)
                          0.25    0.62   clock uncertainty
                         -0.02    0.60   clock reconvergence pessimism
                         -0.03    0.57   library hold time
                                  0.57   data required time
-----------------------------------------------------------------------------
                                  0.57   data required time
                                 -1.06   data arrival time
-----------------------------------------------------------------------------
                                  0.49   slack (MET)


Startpoint: _296_ (rising edge-triggered flip-flop clocked by clk)
Endpoint: _309_ (rising edge-triggered flip-flop clocked by clk)
Path Group: clk
Path Type: min
Corner: Typical

Fanout     Cap    Slew   Delay    Time   Description
-----------------------------------------------------------------------------
                          0.00    0.00   clock clk (rise edge)
                          0.00    0.00   clock source latency
                  0.08    0.05    0.05 ^ clk (in)
     1    0.02                           clk (net)
                  0.08    0.00    0.05 ^ clkbuf_0_clk/A (sky130_fd_sc_hd__clkbuf_16)
                  0.06    0.15    0.20 ^ clkbuf_0_clk/X (sky130_fd_sc_hd__clkbuf_16)
     4    0.04                           clknet_0_clk (net)
                  0.06    0.00    0.20 ^ clkbuf_2_1__f_clk/A (sky130_fd_sc_hd__clkbuf_16)
                  0.05    0.13    0.34 ^ clkbuf_2_1__f_clk/X (sky130_fd_sc_hd__clkbuf_16)
    11    0.03                           clknet_2_1__leaf_clk (net)
                  0.05    0.00    0.34 ^ _296_/CLK (sky130_fd_sc_hd__dfstp_1)
                  0.09    0.39    0.73 v _296_/Q (sky130_fd_sc_hd__dfstp_1)
     4    0.02                           state[0] (net)
                  0.09    0.00    0.73 v _148_/B (sky130_fd_sc_hd__nand2_4)
                  0.13    0.15    0.87 ^ _148_/Y (sky130_fd_sc_hd__nand2_4)
     9    0.04                           _066_ (net)
                  0.13    0.00    0.87 ^ _157_/S (sky130_fd_sc_hd__mux2_1)
                  0.04    0.14    1.01 ^ _157_/X (sky130_fd_sc_hd__mux2_1)
     1    0.00                           _071_ (net)
                  0.04    0.00    1.01 ^ _158_/A (sky130_fd_sc_hd__clkbuf_1)
                  0.04    0.07    1.08 ^ _158_/X (sky130_fd_sc_hd__clkbuf_1)
     1    0.00                           _061_ (net)
                  0.04    0.00    1.08 ^ _309_/D (sky130_fd_sc_hd__dfrtp_1)
                                  1.08   data arrival time

                          0.00    0.00   clock clk (rise edge)
                          0.00    0.00   clock source latency
                  0.08    0.06    0.06 ^ clk (in)
     1    0.02                           clk (net)
                  0.08    0.00    0.06 ^ clkbuf_0_clk/A (sky130_fd_sc_hd__clkbuf_16)
                  0.06    0.17    0.22 ^ clkbuf_0_clk/X (sky130_fd_sc_hd__clkbuf_16)
     4    0.04                           clknet_0_clk (net)
                  0.06    0.00    0.23 ^ clkbuf_2_3__f_clk/A (sky130_fd_sc_hd__clkbuf_16)
                  0.05    0.14    0.37 ^ clkbuf_2_3__f_clk/X (sky130_fd_sc_hd__clkbuf_16)
     8    0.03                           clknet_2_3__leaf_clk (net)
                  0.05    0.00    0.37 ^ _309_/CLK (sky130_fd_sc_hd__dfrtp_1)
                          0.25    0.62   clock uncertainty
                         -0.02    0.60   clock reconvergence pessimism
                         -0.03    0.56   library hold time
                                  0.56   data required time
-----------------------------------------------------------------------------
                                  0.56   data required time
                                 -1.08   data arrival time
-----------------------------------------------------------------------------
                                  0.52   slack (MET)


Startpoint: _296_ (rising edge-triggered flip-flop clocked by clk)
Endpoint: _313_ (rising edge-triggered flip-flop clocked by clk)
Path Group: clk
Path Type: min
Corner: Typical

Fanout     Cap    Slew   Delay    Time   Description
-----------------------------------------------------------------------------
                          0.00    0.00   clock clk (rise edge)
                          0.00    0.00   clock source latency
                  0.08    0.05    0.05 ^ clk (in)
     1    0.02                           clk (net)
                  0.08    0.00    0.05 ^ clkbuf_0_clk/A (sky130_fd_sc_hd__clkbuf_16)
                  0.06    0.15    0.20 ^ clkbuf_0_clk/X (sky130_fd_sc_hd__clkbuf_16)
     4    0.04                           clknet_0_clk (net)
                  0.06    0.00    0.20 ^ clkbuf_2_1__f_clk/A (sky130_fd_sc_hd__clkbuf_16)
                  0.05    0.13    0.34 ^ clkbuf_2_1__f_clk/X (sky130_fd_sc_hd__clkbuf_16)
    11    0.03                           clknet_2_1__leaf_clk (net)
                  0.05    0.00    0.34 ^ _296_/CLK (sky130_fd_sc_hd__dfstp_1)
                  0.09    0.39    0.73 v _296_/Q (sky130_fd_sc_hd__dfstp_1)
     4    0.02                           state[0] (net)
                  0.09    0.00    0.73 v _148_/B (sky130_fd_sc_hd__nand2_4)
                  0.13    0.15    0.87 ^ _148_/Y (sky130_fd_sc_hd__nand2_4)
     9    0.04                           _066_ (net)
                  0.13    0.00    0.87 ^ _149_/S (sky130_fd_sc_hd__mux2_1)
                  0.04    0.14    1.01 ^ _149_/X (sky130_fd_sc_hd__mux2_1)
     1    0.00                           _067_ (net)
                  0.04    0.00    1.01 ^ _150_/A (sky130_fd_sc_hd__clkbuf_1)
                  0.04    0.07    1.09 ^ _150_/X (sky130_fd_sc_hd__clkbuf_1)
     1    0.00                           _065_ (net)
                  0.04    0.00    1.09 ^ _313_/D (sky130_fd_sc_hd__dfrtp_1)
                                  1.09   data arrival time

                          0.00    0.00   clock clk (rise edge)
                          0.00    0.00   clock source latency
                  0.08    0.06    0.06 ^ clk (in)
     1    0.02                           clk (net)
                  0.08    0.00    0.06 ^ clkbuf_0_clk/A (sky130_fd_sc_hd__clkbuf_16)
                  0.06    0.17    0.22 ^ clkbuf_0_clk/X (sky130_fd_sc_hd__clkbuf_16)
     4    0.04                           clknet_0_clk (net)
                  0.06    0.00    0.23 ^ clkbuf_2_3__f_clk/A (sky130_fd_sc_hd__clkbuf_16)
                  0.05    0.14    0.37 ^ clkbuf_2_3__f_clk/X (sky130_fd_sc_hd__clkbuf_16)
     8    0.03                           clknet_2_3__leaf_clk (net)
                  0.05    0.00    0.37 ^ _313_/CLK (sky130_fd_sc_hd__dfrtp_1)
                          0.25    0.62   clock uncertainty
                         -0.02    0.60   clock reconvergence pessimism
                         -0.03    0.56   library hold time
                                  0.56   data required time
-----------------------------------------------------------------------------
                                  0.56   data required time
                                 -1.09   data arrival time
-----------------------------------------------------------------------------
                                  0.52   slack (MET)


Startpoint: _297_ (rising edge-triggered flip-flop clocked by clk)
Endpoint: _303_ (rising edge-triggered flip-flop clocked by clk)
Path Group: clk
Path Type: min
Corner: Typical

Fanout     Cap    Slew   Delay    Time   Description
-----------------------------------------------------------------------------
                          0.00    0.00   clock clk (rise edge)
                          0.00    0.00   clock source latency
                  0.08    0.05    0.05 ^ clk (in)
     1    0.02                           clk (net)
                  0.08    0.00    0.05 ^ clkbuf_0_clk/A (sky130_fd_sc_hd__clkbuf_16)
                  0.06    0.15    0.20 ^ clkbuf_0_clk/X (sky130_fd_sc_hd__clkbuf_16)
     4    0.04                           clknet_0_clk (net)
                  0.06    0.00    0.20 ^ clkbuf_2_2__f_clk/A (sky130_fd_sc_hd__clkbuf_16)
                  0.04    0.12    0.33 ^ clkbuf_2_2__f_clk/X (sky130_fd_sc_hd__clkbuf_16)
     6    0.02                           clknet_2_2__leaf_clk (net)
                  0.04    0.00    0.33 ^ _297_/CLK (sky130_fd_sc_hd__dfrtp_4)
                  0.11    0.43    0.76 ^ _297_/Q (sky130_fd_sc_hd__dfrtp_4)
     8    0.03                           state[1] (net)
                  0.11    0.00    0.76 ^ _172_/A1 (sky130_fd_sc_hd__a21bo_1)
                  0.05    0.12    0.88 ^ _172_/X (sky130_fd_sc_hd__a21bo_1)
     2    0.00                           _082_ (net)
                  0.05    0.00    0.88 ^ _173_/B (sky130_fd_sc_hd__and2_1)
                  0.05    0.11    0.99 ^ _173_/X (sky130_fd_sc_hd__and2_1)
     1    0.00                           _083_ (net)
                  0.05    0.00    0.99 ^ _174_/A (sky130_fd_sc_hd__clkbuf_1)
                  0.04    0.08    1.07 ^ _174_/X (sky130_fd_sc_hd__clkbuf_1)
     1    0.00                           _057_ (net)
                  0.04    0.00    1.07 ^ _303_/D (sky130_fd_sc_hd__dfrtp_1)
                                  1.07   data arrival time

                          0.00    0.00   clock clk (rise edge)
                          0.00    0.00   clock source latency
                  0.08    0.06    0.06 ^ clk (in)
     1    0.02                           clk (net)
                  0.08    0.00    0.06 ^ clkbuf_0_clk/A (sky130_fd_sc_hd__clkbuf_16)
                  0.06    0.17    0.22 ^ clkbuf_0_clk/X (sky130_fd_sc_hd__clkbuf_16)
     4    0.04                           clknet_0_clk (net)
                  0.06    0.00    0.23 ^ clkbuf_2_2__f_clk/A (sky130_fd_sc_hd__clkbuf_16)
                  0.04    0.13    0.36 ^ clkbuf_2_2__f_clk/X (sky130_fd_sc_hd__clkbuf_16)
     6    0.02                           clknet_2_2__leaf_clk (net)
                  0.04    0.00    0.36 ^ _303_/CLK (sky130_fd_sc_hd__dfrtp_1)
                          0.25    0.61   clock uncertainty
                         -0.03    0.58   clock reconvergence pessimism
                         -0.04    0.54   library hold time
                                  0.54   data required time
-----------------------------------------------------------------------------
                                  0.54   data required time
                                 -1.07   data arrival time
-----------------------------------------------------------------------------
                                  0.52   slack (MET)


Startpoint: _296_ (rising edge-triggered flip-flop clocked by clk)
Endpoint: _311_ (rising edge-triggered flip-flop clocked by clk)
Path Group: clk
Path Type: min
Corner: Typical

Fanout     Cap    Slew   Delay    Time   Description
-----------------------------------------------------------------------------
                          0.00    0.00   clock clk (rise edge)
                          0.00    0.00   clock source latency
                  0.08    0.05    0.05 ^ clk (in)
     1    0.02                           clk (net)
                  0.08    0.00    0.05 ^ clkbuf_0_clk/A (sky130_fd_sc_hd__clkbuf_16)
                  0.06    0.15    0.20 ^ clkbuf_0_clk/X (sky130_fd_sc_hd__clkbuf_16)
     4    0.04                           clknet_0_clk (net)
                  0.06    0.00    0.20 ^ clkbuf_2_1__f_clk/A (sky130_fd_sc_hd__clkbuf_16)
                  0.05    0.13    0.34 ^ clkbuf_2_1__f_clk/X (sky130_fd_sc_hd__clkbuf_16)
    11    0.03                           clknet_2_1__leaf_clk (net)
                  0.05    0.00    0.34 ^ _296_/CLK (sky130_fd_sc_hd__dfstp_1)
                  0.09    0.39    0.73 v _296_/Q (sky130_fd_sc_hd__dfstp_1)
     4    0.02                           state[0] (net)
                  0.09    0.00    0.73 v _148_/B (sky130_fd_sc_hd__nand2_4)
                  0.13    0.15    0.87 ^ _148_/Y (sky130_fd_sc_hd__nand2_4)
     9    0.04                           _066_ (net)
                  0.13    0.00    0.87 ^ _153_/S (sky130_fd_sc_hd__mux2_1)
                  0.04    0.14    1.02 ^ _153_/X (sky130_fd_sc_hd__mux2_1)
     1    0.00                           _069_ (net)
                  0.04    0.00    1.02 ^ _154_/A (sky130_fd_sc_hd__clkbuf_1)
                  0.04    0.07    1.09 ^ _154_/X (sky130_fd_sc_hd__clkbuf_1)
     1    0.00                           _063_ (net)
                  0.04    0.00    1.09 ^ _311_/D (sky130_fd_sc_hd__dfrtp_1)
                                  1.09   data arrival time

                          0.00    0.00   clock clk (rise edge)
                          0.00    0.00   clock source latency
                  0.08    0.06    0.06 ^ clk (in)
     1    0.02                           clk (net)
                  0.08    0.00    0.06 ^ clkbuf_0_clk/A (sky130_fd_sc_hd__clkbuf_16)
                  0.06    0.17    0.22 ^ clkbuf_0_clk/X (sky130_fd_sc_hd__clkbuf_16)
     4    0.04                           clknet_0_clk (net)
                  0.06    0.00    0.23 ^ clkbuf_2_3__f_clk/A (sky130_fd_sc_hd__clkbuf_16)
                  0.05    0.14    0.37 ^ clkbuf_2_3__f_clk/X (sky130_fd_sc_hd__clkbuf_16)
     8    0.03                           clknet_2_3__leaf_clk (net)
                  0.05    0.00    0.37 ^ _311_/CLK (sky130_fd_sc_hd__dfrtp_1)
                          0.25    0.62   clock uncertainty
                         -0.02    0.60   clock reconvergence pessimism
                         -0.03    0.56   library hold time
                                  0.56   data required time
-----------------------------------------------------------------------------
                                  0.56   data required time
                                 -1.09   data arrival time
-----------------------------------------------------------------------------
                                  0.53   slack (MET)


Startpoint: _296_ (rising edge-triggered flip-flop clocked by clk)
Endpoint: _310_ (rising edge-triggered flip-flop clocked by clk)
Path Group: clk
Path Type: min
Corner: Typical

Fanout     Cap    Slew   Delay    Time   Description
-----------------------------------------------------------------------------
                          0.00    0.00   clock clk (rise edge)
                          0.00    0.00   clock source latency
                  0.08    0.05    0.05 ^ clk (in)
     1    0.02                           clk (net)
                  0.08    0.00    0.05 ^ clkbuf_0_clk/A (sky130_fd_sc_hd__clkbuf_16)
                  0.06    0.15    0.20 ^ clkbuf_0_clk/X (sky130_fd_sc_hd__clkbuf_16)
     4    0.04                           clknet_0_clk (net)
                  0.06    0.00    0.20 ^ clkbuf_2_1__f_clk/A (sky130_fd_sc_hd__clkbuf_16)
                  0.05    0.13    0.34 ^ clkbuf_2_1__f_clk/X (sky130_fd_sc_hd__clkbuf_16)
    11    0.03                           clknet_2_1__leaf_clk (net)
                  0.05    0.00    0.34 ^ _296_/CLK (sky130_fd_sc_hd__dfstp_1)
                  0.09    0.39    0.73 v _296_/Q (sky130_fd_sc_hd__dfstp_1)
     4    0.02                           state[0] (net)
                  0.09    0.00    0.73 v _148_/B (sky130_fd_sc_hd__nand2_4)
                  0.13    0.15    0.87 ^ _148_/Y (sky130_fd_sc_hd__nand2_4)
     9    0.04                           _066_ (net)
                  0.13    0.00    0.87 ^ _155_/S (sky130_fd_sc_hd__mux2_1)
                  0.04    0.14    1.01 ^ _155_/X (sky130_fd_sc_hd__mux2_1)
     1    0.00                           _070_ (net)
                  0.04    0.00    1.01 ^ _156_/A (sky130_fd_sc_hd__clkbuf_1)
                  0.05    0.08    1.09 ^ _156_/X (sky130_fd_sc_hd__clkbuf_1)
     1    0.00                           _062_ (net)
                  0.05    0.00    1.09 ^ _310_/D (sky130_fd_sc_hd__dfrtp_1)
                                  1.09   data arrival time

                          0.00    0.00   clock clk (rise edge)
                          0.00    0.00   clock source latency
                  0.08    0.06    0.06 ^ clk (in)
     1    0.02                           clk (net)
                  0.08    0.00    0.06 ^ clkbuf_0_clk/A (sky130_fd_sc_hd__clkbuf_16)
                  0.06    0.17    0.22 ^ clkbuf_0_clk/X (sky130_fd_sc_hd__clkbuf_16)
     4    0.04                           clknet_0_clk (net)
                  0.06    0.00    0.23 ^ clkbuf_2_3__f_clk/A (sky130_fd_sc_hd__clkbuf_16)
                  0.05    0.14    0.37 ^ clkbuf_2_3__f_clk/X (sky130_fd_sc_hd__clkbuf_16)
     8    0.03                           clknet_2_3__leaf_clk (net)
                  0.05    0.00    0.37 ^ _310_/CLK (sky130_fd_sc_hd__dfrtp_1)
                          0.25    0.62   clock uncertainty
                         -0.02    0.60   clock reconvergence pessimism
                         -0.03    0.56   library hold time
                                  0.56   data required time
-----------------------------------------------------------------------------
                                  0.56   data required time
                                 -1.09   data arrival time
-----------------------------------------------------------------------------
                                  0.53   slack (MET)


Startpoint: _296_ (rising edge-triggered flip-flop clocked by clk)
Endpoint: _312_ (rising edge-triggered flip-flop clocked by clk)
Path Group: clk
Path Type: min
Corner: Typical

Fanout     Cap    Slew   Delay    Time   Description
-----------------------------------------------------------------------------
                          0.00    0.00   clock clk (rise edge)
                          0.00    0.00   clock source latency
                  0.08    0.05    0.05 ^ clk (in)
     1    0.02                           clk (net)
                  0.08    0.00    0.05 ^ clkbuf_0_clk/A (sky130_fd_sc_hd__clkbuf_16)
                  0.06    0.15    0.20 ^ clkbuf_0_clk/X (sky130_fd_sc_hd__clkbuf_16)
     4    0.04                           clknet_0_clk (net)
                  0.06    0.00    0.20 ^ clkbuf_2_1__f_clk/A (sky130_fd_sc_hd__clkbuf_16)
                  0.05    0.13    0.34 ^ clkbuf_2_1__f_clk/X (sky130_fd_sc_hd__clkbuf_16)
    11    0.03                           clknet_2_1__leaf_clk (net)
                  0.05    0.00    0.34 ^ _296_/CLK (sky130_fd_sc_hd__dfstp_1)
                  0.09    0.39    0.73 v _296_/Q (sky130_fd_sc_hd__dfstp_1)
     4    0.02                           state[0] (net)
                  0.09    0.00    0.73 v _148_/B (sky130_fd_sc_hd__nand2_4)
                  0.13    0.15    0.87 ^ _148_/Y (sky130_fd_sc_hd__nand2_4)
     9    0.04                           _066_ (net)
                  0.13    0.00    0.87 ^ _151_/S (sky130_fd_sc_hd__mux2_1)
                  0.04    0.14    1.02 ^ _151_/X (sky130_fd_sc_hd__mux2_1)
     1    0.00                           _068_ (net)
                  0.04    0.00    1.02 ^ _152_/A (sky130_fd_sc_hd__clkbuf_1)
                  0.04    0.07    1.09 ^ _152_/X (sky130_fd_sc_hd__clkbuf_1)
     1    0.00                           _064_ (net)
                  0.04    0.00    1.09 ^ _312_/D (sky130_fd_sc_hd__dfrtp_1)
                                  1.09   data arrival time

                          0.00    0.00   clock clk (rise edge)
                          0.00    0.00   clock source latency
                  0.08    0.06    0.06 ^ clk (in)
     1    0.02                           clk (net)
                  0.08    0.00    0.06 ^ clkbuf_0_clk/A (sky130_fd_sc_hd__clkbuf_16)
                  0.06    0.17    0.22 ^ clkbuf_0_clk/X (sky130_fd_sc_hd__clkbuf_16)
     4    0.04                           clknet_0_clk (net)
                  0.06    0.00    0.23 ^ clkbuf_2_3__f_clk/A (sky130_fd_sc_hd__clkbuf_16)
                  0.05    0.14    0.37 ^ clkbuf_2_3__f_clk/X (sky130_fd_sc_hd__clkbuf_16)
     8    0.03                           clknet_2_3__leaf_clk (net)
                  0.05    0.00    0.37 ^ _312_/CLK (sky130_fd_sc_hd__dfrtp_1)
                          0.25    0.62   clock uncertainty
                         -0.02    0.60   clock reconvergence pessimism
                         -0.03    0.56   library hold time
                                  0.56   data required time
-----------------------------------------------------------------------------
                                  0.56   data required time
                                 -1.09   data arrival time
-----------------------------------------------------------------------------
                                  0.53   slack (MET)


Startpoint: _296_ (rising edge-triggered flip-flop clocked by clk)
Endpoint: _307_ (rising edge-triggered flip-flop clocked by clk)
Path Group: clk
Path Type: min
Corner: Typical

Fanout     Cap    Slew   Delay    Time   Description
-----------------------------------------------------------------------------
                          0.00    0.00   clock clk (rise edge)
                          0.00    0.00   clock source latency
                  0.08    0.05    0.05 ^ clk (in)
     1    0.02                           clk (net)
                  0.08    0.00    0.05 ^ clkbuf_0_clk/A (sky130_fd_sc_hd__clkbuf_16)
                  0.06    0.15    0.20 ^ clkbuf_0_clk/X (sky130_fd_sc_hd__clkbuf_16)
     4    0.04                           clknet_0_clk (net)
                  0.06    0.00    0.20 ^ clkbuf_2_1__f_clk/A (sky130_fd_sc_hd__clkbuf_16)
                  0.05    0.13    0.34 ^ clkbuf_2_1__f_clk/X (sky130_fd_sc_hd__clkbuf_16)
    11    0.03                           clknet_2_1__leaf_clk (net)
                  0.05    0.00    0.34 ^ _296_/CLK (sky130_fd_sc_hd__dfstp_1)
                  0.09    0.39    0.73 v _296_/Q (sky130_fd_sc_hd__dfstp_1)
     4    0.02                           state[0] (net)
                  0.09    0.00    0.73 v _148_/B (sky130_fd_sc_hd__nand2_4)
                  0.13    0.15    0.87 ^ _148_/Y (sky130_fd_sc_hd__nand2_4)
     9    0.04                           _066_ (net)
                  0.13    0.00    0.87 ^ _161_/S (sky130_fd_sc_hd__mux2_1)
                  0.04    0.14    1.01 ^ _161_/X (sky130_fd_sc_hd__mux2_1)
     1    0.00                           _073_ (net)
                  0.04    0.00    1.01 ^ _162_/A (sky130_fd_sc_hd__clkbuf_1)
                  0.04    0.07    1.09 ^ _162_/X (sky130_fd_sc_hd__clkbuf_1)
     1    0.00                           _059_ (net)
                  0.04    0.00    1.09 ^ _307_/D (sky130_fd_sc_hd__dfrtp_1)
                                  1.09   data arrival time

                          0.00    0.00   clock clk (rise edge)
                          0.00    0.00   clock source latency
                  0.08    0.06    0.06 ^ clk (in)
     1    0.02                           clk (net)
                  0.08    0.00    0.06 ^ clkbuf_0_clk/A (sky130_fd_sc_hd__clkbuf_16)
                  0.06    0.17    0.22 ^ clkbuf_0_clk/X (sky130_fd_sc_hd__clkbuf_16)
     4    0.04                           clknet_0_clk (net)
                  0.06    0.00    0.23 ^ clkbuf_2_1__f_clk/A (sky130_fd_sc_hd__clkbuf_16)
                  0.05    0.15    0.37 ^ clkbuf_2_1__f_clk/X (sky130_fd_sc_hd__clkbuf_16)
    11    0.03                           clknet_2_1__leaf_clk (net)
                  0.05    0.00    0.38 ^ _307_/CLK (sky130_fd_sc_hd__dfrtp_1)
                          0.25    0.63   clock uncertainty
                         -0.04    0.59   clock reconvergence pessimism
                         -0.03    0.56   library hold time
                                  0.56   data required time
-----------------------------------------------------------------------------
                                  0.56   data required time
                                 -1.09   data arrival time
-----------------------------------------------------------------------------
                                  0.53   slack (MET)


Startpoint: _296_ (rising edge-triggered flip-flop clocked by clk)
Endpoint: _308_ (rising edge-triggered flip-flop clocked by clk)
Path Group: clk
Path Type: min
Corner: Typical

Fanout     Cap    Slew   Delay    Time   Description
-----------------------------------------------------------------------------
                          0.00    0.00   clock clk (rise edge)
                          0.00    0.00   clock source latency
                  0.08    0.05    0.05 ^ clk (in)
     1    0.02                           clk (net)
                  0.08    0.00    0.05 ^ clkbuf_0_clk/A (sky130_fd_sc_hd__clkbuf_16)
                  0.06    0.15    0.20 ^ clkbuf_0_clk/X (sky130_fd_sc_hd__clkbuf_16)
     4    0.04                           clknet_0_clk (net)
                  0.06    0.00    0.20 ^ clkbuf_2_1__f_clk/A (sky130_fd_sc_hd__clkbuf_16)
                  0.05    0.13    0.34 ^ clkbuf_2_1__f_clk/X (sky130_fd_sc_hd__clkbuf_16)
    11    0.03                           clknet_2_1__leaf_clk (net)
                  0.05    0.00    0.34 ^ _296_/CLK (sky130_fd_sc_hd__dfstp_1)
                  0.09    0.39    0.73 v _296_/Q (sky130_fd_sc_hd__dfstp_1)
     4    0.02                           state[0] (net)
                  0.09    0.00    0.73 v _148_/B (sky130_fd_sc_hd__nand2_4)
                  0.13    0.15    0.87 ^ _148_/Y (sky130_fd_sc_hd__nand2_4)
     9    0.04                           _066_ (net)
                  0.13    0.00    0.87 ^ _159_/S (sky130_fd_sc_hd__mux2_1)
                  0.04    0.14    1.01 ^ _159_/X (sky130_fd_sc_hd__mux2_1)
     1    0.00                           _072_ (net)
                  0.04    0.00    1.01 ^ _160_/A (sky130_fd_sc_hd__clkbuf_1)
                  0.05    0.08    1.09 ^ _160_/X (sky130_fd_sc_hd__clkbuf_1)
     1    0.00                           _060_ (net)
                  0.05    0.00    1.09 ^ _308_/D (sky130_fd_sc_hd__dfrtp_1)
                                  1.09   data arrival time

                          0.00    0.00   clock clk (rise edge)
                          0.00    0.00   clock source latency
                  0.08    0.06    0.06 ^ clk (in)
     1    0.02                           clk (net)
                  0.08    0.00    0.06 ^ clkbuf_0_clk/A (sky130_fd_sc_hd__clkbuf_16)
                  0.06    0.17    0.22 ^ clkbuf_0_clk/X (sky130_fd_sc_hd__clkbuf_16)
     4    0.04                           clknet_0_clk (net)
                  0.06    0.00    0.23 ^ clkbuf_2_1__f_clk/A (sky130_fd_sc_hd__clkbuf_16)
                  0.05    0.15    0.37 ^ clkbuf_2_1__f_clk/X (sky130_fd_sc_hd__clkbuf_16)
    11    0.03                           clknet_2_1__leaf_clk (net)
                  0.05    0.00    0.38 ^ _308_/CLK (sky130_fd_sc_hd__dfrtp_1)
                          0.25    0.63   clock uncertainty
                         -0.04    0.59   clock reconvergence pessimism
                         -0.03    0.56   library hold time
                                  0.56   data required time
-----------------------------------------------------------------------------
                                  0.56   data required time
                                 -1.09   data arrival time
-----------------------------------------------------------------------------
                                  0.53   slack (MET)


Startpoint: _296_ (rising edge-triggered flip-flop clocked by clk)
Endpoint: _306_ (rising edge-triggered flip-flop clocked by clk)
Path Group: clk
Path Type: min
Corner: Typical

Fanout     Cap    Slew   Delay    Time   Description
-----------------------------------------------------------------------------
                          0.00    0.00   clock clk (rise edge)
                          0.00    0.00   clock source latency
                  0.08    0.05    0.05 ^ clk (in)
     1    0.02                           clk (net)
                  0.08    0.00    0.05 ^ clkbuf_0_clk/A (sky130_fd_sc_hd__clkbuf_16)
                  0.06    0.15    0.20 ^ clkbuf_0_clk/X (sky130_fd_sc_hd__clkbuf_16)
     4    0.04                           clknet_0_clk (net)
                  0.06    0.00    0.20 ^ clkbuf_2_1__f_clk/A (sky130_fd_sc_hd__clkbuf_16)
                  0.05    0.13    0.34 ^ clkbuf_2_1__f_clk/X (sky130_fd_sc_hd__clkbuf_16)
    11    0.03                           clknet_2_1__leaf_clk (net)
                  0.05    0.00    0.34 ^ _296_/CLK (sky130_fd_sc_hd__dfstp_1)
                  0.09    0.39    0.73 v _296_/Q (sky130_fd_sc_hd__dfstp_1)
     4    0.02                           state[0] (net)
                  0.09    0.00    0.73 v _148_/B (sky130_fd_sc_hd__nand2_4)
                  0.13    0.15    0.87 ^ _148_/Y (sky130_fd_sc_hd__nand2_4)
     9    0.04                           _066_ (net)
                  0.13    0.00    0.87 ^ _163_/S (sky130_fd_sc_hd__mux2_1)
                  0.04    0.14    1.01 ^ _163_/X (sky130_fd_sc_hd__mux2_1)
     1    0.00                           _074_ (net)
                  0.04    0.00    1.01 ^ _164_/A (sky130_fd_sc_hd__clkbuf_1)
                  0.05    0.08    1.09 ^ _164_/X (sky130_fd_sc_hd__clkbuf_1)
     1    0.00                           _058_ (net)
                  0.05    0.00    1.09 ^ _306_/D (sky130_fd_sc_hd__dfrtp_1)
                                  1.09   data arrival time

                          0.00    0.00   clock clk (rise edge)
                          0.00    0.00   clock source latency
                  0.08    0.06    0.06 ^ clk (in)
     1    0.02                           clk (net)
                  0.08    0.00    0.06 ^ clkbuf_0_clk/A (sky130_fd_sc_hd__clkbuf_16)
                  0.06    0.17    0.22 ^ clkbuf_0_clk/X (sky130_fd_sc_hd__clkbuf_16)
     4    0.04                           clknet_0_clk (net)
                  0.06    0.00    0.23 ^ clkbuf_2_1__f_clk/A (sky130_fd_sc_hd__clkbuf_16)
                  0.05    0.15    0.37 ^ clkbuf_2_1__f_clk/X (sky130_fd_sc_hd__clkbuf_16)
    11    0.03                           clknet_2_1__leaf_clk (net)
                  0.05    0.00    0.38 ^ _306_/CLK (sky130_fd_sc_hd__dfrtp_1)
                          0.25    0.63   clock uncertainty
                         -0.04    0.59   clock reconvergence pessimism
                         -0.03    0.55   library hold time
                                  0.55   data required time
-----------------------------------------------------------------------------
                                  0.55   data required time
                                 -1.09   data arrival time
-----------------------------------------------------------------------------
                                  0.54   slack (MET)


Startpoint: _320_ (rising edge-triggered flip-flop clocked by clk)
Endpoint: _320_ (rising edge-triggered flip-flop clocked by clk)
Path Group: clk
Path Type: min
Corner: Typical

Fanout     Cap    Slew   Delay    Time   Description
-----------------------------------------------------------------------------
                          0.00    0.00   clock clk (rise edge)
                          0.00    0.00   clock source latency
                  0.08    0.05    0.05 ^ clk (in)
     1    0.02                           clk (net)
                  0.08    0.00    0.05 ^ clkbuf_0_clk/A (sky130_fd_sc_hd__clkbuf_16)
                  0.06    0.15    0.20 ^ clkbuf_0_clk/X (sky130_fd_sc_hd__clkbuf_16)
     4    0.04                           clknet_0_clk (net)
                  0.06    0.00    0.20 ^ clkbuf_2_0__f_clk/A (sky130_fd_sc_hd__clkbuf_16)
                  0.05    0.13    0.34 ^ clkbuf_2_0__f_clk/X (sky130_fd_sc_hd__clkbuf_16)
     9    0.03                           clknet_2_0__leaf_clk (net)
                  0.05    0.00    0.34 ^ _320_/CLK (sky130_fd_sc_hd__dfrtp_1)
                  0.12    0.36    0.69 ^ _320_/Q (sky130_fd_sc_hd__dfrtp_1)
     5    0.01                           baud_count[6] (net)
                  0.12    0.00    0.69 ^ _216_/A1 (sky130_fd_sc_hd__a21boi_1)
                  0.04    0.08    0.77 v _216_/Y (sky130_fd_sc_hd__a21boi_1)
     1    0.00                           _112_ (net)
                  0.04    0.00    0.77 v _217_/B1 (sky130_fd_sc_hd__o21a_1)
                  0.03    0.10    0.87 v _217_/X (sky130_fd_sc_hd__o21a_1)
     1    0.00                           _012_ (net)
                  0.03    0.00    0.87 v hold10/A (sky130_fd_sc_hd__dlygate4sd3_1)
                  0.06    0.52    1.39 v hold10/X (sky130_fd_sc_hd__dlygate4sd3_1)
     1    0.00                           net23 (net)
                  0.06    0.00    1.39 v _320_/D (sky130_fd_sc_hd__dfrtp_1)
                                  1.39   data arrival time

                          0.00    0.00   clock clk (rise edge)
                          0.00    0.00   clock source latency
                  0.08    0.06    0.06 ^ clk (in)
     1    0.02                           clk (net)
                  0.08    0.00    0.06 ^ clkbuf_0_clk/A (sky130_fd_sc_hd__clkbuf_16)
                  0.06    0.17    0.22 ^ clkbuf_0_clk/X (sky130_fd_sc_hd__clkbuf_16)
     4    0.04                           clknet_0_clk (net)
                  0.06    0.00    0.23 ^ clkbuf_2_0__f_clk/A (sky130_fd_sc_hd__clkbuf_16)
                  0.05    0.15    0.37 ^ clkbuf_2_0__f_clk/X (sky130_fd_sc_hd__clkbuf_16)
     9    0.03                           clknet_2_0__leaf_clk (net)
                  0.05    0.00    0.37 ^ _320_/CLK (sky130_fd_sc_hd__dfrtp_1)
                          0.25    0.62   clock uncertainty
                         -0.04    0.59   clock reconvergence pessimism
                         -0.05    0.54   library hold time
                                  0.54   data required time
-----------------------------------------------------------------------------
                                  0.54   data required time
                                 -1.39   data arrival time
-----------------------------------------------------------------------------
                                  0.85   slack (MET)


Startpoint: reset (input port clocked by clk)
Endpoint: _329_ (removal check against rising-edge clock clk)
Path Group: asynchronous
Path Type: min
Corner: Typical

Fanout     Cap    Slew   Delay    Time   Description
-----------------------------------------------------------------------------
                          0.00    0.00   clock clk (rise edge)
                          0.00    0.00   clock network delay (propagated)
                          2.00    2.00 v input external delay
                  0.01    0.00    2.00 v reset (in)
     1    0.00                           reset (net)
                  0.01    0.00    2.00 v input9/A (sky130_fd_sc_hd__buf_2)
                  0.08    0.15    2.15 v input9/X (sky130_fd_sc_hd__buf_2)
     7    0.03                           net9 (net)
                  0.08    0.00    2.16 v _295_/A (sky130_fd_sc_hd__inv_2)
                  0.03    0.06    2.21 ^ _295_/Y (sky130_fd_sc_hd__inv_2)
     1    0.00                           _036_ (net)
                  0.03    0.00    2.21 ^ _329_/RESET_B (sky130_fd_sc_hd__dfrtp_1)
                                  2.21   data arrival time

                          0.00    0.00   clock clk (rise edge)
                          0.00    0.00   clock source latency
                  0.08    0.06    0.06 ^ clk (in)
     1    0.02                           clk (net)
                  0.08    0.00    0.06 ^ clkbuf_0_clk/A (sky130_fd_sc_hd__clkbuf_16)
                  0.06    0.17    0.22 ^ clkbuf_0_clk/X (sky130_fd_sc_hd__clkbuf_16)
     4    0.04                           clknet_0_clk (net)
                  0.06    0.00    0.23 ^ clkbuf_2_1__f_clk/A (sky130_fd_sc_hd__clkbuf_16)
                  0.05    0.15    0.37 ^ clkbuf_2_1__f_clk/X (sky130_fd_sc_hd__clkbuf_16)
    11    0.03                           clknet_2_1__leaf_clk (net)
                  0.05    0.00    0.38 ^ _329_/CLK (sky130_fd_sc_hd__dfrtp_1)
                          0.25    0.63   clock uncertainty
                          0.00    0.63   clock reconvergence pessimism
                          0.32    0.94   library removal time
                                  0.94   data required time
-----------------------------------------------------------------------------
                                  0.94   data required time
                                 -2.21   data arrival time
-----------------------------------------------------------------------------
                                  1.27   slack (MET)


Startpoint: reset (input port clocked by clk)
Endpoint: _327_ (removal check against rising-edge clock clk)
Path Group: asynchronous
Path Type: min
Corner: Typical

Fanout     Cap    Slew   Delay    Time   Description
-----------------------------------------------------------------------------
                          0.00    0.00   clock clk (rise edge)
                          0.00    0.00   clock network delay (propagated)
                          2.00    2.00 v input external delay
                  0.01    0.00    2.00 v reset (in)
     1    0.00                           reset (net)
                  0.01    0.00    2.00 v input9/A (sky130_fd_sc_hd__buf_2)
                  0.08    0.15    2.15 v input9/X (sky130_fd_sc_hd__buf_2)
     7    0.03                           net9 (net)
                  0.08    0.00    2.16 v _293_/A (sky130_fd_sc_hd__inv_2)
                  0.03    0.05    2.21 ^ _293_/Y (sky130_fd_sc_hd__inv_2)
     1    0.00                           _034_ (net)
                  0.03    0.00    2.21 ^ _327_/RESET_B (sky130_fd_sc_hd__dfrtp_1)
                                  2.21   data arrival time

                          0.00    0.00   clock clk (rise edge)
                          0.00    0.00   clock source latency
                  0.08    0.06    0.06 ^ clk (in)
     1    0.02                           clk (net)
                  0.08    0.00    0.06 ^ clkbuf_0_clk/A (sky130_fd_sc_hd__clkbuf_16)
                  0.06    0.17    0.22 ^ clkbuf_0_clk/X (sky130_fd_sc_hd__clkbuf_16)
     4    0.04                           clknet_0_clk (net)
                  0.06    0.00    0.23 ^ clkbuf_2_1__f_clk/A (sky130_fd_sc_hd__clkbuf_16)
                  0.05    0.15    0.37 ^ clkbuf_2_1__f_clk/X (sky130_fd_sc_hd__clkbuf_16)
    11    0.03                           clknet_2_1__leaf_clk (net)
                  0.05    0.00    0.37 ^ _327_/CLK (sky130_fd_sc_hd__dfrtp_1)
                          0.25    0.62   clock uncertainty
                          0.00    0.62   clock reconvergence pessimism
                          0.32    0.94   library removal time
                                  0.94   data required time
-----------------------------------------------------------------------------
                                  0.94   data required time
                                 -2.21   data arrival time
-----------------------------------------------------------------------------
                                  1.27   slack (MET)


Startpoint: reset (input port clocked by clk)
Endpoint: _326_ (removal check against rising-edge clock clk)
Path Group: asynchronous
Path Type: min
Corner: Typical

Fanout     Cap    Slew   Delay    Time   Description
-----------------------------------------------------------------------------
                          0.00    0.00   clock clk (rise edge)
                          0.00    0.00   clock network delay (propagated)
                          2.00    2.00 v input external delay
                  0.01    0.00    2.00 v reset (in)
     1    0.00                           reset (net)
                  0.01    0.00    2.00 v input9/A (sky130_fd_sc_hd__buf_2)
                  0.08    0.15    2.15 v input9/X (sky130_fd_sc_hd__buf_2)
     7    0.03                           net9 (net)
                  0.08    0.00    2.16 v _292_/A (sky130_fd_sc_hd__inv_2)
                  0.03    0.06    2.21 ^ _292_/Y (sky130_fd_sc_hd__inv_2)
     1    0.00                           _033_ (net)
                  0.03    0.00    2.21 ^ _326_/RESET_B (sky130_fd_sc_hd__dfrtp_1)
                                  2.21   data arrival time

                          0.00    0.00   clock clk (rise edge)
                          0.00    0.00   clock source latency
                  0.08    0.06    0.06 ^ clk (in)
     1    0.02                           clk (net)
                  0.08    0.00    0.06 ^ clkbuf_0_clk/A (sky130_fd_sc_hd__clkbuf_16)
                  0.06    0.17    0.22 ^ clkbuf_0_clk/X (sky130_fd_sc_hd__clkbuf_16)
     4    0.04                           clknet_0_clk (net)
                  0.06    0.00    0.23 ^ clkbuf_2_1__f_clk/A (sky130_fd_sc_hd__clkbuf_16)
                  0.05    0.15    0.37 ^ clkbuf_2_1__f_clk/X (sky130_fd_sc_hd__clkbuf_16)
    11    0.03                           clknet_2_1__leaf_clk (net)
                  0.05    0.00    0.37 ^ _326_/CLK (sky130_fd_sc_hd__dfrtp_1)
                          0.25    0.62   clock uncertainty
                          0.00    0.62   clock reconvergence pessimism
                          0.32    0.94   library removal time
                                  0.94   data required time
-----------------------------------------------------------------------------
                                  0.94   data required time
                                 -2.21   data arrival time
-----------------------------------------------------------------------------
                                  1.27   slack (MET)


Startpoint: reset (input port clocked by clk)
Endpoint: _328_ (removal check against rising-edge clock clk)
Path Group: asynchronous
Path Type: min
Corner: Typical

Fanout     Cap    Slew   Delay    Time   Description
-----------------------------------------------------------------------------
                          0.00    0.00   clock clk (rise edge)
                          0.00    0.00   clock network delay (propagated)
                          2.00    2.00 v input external delay
                  0.01    0.00    2.00 v reset (in)
     1    0.00                           reset (net)
                  0.01    0.00    2.00 v input9/A (sky130_fd_sc_hd__buf_2)
                  0.08    0.15    2.15 v input9/X (sky130_fd_sc_hd__buf_2)
     7    0.03                           net9 (net)
                  0.08    0.00    2.16 v _294_/A (sky130_fd_sc_hd__inv_2)
                  0.03    0.06    2.21 ^ _294_/Y (sky130_fd_sc_hd__inv_2)
     1    0.00                           _035_ (net)
                  0.03    0.00    2.21 ^ _328_/RESET_B (sky130_fd_sc_hd__dfrtp_1)
                                  2.21   data arrival time

                          0.00    0.00   clock clk (rise edge)
                          0.00    0.00   clock source latency
                  0.08    0.06    0.06 ^ clk (in)
     1    0.02                           clk (net)
                  0.08    0.00    0.06 ^ clkbuf_0_clk/A (sky130_fd_sc_hd__clkbuf_16)
                  0.06    0.17    0.22 ^ clkbuf_0_clk/X (sky130_fd_sc_hd__clkbuf_16)
     4    0.04                           clknet_0_clk (net)
                  0.06    0.00    0.23 ^ clkbuf_2_1__f_clk/A (sky130_fd_sc_hd__clkbuf_16)
                  0.05    0.15    0.37 ^ clkbuf_2_1__f_clk/X (sky130_fd_sc_hd__clkbuf_16)
    11    0.03                           clknet_2_1__leaf_clk (net)
                  0.05    0.00    0.37 ^ _328_/CLK (sky130_fd_sc_hd__dfrtp_1)
                          0.25    0.62   clock uncertainty
                          0.00    0.62   clock reconvergence pessimism
                          0.32    0.94   library removal time
                                  0.94   data required time
-----------------------------------------------------------------------------
                                  0.94   data required time
                                 -2.21   data arrival time
-----------------------------------------------------------------------------
                                  1.27   slack (MET)


Startpoint: reset (input port clocked by clk)
Endpoint: _323_ (removal check against rising-edge clock clk)
Path Group: asynchronous
Path Type: min
Corner: Typical

Fanout     Cap    Slew   Delay    Time   Description
-----------------------------------------------------------------------------
                          0.00    0.00   clock clk (rise edge)
                          0.00    0.00   clock network delay (propagated)
                          2.00    2.00 v input external delay
                  0.01    0.00    2.00 v reset (in)
     1    0.00                           reset (net)
                  0.01    0.00    2.00 v input9/A (sky130_fd_sc_hd__buf_2)
                  0.08    0.15    2.15 v input9/X (sky130_fd_sc_hd__buf_2)
     7    0.03                           net9 (net)
                  0.08    0.00    2.16 v _281_/A (sky130_fd_sc_hd__buf_4)
                  0.08    0.20    2.35 v _281_/X (sky130_fd_sc_hd__buf_4)
    10    0.06                           _145_ (net)
                  0.08    0.00    2.36 v _289_/A (sky130_fd_sc_hd__inv_2)
                  0.03    0.06    2.41 ^ _289_/Y (sky130_fd_sc_hd__inv_2)
     1    0.00                           _030_ (net)
                  0.03    0.00    2.41 ^ _323_/RESET_B (sky130_fd_sc_hd__dfrtp_1)
                                  2.41   data arrival time

                          0.00    0.00   clock clk (rise edge)
                          0.00    0.00   clock source latency
                  0.08    0.06    0.06 ^ clk (in)
     1    0.02                           clk (net)
                  0.08    0.00    0.06 ^ clkbuf_0_clk/A (sky130_fd_sc_hd__clkbuf_16)
                  0.06    0.17    0.22 ^ clkbuf_0_clk/X (sky130_fd_sc_hd__clkbuf_16)
     4    0.04                           clknet_0_clk (net)
                  0.06    0.00    0.23 ^ clkbuf_2_1__f_clk/A (sky130_fd_sc_hd__clkbuf_16)
                  0.05    0.15    0.37 ^ clkbuf_2_1__f_clk/X (sky130_fd_sc_hd__clkbuf_16)
    11    0.03                           clknet_2_1__leaf_clk (net)
                  0.05    0.00    0.37 ^ _323_/CLK (sky130_fd_sc_hd__dfrtp_1)
                          0.25    0.62   clock uncertainty
                          0.00    0.62   clock reconvergence pessimism
                          0.32    0.94   library removal time
                                  0.94   data required time
-----------------------------------------------------------------------------
                                  0.94   data required time
                                 -2.41   data arrival time
-----------------------------------------------------------------------------
                                  1.47   slack (MET)


Startpoint: reset (input port clocked by clk)
Endpoint: _325_ (removal check against rising-edge clock clk)
Path Group: asynchronous
Path Type: min
Corner: Typical

Fanout     Cap    Slew   Delay    Time   Description
-----------------------------------------------------------------------------
                          0.00    0.00   clock clk (rise edge)
                          0.00    0.00   clock network delay (propagated)
                          2.00    2.00 v input external delay
                  0.01    0.00    2.00 v reset (in)
     1    0.00                           reset (net)
                  0.01    0.00    2.00 v input9/A (sky130_fd_sc_hd__buf_2)
                  0.08    0.15    2.15 v input9/X (sky130_fd_sc_hd__buf_2)
     7    0.03                           net9 (net)
                  0.08    0.00    2.16 v _281_/A (sky130_fd_sc_hd__buf_4)
                  0.08    0.20    2.35 v _281_/X (sky130_fd_sc_hd__buf_4)
    10    0.06                           _145_ (net)
                  0.08    0.00    2.36 v _291_/A (sky130_fd_sc_hd__inv_2)
                  0.03    0.06    2.41 ^ _291_/Y (sky130_fd_sc_hd__inv_2)
     1    0.00                           _032_ (net)
                  0.03    0.00    2.41 ^ _325_/RESET_B (sky130_fd_sc_hd__dfrtp_1)
                                  2.41   data arrival time

                          0.00    0.00   clock clk (rise edge)
                          0.00    0.00   clock source latency
                  0.08    0.06    0.06 ^ clk (in)
     1    0.02                           clk (net)
                  0.08    0.00    0.06 ^ clkbuf_0_clk/A (sky130_fd_sc_hd__clkbuf_16)
                  0.06    0.17    0.22 ^ clkbuf_0_clk/X (sky130_fd_sc_hd__clkbuf_16)
     4    0.04                           clknet_0_clk (net)
                  0.06    0.00    0.23 ^ clkbuf_2_1__f_clk/A (sky130_fd_sc_hd__clkbuf_16)
                  0.05    0.15    0.37 ^ clkbuf_2_1__f_clk/X (sky130_fd_sc_hd__clkbuf_16)
    11    0.03                           clknet_2_1__leaf_clk (net)
                  0.05    0.00    0.37 ^ _325_/CLK (sky130_fd_sc_hd__dfrtp_1)
                          0.25    0.62   clock uncertainty
                          0.00    0.62   clock reconvergence pessimism
                          0.32    0.94   library removal time
                                  0.94   data required time
-----------------------------------------------------------------------------
                                  0.94   data required time
                                 -2.41   data arrival time
-----------------------------------------------------------------------------
                                  1.47   slack (MET)


Startpoint: reset (input port clocked by clk)
Endpoint: _308_ (removal check against rising-edge clock clk)
Path Group: asynchronous
Path Type: min
Corner: Typical

Fanout     Cap    Slew   Delay    Time   Description
-----------------------------------------------------------------------------
                          0.00    0.00   clock clk (rise edge)
                          0.00    0.00   clock network delay (propagated)
                          2.00    2.00 v input external delay
                  0.01    0.00    2.00 v reset (in)
     1    0.00                           reset (net)
                  0.01    0.00    2.00 v input9/A (sky130_fd_sc_hd__buf_2)
                  0.08    0.15    2.15 v input9/X (sky130_fd_sc_hd__buf_2)
     7    0.03                           net9 (net)
                  0.08    0.00    2.16 v _270_/A (sky130_fd_sc_hd__buf_4)
                  0.08    0.20    2.36 v _270_/X (sky130_fd_sc_hd__buf_4)
    10    0.06                           _144_ (net)
                  0.08    0.00    2.36 v _273_/A (sky130_fd_sc_hd__inv_2)
                  0.03    0.06    2.41 ^ _273_/Y (sky130_fd_sc_hd__inv_2)
     1    0.00                           _049_ (net)
                  0.03    0.00    2.41 ^ _308_/RESET_B (sky130_fd_sc_hd__dfrtp_1)
                                  2.41   data arrival time

                          0.00    0.00   clock clk (rise edge)
                          0.00    0.00   clock source latency
                  0.08    0.06    0.06 ^ clk (in)
     1    0.02                           clk (net)
                  0.08    0.00    0.06 ^ clkbuf_0_clk/A (sky130_fd_sc_hd__clkbuf_16)
                  0.06    0.17    0.22 ^ clkbuf_0_clk/X (sky130_fd_sc_hd__clkbuf_16)
     4    0.04                           clknet_0_clk (net)
                  0.06    0.00    0.23 ^ clkbuf_2_1__f_clk/A (sky130_fd_sc_hd__clkbuf_16)
                  0.05    0.15    0.37 ^ clkbuf_2_1__f_clk/X (sky130_fd_sc_hd__clkbuf_16)
    11    0.03                           clknet_2_1__leaf_clk (net)
                  0.05    0.00    0.38 ^ _308_/CLK (sky130_fd_sc_hd__dfrtp_1)
                          0.25    0.63   clock uncertainty
                          0.00    0.63   clock reconvergence pessimism
                          0.32    0.94   library removal time
                                  0.94   data required time
-----------------------------------------------------------------------------
                                  0.94   data required time
                                 -2.41   data arrival time
-----------------------------------------------------------------------------
                                  1.47   slack (MET)


Startpoint: reset (input port clocked by clk)
Endpoint: _324_ (removal check against rising-edge clock clk)
Path Group: asynchronous
Path Type: min
Corner: Typical

Fanout     Cap    Slew   Delay    Time   Description
-----------------------------------------------------------------------------
                          0.00    0.00   clock clk (rise edge)
                          0.00    0.00   clock network delay (propagated)
                          2.00    2.00 v input external delay
                  0.01    0.00    2.00 v reset (in)
     1    0.00                           reset (net)
                  0.01    0.00    2.00 v input9/A (sky130_fd_sc_hd__buf_2)
                  0.08    0.15    2.15 v input9/X (sky130_fd_sc_hd__buf_2)
     7    0.03                           net9 (net)
                  0.08    0.00    2.16 v _281_/A (sky130_fd_sc_hd__buf_4)
                  0.08    0.20    2.35 v _281_/X (sky130_fd_sc_hd__buf_4)
    10    0.06                           _145_ (net)
                  0.08    0.00    2.36 v _290_/A (sky130_fd_sc_hd__inv_2)
                  0.04    0.06    2.41 ^ _290_/Y (sky130_fd_sc_hd__inv_2)
     1    0.00                           _031_ (net)
                  0.04    0.00    2.41 ^ _324_/RESET_B (sky130_fd_sc_hd__dfrtp_1)
                                  2.41   data arrival time

                          0.00    0.00   clock clk (rise edge)
                          0.00    0.00   clock source latency
                  0.08    0.06    0.06 ^ clk (in)
     1    0.02                           clk (net)
                  0.08    0.00    0.06 ^ clkbuf_0_clk/A (sky130_fd_sc_hd__clkbuf_16)
                  0.06    0.17    0.22 ^ clkbuf_0_clk/X (sky130_fd_sc_hd__clkbuf_16)
     4    0.04                           clknet_0_clk (net)
                  0.06    0.00    0.23 ^ clkbuf_2_1__f_clk/A (sky130_fd_sc_hd__clkbuf_16)
                  0.05    0.15    0.37 ^ clkbuf_2_1__f_clk/X (sky130_fd_sc_hd__clkbuf_16)
    11    0.03                           clknet_2_1__leaf_clk (net)
                  0.05    0.00    0.37 ^ _324_/CLK (sky130_fd_sc_hd__dfrtp_1)
                          0.25    0.62   clock uncertainty
                          0.00    0.62   clock reconvergence pessimism
                          0.32    0.94   library removal time
                                  0.94   data required time
-----------------------------------------------------------------------------
                                  0.94   data required time
                                 -2.41   data arrival time
-----------------------------------------------------------------------------
                                  1.47   slack (MET)


Startpoint: reset (input port clocked by clk)
Endpoint: _307_ (removal check against rising-edge clock clk)
Path Group: asynchronous
Path Type: min
Corner: Typical

Fanout     Cap    Slew   Delay    Time   Description
-----------------------------------------------------------------------------
                          0.00    0.00   clock clk (rise edge)
                          0.00    0.00   clock network delay (propagated)
                          2.00    2.00 v input external delay
                  0.01    0.00    2.00 v reset (in)
     1    0.00                           reset (net)
                  0.01    0.00    2.00 v input9/A (sky130_fd_sc_hd__buf_2)
                  0.08    0.15    2.15 v input9/X (sky130_fd_sc_hd__buf_2)
     7    0.03                           net9 (net)
                  0.08    0.00    2.16 v _270_/A (sky130_fd_sc_hd__buf_4)
                  0.08    0.20    2.36 v _270_/X (sky130_fd_sc_hd__buf_4)
    10    0.06                           _144_ (net)
                  0.08    0.00    2.36 v _272_/A (sky130_fd_sc_hd__inv_2)
                  0.04    0.06    2.41 ^ _272_/Y (sky130_fd_sc_hd__inv_2)
     1    0.00                           _048_ (net)
                  0.04    0.00    2.41 ^ _307_/RESET_B (sky130_fd_sc_hd__dfrtp_1)
                                  2.41   data arrival time

                          0.00    0.00   clock clk (rise edge)
                          0.00    0.00   clock source latency
                  0.08    0.06    0.06 ^ clk (in)
     1    0.02                           clk (net)
                  0.08    0.00    0.06 ^ clkbuf_0_clk/A (sky130_fd_sc_hd__clkbuf_16)
                  0.06    0.17    0.22 ^ clkbuf_0_clk/X (sky130_fd_sc_hd__clkbuf_16)
     4    0.04                           clknet_0_clk (net)
                  0.06    0.00    0.23 ^ clkbuf_2_1__f_clk/A (sky130_fd_sc_hd__clkbuf_16)
                  0.05    0.15    0.37 ^ clkbuf_2_1__f_clk/X (sky130_fd_sc_hd__clkbuf_16)
    11    0.03                           clknet_2_1__leaf_clk (net)
                  0.05    0.00    0.38 ^ _307_/CLK (sky130_fd_sc_hd__dfrtp_1)
                          0.25    0.63   clock uncertainty
                          0.00    0.63   clock reconvergence pessimism
                          0.32    0.94   library removal time
                                  0.94   data required time
-----------------------------------------------------------------------------
                                  0.94   data required time
                                 -2.41   data arrival time
-----------------------------------------------------------------------------
                                  1.47   slack (MET)


Startpoint: reset (input port clocked by clk)
Endpoint: _298_ (removal check against rising-edge clock clk)
Path Group: asynchronous
Path Type: min
Corner: Typical

Fanout     Cap    Slew   Delay    Time   Description
-----------------------------------------------------------------------------
                          0.00    0.00   clock clk (rise edge)
                          0.00    0.00   clock network delay (propagated)
                          2.00    2.00 v input external delay
                  0.01    0.00    2.00 v reset (in)
     1    0.00                           reset (net)
                  0.01    0.00    2.00 v input9/A (sky130_fd_sc_hd__buf_2)
                  0.08    0.15    2.15 v input9/X (sky130_fd_sc_hd__buf_2)
     7    0.03                           net9 (net)
                  0.08    0.00    2.16 v _259_/A (sky130_fd_sc_hd__buf_4)
                  0.08    0.20    2.35 v _259_/X (sky130_fd_sc_hd__buf_4)
    10    0.06                           _143_ (net)
                  0.08    0.00    2.35 v _262_/A (sky130_fd_sc_hd__inv_2)
                  0.04    0.06    2.41 ^ _262_/Y (sky130_fd_sc_hd__inv_2)
     1    0.00                           _039_ (net)
                  0.04    0.00    2.41 ^ _298_/RESET_B (sky130_fd_sc_hd__dfrtp_1)
                                  2.41   data arrival time

                          0.00    0.00   clock clk (rise edge)
                          0.00    0.00   clock source latency
                  0.08    0.06    0.06 ^ clk (in)
     1    0.02                           clk (net)
                  0.08    0.00    0.06 ^ clkbuf_0_clk/A (sky130_fd_sc_hd__clkbuf_16)
                  0.06    0.17    0.22 ^ clkbuf_0_clk/X (sky130_fd_sc_hd__clkbuf_16)
     4    0.04                           clknet_0_clk (net)
                  0.06    0.00    0.23 ^ clkbuf_2_0__f_clk/A (sky130_fd_sc_hd__clkbuf_16)
                  0.05    0.15    0.37 ^ clkbuf_2_0__f_clk/X (sky130_fd_sc_hd__clkbuf_16)
     9    0.03                           clknet_2_0__leaf_clk (net)
                  0.05    0.00    0.37 ^ _298_/CLK (sky130_fd_sc_hd__dfrtp_1)
                          0.25    0.62   clock uncertainty
                          0.00    0.62   clock reconvergence pessimism
                          0.32    0.94   library removal time
                                  0.94   data required time
-----------------------------------------------------------------------------
                                  0.94   data required time
                                 -2.41   data arrival time
-----------------------------------------------------------------------------
                                  1.47   slack (MET)


Startpoint: reset (input port clocked by clk)
Endpoint: _306_ (removal check against rising-edge clock clk)
Path Group: asynchronous
Path Type: min
Corner: Typical

Fanout     Cap    Slew   Delay    Time   Description
-----------------------------------------------------------------------------
                          0.00    0.00   clock clk (rise edge)
                          0.00    0.00   clock network delay (propagated)
                          2.00    2.00 v input external delay
                  0.01    0.00    2.00 v reset (in)
     1    0.00                           reset (net)
                  0.01    0.00    2.00 v input9/A (sky130_fd_sc_hd__buf_2)
                  0.08    0.15    2.15 v input9/X (sky130_fd_sc_hd__buf_2)
     7    0.03                           net9 (net)
                  0.08    0.00    2.16 v _270_/A (sky130_fd_sc_hd__buf_4)
                  0.08    0.20    2.36 v _270_/X (sky130_fd_sc_hd__buf_4)
    10    0.06                           _144_ (net)
                  0.08    0.00    2.36 v _271_/A (sky130_fd_sc_hd__inv_2)
                  0.04    0.06    2.42 ^ _271_/Y (sky130_fd_sc_hd__inv_2)
     1    0.00                           _047_ (net)
                  0.04    0.00    2.42 ^ _306_/RESET_B (sky130_fd_sc_hd__dfrtp_1)
                                  2.42   data arrival time

                          0.00    0.00   clock clk (rise edge)
                          0.00    0.00   clock source latency
                  0.08    0.06    0.06 ^ clk (in)
     1    0.02                           clk (net)
                  0.08    0.00    0.06 ^ clkbuf_0_clk/A (sky130_fd_sc_hd__clkbuf_16)
                  0.06    0.17    0.22 ^ clkbuf_0_clk/X (sky130_fd_sc_hd__clkbuf_16)
     4    0.04                           clknet_0_clk (net)
                  0.06    0.00    0.23 ^ clkbuf_2_1__f_clk/A (sky130_fd_sc_hd__clkbuf_16)
                  0.05    0.15    0.37 ^ clkbuf_2_1__f_clk/X (sky130_fd_sc_hd__clkbuf_16)
    11    0.03                           clknet_2_1__leaf_clk (net)
                  0.05    0.00    0.38 ^ _306_/CLK (sky130_fd_sc_hd__dfrtp_1)
                          0.25    0.63   clock uncertainty
                          0.00    0.63   clock reconvergence pessimism
                          0.32    0.95   library removal time
                                  0.95   data required time
-----------------------------------------------------------------------------
                                  0.95   data required time
                                 -2.42   data arrival time
-----------------------------------------------------------------------------
                                  1.47   slack (MET)


Startpoint: reset (input port clocked by clk)
Endpoint: _318_ (removal check against rising-edge clock clk)
Path Group: asynchronous
Path Type: min
Corner: Typical

Fanout     Cap    Slew   Delay    Time   Description
-----------------------------------------------------------------------------
                          0.00    0.00   clock clk (rise edge)
                          0.00    0.00   clock network delay (propagated)
                          2.00    2.00 v input external delay
                  0.01    0.00    2.00 v reset (in)
     1    0.00                           reset (net)
                  0.01    0.00    2.00 v input9/A (sky130_fd_sc_hd__buf_2)
                  0.08    0.15    2.15 v input9/X (sky130_fd_sc_hd__buf_2)
     7    0.03                           net9 (net)
                  0.08    0.00    2.16 v _281_/A (sky130_fd_sc_hd__buf_4)
                  0.08    0.20    2.35 v _281_/X (sky130_fd_sc_hd__buf_4)
    10    0.06                           _145_ (net)
                  0.08    0.00    2.36 v _284_/A (sky130_fd_sc_hd__inv_2)
                  0.03    0.05    2.41 ^ _284_/Y (sky130_fd_sc_hd__inv_2)
     1    0.00                           _025_ (net)
                  0.03    0.00    2.41 ^ _318_/RESET_B (sky130_fd_sc_hd__dfrtp_1)
                                  2.41   data arrival time

                          0.00    0.00   clock clk (rise edge)
                          0.00    0.00   clock source latency
                  0.08    0.06    0.06 ^ clk (in)
     1    0.02                           clk (net)
                  0.08    0.00    0.06 ^ clkbuf_0_clk/A (sky130_fd_sc_hd__clkbuf_16)
                  0.06    0.17    0.22 ^ clkbuf_0_clk/X (sky130_fd_sc_hd__clkbuf_16)
     4    0.04                           clknet_0_clk (net)
                  0.06    0.00    0.23 ^ clkbuf_2_0__f_clk/A (sky130_fd_sc_hd__clkbuf_16)
                  0.05    0.15    0.37 ^ clkbuf_2_0__f_clk/X (sky130_fd_sc_hd__clkbuf_16)
     9    0.03                           clknet_2_0__leaf_clk (net)
                  0.05    0.00    0.37 ^ _318_/CLK (sky130_fd_sc_hd__dfrtp_1)
                          0.25    0.62   clock uncertainty
                          0.00    0.62   clock reconvergence pessimism
                          0.32    0.94   library removal time
                                  0.94   data required time
-----------------------------------------------------------------------------
                                  0.94   data required time
                                 -2.41   data arrival time
-----------------------------------------------------------------------------
                                  1.47   slack (MET)


Startpoint: reset (input port clocked by clk)
Endpoint: _320_ (removal check against rising-edge clock clk)
Path Group: asynchronous
Path Type: min
Corner: Typical

Fanout     Cap    Slew   Delay    Time   Description
-----------------------------------------------------------------------------
                          0.00    0.00   clock clk (rise edge)
                          0.00    0.00   clock network delay (propagated)
                          2.00    2.00 v input external delay
                  0.01    0.00    2.00 v reset (in)
     1    0.00                           reset (net)
                  0.01    0.00    2.00 v input9/A (sky130_fd_sc_hd__buf_2)
                  0.08    0.15    2.15 v input9/X (sky130_fd_sc_hd__buf_2)
     7    0.03                           net9 (net)
                  0.08    0.00    2.16 v _281_/A (sky130_fd_sc_hd__buf_4)
                  0.08    0.20    2.35 v _281_/X (sky130_fd_sc_hd__buf_4)
    10    0.06                           _145_ (net)
                  0.08    0.00    2.36 v _286_/A (sky130_fd_sc_hd__inv_2)
                  0.03    0.05    2.41 ^ _286_/Y (sky130_fd_sc_hd__inv_2)
     1    0.00                           _027_ (net)
                  0.03    0.00    2.41 ^ _320_/RESET_B (sky130_fd_sc_hd__dfrtp_1)
                                  2.41   data arrival time

                          0.00    0.00   clock clk (rise edge)
                          0.00    0.00   clock source latency
                  0.08    0.06    0.06 ^ clk (in)
     1    0.02                           clk (net)
                  0.08    0.00    0.06 ^ clkbuf_0_clk/A (sky130_fd_sc_hd__clkbuf_16)
                  0.06    0.17    0.22 ^ clkbuf_0_clk/X (sky130_fd_sc_hd__clkbuf_16)
     4    0.04                           clknet_0_clk (net)
                  0.06    0.00    0.23 ^ clkbuf_2_0__f_clk/A (sky130_fd_sc_hd__clkbuf_16)
                  0.05    0.15    0.37 ^ clkbuf_2_0__f_clk/X (sky130_fd_sc_hd__clkbuf_16)
     9    0.03                           clknet_2_0__leaf_clk (net)
                  0.05    0.00    0.37 ^ _320_/CLK (sky130_fd_sc_hd__dfrtp_1)
                          0.25    0.62   clock uncertainty
                          0.00    0.62   clock reconvergence pessimism
                          0.32    0.94   library removal time
                                  0.94   data required time
-----------------------------------------------------------------------------
                                  0.94   data required time
                                 -2.41   data arrival time
-----------------------------------------------------------------------------
                                  1.47   slack (MET)


Startpoint: reset (input port clocked by clk)
Endpoint: _300_ (removal check against rising-edge clock clk)
Path Group: asynchronous
Path Type: min
Corner: Typical

Fanout     Cap    Slew   Delay    Time   Description
-----------------------------------------------------------------------------
                          0.00    0.00   clock clk (rise edge)
                          0.00    0.00   clock network delay (propagated)
                          2.00    2.00 v input external delay
                  0.01    0.00    2.00 v reset (in)
     1    0.00                           reset (net)
                  0.01    0.00    2.00 v input9/A (sky130_fd_sc_hd__buf_2)
                  0.08    0.15    2.15 v input9/X (sky130_fd_sc_hd__buf_2)
     7    0.03                           net9 (net)
                  0.08    0.00    2.16 v _259_/A (sky130_fd_sc_hd__buf_4)
                  0.08    0.20    2.35 v _259_/X (sky130_fd_sc_hd__buf_4)
    10    0.06                           _143_ (net)
                  0.08    0.00    2.35 v _264_/A (sky130_fd_sc_hd__inv_2)
                  0.03    0.05    2.41 ^ _264_/Y (sky130_fd_sc_hd__inv_2)
     1    0.00                           _041_ (net)
                  0.03    0.00    2.41 ^ _300_/RESET_B (sky130_fd_sc_hd__dfrtp_4)
                                  2.41   data arrival time

                          0.00    0.00   clock clk (rise edge)
                          0.00    0.00   clock source latency
                  0.08    0.06    0.06 ^ clk (in)
     1    0.02                           clk (net)
                  0.08    0.00    0.06 ^ clkbuf_0_clk/A (sky130_fd_sc_hd__clkbuf_16)
                  0.06    0.17    0.22 ^ clkbuf_0_clk/X (sky130_fd_sc_hd__clkbuf_16)
     4    0.04                           clknet_0_clk (net)
                  0.06    0.00    0.23 ^ clkbuf_2_3__f_clk/A (sky130_fd_sc_hd__clkbuf_16)
                  0.05    0.14    0.37 ^ clkbuf_2_3__f_clk/X (sky130_fd_sc_hd__clkbuf_16)
     8    0.03                           clknet_2_3__leaf_clk (net)
                  0.05    0.00    0.37 ^ _300_/CLK (sky130_fd_sc_hd__dfrtp_4)
                          0.25    0.62   clock uncertainty
                          0.00    0.62   clock reconvergence pessimism
                          0.32    0.94   library removal time
                                  0.94   data required time
-----------------------------------------------------------------------------
                                  0.94   data required time
                                 -2.41   data arrival time
-----------------------------------------------------------------------------
                                  1.47   slack (MET)


Startpoint: reset (input port clocked by clk)
Endpoint: _322_ (removal check against rising-edge clock clk)
Path Group: asynchronous
Path Type: min
Corner: Typical

Fanout     Cap    Slew   Delay    Time   Description
-----------------------------------------------------------------------------
                          0.00    0.00   clock clk (rise edge)
                          0.00    0.00   clock network delay (propagated)
                          2.00    2.00 v input external delay
                  0.01    0.00    2.00 v reset (in)
     1    0.00                           reset (net)
                  0.01    0.00    2.00 v input9/A (sky130_fd_sc_hd__buf_2)
                  0.08    0.15    2.15 v input9/X (sky130_fd_sc_hd__buf_2)
     7    0.03                           net9 (net)
                  0.08    0.00    2.16 v _281_/A (sky130_fd_sc_hd__buf_4)
                  0.08    0.20    2.35 v _281_/X (sky130_fd_sc_hd__buf_4)
    10    0.06                           _145_ (net)
                  0.08    0.00    2.36 v _288_/A (sky130_fd_sc_hd__inv_2)
                  0.03    0.06    2.41 ^ _288_/Y (sky130_fd_sc_hd__inv_2)
     1    0.00                           _029_ (net)
                  0.03    0.00    2.41 ^ _322_/RESET_B (sky130_fd_sc_hd__dfrtp_2)
                                  2.41   data arrival time

                          0.00    0.00   clock clk (rise edge)
                          0.00    0.00   clock source latency
                  0.08    0.06    0.06 ^ clk (in)
     1    0.02                           clk (net)
                  0.08    0.00    0.06 ^ clkbuf_0_clk/A (sky130_fd_sc_hd__clkbuf_16)
                  0.06    0.17    0.22 ^ clkbuf_0_clk/X (sky130_fd_sc_hd__clkbuf_16)
     4    0.04                           clknet_0_clk (net)
                  0.06    0.00    0.23 ^ clkbuf_2_0__f_clk/A (sky130_fd_sc_hd__clkbuf_16)
                  0.05    0.15    0.37 ^ clkbuf_2_0__f_clk/X (sky130_fd_sc_hd__clkbuf_16)
     9    0.03                           clknet_2_0__leaf_clk (net)
                  0.05    0.00    0.37 ^ _322_/CLK (sky130_fd_sc_hd__dfrtp_2)
                          0.25    0.62   clock uncertainty
                          0.00    0.62   clock reconvergence pessimism
                          0.32    0.94   library removal time
                                  0.94   data required time
-----------------------------------------------------------------------------
                                  0.94   data required time
                                 -2.41   data arrival time
-----------------------------------------------------------------------------
                                  1.47   slack (MET)


Startpoint: reset (input port clocked by clk)
Endpoint: _321_ (removal check against rising-edge clock clk)
Path Group: asynchronous
Path Type: min
Corner: Typical

Fanout     Cap    Slew   Delay    Time   Description
-----------------------------------------------------------------------------
                          0.00    0.00   clock clk (rise edge)
                          0.00    0.00   clock network delay (propagated)
                          2.00    2.00 v input external delay
                  0.01    0.00    2.00 v reset (in)
     1    0.00                           reset (net)
                  0.01    0.00    2.00 v input9/A (sky130_fd_sc_hd__buf_2)
                  0.08    0.15    2.15 v input9/X (sky130_fd_sc_hd__buf_2)
     7    0.03                           net9 (net)
                  0.08    0.00    2.16 v _281_/A (sky130_fd_sc_hd__buf_4)
                  0.08    0.20    2.35 v _281_/X (sky130_fd_sc_hd__buf_4)
    10    0.06                           _145_ (net)
                  0.08    0.00    2.36 v _287_/A (sky130_fd_sc_hd__inv_2)
                  0.03    0.06    2.41 ^ _287_/Y (sky130_fd_sc_hd__inv_2)
     1    0.00                           _028_ (net)
                  0.03    0.00    2.41 ^ _321_/RESET_B (sky130_fd_sc_hd__dfrtp_1)
                                  2.41   data arrival time

                          0.00    0.00   clock clk (rise edge)
                          0.00    0.00   clock source latency
                  0.08    0.06    0.06 ^ clk (in)
     1    0.02                           clk (net)
                  0.08    0.00    0.06 ^ clkbuf_0_clk/A (sky130_fd_sc_hd__clkbuf_16)
                  0.06    0.17    0.22 ^ clkbuf_0_clk/X (sky130_fd_sc_hd__clkbuf_16)
     4    0.04                           clknet_0_clk (net)
                  0.06    0.00    0.23 ^ clkbuf_2_0__f_clk/A (sky130_fd_sc_hd__clkbuf_16)
                  0.05    0.15    0.37 ^ clkbuf_2_0__f_clk/X (sky130_fd_sc_hd__clkbuf_16)
     9    0.03                           clknet_2_0__leaf_clk (net)
                  0.05    0.00    0.37 ^ _321_/CLK (sky130_fd_sc_hd__dfrtp_1)
                          0.25    0.62   clock uncertainty
                          0.00    0.62   clock reconvergence pessimism
                          0.32    0.94   library removal time
                                  0.94   data required time
-----------------------------------------------------------------------------
                                  0.94   data required time
                                 -2.41   data arrival time
-----------------------------------------------------------------------------
                                  1.47   slack (MET)


Startpoint: reset (input port clocked by clk)
Endpoint: _319_ (removal check against rising-edge clock clk)
Path Group: asynchronous
Path Type: min
Corner: Typical

Fanout     Cap    Slew   Delay    Time   Description
-----------------------------------------------------------------------------
                          0.00    0.00   clock clk (rise edge)
                          0.00    0.00   clock network delay (propagated)
                          2.00    2.00 v input external delay
                  0.01    0.00    2.00 v reset (in)
     1    0.00                           reset (net)
                  0.01    0.00    2.00 v input9/A (sky130_fd_sc_hd__buf_2)
                  0.08    0.15    2.15 v input9/X (sky130_fd_sc_hd__buf_2)
     7    0.03                           net9 (net)
                  0.08    0.00    2.16 v _281_/A (sky130_fd_sc_hd__buf_4)
                  0.08    0.20    2.35 v _281_/X (sky130_fd_sc_hd__buf_4)
    10    0.06                           _145_ (net)
                  0.08    0.00    2.36 v _285_/A (sky130_fd_sc_hd__inv_2)
                  0.03    0.06    2.41 ^ _285_/Y (sky130_fd_sc_hd__inv_2)
     1    0.00                           _026_ (net)
                  0.03    0.00    2.41 ^ _319_/RESET_B (sky130_fd_sc_hd__dfrtp_1)
                                  2.41   data arrival time

                          0.00    0.00   clock clk (rise edge)
                          0.00    0.00   clock source latency
                  0.08    0.06    0.06 ^ clk (in)
     1    0.02                           clk (net)
                  0.08    0.00    0.06 ^ clkbuf_0_clk/A (sky130_fd_sc_hd__clkbuf_16)
                  0.06    0.17    0.22 ^ clkbuf_0_clk/X (sky130_fd_sc_hd__clkbuf_16)
     4    0.04                           clknet_0_clk (net)
                  0.06    0.00    0.23 ^ clkbuf_2_0__f_clk/A (sky130_fd_sc_hd__clkbuf_16)
                  0.05    0.15    0.37 ^ clkbuf_2_0__f_clk/X (sky130_fd_sc_hd__clkbuf_16)
     9    0.03                           clknet_2_0__leaf_clk (net)
                  0.05    0.00    0.37 ^ _319_/CLK (sky130_fd_sc_hd__dfrtp_1)
                          0.25    0.62   clock uncertainty
                          0.00    0.62   clock reconvergence pessimism
                          0.32    0.94   library removal time
                                  0.94   data required time
-----------------------------------------------------------------------------
                                  0.94   data required time
                                 -2.41   data arrival time
-----------------------------------------------------------------------------
                                  1.47   slack (MET)


Startpoint: reset (input port clocked by clk)
Endpoint: _302_ (removal check against rising-edge clock clk)
Path Group: asynchronous
Path Type: min
Corner: Typical

Fanout     Cap    Slew   Delay    Time   Description
-----------------------------------------------------------------------------
                          0.00    0.00   clock clk (rise edge)
                          0.00    0.00   clock network delay (propagated)
                          2.00    2.00 v input external delay
                  0.01    0.00    2.00 v reset (in)
     1    0.00                           reset (net)
                  0.01    0.00    2.00 v input9/A (sky130_fd_sc_hd__buf_2)
                  0.08    0.15    2.15 v input9/X (sky130_fd_sc_hd__buf_2)
     7    0.03                           net9 (net)
                  0.08    0.00    2.16 v _259_/A (sky130_fd_sc_hd__buf_4)
                  0.08    0.20    2.35 v _259_/X (sky130_fd_sc_hd__buf_4)
    10    0.06                           _143_ (net)
                  0.08    0.00    2.35 v _266_/A (sky130_fd_sc_hd__inv_2)
                  0.03    0.05    2.41 ^ _266_/Y (sky130_fd_sc_hd__inv_2)
     1    0.00                           _043_ (net)
                  0.03    0.00    2.41 ^ _302_/RESET_B (sky130_fd_sc_hd__dfrtp_1)
                                  2.41   data arrival time

                          0.00    0.00   clock clk (rise edge)
                          0.00    0.00   clock source latency
                  0.08    0.06    0.06 ^ clk (in)
     1    0.02                           clk (net)
                  0.08    0.00    0.06 ^ clkbuf_0_clk/A (sky130_fd_sc_hd__clkbuf_16)
                  0.06    0.17    0.22 ^ clkbuf_0_clk/X (sky130_fd_sc_hd__clkbuf_16)
     4    0.04                           clknet_0_clk (net)
                  0.06    0.00    0.23 ^ clkbuf_2_3__f_clk/A (sky130_fd_sc_hd__clkbuf_16)
                  0.05    0.14    0.37 ^ clkbuf_2_3__f_clk/X (sky130_fd_sc_hd__clkbuf_16)
     8    0.03                           clknet_2_3__leaf_clk (net)
                  0.05    0.00    0.37 ^ _302_/CLK (sky130_fd_sc_hd__dfrtp_1)
                          0.25    0.62   clock uncertainty
                          0.00    0.62   clock reconvergence pessimism
                          0.32    0.94   library removal time
                                  0.94   data required time
-----------------------------------------------------------------------------
                                  0.94   data required time
                                 -2.41   data arrival time
-----------------------------------------------------------------------------
                                  1.47   slack (MET)


Startpoint: reset (input port clocked by clk)
Endpoint: _301_ (removal check against rising-edge clock clk)
Path Group: asynchronous
Path Type: min
Corner: Typical

Fanout     Cap    Slew   Delay    Time   Description
-----------------------------------------------------------------------------
                          0.00    0.00   clock clk (rise edge)
                          0.00    0.00   clock network delay (propagated)
                          2.00    2.00 v input external delay
                  0.01    0.00    2.00 v reset (in)
     1    0.00                           reset (net)
                  0.01    0.00    2.00 v input9/A (sky130_fd_sc_hd__buf_2)
                  0.08    0.15    2.15 v input9/X (sky130_fd_sc_hd__buf_2)
     7    0.03                           net9 (net)
                  0.08    0.00    2.16 v _259_/A (sky130_fd_sc_hd__buf_4)
                  0.08    0.20    2.35 v _259_/X (sky130_fd_sc_hd__buf_4)
    10    0.06                           _143_ (net)
                  0.08    0.00    2.35 v _265_/A (sky130_fd_sc_hd__inv_2)
                  0.03    0.06    2.41 ^ _265_/Y (sky130_fd_sc_hd__inv_2)
     1    0.00                           _042_ (net)
                  0.03    0.00    2.41 ^ _301_/RESET_B (sky130_fd_sc_hd__dfrtp_2)
                                  2.41   data arrival time

                          0.00    0.00   clock clk (rise edge)
                          0.00    0.00   clock source latency
                  0.08    0.06    0.06 ^ clk (in)
     1    0.02                           clk (net)
                  0.08    0.00    0.06 ^ clkbuf_0_clk/A (sky130_fd_sc_hd__clkbuf_16)
                  0.06    0.17    0.22 ^ clkbuf_0_clk/X (sky130_fd_sc_hd__clkbuf_16)
     4    0.04                           clknet_0_clk (net)
                  0.06    0.00    0.23 ^ clkbuf_2_3__f_clk/A (sky130_fd_sc_hd__clkbuf_16)
                  0.05    0.14    0.37 ^ clkbuf_2_3__f_clk/X (sky130_fd_sc_hd__clkbuf_16)
     8    0.03                           clknet_2_3__leaf_clk (net)
                  0.05    0.00    0.37 ^ _301_/CLK (sky130_fd_sc_hd__dfrtp_2)
                          0.25    0.62   clock uncertainty
                          0.00    0.62   clock reconvergence pessimism
                          0.32    0.94   library removal time
                                  0.94   data required time
-----------------------------------------------------------------------------
                                  0.94   data required time
                                 -2.41   data arrival time
-----------------------------------------------------------------------------
                                  1.47   slack (MET)


Startpoint: reset (input port clocked by clk)
Endpoint: _316_ (removal check against rising-edge clock clk)
Path Group: asynchronous
Path Type: min
Corner: Typical

Fanout     Cap    Slew   Delay    Time   Description
-----------------------------------------------------------------------------
                          0.00    0.00   clock clk (rise edge)
                          0.00    0.00   clock network delay (propagated)
                          2.00    2.00 v input external delay
                  0.01    0.00    2.00 v reset (in)
     1    0.00                           reset (net)
                  0.01    0.00    2.00 v input9/A (sky130_fd_sc_hd__buf_2)
                  0.08    0.15    2.15 v input9/X (sky130_fd_sc_hd__buf_2)
     7    0.03                           net9 (net)
                  0.08    0.00    2.16 v _281_/A (sky130_fd_sc_hd__buf_4)
                  0.08    0.20    2.35 v _281_/X (sky130_fd_sc_hd__buf_4)
    10    0.06                           _145_ (net)
                  0.08    0.00    2.36 v _282_/A (sky130_fd_sc_hd__inv_2)
                  0.04    0.06    2.41 ^ _282_/Y (sky130_fd_sc_hd__inv_2)
     1    0.00                           _023_ (net)
                  0.04    0.00    2.41 ^ _316_/RESET_B (sky130_fd_sc_hd__dfrtp_1)
                                  2.41   data arrival time

                          0.00    0.00   clock clk (rise edge)
                          0.00    0.00   clock source latency
                  0.08    0.06    0.06 ^ clk (in)
     1    0.02                           clk (net)
                  0.08    0.00    0.06 ^ clkbuf_0_clk/A (sky130_fd_sc_hd__clkbuf_16)
                  0.06    0.17    0.22 ^ clkbuf_0_clk/X (sky130_fd_sc_hd__clkbuf_16)
     4    0.04                           clknet_0_clk (net)
                  0.06    0.00    0.23 ^ clkbuf_2_0__f_clk/A (sky130_fd_sc_hd__clkbuf_16)
                  0.05    0.15    0.37 ^ clkbuf_2_0__f_clk/X (sky130_fd_sc_hd__clkbuf_16)
     9    0.03                           clknet_2_0__leaf_clk (net)
                  0.05    0.00    0.37 ^ _316_/CLK (sky130_fd_sc_hd__dfrtp_1)
                          0.25    0.62   clock uncertainty
                          0.00    0.62   clock reconvergence pessimism
                          0.32    0.94   library removal time
                                  0.94   data required time
-----------------------------------------------------------------------------
                                  0.94   data required time
                                 -2.41   data arrival time
-----------------------------------------------------------------------------
                                  1.47   slack (MET)


Startpoint: reset (input port clocked by clk)
Endpoint: _317_ (removal check against rising-edge clock clk)
Path Group: asynchronous
Path Type: min
Corner: Typical

Fanout     Cap    Slew   Delay    Time   Description
-----------------------------------------------------------------------------
                          0.00    0.00   clock clk (rise edge)
                          0.00    0.00   clock network delay (propagated)
                          2.00    2.00 v input external delay
                  0.01    0.00    2.00 v reset (in)
     1    0.00                           reset (net)
                  0.01    0.00    2.00 v input9/A (sky130_fd_sc_hd__buf_2)
                  0.08    0.15    2.15 v input9/X (sky130_fd_sc_hd__buf_2)
     7    0.03                           net9 (net)
                  0.08    0.00    2.16 v _281_/A (sky130_fd_sc_hd__buf_4)
                  0.08    0.20    2.35 v _281_/X (sky130_fd_sc_hd__buf_4)
    10    0.06                           _145_ (net)
                  0.08    0.00    2.36 v _283_/A (sky130_fd_sc_hd__inv_2)
                  0.04    0.06    2.41 ^ _283_/Y (sky130_fd_sc_hd__inv_2)
     1    0.00                           _024_ (net)
                  0.04    0.00    2.42 ^ _317_/RESET_B (sky130_fd_sc_hd__dfrtp_1)
                                  2.42   data arrival time

                          0.00    0.00   clock clk (rise edge)
                          0.00    0.00   clock source latency
                  0.08    0.06    0.06 ^ clk (in)
     1    0.02                           clk (net)
                  0.08    0.00    0.06 ^ clkbuf_0_clk/A (sky130_fd_sc_hd__clkbuf_16)
                  0.06    0.17    0.22 ^ clkbuf_0_clk/X (sky130_fd_sc_hd__clkbuf_16)
     4    0.04                           clknet_0_clk (net)
                  0.06    0.00    0.23 ^ clkbuf_2_0__f_clk/A (sky130_fd_sc_hd__clkbuf_16)
                  0.05    0.15    0.37 ^ clkbuf_2_0__f_clk/X (sky130_fd_sc_hd__clkbuf_16)
     9    0.03                           clknet_2_0__leaf_clk (net)
                  0.05    0.00    0.37 ^ _317_/CLK (sky130_fd_sc_hd__dfrtp_1)
                          0.25    0.62   clock uncertainty
                          0.00    0.62   clock reconvergence pessimism
                          0.32    0.94   library removal time
                                  0.94   data required time
-----------------------------------------------------------------------------
                                  0.94   data required time
                                 -2.42   data arrival time
-----------------------------------------------------------------------------
                                  1.47   slack (MET)


Startpoint: reset (input port clocked by clk)
Endpoint: _314_ (removal check against rising-edge clock clk)
Path Group: asynchronous
Path Type: min
Corner: Typical

Fanout     Cap    Slew   Delay    Time   Description
-----------------------------------------------------------------------------
                          0.00    0.00   clock clk (rise edge)
                          0.00    0.00   clock network delay (propagated)
                          2.00    2.00 v input external delay
                  0.01    0.00    2.00 v reset (in)
     1    0.00                           reset (net)
                  0.01    0.00    2.00 v input9/A (sky130_fd_sc_hd__buf_2)
                  0.08    0.15    2.15 v input9/X (sky130_fd_sc_hd__buf_2)
     7    0.03                           net9 (net)
                  0.08    0.00    2.16 v _270_/A (sky130_fd_sc_hd__buf_4)
                  0.08    0.20    2.36 v _270_/X (sky130_fd_sc_hd__buf_4)
    10    0.06                           _144_ (net)
                  0.08    0.00    2.36 v _279_/A (sky130_fd_sc_hd__inv_2)
                  0.04    0.06    2.42 ^ _279_/Y (sky130_fd_sc_hd__inv_2)
     1    0.00                           _021_ (net)
                  0.04    0.00    2.42 ^ _314_/RESET_B (sky130_fd_sc_hd__dfrtp_4)
                                  2.42   data arrival time

                          0.00    0.00   clock clk (rise edge)
                          0.00    0.00   clock source latency
                  0.08    0.06    0.06 ^ clk (in)
     1    0.02                           clk (net)
                  0.08    0.00    0.06 ^ clkbuf_0_clk/A (sky130_fd_sc_hd__clkbuf_16)
                  0.06    0.17    0.22 ^ clkbuf_0_clk/X (sky130_fd_sc_hd__clkbuf_16)
     4    0.04                           clknet_0_clk (net)
                  0.06    0.00    0.23 ^ clkbuf_2_0__f_clk/A (sky130_fd_sc_hd__clkbuf_16)
                  0.05    0.15    0.37 ^ clkbuf_2_0__f_clk/X (sky130_fd_sc_hd__clkbuf_16)
     9    0.03                           clknet_2_0__leaf_clk (net)
                  0.05    0.00    0.37 ^ _314_/CLK (sky130_fd_sc_hd__dfrtp_4)
                          0.25    0.62   clock uncertainty
                          0.00    0.62   clock reconvergence pessimism
                          0.32    0.94   library removal time
                                  0.94   data required time
-----------------------------------------------------------------------------
                                  0.94   data required time
                                 -2.42   data arrival time
-----------------------------------------------------------------------------
                                  1.48   slack (MET)


Startpoint: reset (input port clocked by clk)
Endpoint: _309_ (removal check against rising-edge clock clk)
Path Group: asynchronous
Path Type: min
Corner: Typical

Fanout     Cap    Slew   Delay    Time   Description
-----------------------------------------------------------------------------
                          0.00    0.00   clock clk (rise edge)
                          0.00    0.00   clock network delay (propagated)
                          2.00    2.00 v input external delay
                  0.01    0.00    2.00 v reset (in)
     1    0.00                           reset (net)
                  0.01    0.00    2.00 v input9/A (sky130_fd_sc_hd__buf_2)
                  0.08    0.15    2.15 v input9/X (sky130_fd_sc_hd__buf_2)
     7    0.03                           net9 (net)
                  0.08    0.00    2.16 v _270_/A (sky130_fd_sc_hd__buf_4)
                  0.08    0.20    2.36 v _270_/X (sky130_fd_sc_hd__buf_4)
    10    0.06                           _144_ (net)
                  0.08    0.00    2.36 v _274_/A (sky130_fd_sc_hd__inv_2)
                  0.03    0.06    2.41 ^ _274_/Y (sky130_fd_sc_hd__inv_2)
     1    0.00                           _050_ (net)
                  0.03    0.00    2.41 ^ _309_/RESET_B (sky130_fd_sc_hd__dfrtp_1)
                                  2.41   data arrival time

                          0.00    0.00   clock clk (rise edge)
                          0.00    0.00   clock source latency
                  0.08    0.06    0.06 ^ clk (in)
     1    0.02                           clk (net)
                  0.08    0.00    0.06 ^ clkbuf_0_clk/A (sky130_fd_sc_hd__clkbuf_16)
                  0.06    0.17    0.22 ^ clkbuf_0_clk/X (sky130_fd_sc_hd__clkbuf_16)
     4    0.04                           clknet_0_clk (net)
                  0.06    0.00    0.23 ^ clkbuf_2_3__f_clk/A (sky130_fd_sc_hd__clkbuf_16)
                  0.05    0.14    0.37 ^ clkbuf_2_3__f_clk/X (sky130_fd_sc_hd__clkbuf_16)
     8    0.03                           clknet_2_3__leaf_clk (net)
                  0.05    0.00    0.37 ^ _309_/CLK (sky130_fd_sc_hd__dfrtp_1)
                          0.25    0.62   clock uncertainty
                          0.00    0.62   clock reconvergence pessimism
                          0.32    0.94   library removal time
                                  0.94   data required time
-----------------------------------------------------------------------------
                                  0.94   data required time
                                 -2.41   data arrival time
-----------------------------------------------------------------------------
                                  1.48   slack (MET)


Startpoint: reset (input port clocked by clk)
Endpoint: _311_ (removal check against rising-edge clock clk)
Path Group: asynchronous
Path Type: min
Corner: Typical

Fanout     Cap    Slew   Delay    Time   Description
-----------------------------------------------------------------------------
                          0.00    0.00   clock clk (rise edge)
                          0.00    0.00   clock network delay (propagated)
                          2.00    2.00 v input external delay
                  0.01    0.00    2.00 v reset (in)
     1    0.00                           reset (net)
                  0.01    0.00    2.00 v input9/A (sky130_fd_sc_hd__buf_2)
                  0.08    0.15    2.15 v input9/X (sky130_fd_sc_hd__buf_2)
     7    0.03                           net9 (net)
                  0.08    0.00    2.16 v _270_/A (sky130_fd_sc_hd__buf_4)
                  0.08    0.20    2.36 v _270_/X (sky130_fd_sc_hd__buf_4)
    10    0.06                           _144_ (net)
                  0.08    0.00    2.36 v _276_/A (sky130_fd_sc_hd__inv_2)
                  0.03    0.06    2.41 ^ _276_/Y (sky130_fd_sc_hd__inv_2)
     1    0.00                           _052_ (net)
                  0.03    0.00    2.41 ^ _311_/RESET_B (sky130_fd_sc_hd__dfrtp_1)
                                  2.41   data arrival time

                          0.00    0.00   clock clk (rise edge)
                          0.00    0.00   clock source latency
                  0.08    0.06    0.06 ^ clk (in)
     1    0.02                           clk (net)
                  0.08    0.00    0.06 ^ clkbuf_0_clk/A (sky130_fd_sc_hd__clkbuf_16)
                  0.06    0.17    0.22 ^ clkbuf_0_clk/X (sky130_fd_sc_hd__clkbuf_16)
     4    0.04                           clknet_0_clk (net)
                  0.06    0.00    0.23 ^ clkbuf_2_3__f_clk/A (sky130_fd_sc_hd__clkbuf_16)
                  0.05    0.14    0.37 ^ clkbuf_2_3__f_clk/X (sky130_fd_sc_hd__clkbuf_16)
     8    0.03                           clknet_2_3__leaf_clk (net)
                  0.05    0.00    0.37 ^ _311_/CLK (sky130_fd_sc_hd__dfrtp_1)
                          0.25    0.62   clock uncertainty
                          0.00    0.62   clock reconvergence pessimism
                          0.32    0.94   library removal time
                                  0.94   data required time
-----------------------------------------------------------------------------
                                  0.94   data required time
                                 -2.41   data arrival time
-----------------------------------------------------------------------------
                                  1.48   slack (MET)


Startpoint: reset (input port clocked by clk)
Endpoint: _310_ (removal check against rising-edge clock clk)
Path Group: asynchronous
Path Type: min
Corner: Typical

Fanout     Cap    Slew   Delay    Time   Description
-----------------------------------------------------------------------------
                          0.00    0.00   clock clk (rise edge)
                          0.00    0.00   clock network delay (propagated)
                          2.00    2.00 v input external delay
                  0.01    0.00    2.00 v reset (in)
     1    0.00                           reset (net)
                  0.01    0.00    2.00 v input9/A (sky130_fd_sc_hd__buf_2)
                  0.08    0.15    2.15 v input9/X (sky130_fd_sc_hd__buf_2)
     7    0.03                           net9 (net)
                  0.08    0.00    2.16 v _270_/A (sky130_fd_sc_hd__buf_4)
                  0.08    0.20    2.36 v _270_/X (sky130_fd_sc_hd__buf_4)
    10    0.06                           _144_ (net)
                  0.08    0.00    2.36 v _275_/A (sky130_fd_sc_hd__inv_2)
                  0.03    0.06    2.41 ^ _275_/Y (sky130_fd_sc_hd__inv_2)
     1    0.00                           _051_ (net)
                  0.03    0.00    2.41 ^ _310_/RESET_B (sky130_fd_sc_hd__dfrtp_1)
                                  2.41   data arrival time

                          0.00    0.00   clock clk (rise edge)
                          0.00    0.00   clock source latency
                  0.08    0.06    0.06 ^ clk (in)
     1    0.02                           clk (net)
                  0.08    0.00    0.06 ^ clkbuf_0_clk/A (sky130_fd_sc_hd__clkbuf_16)
                  0.06    0.17    0.22 ^ clkbuf_0_clk/X (sky130_fd_sc_hd__clkbuf_16)
     4    0.04                           clknet_0_clk (net)
                  0.06    0.00    0.23 ^ clkbuf_2_3__f_clk/A (sky130_fd_sc_hd__clkbuf_16)
                  0.05    0.14    0.37 ^ clkbuf_2_3__f_clk/X (sky130_fd_sc_hd__clkbuf_16)
     8    0.03                           clknet_2_3__leaf_clk (net)
                  0.05    0.00    0.37 ^ _310_/CLK (sky130_fd_sc_hd__dfrtp_1)
                          0.25    0.62   clock uncertainty
                          0.00    0.62   clock reconvergence pessimism
                          0.32    0.94   library removal time
                                  0.94   data required time
-----------------------------------------------------------------------------
                                  0.94   data required time
                                 -2.41   data arrival time
-----------------------------------------------------------------------------
                                  1.48   slack (MET)


Startpoint: reset (input port clocked by clk)
Endpoint: _313_ (removal check against rising-edge clock clk)
Path Group: asynchronous
Path Type: min
Corner: Typical

Fanout     Cap    Slew   Delay    Time   Description
-----------------------------------------------------------------------------
                          0.00    0.00   clock clk (rise edge)
                          0.00    0.00   clock network delay (propagated)
                          2.00    2.00 v input external delay
                  0.01    0.00    2.00 v reset (in)
     1    0.00                           reset (net)
                  0.01    0.00    2.00 v input9/A (sky130_fd_sc_hd__buf_2)
                  0.08    0.15    2.15 v input9/X (sky130_fd_sc_hd__buf_2)
     7    0.03                           net9 (net)
                  0.08    0.00    2.16 v _270_/A (sky130_fd_sc_hd__buf_4)
                  0.08    0.20    2.36 v _270_/X (sky130_fd_sc_hd__buf_4)
    10    0.06                           _144_ (net)
                  0.08    0.00    2.36 v _278_/A (sky130_fd_sc_hd__inv_2)
                  0.03    0.06    2.41 ^ _278_/Y (sky130_fd_sc_hd__inv_2)
     1    0.00                           _020_ (net)
                  0.03    0.00    2.41 ^ _313_/RESET_B (sky130_fd_sc_hd__dfrtp_1)
                                  2.41   data arrival time

                          0.00    0.00   clock clk (rise edge)
                          0.00    0.00   clock source latency
                  0.08    0.06    0.06 ^ clk (in)
     1    0.02                           clk (net)
                  0.08    0.00    0.06 ^ clkbuf_0_clk/A (sky130_fd_sc_hd__clkbuf_16)
                  0.06    0.17    0.22 ^ clkbuf_0_clk/X (sky130_fd_sc_hd__clkbuf_16)
     4    0.04                           clknet_0_clk (net)
                  0.06    0.00    0.23 ^ clkbuf_2_3__f_clk/A (sky130_fd_sc_hd__clkbuf_16)
                  0.05    0.14    0.37 ^ clkbuf_2_3__f_clk/X (sky130_fd_sc_hd__clkbuf_16)
     8    0.03                           clknet_2_3__leaf_clk (net)
                  0.05    0.00    0.37 ^ _313_/CLK (sky130_fd_sc_hd__dfrtp_1)
                          0.25    0.62   clock uncertainty
                          0.00    0.62   clock reconvergence pessimism
                          0.32    0.94   library removal time
                                  0.94   data required time
-----------------------------------------------------------------------------
                                  0.94   data required time
                                 -2.41   data arrival time
-----------------------------------------------------------------------------
                                  1.48   slack (MET)


Startpoint: reset (input port clocked by clk)
Endpoint: _312_ (removal check against rising-edge clock clk)
Path Group: asynchronous
Path Type: min
Corner: Typical

Fanout     Cap    Slew   Delay    Time   Description
-----------------------------------------------------------------------------
                          0.00    0.00   clock clk (rise edge)
                          0.00    0.00   clock network delay (propagated)
                          2.00    2.00 v input external delay
                  0.01    0.00    2.00 v reset (in)
     1    0.00                           reset (net)
                  0.01    0.00    2.00 v input9/A (sky130_fd_sc_hd__buf_2)
                  0.08    0.15    2.15 v input9/X (sky130_fd_sc_hd__buf_2)
     7    0.03                           net9 (net)
                  0.08    0.00    2.16 v _270_/A (sky130_fd_sc_hd__buf_4)
                  0.08    0.20    2.36 v _270_/X (sky130_fd_sc_hd__buf_4)
    10    0.06                           _144_ (net)
                  0.08    0.00    2.36 v _277_/A (sky130_fd_sc_hd__inv_2)
                  0.04    0.06    2.42 ^ _277_/Y (sky130_fd_sc_hd__inv_2)
     1    0.00                           _053_ (net)
                  0.04    0.00    2.42 ^ _312_/RESET_B (sky130_fd_sc_hd__dfrtp_1)
                                  2.42   data arrival time

                          0.00    0.00   clock clk (rise edge)
                          0.00    0.00   clock source latency
                  0.08    0.06    0.06 ^ clk (in)
     1    0.02                           clk (net)
                  0.08    0.00    0.06 ^ clkbuf_0_clk/A (sky130_fd_sc_hd__clkbuf_16)
                  0.06    0.17    0.22 ^ clkbuf_0_clk/X (sky130_fd_sc_hd__clkbuf_16)
     4    0.04                           clknet_0_clk (net)
                  0.06    0.00    0.23 ^ clkbuf_2_3__f_clk/A (sky130_fd_sc_hd__clkbuf_16)
                  0.05    0.14    0.37 ^ clkbuf_2_3__f_clk/X (sky130_fd_sc_hd__clkbuf_16)
     8    0.03                           clknet_2_3__leaf_clk (net)
                  0.05    0.00    0.37 ^ _312_/CLK (sky130_fd_sc_hd__dfrtp_1)
                          0.25    0.62   clock uncertainty
                          0.00    0.62   clock reconvergence pessimism
                          0.32    0.94   library removal time
                                  0.94   data required time
-----------------------------------------------------------------------------
                                  0.94   data required time
                                 -2.42   data arrival time
-----------------------------------------------------------------------------
                                  1.48   slack (MET)


Startpoint: reset (input port clocked by clk)
Endpoint: _297_ (removal check against rising-edge clock clk)
Path Group: asynchronous
Path Type: min
Corner: Typical

Fanout     Cap    Slew   Delay    Time   Description
-----------------------------------------------------------------------------
                          0.00    0.00   clock clk (rise edge)
                          0.00    0.00   clock network delay (propagated)
                          2.00    2.00 v input external delay
                  0.01    0.00    2.00 v reset (in)
     1    0.00                           reset (net)
                  0.01    0.00    2.00 v input9/A (sky130_fd_sc_hd__buf_2)
                  0.08    0.15    2.15 v input9/X (sky130_fd_sc_hd__buf_2)
     7    0.03                           net9 (net)
                  0.08    0.00    2.16 v _259_/A (sky130_fd_sc_hd__buf_4)
                  0.08    0.20    2.35 v _259_/X (sky130_fd_sc_hd__buf_4)
    10    0.06                           _143_ (net)
                  0.08    0.00    2.35 v _261_/A (sky130_fd_sc_hd__inv_2)
                  0.03    0.05    2.41 ^ _261_/Y (sky130_fd_sc_hd__inv_2)
     1    0.00                           _038_ (net)
                  0.03    0.00    2.41 ^ _297_/RESET_B (sky130_fd_sc_hd__dfrtp_4)
                                  2.41   data arrival time

                          0.00    0.00   clock clk (rise edge)
                          0.00    0.00   clock source latency
                  0.08    0.06    0.06 ^ clk (in)
     1    0.02                           clk (net)
                  0.08    0.00    0.06 ^ clkbuf_0_clk/A (sky130_fd_sc_hd__clkbuf_16)
                  0.06    0.17    0.22 ^ clkbuf_0_clk/X (sky130_fd_sc_hd__clkbuf_16)
     4    0.04                           clknet_0_clk (net)
                  0.06    0.00    0.23 ^ clkbuf_2_2__f_clk/A (sky130_fd_sc_hd__clkbuf_16)
                  0.04    0.13    0.36 ^ clkbuf_2_2__f_clk/X (sky130_fd_sc_hd__clkbuf_16)
     6    0.02                           clknet_2_2__leaf_clk (net)
                  0.04    0.00    0.36 ^ _297_/CLK (sky130_fd_sc_hd__dfrtp_4)
                          0.25    0.61   clock uncertainty
                          0.00    0.61   clock reconvergence pessimism
                          0.32    0.93   library removal time
                                  0.93   data required time
-----------------------------------------------------------------------------
                                  0.93   data required time
                                 -2.41   data arrival time
-----------------------------------------------------------------------------
                                  1.48   slack (MET)


Startpoint: reset (input port clocked by clk)
Endpoint: _303_ (removal check against rising-edge clock clk)
Path Group: asynchronous
Path Type: min
Corner: Typical

Fanout     Cap    Slew   Delay    Time   Description
-----------------------------------------------------------------------------
                          0.00    0.00   clock clk (rise edge)
                          0.00    0.00   clock network delay (propagated)
                          2.00    2.00 v input external delay
                  0.01    0.00    2.00 v reset (in)
     1    0.00                           reset (net)
                  0.01    0.00    2.00 v input9/A (sky130_fd_sc_hd__buf_2)
                  0.08    0.15    2.15 v input9/X (sky130_fd_sc_hd__buf_2)
     7    0.03                           net9 (net)
                  0.08    0.00    2.16 v _259_/A (sky130_fd_sc_hd__buf_4)
                  0.08    0.20    2.35 v _259_/X (sky130_fd_sc_hd__buf_4)
    10    0.06                           _143_ (net)
                  0.08    0.00    2.35 v _267_/A (sky130_fd_sc_hd__inv_2)
                  0.03    0.05    2.41 ^ _267_/Y (sky130_fd_sc_hd__inv_2)
     1    0.00                           _044_ (net)
                  0.03    0.00    2.41 ^ _303_/RESET_B (sky130_fd_sc_hd__dfrtp_1)
                                  2.41   data arrival time

                          0.00    0.00   clock clk (rise edge)
                          0.00    0.00   clock source latency
                  0.08    0.06    0.06 ^ clk (in)
     1    0.02                           clk (net)
                  0.08    0.00    0.06 ^ clkbuf_0_clk/A (sky130_fd_sc_hd__clkbuf_16)
                  0.06    0.17    0.22 ^ clkbuf_0_clk/X (sky130_fd_sc_hd__clkbuf_16)
     4    0.04                           clknet_0_clk (net)
                  0.06    0.00    0.23 ^ clkbuf_2_2__f_clk/A (sky130_fd_sc_hd__clkbuf_16)
                  0.04    0.13    0.36 ^ clkbuf_2_2__f_clk/X (sky130_fd_sc_hd__clkbuf_16)
     6    0.02                           clknet_2_2__leaf_clk (net)
                  0.04    0.00    0.36 ^ _303_/CLK (sky130_fd_sc_hd__dfrtp_1)
                          0.25    0.61   clock uncertainty
                          0.00    0.61   clock reconvergence pessimism
                          0.32    0.93   library removal time
                                  0.93   data required time
-----------------------------------------------------------------------------
                                  0.93   data required time
                                 -2.41   data arrival time
-----------------------------------------------------------------------------
                                  1.48   slack (MET)


Startpoint: reset (input port clocked by clk)
Endpoint: _299_ (removal check against rising-edge clock clk)
Path Group: asynchronous
Path Type: min
Corner: Typical

Fanout     Cap    Slew   Delay    Time   Description
-----------------------------------------------------------------------------
                          0.00    0.00   clock clk (rise edge)
                          0.00    0.00   clock network delay (propagated)
                          2.00    2.00 v input external delay
                  0.01    0.00    2.00 v reset (in)
     1    0.00                           reset (net)
                  0.01    0.00    2.00 v input9/A (sky130_fd_sc_hd__buf_2)
                  0.08    0.15    2.15 v input9/X (sky130_fd_sc_hd__buf_2)
     7    0.03                           net9 (net)
                  0.08    0.00    2.16 v _259_/A (sky130_fd_sc_hd__buf_4)
                  0.08    0.20    2.35 v _259_/X (sky130_fd_sc_hd__buf_4)
    10    0.06                           _143_ (net)
                  0.08    0.00    2.35 v _263_/A (sky130_fd_sc_hd__inv_2)
                  0.03    0.05    2.41 ^ _263_/Y (sky130_fd_sc_hd__inv_2)
     1    0.00                           _040_ (net)
                  0.03    0.00    2.41 ^ _299_/RESET_B (sky130_fd_sc_hd__dfrtp_1)
                                  2.41   data arrival time

                          0.00    0.00   clock clk (rise edge)
                          0.00    0.00   clock source latency
                  0.08    0.06    0.06 ^ clk (in)
     1    0.02                           clk (net)
                  0.08    0.00    0.06 ^ clkbuf_0_clk/A (sky130_fd_sc_hd__clkbuf_16)
                  0.06    0.17    0.22 ^ clkbuf_0_clk/X (sky130_fd_sc_hd__clkbuf_16)
     4    0.04                           clknet_0_clk (net)
                  0.06    0.00    0.23 ^ clkbuf_2_2__f_clk/A (sky130_fd_sc_hd__clkbuf_16)
                  0.04    0.13    0.36 ^ clkbuf_2_2__f_clk/X (sky130_fd_sc_hd__clkbuf_16)
     6    0.02                           clknet_2_2__leaf_clk (net)
                  0.04    0.00    0.36 ^ _299_/CLK (sky130_fd_sc_hd__dfrtp_1)
                          0.25    0.61   clock uncertainty
                          0.00    0.61   clock reconvergence pessimism
                          0.32    0.93   library removal time
                                  0.93   data required time
-----------------------------------------------------------------------------
                                  0.93   data required time
                                 -2.41   data arrival time
-----------------------------------------------------------------------------
                                  1.48   slack (MET)


Startpoint: reset (input port clocked by clk)
Endpoint: _305_ (removal check against rising-edge clock clk)
Path Group: asynchronous
Path Type: min
Corner: Typical

Fanout     Cap    Slew   Delay    Time   Description
-----------------------------------------------------------------------------
                          0.00    0.00   clock clk (rise edge)
                          0.00    0.00   clock network delay (propagated)
                          2.00    2.00 v input external delay
                  0.01    0.00    2.00 v reset (in)
     1    0.00                           reset (net)
                  0.01    0.00    2.00 v input9/A (sky130_fd_sc_hd__buf_2)
                  0.08    0.15    2.15 v input9/X (sky130_fd_sc_hd__buf_2)
     7    0.03                           net9 (net)
                  0.08    0.00    2.16 v _259_/A (sky130_fd_sc_hd__buf_4)
                  0.08    0.20    2.35 v _259_/X (sky130_fd_sc_hd__buf_4)
    10    0.06                           _143_ (net)
                  0.08    0.00    2.35 v _269_/A (sky130_fd_sc_hd__inv_2)
                  0.03    0.05    2.41 ^ _269_/Y (sky130_fd_sc_hd__inv_2)
     1    0.00                           _046_ (net)
                  0.03    0.00    2.41 ^ _305_/RESET_B (sky130_fd_sc_hd__dfrtp_1)
                                  2.41   data arrival time

                          0.00    0.00   clock clk (rise edge)
                          0.00    0.00   clock source latency
                  0.08    0.06    0.06 ^ clk (in)
     1    0.02                           clk (net)
                  0.08    0.00    0.06 ^ clkbuf_0_clk/A (sky130_fd_sc_hd__clkbuf_16)
                  0.06    0.17    0.22 ^ clkbuf_0_clk/X (sky130_fd_sc_hd__clkbuf_16)
     4    0.04                           clknet_0_clk (net)
                  0.06    0.00    0.23 ^ clkbuf_2_2__f_clk/A (sky130_fd_sc_hd__clkbuf_16)
                  0.04    0.13    0.36 ^ clkbuf_2_2__f_clk/X (sky130_fd_sc_hd__clkbuf_16)
     6    0.02                           clknet_2_2__leaf_clk (net)
                  0.04    0.00    0.36 ^ _305_/CLK (sky130_fd_sc_hd__dfrtp_1)
                          0.25    0.61   clock uncertainty
                          0.00    0.61   clock reconvergence pessimism
                          0.32    0.93   library removal time
                                  0.93   data required time
-----------------------------------------------------------------------------
                                  0.93   data required time
                                 -2.41   data arrival time
-----------------------------------------------------------------------------
                                  1.48   slack (MET)


Startpoint: reset (input port clocked by clk)
Endpoint: _315_ (removal check against rising-edge clock clk)
Path Group: asynchronous
Path Type: min
Corner: Typical

Fanout     Cap    Slew   Delay    Time   Description
-----------------------------------------------------------------------------
                          0.00    0.00   clock clk (rise edge)
                          0.00    0.00   clock network delay (propagated)
                          2.00    2.00 v input external delay
                  0.01    0.00    2.00 v reset (in)
     1    0.00                           reset (net)
                  0.01    0.00    2.00 v input9/A (sky130_fd_sc_hd__buf_2)
                  0.08    0.15    2.15 v input9/X (sky130_fd_sc_hd__buf_2)
     7    0.03                           net9 (net)
                  0.08    0.00    2.16 v _270_/A (sky130_fd_sc_hd__buf_4)
                  0.08    0.20    2.36 v _270_/X (sky130_fd_sc_hd__buf_4)
    10    0.06                           _144_ (net)
                  0.08    0.00    2.36 v _280_/A (sky130_fd_sc_hd__inv_2)
                  0.03    0.06    2.41 ^ _280_/Y (sky130_fd_sc_hd__inv_2)
     1    0.00                           _022_ (net)
                  0.03    0.00    2.41 ^ _315_/RESET_B (sky130_fd_sc_hd__dfrtp_2)
                                  2.41   data arrival time

                          0.00    0.00   clock clk (rise edge)
                          0.00    0.00   clock source latency
                  0.08    0.06    0.06 ^ clk (in)
     1    0.02                           clk (net)
                  0.08    0.00    0.06 ^ clkbuf_0_clk/A (sky130_fd_sc_hd__clkbuf_16)
                  0.06    0.17    0.22 ^ clkbuf_0_clk/X (sky130_fd_sc_hd__clkbuf_16)
     4    0.04                           clknet_0_clk (net)
                  0.06    0.00    0.23 ^ clkbuf_2_2__f_clk/A (sky130_fd_sc_hd__clkbuf_16)
                  0.04    0.13    0.36 ^ clkbuf_2_2__f_clk/X (sky130_fd_sc_hd__clkbuf_16)
     6    0.02                           clknet_2_2__leaf_clk (net)
                  0.04    0.00    0.36 ^ _315_/CLK (sky130_fd_sc_hd__dfrtp_2)
                          0.25    0.61   clock uncertainty
                          0.00    0.61   clock reconvergence pessimism
                          0.32    0.93   library removal time
                                  0.93   data required time
-----------------------------------------------------------------------------
                                  0.93   data required time
                                 -2.41   data arrival time
-----------------------------------------------------------------------------
                                  1.49   slack (MET)


Startpoint: reset (input port clocked by clk)
Endpoint: _296_ (removal check against rising-edge clock clk)
Path Group: asynchronous
Path Type: min
Corner: Typical

Fanout     Cap    Slew   Delay    Time   Description
-----------------------------------------------------------------------------
                          0.00    0.00   clock clk (rise edge)
                          0.00    0.00   clock network delay (propagated)
                          2.00    2.00 v input external delay
                  0.01    0.00    2.00 v reset (in)
     1    0.00                           reset (net)
                  0.01    0.00    2.00 v input9/A (sky130_fd_sc_hd__buf_2)
                  0.08    0.15    2.15 v input9/X (sky130_fd_sc_hd__buf_2)
     7    0.03                           net9 (net)
                  0.08    0.00    2.16 v _259_/A (sky130_fd_sc_hd__buf_4)
                  0.08    0.20    2.35 v _259_/X (sky130_fd_sc_hd__buf_4)
    10    0.06                           _143_ (net)
                  0.08    0.00    2.35 v _260_/A (sky130_fd_sc_hd__inv_2)
                  0.03    0.05    2.41 ^ _260_/Y (sky130_fd_sc_hd__inv_2)
     1    0.00                           _037_ (net)
                  0.03    0.00    2.41 ^ _296_/SET_B (sky130_fd_sc_hd__dfstp_1)
                                  2.41   data arrival time

                          0.00    0.00   clock clk (rise edge)
                          0.00    0.00   clock source latency
                  0.08    0.06    0.06 ^ clk (in)
     1    0.02                           clk (net)
                  0.08    0.00    0.06 ^ clkbuf_0_clk/A (sky130_fd_sc_hd__clkbuf_16)
                  0.06    0.17    0.22 ^ clkbuf_0_clk/X (sky130_fd_sc_hd__clkbuf_16)
     4    0.04                           clknet_0_clk (net)
                  0.06    0.00    0.23 ^ clkbuf_2_1__f_clk/A (sky130_fd_sc_hd__clkbuf_16)
                  0.05    0.15    0.37 ^ clkbuf_2_1__f_clk/X (sky130_fd_sc_hd__clkbuf_16)
    11    0.03                           clknet_2_1__leaf_clk (net)
                  0.05    0.00    0.38 ^ _296_/CLK (sky130_fd_sc_hd__dfstp_1)
                          0.25    0.63   clock uncertainty
                          0.00    0.63   clock reconvergence pessimism
                          0.16    0.78   library removal time
                                  0.78   data required time
-----------------------------------------------------------------------------
                                  0.78   data required time
                                 -2.41   data arrival time
-----------------------------------------------------------------------------
                                  1.62   slack (MET)


Startpoint: reset (input port clocked by clk)
Endpoint: _304_ (removal check against rising-edge clock clk)
Path Group: asynchronous
Path Type: min
Corner: Typical

Fanout     Cap    Slew   Delay    Time   Description
-----------------------------------------------------------------------------
                          0.00    0.00   clock clk (rise edge)
                          0.00    0.00   clock network delay (propagated)
                          2.00    2.00 v input external delay
                  0.01    0.00    2.00 v reset (in)
     1    0.00                           reset (net)
                  0.01    0.00    2.00 v input9/A (sky130_fd_sc_hd__buf_2)
                  0.08    0.15    2.15 v input9/X (sky130_fd_sc_hd__buf_2)
     7    0.03                           net9 (net)
                  0.08    0.00    2.16 v _259_/A (sky130_fd_sc_hd__buf_4)
                  0.08    0.20    2.35 v _259_/X (sky130_fd_sc_hd__buf_4)
    10    0.06                           _143_ (net)
                  0.08    0.00    2.35 v _268_/A (sky130_fd_sc_hd__inv_2)
                  0.03    0.05    2.41 ^ _268_/Y (sky130_fd_sc_hd__inv_2)
     1    0.00                           _045_ (net)
                  0.03    0.00    2.41 ^ _304_/SET_B (sky130_fd_sc_hd__dfstp_1)
                                  2.41   data arrival time

                          0.00    0.00   clock clk (rise edge)
                          0.00    0.00   clock source latency
                  0.08    0.06    0.06 ^ clk (in)
     1    0.02                           clk (net)
                  0.08    0.00    0.06 ^ clkbuf_0_clk/A (sky130_fd_sc_hd__clkbuf_16)
                  0.06    0.17    0.22 ^ clkbuf_0_clk/X (sky130_fd_sc_hd__clkbuf_16)
     4    0.04                           clknet_0_clk (net)
                  0.06    0.00    0.23 ^ clkbuf_2_2__f_clk/A (sky130_fd_sc_hd__clkbuf_16)
                  0.04    0.13    0.36 ^ clkbuf_2_2__f_clk/X (sky130_fd_sc_hd__clkbuf_16)
     6    0.02                           clknet_2_2__leaf_clk (net)
                  0.04    0.00    0.36 ^ _304_/CLK (sky130_fd_sc_hd__dfstp_1)
                          0.25    0.61   clock uncertainty
                          0.00    0.61   clock reconvergence pessimism
                          0.15    0.76   library removal time
                                  0.76   data required time
-----------------------------------------------------------------------------
                                  0.76   data required time
                                 -2.41   data arrival time
-----------------------------------------------------------------------------
                                  1.64   slack (MET)


Startpoint: _305_ (rising edge-triggered flip-flop clocked by clk)
Endpoint: busy (output port clocked by clk)
Path Group: clk
Path Type: min
Corner: Typical

Fanout     Cap    Slew   Delay    Time   Description
-----------------------------------------------------------------------------
                          0.00    0.00   clock clk (rise edge)
                          0.00    0.00   clock source latency
                  0.08    0.05    0.05 ^ clk (in)
     1    0.02                           clk (net)
                  0.08    0.00    0.05 ^ clkbuf_0_clk/A (sky130_fd_sc_hd__clkbuf_16)
                  0.06    0.15    0.20 ^ clkbuf_0_clk/X (sky130_fd_sc_hd__clkbuf_16)
     4    0.04                           clknet_0_clk (net)
                  0.06    0.00    0.20 ^ clkbuf_2_2__f_clk/A (sky130_fd_sc_hd__clkbuf_16)
                  0.04    0.12    0.33 ^ clkbuf_2_2__f_clk/X (sky130_fd_sc_hd__clkbuf_16)
     6    0.02                           clknet_2_2__leaf_clk (net)
                  0.04    0.00    0.33 ^ _305_/CLK (sky130_fd_sc_hd__dfrtp_1)
                  0.05    0.30    0.63 ^ _305_/Q (sky130_fd_sc_hd__dfrtp_1)
     1    0.00                           net11 (net)
                  0.05    0.00    0.63 ^ output11/A (sky130_fd_sc_hd__clkbuf_4)
                  0.11    0.18    0.81 ^ output11/X (sky130_fd_sc_hd__clkbuf_4)
     1    0.03                           busy (net)
                  0.11    0.00    0.81 ^ busy (out)
                                  0.81   data arrival time

                          0.00    0.00   clock clk (rise edge)
                          0.00    0.00   clock network delay (propagated)
                          0.25    0.25   clock uncertainty
                          0.00    0.25   clock reconvergence pessimism
                         -2.00   -1.75   output external delay
                                 -1.75   data required time
-----------------------------------------------------------------------------
                                 -1.75   data required time
                                 -0.81   data arrival time
-----------------------------------------------------------------------------
                                  2.56   slack (MET)


Startpoint: _304_ (rising edge-triggered flip-flop clocked by clk)
Endpoint: tx (output port clocked by clk)
Path Group: clk
Path Type: min
Corner: Typical

Fanout     Cap    Slew   Delay    Time   Description
-----------------------------------------------------------------------------
                          0.00    0.00   clock clk (rise edge)
                          0.00    0.00   clock source latency
                  0.08    0.05    0.05 ^ clk (in)
     1    0.02                           clk (net)
                  0.08    0.00    0.05 ^ clkbuf_0_clk/A (sky130_fd_sc_hd__clkbuf_16)
                  0.06    0.15    0.20 ^ clkbuf_0_clk/X (sky130_fd_sc_hd__clkbuf_16)
     4    0.04                           clknet_0_clk (net)
                  0.06    0.00    0.20 ^ clkbuf_2_2__f_clk/A (sky130_fd_sc_hd__clkbuf_16)
                  0.04    0.12    0.33 ^ clkbuf_2_2__f_clk/X (sky130_fd_sc_hd__clkbuf_16)
     6    0.02                           clknet_2_2__leaf_clk (net)
                  0.04    0.00    0.33 ^ _304_/CLK (sky130_fd_sc_hd__dfstp_1)
                  0.04    0.34    0.67 v _304_/Q (sky130_fd_sc_hd__dfstp_1)
     1    0.01                           net12 (net)
                  0.04    0.00    0.67 v output12/A (sky130_fd_sc_hd__clkbuf_4)
                  0.08    0.17    0.84 v output12/X (sky130_fd_sc_hd__clkbuf_4)
     1    0.03                           tx (net)
                  0.08    0.00    0.84 v tx (out)
                                  0.84   data arrival time

                          0.00    0.00   clock clk (rise edge)
                          0.00    0.00   clock network delay (propagated)
                          0.25    0.25   clock uncertainty
                          0.00    0.25   clock reconvergence pessimism
                         -2.00   -1.75   output external delay
                                 -1.75   data required time
-----------------------------------------------------------------------------
                                 -1.75   data required time
                                 -0.84   data arrival time
-----------------------------------------------------------------------------
                                  2.59   slack (MET)



