
===========================================================================
report_checks -path_delay max (Setup)
============================================================================
======================= Fastest Corner ===================================

Startpoint: _304_ (rising edge-triggered flip-flop clocked by clk)
Endpoint: tx (output port clocked by clk)
Path Group: clk
Path Type: max
Corner: Fastest

Fanout     Cap    Slew   Delay    Time   Description
-----------------------------------------------------------------------------
                          0.00    0.00   clock clk (rise edge)
                          0.00    0.00   clock source latency
                  0.07    0.05    0.05 ^ clk (in)
     1    0.02                           clk (net)
                  0.07    0.00    0.05 ^ clkbuf_0_clk/A (sky130_fd_sc_hd__clkbuf_16)
                  0.05    0.11    0.16 ^ clkbuf_0_clk/X (sky130_fd_sc_hd__clkbuf_16)
     4    0.05                           clknet_0_clk (net)
                  0.05    0.00    0.17 ^ clkbuf_2_2__f_clk/A (sky130_fd_sc_hd__clkbuf_16)
                  0.03    0.09    0.26 ^ clkbuf_2_2__f_clk/X (sky130_fd_sc_hd__clkbuf_16)
     6    0.02                           clknet_2_2__leaf_clk (net)
                  0.03    0.00    0.26 ^ _304_/CLK (sky130_fd_sc_hd__dfstp_1)
                  0.06    0.34    0.60 ^ _304_/Q (sky130_fd_sc_hd__dfstp_1)
     1    0.01                           net12 (net)
                  0.06    0.00    0.60 ^ output12/A (sky130_fd_sc_hd__clkbuf_4)
                  0.08    0.14    0.74 ^ output12/X (sky130_fd_sc_hd__clkbuf_4)
     1    0.03                           tx (net)
                  0.08    0.00    0.74 ^ tx (out)
                                  0.74   data arrival time

                         10.00   10.00   clock clk (rise edge)
                          0.00   10.00   clock network delay (propagated)
                         -0.25    9.75   clock uncertainty
                          0.00    9.75   clock reconvergence pessimism
                         -2.00    7.75   output external delay
                                  7.75   data required time
-----------------------------------------------------------------------------
                                  7.75   data required time
                                 -0.74   data arrival time
-----------------------------------------------------------------------------
                                  7.01   slack (MET)


Startpoint: _305_ (rising edge-triggered flip-flop clocked by clk)
Endpoint: busy (output port clocked by clk)
Path Group: clk
Path Type: max
Corner: Fastest

Fanout     Cap    Slew   Delay    Time   Description
-----------------------------------------------------------------------------
                          0.00    0.00   clock clk (rise edge)
                          0.00    0.00   clock source latency
                  0.07    0.05    0.05 ^ clk (in)
     1    0.02                           clk (net)
                  0.07    0.00    0.05 ^ clkbuf_0_clk/A (sky130_fd_sc_hd__clkbuf_16)
                  0.05    0.11    0.16 ^ clkbuf_0_clk/X (sky130_fd_sc_hd__clkbuf_16)
     4    0.05                           clknet_0_clk (net)
                  0.05    0.00    0.17 ^ clkbuf_2_2__f_clk/A (sky130_fd_sc_hd__clkbuf_16)
                  0.03    0.09    0.26 ^ clkbuf_2_2__f_clk/X (sky130_fd_sc_hd__clkbuf_16)
     6    0.02                           clknet_2_2__leaf_clk (net)
                  0.03    0.00    0.26 ^ _305_/CLK (sky130_fd_sc_hd__dfrtp_1)
                  0.03    0.24    0.50 v _305_/Q (sky130_fd_sc_hd__dfrtp_1)
     1    0.00                           net11 (net)
                  0.03    0.00    0.50 v output11/A (sky130_fd_sc_hd__clkbuf_4)
                  0.06    0.13    0.63 v output11/X (sky130_fd_sc_hd__clkbuf_4)
     1    0.03                           busy (net)
                  0.06    0.00    0.63 v busy (out)
                                  0.63   data arrival time

                         10.00   10.00   clock clk (rise edge)
                          0.00   10.00   clock network delay (propagated)
                         -0.25    9.75   clock uncertainty
                          0.00    9.75   clock reconvergence pessimism
                         -2.00    7.75   output external delay
                                  7.75   data required time
-----------------------------------------------------------------------------
                                  7.75   data required time
                                 -0.63   data arrival time
-----------------------------------------------------------------------------
                                  7.12   slack (MET)


Startpoint: start (input port clocked by clk)
Endpoint: _305_ (rising edge-triggered flip-flop clocked by clk)
Path Group: clk
Path Type: max
Corner: Fastest

Fanout     Cap    Slew   Delay    Time   Description
-----------------------------------------------------------------------------
                          0.00    0.00   clock clk (rise edge)
                          0.00    0.00   clock network delay (propagated)
                          2.00    2.00 v input external delay
                  0.01    0.00    2.00 v start (in)
     1    0.00                           start (net)
                  0.01    0.00    2.00 v input10/A (sky130_fd_sc_hd__clkbuf_2)
                  0.06    0.10    2.10 v input10/X (sky130_fd_sc_hd__clkbuf_2)
     3    0.02                           net10 (net)
                  0.06    0.00    2.10 v _251_/A0 (sky130_fd_sc_hd__mux2_1)
                  0.04    0.16    2.26 v _251_/X (sky130_fd_sc_hd__mux2_1)
     1    0.00                           _137_ (net)
                  0.04    0.00    2.26 v _252_/C (sky130_fd_sc_hd__or3_1)
                  0.05    0.19    2.45 v _252_/X (sky130_fd_sc_hd__or3_1)
     1    0.00                           _138_ (net)
                  0.05    0.00    2.45 v _253_/A (sky130_fd_sc_hd__clkbuf_1)
                  0.02    0.07    2.52 v _253_/X (sky130_fd_sc_hd__clkbuf_1)
     1    0.00                           _146_ (net)
                  0.02    0.00    2.52 v _305_/D (sky130_fd_sc_hd__dfrtp_1)
                                  2.52   data arrival time

                         10.00   10.00   clock clk (rise edge)
                          0.00   10.00   clock source latency
                  0.07    0.04   10.04 ^ clk (in)
     1    0.02                           clk (net)
                  0.07    0.00   10.04 ^ clkbuf_0_clk/A (sky130_fd_sc_hd__clkbuf_16)
                  0.05    0.10   10.15 ^ clkbuf_0_clk/X (sky130_fd_sc_hd__clkbuf_16)
     4    0.05                           clknet_0_clk (net)
                  0.05    0.00   10.15 ^ clkbuf_2_2__f_clk/A (sky130_fd_sc_hd__clkbuf_16)
                  0.03    0.08   10.23 ^ clkbuf_2_2__f_clk/X (sky130_fd_sc_hd__clkbuf_16)
     6    0.02                           clknet_2_2__leaf_clk (net)
                  0.03    0.00   10.24 ^ _305_/CLK (sky130_fd_sc_hd__dfrtp_1)
                         -0.25    9.99   clock uncertainty
                          0.00    9.99   clock reconvergence pessimism
                         -0.07    9.92   library setup time
                                  9.92   data required time
-----------------------------------------------------------------------------
                                  9.92   data required time
                                 -2.52   data arrival time
-----------------------------------------------------------------------------
                                  7.40   slack (MET)


Startpoint: start (input port clocked by clk)
Endpoint: _312_ (rising edge-triggered flip-flop clocked by clk)
Path Group: clk
Path Type: max
Corner: Fastest

Fanout     Cap    Slew   Delay    Time   Description
-----------------------------------------------------------------------------
                          0.00    0.00   clock clk (rise edge)
                          0.00    0.00   clock network delay (propagated)
                          2.00    2.00 v input external delay
                  0.01    0.00    2.00 v start (in)
     1    0.00                           start (net)
                  0.01    0.00    2.00 v input10/A (sky130_fd_sc_hd__clkbuf_2)
                  0.06    0.10    2.10 v input10/X (sky130_fd_sc_hd__clkbuf_2)
     3    0.02                           net10 (net)
                  0.06    0.00    2.10 v _148_/A (sky130_fd_sc_hd__nand2_4)
                  0.11    0.11    2.22 ^ _148_/Y (sky130_fd_sc_hd__nand2_4)
     9    0.05                           _066_ (net)
                  0.11    0.01    2.22 ^ _151_/S (sky130_fd_sc_hd__mux2_1)
                  0.04    0.20    2.42 v _151_/X (sky130_fd_sc_hd__mux2_1)
     1    0.00                           _068_ (net)
                  0.04    0.00    2.42 v _152_/A (sky130_fd_sc_hd__clkbuf_1)
                  0.02    0.06    2.49 v _152_/X (sky130_fd_sc_hd__clkbuf_1)
     1    0.00                           _064_ (net)
                  0.02    0.00    2.49 v _312_/D (sky130_fd_sc_hd__dfrtp_1)
                                  2.49   data arrival time

                         10.00   10.00   clock clk (rise edge)
                          0.00   10.00   clock source latency
                  0.07    0.04   10.04 ^ clk (in)
     1    0.02                           clk (net)
                  0.07    0.00   10.04 ^ clkbuf_0_clk/A (sky130_fd_sc_hd__clkbuf_16)
                  0.05    0.10   10.15 ^ clkbuf_0_clk/X (sky130_fd_sc_hd__clkbuf_16)
     4    0.05                           clknet_0_clk (net)
                  0.05    0.00   10.15 ^ clkbuf_2_3__f_clk/A (sky130_fd_sc_hd__clkbuf_16)
                  0.04    0.09   10.24 ^ clkbuf_2_3__f_clk/X (sky130_fd_sc_hd__clkbuf_16)
     8    0.03                           clknet_2_3__leaf_clk (net)
                  0.04    0.00   10.24 ^ _312_/CLK (sky130_fd_sc_hd__dfrtp_1)
                         -0.25    9.99   clock uncertainty
                          0.00    9.99   clock reconvergence pessimism
                         -0.07    9.92   library setup time
                                  9.92   data required time
-----------------------------------------------------------------------------
                                  9.92   data required time
                                 -2.49   data arrival time
-----------------------------------------------------------------------------
                                  7.44   slack (MET)


Startpoint: start (input port clocked by clk)
Endpoint: _311_ (rising edge-triggered flip-flop clocked by clk)
Path Group: clk
Path Type: max
Corner: Fastest

Fanout     Cap    Slew   Delay    Time   Description
-----------------------------------------------------------------------------
                          0.00    0.00   clock clk (rise edge)
                          0.00    0.00   clock network delay (propagated)
                          2.00    2.00 v input external delay
                  0.01    0.00    2.00 v start (in)
     1    0.00                           start (net)
                  0.01    0.00    2.00 v input10/A (sky130_fd_sc_hd__clkbuf_2)
                  0.06    0.10    2.10 v input10/X (sky130_fd_sc_hd__clkbuf_2)
     3    0.02                           net10 (net)
                  0.06    0.00    2.10 v _148_/A (sky130_fd_sc_hd__nand2_4)
                  0.11    0.11    2.22 ^ _148_/Y (sky130_fd_sc_hd__nand2_4)
     9    0.05                           _066_ (net)
                  0.11    0.01    2.22 ^ _153_/S (sky130_fd_sc_hd__mux2_1)
                  0.04    0.20    2.43 v _153_/X (sky130_fd_sc_hd__mux2_1)
     1    0.00                           _069_ (net)
                  0.04    0.00    2.43 v _154_/A (sky130_fd_sc_hd__clkbuf_1)
                  0.02    0.06    2.49 v _154_/X (sky130_fd_sc_hd__clkbuf_1)
     1    0.00                           _063_ (net)
                  0.02    0.00    2.49 v _311_/D (sky130_fd_sc_hd__dfrtp_1)
                                  2.49   data arrival time

                         10.00   10.00   clock clk (rise edge)
                          0.00   10.00   clock source latency
                  0.07    0.04   10.04 ^ clk (in)
     1    0.02                           clk (net)
                  0.07    0.00   10.04 ^ clkbuf_0_clk/A (sky130_fd_sc_hd__clkbuf_16)
                  0.05    0.10   10.15 ^ clkbuf_0_clk/X (sky130_fd_sc_hd__clkbuf_16)
     4    0.05                           clknet_0_clk (net)
                  0.05    0.00   10.15 ^ clkbuf_2_3__f_clk/A (sky130_fd_sc_hd__clkbuf_16)
                  0.04    0.09   10.24 ^ clkbuf_2_3__f_clk/X (sky130_fd_sc_hd__clkbuf_16)
     8    0.03                           clknet_2_3__leaf_clk (net)
                  0.04    0.00   10.24 ^ _311_/CLK (sky130_fd_sc_hd__dfrtp_1)
                         -0.25    9.99   clock uncertainty
                          0.00    9.99   clock reconvergence pessimism
                         -0.07    9.93   library setup time
                                  9.93   data required time
-----------------------------------------------------------------------------
                                  9.93   data required time
                                 -2.49   data arrival time
-----------------------------------------------------------------------------
                                  7.44   slack (MET)


Startpoint: start (input port clocked by clk)
Endpoint: _310_ (rising edge-triggered flip-flop clocked by clk)
Path Group: clk
Path Type: max
Corner: Fastest

Fanout     Cap    Slew   Delay    Time   Description
-----------------------------------------------------------------------------
                          0.00    0.00   clock clk (rise edge)
                          0.00    0.00   clock network delay (propagated)
                          2.00    2.00 v input external delay
                  0.01    0.00    2.00 v start (in)
     1    0.00                           start (net)
                  0.01    0.00    2.00 v input10/A (sky130_fd_sc_hd__clkbuf_2)
                  0.06    0.10    2.10 v input10/X (sky130_fd_sc_hd__clkbuf_2)
     3    0.02                           net10 (net)
                  0.06    0.00    2.10 v _148_/A (sky130_fd_sc_hd__nand2_4)
                  0.11    0.11    2.22 ^ _148_/Y (sky130_fd_sc_hd__nand2_4)
     9    0.05                           _066_ (net)
                  0.11    0.00    2.22 ^ _155_/S (sky130_fd_sc_hd__mux2_1)
                  0.04    0.20    2.42 v _155_/X (sky130_fd_sc_hd__mux2_1)
     1    0.00                           _070_ (net)
                  0.04    0.00    2.42 v _156_/A (sky130_fd_sc_hd__clkbuf_1)
                  0.02    0.06    2.48 v _156_/X (sky130_fd_sc_hd__clkbuf_1)
     1    0.00                           _062_ (net)
                  0.02    0.00    2.48 v _310_/D (sky130_fd_sc_hd__dfrtp_1)
                                  2.48   data arrival time

                         10.00   10.00   clock clk (rise edge)
                          0.00   10.00   clock source latency
                  0.07    0.04   10.04 ^ clk (in)
     1    0.02                           clk (net)
                  0.07    0.00   10.04 ^ clkbuf_0_clk/A (sky130_fd_sc_hd__clkbuf_16)
                  0.05    0.10   10.15 ^ clkbuf_0_clk/X (sky130_fd_sc_hd__clkbuf_16)
     4    0.05                           clknet_0_clk (net)
                  0.05    0.00   10.15 ^ clkbuf_2_3__f_clk/A (sky130_fd_sc_hd__clkbuf_16)
                  0.04    0.09   10.24 ^ clkbuf_2_3__f_clk/X (sky130_fd_sc_hd__clkbuf_16)
     8    0.03                           clknet_2_3__leaf_clk (net)
                  0.04    0.00   10.24 ^ _310_/CLK (sky130_fd_sc_hd__dfrtp_1)
                         -0.25    9.99   clock uncertainty
                          0.00    9.99   clock reconvergence pessimism
                         -0.07    9.92   library setup time
                                  9.92   data required time
-----------------------------------------------------------------------------
                                  9.92   data required time
                                 -2.48   data arrival time
-----------------------------------------------------------------------------
                                  7.44   slack (MET)


Startpoint: start (input port clocked by clk)
Endpoint: _306_ (rising edge-triggered flip-flop clocked by clk)
Path Group: clk
Path Type: max
Corner: Fastest

Fanout     Cap    Slew   Delay    Time   Description
-----------------------------------------------------------------------------
                          0.00    0.00   clock clk (rise edge)
                          0.00    0.00   clock network delay (propagated)
                          2.00    2.00 v input external delay
                  0.01    0.00    2.00 v start (in)
     1    0.00                           start (net)
                  0.01    0.00    2.00 v input10/A (sky130_fd_sc_hd__clkbuf_2)
                  0.06    0.10    2.10 v input10/X (sky130_fd_sc_hd__clkbuf_2)
     3    0.02                           net10 (net)
                  0.06    0.00    2.10 v _148_/A (sky130_fd_sc_hd__nand2_4)
                  0.11    0.11    2.22 ^ _148_/Y (sky130_fd_sc_hd__nand2_4)
     9    0.05                           _066_ (net)
                  0.11    0.00    2.22 ^ _163_/S (sky130_fd_sc_hd__mux2_1)
                  0.04    0.20    2.42 v _163_/X (sky130_fd_sc_hd__mux2_1)
     1    0.00                           _074_ (net)
                  0.04    0.00    2.42 v _164_/A (sky130_fd_sc_hd__clkbuf_1)
                  0.02    0.07    2.49 v _164_/X (sky130_fd_sc_hd__clkbuf_1)
     1    0.00                           _058_ (net)
                  0.02    0.00    2.49 v _306_/D (sky130_fd_sc_hd__dfrtp_1)
                                  2.49   data arrival time

                         10.00   10.00   clock clk (rise edge)
                          0.00   10.00   clock source latency
                  0.07    0.04   10.04 ^ clk (in)
     1    0.02                           clk (net)
                  0.07    0.00   10.04 ^ clkbuf_0_clk/A (sky130_fd_sc_hd__clkbuf_16)
                  0.05    0.10   10.15 ^ clkbuf_0_clk/X (sky130_fd_sc_hd__clkbuf_16)
     4    0.05                           clknet_0_clk (net)
                  0.05    0.00   10.15 ^ clkbuf_2_1__f_clk/A (sky130_fd_sc_hd__clkbuf_16)
                  0.04    0.09   10.24 ^ clkbuf_2_1__f_clk/X (sky130_fd_sc_hd__clkbuf_16)
    11    0.03                           clknet_2_1__leaf_clk (net)
                  0.04    0.00   10.25 ^ _306_/CLK (sky130_fd_sc_hd__dfrtp_1)
                         -0.25   10.00   clock uncertainty
                          0.00   10.00   clock reconvergence pessimism
                         -0.07    9.93   library setup time
                                  9.93   data required time
-----------------------------------------------------------------------------
                                  9.93   data required time
                                 -2.49   data arrival time
-----------------------------------------------------------------------------
                                  7.44   slack (MET)


Startpoint: start (input port clocked by clk)
Endpoint: _309_ (rising edge-triggered flip-flop clocked by clk)
Path Group: clk
Path Type: max
Corner: Fastest

Fanout     Cap    Slew   Delay    Time   Description
-----------------------------------------------------------------------------
                          0.00    0.00   clock clk (rise edge)
                          0.00    0.00   clock network delay (propagated)
                          2.00    2.00 v input external delay
                  0.01    0.00    2.00 v start (in)
     1    0.00                           start (net)
                  0.01    0.00    2.00 v input10/A (sky130_fd_sc_hd__clkbuf_2)
                  0.06    0.10    2.10 v input10/X (sky130_fd_sc_hd__clkbuf_2)
     3    0.02                           net10 (net)
                  0.06    0.00    2.10 v _148_/A (sky130_fd_sc_hd__nand2_4)
                  0.11    0.11    2.22 ^ _148_/Y (sky130_fd_sc_hd__nand2_4)
     9    0.05                           _066_ (net)
                  0.11    0.00    2.22 ^ _157_/S (sky130_fd_sc_hd__mux2_1)
                  0.04    0.20    2.42 v _157_/X (sky130_fd_sc_hd__mux2_1)
     1    0.00                           _071_ (net)
                  0.04    0.00    2.42 v _158_/A (sky130_fd_sc_hd__clkbuf_1)
                  0.02    0.06    2.48 v _158_/X (sky130_fd_sc_hd__clkbuf_1)
     1    0.00                           _061_ (net)
                  0.02    0.00    2.48 v _309_/D (sky130_fd_sc_hd__dfrtp_1)
                                  2.48   data arrival time

                         10.00   10.00   clock clk (rise edge)
                          0.00   10.00   clock source latency
                  0.07    0.04   10.04 ^ clk (in)
     1    0.02                           clk (net)
                  0.07    0.00   10.04 ^ clkbuf_0_clk/A (sky130_fd_sc_hd__clkbuf_16)
                  0.05    0.10   10.15 ^ clkbuf_0_clk/X (sky130_fd_sc_hd__clkbuf_16)
     4    0.05                           clknet_0_clk (net)
                  0.05    0.00   10.15 ^ clkbuf_2_3__f_clk/A (sky130_fd_sc_hd__clkbuf_16)
                  0.04    0.09   10.24 ^ clkbuf_2_3__f_clk/X (sky130_fd_sc_hd__clkbuf_16)
     8    0.03                           clknet_2_3__leaf_clk (net)
                  0.04    0.00   10.24 ^ _309_/CLK (sky130_fd_sc_hd__dfrtp_1)
                         -0.25    9.99   clock uncertainty
                          0.00    9.99   clock reconvergence pessimism
                         -0.07    9.93   library setup time
                                  9.93   data required time
-----------------------------------------------------------------------------
                                  9.93   data required time
                                 -2.48   data arrival time
-----------------------------------------------------------------------------
                                  7.44   slack (MET)


Startpoint: start (input port clocked by clk)
Endpoint: _313_ (rising edge-triggered flip-flop clocked by clk)
Path Group: clk
Path Type: max
Corner: Fastest

Fanout     Cap    Slew   Delay    Time   Description
-----------------------------------------------------------------------------
                          0.00    0.00   clock clk (rise edge)
                          0.00    0.00   clock network delay (propagated)
                          2.00    2.00 v input external delay
                  0.01    0.00    2.00 v start (in)
     1    0.00                           start (net)
                  0.01    0.00    2.00 v input10/A (sky130_fd_sc_hd__clkbuf_2)
                  0.06    0.10    2.10 v input10/X (sky130_fd_sc_hd__clkbuf_2)
     3    0.02                           net10 (net)
                  0.06    0.00    2.10 v _148_/A (sky130_fd_sc_hd__nand2_4)
                  0.11    0.11    2.22 ^ _148_/Y (sky130_fd_sc_hd__nand2_4)
     9    0.05                           _066_ (net)
                  0.11    0.01    2.22 ^ _149_/S (sky130_fd_sc_hd__mux2_1)
                  0.04    0.20    2.42 v _149_/X (sky130_fd_sc_hd__mux2_1)
     1    0.00                           _067_ (net)
                  0.04    0.00    2.42 v _150_/A (sky130_fd_sc_hd__clkbuf_1)
                  0.02    0.06    2.48 v _150_/X (sky130_fd_sc_hd__clkbuf_1)
     1    0.00                           _065_ (net)
                  0.02    0.00    2.48 v _313_/D (sky130_fd_sc_hd__dfrtp_1)
                                  2.48   data arrival time

                         10.00   10.00   clock clk (rise edge)
                          0.00   10.00   clock source latency
                  0.07    0.04   10.04 ^ clk (in)
     1    0.02                           clk (net)
                  0.07    0.00   10.04 ^ clkbuf_0_clk/A (sky130_fd_sc_hd__clkbuf_16)
                  0.05    0.10   10.15 ^ clkbuf_0_clk/X (sky130_fd_sc_hd__clkbuf_16)
     4    0.05                           clknet_0_clk (net)
                  0.05    0.00   10.15 ^ clkbuf_2_3__f_clk/A (sky130_fd_sc_hd__clkbuf_16)
                  0.04    0.09   10.24 ^ clkbuf_2_3__f_clk/X (sky130_fd_sc_hd__clkbuf_16)
     8    0.03                           clknet_2_3__leaf_clk (net)
                  0.04    0.00   10.24 ^ _313_/CLK (sky130_fd_sc_hd__dfrtp_1)
                         -0.25    9.99   clock uncertainty
                          0.00    9.99   clock reconvergence pessimism
                         -0.07    9.93   library setup time
                                  9.93   data required time
-----------------------------------------------------------------------------
                                  9.93   data required time
                                 -2.48   data arrival time
-----------------------------------------------------------------------------
                                  7.44   slack (MET)


Startpoint: start (input port clocked by clk)
Endpoint: _308_ (rising edge-triggered flip-flop clocked by clk)
Path Group: clk
Path Type: max
Corner: Fastest

Fanout     Cap    Slew   Delay    Time   Description
-----------------------------------------------------------------------------
                          0.00    0.00   clock clk (rise edge)
                          0.00    0.00   clock network delay (propagated)
                          2.00    2.00 v input external delay
                  0.01    0.00    2.00 v start (in)
     1    0.00                           start (net)
                  0.01    0.00    2.00 v input10/A (sky130_fd_sc_hd__clkbuf_2)
                  0.06    0.10    2.10 v input10/X (sky130_fd_sc_hd__clkbuf_2)
     3    0.02                           net10 (net)
                  0.06    0.00    2.10 v _148_/A (sky130_fd_sc_hd__nand2_4)
                  0.11    0.11    2.22 ^ _148_/Y (sky130_fd_sc_hd__nand2_4)
     9    0.05                           _066_ (net)
                  0.11    0.00    2.22 ^ _159_/S (sky130_fd_sc_hd__mux2_1)
                  0.04    0.20    2.42 v _159_/X (sky130_fd_sc_hd__mux2_1)
     1    0.00                           _072_ (net)
                  0.04    0.00    2.42 v _160_/A (sky130_fd_sc_hd__clkbuf_1)
                  0.02    0.06    2.48 v _160_/X (sky130_fd_sc_hd__clkbuf_1)
     1    0.00                           _060_ (net)
                  0.02    0.00    2.48 v _308_/D (sky130_fd_sc_hd__dfrtp_1)
                                  2.48   data arrival time

                         10.00   10.00   clock clk (rise edge)
                          0.00   10.00   clock source latency
                  0.07    0.04   10.04 ^ clk (in)
     1    0.02                           clk (net)
                  0.07    0.00   10.04 ^ clkbuf_0_clk/A (sky130_fd_sc_hd__clkbuf_16)
                  0.05    0.10   10.15 ^ clkbuf_0_clk/X (sky130_fd_sc_hd__clkbuf_16)
     4    0.05                           clknet_0_clk (net)
                  0.05    0.00   10.15 ^ clkbuf_2_1__f_clk/A (sky130_fd_sc_hd__clkbuf_16)
                  0.04    0.09   10.24 ^ clkbuf_2_1__f_clk/X (sky130_fd_sc_hd__clkbuf_16)
    11    0.03                           clknet_2_1__leaf_clk (net)
                  0.04    0.00   10.25 ^ _308_/CLK (sky130_fd_sc_hd__dfrtp_1)
                         -0.25   10.00   clock uncertainty
                          0.00   10.00   clock reconvergence pessimism
                         -0.07    9.93   library setup time
                                  9.93   data required time
-----------------------------------------------------------------------------
                                  9.93   data required time
                                 -2.48   data arrival time
-----------------------------------------------------------------------------
                                  7.45   slack (MET)


Startpoint: start (input port clocked by clk)
Endpoint: _307_ (rising edge-triggered flip-flop clocked by clk)
Path Group: clk
Path Type: max
Corner: Fastest

Fanout     Cap    Slew   Delay    Time   Description
-----------------------------------------------------------------------------
                          0.00    0.00   clock clk (rise edge)
                          0.00    0.00   clock network delay (propagated)
                          2.00    2.00 v input external delay
                  0.01    0.00    2.00 v start (in)
     1    0.00                           start (net)
                  0.01    0.00    2.00 v input10/A (sky130_fd_sc_hd__clkbuf_2)
                  0.06    0.10    2.10 v input10/X (sky130_fd_sc_hd__clkbuf_2)
     3    0.02                           net10 (net)
                  0.06    0.00    2.10 v _148_/A (sky130_fd_sc_hd__nand2_4)
                  0.11    0.11    2.22 ^ _148_/Y (sky130_fd_sc_hd__nand2_4)
     9    0.05                           _066_ (net)
                  0.11    0.00    2.22 ^ _161_/S (sky130_fd_sc_hd__mux2_1)
                  0.04    0.20    2.42 v _161_/X (sky130_fd_sc_hd__mux2_1)
     1    0.00                           _073_ (net)
                  0.04    0.00    2.42 v _162_/A (sky130_fd_sc_hd__clkbuf_1)
                  0.02    0.06    2.48 v _162_/X (sky130_fd_sc_hd__clkbuf_1)
     1    0.00                           _059_ (net)
                  0.02    0.00    2.48 v _307_/D (sky130_fd_sc_hd__dfrtp_1)
                                  2.48   data arrival time

                         10.00   10.00   clock clk (rise edge)
                          0.00   10.00   clock source latency
                  0.07    0.04   10.04 ^ clk (in)
     1    0.02                           clk (net)
                  0.07    0.00   10.04 ^ clkbuf_0_clk/A (sky130_fd_sc_hd__clkbuf_16)
                  0.05    0.10   10.15 ^ clkbuf_0_clk/X (sky130_fd_sc_hd__clkbuf_16)
     4    0.05                           clknet_0_clk (net)
                  0.05    0.00   10.15 ^ clkbuf_2_1__f_clk/A (sky130_fd_sc_hd__clkbuf_16)
                  0.04    0.09   10.24 ^ clkbuf_2_1__f_clk/X (sky130_fd_sc_hd__clkbuf_16)
    11    0.03                           clknet_2_1__leaf_clk (net)
                  0.04    0.00   10.25 ^ _307_/CLK (sky130_fd_sc_hd__dfrtp_1)
                         -0.25   10.00   clock uncertainty
                          0.00   10.00   clock reconvergence pessimism
                         -0.07    9.93   library setup time
                                  9.93   data required time
-----------------------------------------------------------------------------
                                  9.93   data required time
                                 -2.48   data arrival time
-----------------------------------------------------------------------------
                                  7.45   slack (MET)


Startpoint: start (input port clocked by clk)
Endpoint: _298_ (rising edge-triggered flip-flop clocked by clk)
Path Group: clk
Path Type: max
Corner: Fastest

Fanout     Cap    Slew   Delay    Time   Description
-----------------------------------------------------------------------------
                          0.00    0.00   clock clk (rise edge)
                          0.00    0.00   clock network delay (propagated)
                          2.00    2.00 v input external delay
                  0.01    0.00    2.00 v start (in)
     1    0.00                           start (net)
                  0.01    0.00    2.00 v input10/A (sky130_fd_sc_hd__clkbuf_2)
                  0.06    0.10    2.10 v input10/X (sky130_fd_sc_hd__clkbuf_2)
     3    0.02                           net10 (net)
                  0.06    0.00    2.10 v _148_/A (sky130_fd_sc_hd__nand2_4)
                  0.11    0.11    2.22 ^ _148_/Y (sky130_fd_sc_hd__nand2_4)
     9    0.05                           _066_ (net)
                  0.11    0.00    2.22 ^ _185_/B1_N (sky130_fd_sc_hd__a21bo_1)
                  0.03    0.11    2.33 v _185_/X (sky130_fd_sc_hd__a21bo_1)
     1    0.00                           _018_ (net)
                  0.03    0.00    2.33 v _298_/D (sky130_fd_sc_hd__dfrtp_1)
                                  2.33   data arrival time

                         10.00   10.00   clock clk (rise edge)
                          0.00   10.00   clock source latency
                  0.07    0.04   10.04 ^ clk (in)
     1    0.02                           clk (net)
                  0.07    0.00   10.04 ^ clkbuf_0_clk/A (sky130_fd_sc_hd__clkbuf_16)
                  0.05    0.10   10.15 ^ clkbuf_0_clk/X (sky130_fd_sc_hd__clkbuf_16)
     4    0.05                           clknet_0_clk (net)
                  0.05    0.00   10.15 ^ clkbuf_2_0__f_clk/A (sky130_fd_sc_hd__clkbuf_16)
                  0.04    0.09   10.24 ^ clkbuf_2_0__f_clk/X (sky130_fd_sc_hd__clkbuf_16)
     9    0.03                           clknet_2_0__leaf_clk (net)
                  0.04    0.00   10.25 ^ _298_/CLK (sky130_fd_sc_hd__dfrtp_1)
                         -0.25   10.00   clock uncertainty
                          0.00   10.00   clock reconvergence pessimism
                         -0.07    9.93   library setup time
                                  9.93   data required time
-----------------------------------------------------------------------------
                                  9.93   data required time
                                 -2.33   data arrival time
-----------------------------------------------------------------------------
                                  7.60   slack (MET)


Startpoint: start (input port clocked by clk)
Endpoint: _296_ (rising edge-triggered flip-flop clocked by clk)
Path Group: clk
Path Type: max
Corner: Fastest

Fanout     Cap    Slew   Delay    Time   Description
-----------------------------------------------------------------------------
                          0.00    0.00   clock clk (rise edge)
                          0.00    0.00   clock network delay (propagated)
                          2.00    2.00 ^ input external delay
                  0.02    0.01    2.01 ^ start (in)
     1    0.00                           start (net)
                  0.02    0.00    2.01 ^ input10/A (sky130_fd_sc_hd__clkbuf_2)
                  0.10    0.12    2.13 ^ input10/X (sky130_fd_sc_hd__clkbuf_2)
     3    0.02                           net10 (net)
                  0.10    0.00    2.13 ^ _190_/A (sky130_fd_sc_hd__inv_2)
                  0.02    0.02    2.14 v _190_/Y (sky130_fd_sc_hd__inv_2)
     1    0.00                           _093_ (net)
                  0.02    0.00    2.14 v _191_/A1 (sky130_fd_sc_hd__a22o_1)
                  0.03    0.11    2.25 v _191_/X (sky130_fd_sc_hd__a22o_1)
     1    0.00                           _016_ (net)
                  0.03    0.00    2.25 v _296_/D (sky130_fd_sc_hd__dfstp_1)
                                  2.25   data arrival time

                         10.00   10.00   clock clk (rise edge)
                          0.00   10.00   clock source latency
                  0.07    0.04   10.04 ^ clk (in)
     1    0.02                           clk (net)
                  0.07    0.00   10.04 ^ clkbuf_0_clk/A (sky130_fd_sc_hd__clkbuf_16)
                  0.05    0.10   10.15 ^ clkbuf_0_clk/X (sky130_fd_sc_hd__clkbuf_16)
     4    0.05                           clknet_0_clk (net)
                  0.05    0.00   10.15 ^ clkbuf_2_1__f_clk/A (sky130_fd_sc_hd__clkbuf_16)
                  0.04    0.09   10.24 ^ clkbuf_2_1__f_clk/X (sky130_fd_sc_hd__clkbuf_16)
    11    0.03                           clknet_2_1__leaf_clk (net)
                  0.04    0.00   10.25 ^ _296_/CLK (sky130_fd_sc_hd__dfstp_1)
                         -0.25   10.00   clock uncertainty
                          0.00   10.00   clock reconvergence pessimism
                         -0.04    9.95   library setup time
                                  9.95   data required time
-----------------------------------------------------------------------------
                                  9.95   data required time
                                 -2.25   data arrival time
-----------------------------------------------------------------------------
                                  7.70   slack (MET)


Startpoint: reset (input port clocked by clk)
Endpoint: _304_ (recovery check against rising-edge clock clk)
Path Group: asynchronous
Path Type: max
Corner: Fastest

Fanout     Cap    Slew   Delay    Time   Description
-----------------------------------------------------------------------------
                          0.00    0.00   clock clk (rise edge)
                          0.00    0.00   clock network delay (propagated)
                          2.00    2.00 v input external delay
                  0.00    0.00    2.00 v reset (in)
     1    0.00                           reset (net)
                  0.00    0.00    2.00 v input9/A (sky130_fd_sc_hd__buf_2)
                  0.06    0.11    2.11 v input9/X (sky130_fd_sc_hd__buf_2)
     7    0.03                           net9 (net)
                  0.06    0.00    2.12 v _259_/A (sky130_fd_sc_hd__buf_4)
                  0.06    0.15    2.26 v _259_/X (sky130_fd_sc_hd__buf_4)
    10    0.06                           _143_ (net)
                  0.06    0.00    2.27 v _268_/A (sky130_fd_sc_hd__inv_2)
                  0.03    0.04    2.31 ^ _268_/Y (sky130_fd_sc_hd__inv_2)
     1    0.00                           _045_ (net)
                  0.03    0.00    2.31 ^ _304_/SET_B (sky130_fd_sc_hd__dfstp_1)
                                  2.31   data arrival time

                         10.00   10.00   clock clk (rise edge)
                          0.00   10.00   clock source latency
                  0.07    0.04   10.04 ^ clk (in)
     1    0.02                           clk (net)
                  0.07    0.00   10.04 ^ clkbuf_0_clk/A (sky130_fd_sc_hd__clkbuf_16)
                  0.05    0.10   10.15 ^ clkbuf_0_clk/X (sky130_fd_sc_hd__clkbuf_16)
     4    0.05                           clknet_0_clk (net)
                  0.05    0.00   10.15 ^ clkbuf_2_2__f_clk/A (sky130_fd_sc_hd__clkbuf_16)
                  0.03    0.08   10.23 ^ clkbuf_2_2__f_clk/X (sky130_fd_sc_hd__clkbuf_16)
     6    0.02                           clknet_2_2__leaf_clk (net)
                  0.03    0.00   10.24 ^ _304_/CLK (sky130_fd_sc_hd__dfstp_1)
                         -0.25    9.99   clock uncertainty
                          0.00    9.99   clock reconvergence pessimism
                          0.09   10.07   library recovery time
                                 10.07   data required time
-----------------------------------------------------------------------------
                                 10.07   data required time
                                 -2.31   data arrival time
-----------------------------------------------------------------------------
                                  7.76   slack (MET)


Startpoint: reset (input port clocked by clk)
Endpoint: _296_ (recovery check against rising-edge clock clk)
Path Group: asynchronous
Path Type: max
Corner: Fastest

Fanout     Cap    Slew   Delay    Time   Description
-----------------------------------------------------------------------------
                          0.00    0.00   clock clk (rise edge)
                          0.00    0.00   clock network delay (propagated)
                          2.00    2.00 v input external delay
                  0.00    0.00    2.00 v reset (in)
     1    0.00                           reset (net)
                  0.00    0.00    2.00 v input9/A (sky130_fd_sc_hd__buf_2)
                  0.06    0.11    2.11 v input9/X (sky130_fd_sc_hd__buf_2)
     7    0.03                           net9 (net)
                  0.06    0.00    2.12 v _259_/A (sky130_fd_sc_hd__buf_4)
                  0.06    0.15    2.26 v _259_/X (sky130_fd_sc_hd__buf_4)
    10    0.06                           _143_ (net)
                  0.06    0.00    2.26 v _260_/A (sky130_fd_sc_hd__inv_2)
                  0.03    0.04    2.31 ^ _260_/Y (sky130_fd_sc_hd__inv_2)
     1    0.00                           _037_ (net)
                  0.03    0.00    2.31 ^ _296_/SET_B (sky130_fd_sc_hd__dfstp_1)
                                  2.31   data arrival time

                         10.00   10.00   clock clk (rise edge)
                          0.00   10.00   clock source latency
                  0.07    0.04   10.04 ^ clk (in)
     1    0.02                           clk (net)
                  0.07    0.00   10.04 ^ clkbuf_0_clk/A (sky130_fd_sc_hd__clkbuf_16)
                  0.05    0.10   10.15 ^ clkbuf_0_clk/X (sky130_fd_sc_hd__clkbuf_16)
     4    0.05                           clknet_0_clk (net)
                  0.05    0.00   10.15 ^ clkbuf_2_1__f_clk/A (sky130_fd_sc_hd__clkbuf_16)
                  0.04    0.09   10.24 ^ clkbuf_2_1__f_clk/X (sky130_fd_sc_hd__clkbuf_16)
    11    0.03                           clknet_2_1__leaf_clk (net)
                  0.04    0.00   10.25 ^ _296_/CLK (sky130_fd_sc_hd__dfstp_1)
                         -0.25   10.00   clock uncertainty
                          0.00   10.00   clock reconvergence pessimism
                          0.09   10.08   library recovery time
                                 10.08   data required time
-----------------------------------------------------------------------------
                                 10.08   data required time
                                 -2.31   data arrival time
-----------------------------------------------------------------------------
                                  7.78   slack (MET)


Startpoint: reset (input port clocked by clk)
Endpoint: _315_ (recovery check against rising-edge clock clk)
Path Group: asynchronous
Path Type: max
Corner: Fastest

Fanout     Cap    Slew   Delay    Time   Description
-----------------------------------------------------------------------------
                          0.00    0.00   clock clk (rise edge)
                          0.00    0.00   clock network delay (propagated)
                          2.00    2.00 v input external delay
                  0.00    0.00    2.00 v reset (in)
     1    0.00                           reset (net)
                  0.00    0.00    2.00 v input9/A (sky130_fd_sc_hd__buf_2)
                  0.06    0.11    2.11 v input9/X (sky130_fd_sc_hd__buf_2)
     7    0.03                           net9 (net)
                  0.06    0.00    2.11 v _270_/A (sky130_fd_sc_hd__buf_4)
                  0.07    0.15    2.26 v _270_/X (sky130_fd_sc_hd__buf_4)
    10    0.06                           _144_ (net)
                  0.07    0.01    2.27 v _280_/A (sky130_fd_sc_hd__inv_2)
                  0.03    0.05    2.32 ^ _280_/Y (sky130_fd_sc_hd__inv_2)
     1    0.00                           _022_ (net)
                  0.03    0.00    2.32 ^ _315_/RESET_B (sky130_fd_sc_hd__dfrtp_2)
                                  2.32   data arrival time

                         10.00   10.00   clock clk (rise edge)
                          0.00   10.00   clock source latency
                  0.07    0.04   10.04 ^ clk (in)
     1    0.02                           clk (net)
                  0.07    0.00   10.04 ^ clkbuf_0_clk/A (sky130_fd_sc_hd__clkbuf_16)
                  0.05    0.10   10.15 ^ clkbuf_0_clk/X (sky130_fd_sc_hd__clkbuf_16)
     4    0.05                           clknet_0_clk (net)
                  0.05    0.00   10.15 ^ clkbuf_2_2__f_clk/A (sky130_fd_sc_hd__clkbuf_16)
                  0.03    0.08   10.23 ^ clkbuf_2_2__f_clk/X (sky130_fd_sc_hd__clkbuf_16)
     6    0.02                           clknet_2_2__leaf_clk (net)
                  0.03    0.00   10.24 ^ _315_/CLK (sky130_fd_sc_hd__dfrtp_2)
                         -0.25    9.99   clock uncertainty
                          0.00    9.99   clock reconvergence pessimism
                          0.13   10.12   library recovery time
                                 10.12   data required time
-----------------------------------------------------------------------------
                                 10.12   data required time
                                 -2.32   data arrival time
-----------------------------------------------------------------------------
                                  7.80   slack (MET)


Startpoint: reset (input port clocked by clk)
Endpoint: _314_ (recovery check against rising-edge clock clk)
Path Group: asynchronous
Path Type: max
Corner: Fastest

Fanout     Cap    Slew   Delay    Time   Description
-----------------------------------------------------------------------------
                          0.00    0.00   clock clk (rise edge)
                          0.00    0.00   clock network delay (propagated)
                          2.00    2.00 v input external delay
                  0.00    0.00    2.00 v reset (in)
     1    0.00                           reset (net)
                  0.00    0.00    2.00 v input9/A (sky130_fd_sc_hd__buf_2)
                  0.06    0.11    2.11 v input9/X (sky130_fd_sc_hd__buf_2)
     7    0.03                           net9 (net)
                  0.06    0.00    2.11 v _270_/A (sky130_fd_sc_hd__buf_4)
                  0.07    0.15    2.26 v _270_/X (sky130_fd_sc_hd__buf_4)
    10    0.06                           _144_ (net)
                  0.07    0.01    2.27 v _279_/A (sky130_fd_sc_hd__inv_2)
                  0.03    0.05    2.32 ^ _279_/Y (sky130_fd_sc_hd__inv_2)
     1    0.00                           _021_ (net)
                  0.03    0.00    2.32 ^ _314_/RESET_B (sky130_fd_sc_hd__dfrtp_4)
                                  2.32   data arrival time

                         10.00   10.00   clock clk (rise edge)
                          0.00   10.00   clock source latency
                  0.07    0.04   10.04 ^ clk (in)
     1    0.02                           clk (net)
                  0.07    0.00   10.04 ^ clkbuf_0_clk/A (sky130_fd_sc_hd__clkbuf_16)
                  0.05    0.10   10.15 ^ clkbuf_0_clk/X (sky130_fd_sc_hd__clkbuf_16)
     4    0.05                           clknet_0_clk (net)
                  0.05    0.00   10.15 ^ clkbuf_2_0__f_clk/A (sky130_fd_sc_hd__clkbuf_16)
                  0.04    0.09   10.24 ^ clkbuf_2_0__f_clk/X (sky130_fd_sc_hd__clkbuf_16)
     9    0.03                           clknet_2_0__leaf_clk (net)
                  0.04    0.00   10.24 ^ _314_/CLK (sky130_fd_sc_hd__dfrtp_4)
                         -0.25    9.99   clock uncertainty
                          0.00    9.99   clock reconvergence pessimism
                          0.13   10.13   library recovery time
                                 10.13   data required time
-----------------------------------------------------------------------------
                                 10.13   data required time
                                 -2.32   data arrival time
-----------------------------------------------------------------------------
                                  7.81   slack (MET)


Startpoint: reset (input port clocked by clk)
Endpoint: _297_ (recovery check against rising-edge clock clk)
Path Group: asynchronous
Path Type: max
Corner: Fastest

Fanout     Cap    Slew   Delay    Time   Description
-----------------------------------------------------------------------------
                          0.00    0.00   clock clk (rise edge)
                          0.00    0.00   clock network delay (propagated)
                          2.00    2.00 v input external delay
                  0.00    0.00    2.00 v reset (in)
     1    0.00                           reset (net)
                  0.00    0.00    2.00 v input9/A (sky130_fd_sc_hd__buf_2)
                  0.06    0.11    2.11 v input9/X (sky130_fd_sc_hd__buf_2)
     7    0.03                           net9 (net)
                  0.06    0.00    2.12 v _259_/A (sky130_fd_sc_hd__buf_4)
                  0.06    0.15    2.26 v _259_/X (sky130_fd_sc_hd__buf_4)
    10    0.06                           _143_ (net)
                  0.06    0.00    2.27 v _261_/A (sky130_fd_sc_hd__inv_2)
                  0.03    0.04    2.31 ^ _261_/Y (sky130_fd_sc_hd__inv_2)
     1    0.00                           _038_ (net)
                  0.03    0.00    2.31 ^ _297_/RESET_B (sky130_fd_sc_hd__dfrtp_4)
                                  2.31   data arrival time

                         10.00   10.00   clock clk (rise edge)
                          0.00   10.00   clock source latency
                  0.07    0.04   10.04 ^ clk (in)
     1    0.02                           clk (net)
                  0.07    0.00   10.04 ^ clkbuf_0_clk/A (sky130_fd_sc_hd__clkbuf_16)
                  0.05    0.10   10.15 ^ clkbuf_0_clk/X (sky130_fd_sc_hd__clkbuf_16)
     4    0.05                           clknet_0_clk (net)
                  0.05    0.00   10.15 ^ clkbuf_2_2__f_clk/A (sky130_fd_sc_hd__clkbuf_16)
                  0.03    0.08   10.23 ^ clkbuf_2_2__f_clk/X (sky130_fd_sc_hd__clkbuf_16)
     6    0.02                           clknet_2_2__leaf_clk (net)
                  0.03    0.00   10.24 ^ _297_/CLK (sky130_fd_sc_hd__dfrtp_4)
                         -0.25    9.99   clock uncertainty
                          0.00    9.99   clock reconvergence pessimism
                          0.13   10.12   library recovery time
                                 10.12   data required time
-----------------------------------------------------------------------------
                                 10.12   data required time
                                 -2.31   data arrival time
-----------------------------------------------------------------------------
                                  7.81   slack (MET)


Startpoint: reset (input port clocked by clk)
Endpoint: _301_ (recovery check against rising-edge clock clk)
Path Group: asynchronous
Path Type: max
Corner: Fastest

Fanout     Cap    Slew   Delay    Time   Description
-----------------------------------------------------------------------------
                          0.00    0.00   clock clk (rise edge)
                          0.00    0.00   clock network delay (propagated)
                          2.00    2.00 v input external delay
                  0.00    0.00    2.00 v reset (in)
     1    0.00                           reset (net)
                  0.00    0.00    2.00 v input9/A (sky130_fd_sc_hd__buf_2)
                  0.06    0.11    2.11 v input9/X (sky130_fd_sc_hd__buf_2)
     7    0.03                           net9 (net)
                  0.06    0.00    2.12 v _259_/A (sky130_fd_sc_hd__buf_4)
                  0.06    0.15    2.26 v _259_/X (sky130_fd_sc_hd__buf_4)
    10    0.06                           _143_ (net)
                  0.06    0.00    2.27 v _265_/A (sky130_fd_sc_hd__inv_2)
                  0.03    0.05    2.31 ^ _265_/Y (sky130_fd_sc_hd__inv_2)
     1    0.00                           _042_ (net)
                  0.03    0.00    2.31 ^ _301_/RESET_B (sky130_fd_sc_hd__dfrtp_2)
                                  2.31   data arrival time

                         10.00   10.00   clock clk (rise edge)
                          0.00   10.00   clock source latency
                  0.07    0.04   10.04 ^ clk (in)
     1    0.02                           clk (net)
                  0.07    0.00   10.04 ^ clkbuf_0_clk/A (sky130_fd_sc_hd__clkbuf_16)
                  0.05    0.10   10.15 ^ clkbuf_0_clk/X (sky130_fd_sc_hd__clkbuf_16)
     4    0.05                           clknet_0_clk (net)
                  0.05    0.00   10.15 ^ clkbuf_2_3__f_clk/A (sky130_fd_sc_hd__clkbuf_16)
                  0.04    0.09   10.24 ^ clkbuf_2_3__f_clk/X (sky130_fd_sc_hd__clkbuf_16)
     8    0.03                           clknet_2_3__leaf_clk (net)
                  0.04    0.00   10.24 ^ _301_/CLK (sky130_fd_sc_hd__dfrtp_2)
                         -0.25    9.99   clock uncertainty
                          0.00    9.99   clock reconvergence pessimism
                          0.14   10.13   library recovery time
                                 10.13   data required time
-----------------------------------------------------------------------------
                                 10.13   data required time
                                 -2.31   data arrival time
-----------------------------------------------------------------------------
                                  7.82   slack (MET)


Startpoint: reset (input port clocked by clk)
Endpoint: _300_ (recovery check against rising-edge clock clk)
Path Group: asynchronous
Path Type: max
Corner: Fastest

Fanout     Cap    Slew   Delay    Time   Description
-----------------------------------------------------------------------------
                          0.00    0.00   clock clk (rise edge)
                          0.00    0.00   clock network delay (propagated)
                          2.00    2.00 v input external delay
                  0.00    0.00    2.00 v reset (in)
     1    0.00                           reset (net)
                  0.00    0.00    2.00 v input9/A (sky130_fd_sc_hd__buf_2)
                  0.06    0.11    2.11 v input9/X (sky130_fd_sc_hd__buf_2)
     7    0.03                           net9 (net)
                  0.06    0.00    2.12 v _259_/A (sky130_fd_sc_hd__buf_4)
                  0.06    0.15    2.26 v _259_/X (sky130_fd_sc_hd__buf_4)
    10    0.06                           _143_ (net)
                  0.06    0.00    2.27 v _264_/A (sky130_fd_sc_hd__inv_2)
                  0.03    0.04    2.31 ^ _264_/Y (sky130_fd_sc_hd__inv_2)
     1    0.00                           _041_ (net)
                  0.03    0.00    2.31 ^ _300_/RESET_B (sky130_fd_sc_hd__dfrtp_4)
                                  2.31   data arrival time

                         10.00   10.00   clock clk (rise edge)
                          0.00   10.00   clock source latency
                  0.07    0.04   10.04 ^ clk (in)
     1    0.02                           clk (net)
                  0.07    0.00   10.04 ^ clkbuf_0_clk/A (sky130_fd_sc_hd__clkbuf_16)
                  0.05    0.10   10.15 ^ clkbuf_0_clk/X (sky130_fd_sc_hd__clkbuf_16)
     4    0.05                           clknet_0_clk (net)
                  0.05    0.00   10.15 ^ clkbuf_2_3__f_clk/A (sky130_fd_sc_hd__clkbuf_16)
                  0.04    0.09   10.24 ^ clkbuf_2_3__f_clk/X (sky130_fd_sc_hd__clkbuf_16)
     8    0.03                           clknet_2_3__leaf_clk (net)
                  0.04    0.00   10.24 ^ _300_/CLK (sky130_fd_sc_hd__dfrtp_4)
                         -0.25    9.99   clock uncertainty
                          0.00    9.99   clock reconvergence pessimism
                          0.13   10.13   library recovery time
                                 10.13   data required time
-----------------------------------------------------------------------------
                                 10.13   data required time
                                 -2.31   data arrival time
-----------------------------------------------------------------------------
                                  7.82   slack (MET)


Startpoint: reset (input port clocked by clk)
Endpoint: _322_ (recovery check against rising-edge clock clk)
Path Group: asynchronous
Path Type: max
Corner: Fastest

Fanout     Cap    Slew   Delay    Time   Description
-----------------------------------------------------------------------------
                          0.00    0.00   clock clk (rise edge)
                          0.00    0.00   clock network delay (propagated)
                          2.00    2.00 v input external delay
                  0.00    0.00    2.00 v reset (in)
     1    0.00                           reset (net)
                  0.00    0.00    2.00 v input9/A (sky130_fd_sc_hd__buf_2)
                  0.06    0.11    2.11 v input9/X (sky130_fd_sc_hd__buf_2)
     7    0.03                           net9 (net)
                  0.06    0.00    2.12 v _281_/A (sky130_fd_sc_hd__buf_4)
                  0.07    0.15    2.26 v _281_/X (sky130_fd_sc_hd__buf_4)
    10    0.06                           _145_ (net)
                  0.07    0.00    2.27 v _288_/A (sky130_fd_sc_hd__inv_2)
                  0.03    0.05    2.31 ^ _288_/Y (sky130_fd_sc_hd__inv_2)
     1    0.00                           _029_ (net)
                  0.03    0.00    2.31 ^ _322_/RESET_B (sky130_fd_sc_hd__dfrtp_2)
                                  2.31   data arrival time

                         10.00   10.00   clock clk (rise edge)
                          0.00   10.00   clock source latency
                  0.07    0.04   10.04 ^ clk (in)
     1    0.02                           clk (net)
                  0.07    0.00   10.04 ^ clkbuf_0_clk/A (sky130_fd_sc_hd__clkbuf_16)
                  0.05    0.10   10.15 ^ clkbuf_0_clk/X (sky130_fd_sc_hd__clkbuf_16)
     4    0.05                           clknet_0_clk (net)
                  0.05    0.00   10.15 ^ clkbuf_2_0__f_clk/A (sky130_fd_sc_hd__clkbuf_16)
                  0.04    0.09   10.24 ^ clkbuf_2_0__f_clk/X (sky130_fd_sc_hd__clkbuf_16)
     9    0.03                           clknet_2_0__leaf_clk (net)
                  0.04    0.00   10.24 ^ _322_/CLK (sky130_fd_sc_hd__dfrtp_2)
                         -0.25    9.99   clock uncertainty
                          0.00    9.99   clock reconvergence pessimism
                          0.14   10.13   library recovery time
                                 10.13   data required time
-----------------------------------------------------------------------------
                                 10.13   data required time
                                 -2.31   data arrival time
-----------------------------------------------------------------------------
                                  7.82   slack (MET)


Startpoint: reset (input port clocked by clk)
Endpoint: _312_ (recovery check against rising-edge clock clk)
Path Group: asynchronous
Path Type: max
Corner: Fastest

Fanout     Cap    Slew   Delay    Time   Description
-----------------------------------------------------------------------------
                          0.00    0.00   clock clk (rise edge)
                          0.00    0.00   clock network delay (propagated)
                          2.00    2.00 v input external delay
                  0.00    0.00    2.00 v reset (in)
     1    0.00                           reset (net)
                  0.00    0.00    2.00 v input9/A (sky130_fd_sc_hd__buf_2)
                  0.06    0.11    2.11 v input9/X (sky130_fd_sc_hd__buf_2)
     7    0.03                           net9 (net)
                  0.06    0.00    2.11 v _270_/A (sky130_fd_sc_hd__buf_4)
                  0.07    0.15    2.26 v _270_/X (sky130_fd_sc_hd__buf_4)
    10    0.06                           _144_ (net)
                  0.07    0.01    2.27 v _277_/A (sky130_fd_sc_hd__inv_2)
                  0.03    0.05    2.32 ^ _277_/Y (sky130_fd_sc_hd__inv_2)
     1    0.00                           _053_ (net)
                  0.03    0.00    2.32 ^ _312_/RESET_B (sky130_fd_sc_hd__dfrtp_1)
                                  2.32   data arrival time

                         10.00   10.00   clock clk (rise edge)
                          0.00   10.00   clock source latency
                  0.07    0.04   10.04 ^ clk (in)
     1    0.02                           clk (net)
                  0.07    0.00   10.04 ^ clkbuf_0_clk/A (sky130_fd_sc_hd__clkbuf_16)
                  0.05    0.10   10.15 ^ clkbuf_0_clk/X (sky130_fd_sc_hd__clkbuf_16)
     4    0.05                           clknet_0_clk (net)
                  0.05    0.00   10.15 ^ clkbuf_2_3__f_clk/A (sky130_fd_sc_hd__clkbuf_16)
                  0.04    0.09   10.24 ^ clkbuf_2_3__f_clk/X (sky130_fd_sc_hd__clkbuf_16)
     8    0.03                           clknet_2_3__leaf_clk (net)
                  0.04    0.00   10.24 ^ _312_/CLK (sky130_fd_sc_hd__dfrtp_1)
                         -0.25    9.99   clock uncertainty
                          0.00    9.99   clock reconvergence pessimism
                          0.15   10.14   library recovery time
                                 10.14   data required time
-----------------------------------------------------------------------------
                                 10.14   data required time
                                 -2.32   data arrival time
-----------------------------------------------------------------------------
                                  7.82   slack (MET)


Startpoint: reset (input port clocked by clk)
Endpoint: _305_ (recovery check against rising-edge clock clk)
Path Group: asynchronous
Path Type: max
Corner: Fastest

Fanout     Cap    Slew   Delay    Time   Description
-----------------------------------------------------------------------------
                          0.00    0.00   clock clk (rise edge)
                          0.00    0.00   clock network delay (propagated)
                          2.00    2.00 v input external delay
                  0.00    0.00    2.00 v reset (in)
     1    0.00                           reset (net)
                  0.00    0.00    2.00 v input9/A (sky130_fd_sc_hd__buf_2)
                  0.06    0.11    2.11 v input9/X (sky130_fd_sc_hd__buf_2)
     7    0.03                           net9 (net)
                  0.06    0.00    2.12 v _259_/A (sky130_fd_sc_hd__buf_4)
                  0.06    0.15    2.26 v _259_/X (sky130_fd_sc_hd__buf_4)
    10    0.06                           _143_ (net)
                  0.06    0.00    2.27 v _269_/A (sky130_fd_sc_hd__inv_2)
                  0.03    0.04    2.31 ^ _269_/Y (sky130_fd_sc_hd__inv_2)
     1    0.00                           _046_ (net)
                  0.03    0.00    2.31 ^ _305_/RESET_B (sky130_fd_sc_hd__dfrtp_1)
                                  2.31   data arrival time

                         10.00   10.00   clock clk (rise edge)
                          0.00   10.00   clock source latency
                  0.07    0.04   10.04 ^ clk (in)
     1    0.02                           clk (net)
                  0.07    0.00   10.04 ^ clkbuf_0_clk/A (sky130_fd_sc_hd__clkbuf_16)
                  0.05    0.10   10.15 ^ clkbuf_0_clk/X (sky130_fd_sc_hd__clkbuf_16)
     4    0.05                           clknet_0_clk (net)
                  0.05    0.00   10.15 ^ clkbuf_2_2__f_clk/A (sky130_fd_sc_hd__clkbuf_16)
                  0.03    0.08   10.23 ^ clkbuf_2_2__f_clk/X (sky130_fd_sc_hd__clkbuf_16)
     6    0.02                           clknet_2_2__leaf_clk (net)
                  0.03    0.00   10.24 ^ _305_/CLK (sky130_fd_sc_hd__dfrtp_1)
                         -0.25    9.99   clock uncertainty
                          0.00    9.99   clock reconvergence pessimism
                          0.14   10.13   library recovery time
                                 10.13   data required time
-----------------------------------------------------------------------------
                                 10.13   data required time
                                 -2.31   data arrival time
-----------------------------------------------------------------------------
                                  7.82   slack (MET)


Startpoint: reset (input port clocked by clk)
Endpoint: _299_ (recovery check against rising-edge clock clk)
Path Group: asynchronous
Path Type: max
Corner: Fastest

Fanout     Cap    Slew   Delay    Time   Description
-----------------------------------------------------------------------------
                          0.00    0.00   clock clk (rise edge)
                          0.00    0.00   clock network delay (propagated)
                          2.00    2.00 v input external delay
                  0.00    0.00    2.00 v reset (in)
     1    0.00                           reset (net)
                  0.00    0.00    2.00 v input9/A (sky130_fd_sc_hd__buf_2)
                  0.06    0.11    2.11 v input9/X (sky130_fd_sc_hd__buf_2)
     7    0.03                           net9 (net)
                  0.06    0.00    2.12 v _259_/A (sky130_fd_sc_hd__buf_4)
                  0.06    0.15    2.26 v _259_/X (sky130_fd_sc_hd__buf_4)
    10    0.06                           _143_ (net)
                  0.06    0.00    2.27 v _263_/A (sky130_fd_sc_hd__inv_2)
                  0.03    0.04    2.31 ^ _263_/Y (sky130_fd_sc_hd__inv_2)
     1    0.00                           _040_ (net)
                  0.03    0.00    2.31 ^ _299_/RESET_B (sky130_fd_sc_hd__dfrtp_1)
                                  2.31   data arrival time

                         10.00   10.00   clock clk (rise edge)
                          0.00   10.00   clock source latency
                  0.07    0.04   10.04 ^ clk (in)
     1    0.02                           clk (net)
                  0.07    0.00   10.04 ^ clkbuf_0_clk/A (sky130_fd_sc_hd__clkbuf_16)
                  0.05    0.10   10.15 ^ clkbuf_0_clk/X (sky130_fd_sc_hd__clkbuf_16)
     4    0.05                           clknet_0_clk (net)
                  0.05    0.00   10.15 ^ clkbuf_2_2__f_clk/A (sky130_fd_sc_hd__clkbuf_16)
                  0.03    0.08   10.23 ^ clkbuf_2_2__f_clk/X (sky130_fd_sc_hd__clkbuf_16)
     6    0.02                           clknet_2_2__leaf_clk (net)
                  0.03    0.00   10.24 ^ _299_/CLK (sky130_fd_sc_hd__dfrtp_1)
                         -0.25    9.99   clock uncertainty
                          0.00    9.99   clock reconvergence pessimism
                          0.14   10.13   library recovery time
                                 10.13   data required time
-----------------------------------------------------------------------------
                                 10.13   data required time
                                 -2.31   data arrival time
-----------------------------------------------------------------------------
                                  7.82   slack (MET)


Startpoint: reset (input port clocked by clk)
Endpoint: _303_ (recovery check against rising-edge clock clk)
Path Group: asynchronous
Path Type: max
Corner: Fastest

Fanout     Cap    Slew   Delay    Time   Description
-----------------------------------------------------------------------------
                          0.00    0.00   clock clk (rise edge)
                          0.00    0.00   clock network delay (propagated)
                          2.00    2.00 v input external delay
                  0.00    0.00    2.00 v reset (in)
     1    0.00                           reset (net)
                  0.00    0.00    2.00 v input9/A (sky130_fd_sc_hd__buf_2)
                  0.06    0.11    2.11 v input9/X (sky130_fd_sc_hd__buf_2)
     7    0.03                           net9 (net)
                  0.06    0.00    2.12 v _259_/A (sky130_fd_sc_hd__buf_4)
                  0.06    0.15    2.26 v _259_/X (sky130_fd_sc_hd__buf_4)
    10    0.06                           _143_ (net)
                  0.06    0.00    2.27 v _267_/A (sky130_fd_sc_hd__inv_2)
                  0.03    0.04    2.31 ^ _267_/Y (sky130_fd_sc_hd__inv_2)
     1    0.00                           _044_ (net)
                  0.03    0.00    2.31 ^ _303_/RESET_B (sky130_fd_sc_hd__dfrtp_1)
                                  2.31   data arrival time

                         10.00   10.00   clock clk (rise edge)
                          0.00   10.00   clock source latency
                  0.07    0.04   10.04 ^ clk (in)
     1    0.02                           clk (net)
                  0.07    0.00   10.04 ^ clkbuf_0_clk/A (sky130_fd_sc_hd__clkbuf_16)
                  0.05    0.10   10.15 ^ clkbuf_0_clk/X (sky130_fd_sc_hd__clkbuf_16)
     4    0.05                           clknet_0_clk (net)
                  0.05    0.00   10.15 ^ clkbuf_2_2__f_clk/A (sky130_fd_sc_hd__clkbuf_16)
                  0.03    0.08   10.23 ^ clkbuf_2_2__f_clk/X (sky130_fd_sc_hd__clkbuf_16)
     6    0.02                           clknet_2_2__leaf_clk (net)
                  0.03    0.00   10.24 ^ _303_/CLK (sky130_fd_sc_hd__dfrtp_1)
                         -0.25    9.99   clock uncertainty
                          0.00    9.99   clock reconvergence pessimism
                          0.14   10.13   library recovery time
                                 10.13   data required time
-----------------------------------------------------------------------------
                                 10.13   data required time
                                 -2.31   data arrival time
-----------------------------------------------------------------------------
                                  7.82   slack (MET)


Startpoint: reset (input port clocked by clk)
Endpoint: _313_ (recovery check against rising-edge clock clk)
Path Group: asynchronous
Path Type: max
Corner: Fastest

Fanout     Cap    Slew   Delay    Time   Description
-----------------------------------------------------------------------------
                          0.00    0.00   clock clk (rise edge)
                          0.00    0.00   clock network delay (propagated)
                          2.00    2.00 v input external delay
                  0.00    0.00    2.00 v reset (in)
     1    0.00                           reset (net)
                  0.00    0.00    2.00 v input9/A (sky130_fd_sc_hd__buf_2)
                  0.06    0.11    2.11 v input9/X (sky130_fd_sc_hd__buf_2)
     7    0.03                           net9 (net)
                  0.06    0.00    2.11 v _270_/A (sky130_fd_sc_hd__buf_4)
                  0.07    0.15    2.26 v _270_/X (sky130_fd_sc_hd__buf_4)
    10    0.06                           _144_ (net)
                  0.07    0.01    2.27 v _278_/A (sky130_fd_sc_hd__inv_2)
                  0.03    0.05    2.32 ^ _278_/Y (sky130_fd_sc_hd__inv_2)
     1    0.00                           _020_ (net)
                  0.03    0.00    2.32 ^ _313_/RESET_B (sky130_fd_sc_hd__dfrtp_1)
                                  2.32   data arrival time

                         10.00   10.00   clock clk (rise edge)
                          0.00   10.00   clock source latency
                  0.07    0.04   10.04 ^ clk (in)
     1    0.02                           clk (net)
                  0.07    0.00   10.04 ^ clkbuf_0_clk/A (sky130_fd_sc_hd__clkbuf_16)
                  0.05    0.10   10.15 ^ clkbuf_0_clk/X (sky130_fd_sc_hd__clkbuf_16)
     4    0.05                           clknet_0_clk (net)
                  0.05    0.00   10.15 ^ clkbuf_2_3__f_clk/A (sky130_fd_sc_hd__clkbuf_16)
                  0.04    0.09   10.24 ^ clkbuf_2_3__f_clk/X (sky130_fd_sc_hd__clkbuf_16)
     8    0.03                           clknet_2_3__leaf_clk (net)
                  0.04    0.00   10.24 ^ _313_/CLK (sky130_fd_sc_hd__dfrtp_1)
                         -0.25    9.99   clock uncertainty
                          0.00    9.99   clock reconvergence pessimism
                          0.15   10.14   library recovery time
                                 10.14   data required time
-----------------------------------------------------------------------------
                                 10.14   data required time
                                 -2.32   data arrival time
-----------------------------------------------------------------------------
                                  7.82   slack (MET)


Startpoint: reset (input port clocked by clk)
Endpoint: _310_ (recovery check against rising-edge clock clk)
Path Group: asynchronous
Path Type: max
Corner: Fastest

Fanout     Cap    Slew   Delay    Time   Description
-----------------------------------------------------------------------------
                          0.00    0.00   clock clk (rise edge)
                          0.00    0.00   clock network delay (propagated)
                          2.00    2.00 v input external delay
                  0.00    0.00    2.00 v reset (in)
     1    0.00                           reset (net)
                  0.00    0.00    2.00 v input9/A (sky130_fd_sc_hd__buf_2)
                  0.06    0.11    2.11 v input9/X (sky130_fd_sc_hd__buf_2)
     7    0.03                           net9 (net)
                  0.06    0.00    2.11 v _270_/A (sky130_fd_sc_hd__buf_4)
                  0.07    0.15    2.26 v _270_/X (sky130_fd_sc_hd__buf_4)
    10    0.06                           _144_ (net)
                  0.07    0.01    2.27 v _275_/A (sky130_fd_sc_hd__inv_2)
                  0.03    0.05    2.32 ^ _275_/Y (sky130_fd_sc_hd__inv_2)
     1    0.00                           _051_ (net)
                  0.03    0.00    2.32 ^ _310_/RESET_B (sky130_fd_sc_hd__dfrtp_1)
                                  2.32   data arrival time

                         10.00   10.00   clock clk (rise edge)
                          0.00   10.00   clock source latency
                  0.07    0.04   10.04 ^ clk (in)
     1    0.02                           clk (net)
                  0.07    0.00   10.04 ^ clkbuf_0_clk/A (sky130_fd_sc_hd__clkbuf_16)
                  0.05    0.10   10.15 ^ clkbuf_0_clk/X (sky130_fd_sc_hd__clkbuf_16)
     4    0.05                           clknet_0_clk (net)
                  0.05    0.00   10.15 ^ clkbuf_2_3__f_clk/A (sky130_fd_sc_hd__clkbuf_16)
                  0.04    0.09   10.24 ^ clkbuf_2_3__f_clk/X (sky130_fd_sc_hd__clkbuf_16)
     8    0.03                           clknet_2_3__leaf_clk (net)
                  0.04    0.00   10.24 ^ _310_/CLK (sky130_fd_sc_hd__dfrtp_1)
                         -0.25    9.99   clock uncertainty
                          0.00    9.99   clock reconvergence pessimism
                          0.15   10.14   library recovery time
                                 10.14   data required time
-----------------------------------------------------------------------------
                                 10.14   data required time
                                 -2.32   data arrival time
-----------------------------------------------------------------------------
                                  7.82   slack (MET)


Startpoint: reset (input port clocked by clk)
Endpoint: _317_ (recovery check against rising-edge clock clk)
Path Group: asynchronous
Path Type: max
Corner: Fastest

Fanout     Cap    Slew   Delay    Time   Description
-----------------------------------------------------------------------------
                          0.00    0.00   clock clk (rise edge)
                          0.00    0.00   clock network delay (propagated)
                          2.00    2.00 v input external delay
                  0.00    0.00    2.00 v reset (in)
     1    0.00                           reset (net)
                  0.00    0.00    2.00 v input9/A (sky130_fd_sc_hd__buf_2)
                  0.06    0.11    2.11 v input9/X (sky130_fd_sc_hd__buf_2)
     7    0.03                           net9 (net)
                  0.06    0.00    2.12 v _281_/A (sky130_fd_sc_hd__buf_4)
                  0.07    0.15    2.26 v _281_/X (sky130_fd_sc_hd__buf_4)
    10    0.06                           _145_ (net)
                  0.07    0.00    2.27 v _283_/A (sky130_fd_sc_hd__inv_2)
                  0.03    0.05    2.32 ^ _283_/Y (sky130_fd_sc_hd__inv_2)
     1    0.01                           _024_ (net)
                  0.03    0.00    2.32 ^ _317_/RESET_B (sky130_fd_sc_hd__dfrtp_1)
                                  2.32   data arrival time

                         10.00   10.00   clock clk (rise edge)
                          0.00   10.00   clock source latency
                  0.07    0.04   10.04 ^ clk (in)
     1    0.02                           clk (net)
                  0.07    0.00   10.04 ^ clkbuf_0_clk/A (sky130_fd_sc_hd__clkbuf_16)
                  0.05    0.10   10.15 ^ clkbuf_0_clk/X (sky130_fd_sc_hd__clkbuf_16)
     4    0.05                           clknet_0_clk (net)
                  0.05    0.00   10.15 ^ clkbuf_2_0__f_clk/A (sky130_fd_sc_hd__clkbuf_16)
                  0.04    0.09   10.24 ^ clkbuf_2_0__f_clk/X (sky130_fd_sc_hd__clkbuf_16)
     9    0.03                           clknet_2_0__leaf_clk (net)
                  0.04    0.00   10.24 ^ _317_/CLK (sky130_fd_sc_hd__dfrtp_1)
                         -0.25    9.99   clock uncertainty
                          0.00    9.99   clock reconvergence pessimism
                          0.15   10.14   library recovery time
                                 10.14   data required time
-----------------------------------------------------------------------------
                                 10.14   data required time
                                 -2.32   data arrival time
-----------------------------------------------------------------------------
                                  7.82   slack (MET)


Startpoint: reset (input port clocked by clk)
Endpoint: _311_ (recovery check against rising-edge clock clk)
Path Group: asynchronous
Path Type: max
Corner: Fastest

Fanout     Cap    Slew   Delay    Time   Description
-----------------------------------------------------------------------------
                          0.00    0.00   clock clk (rise edge)
                          0.00    0.00   clock network delay (propagated)
                          2.00    2.00 v input external delay
                  0.00    0.00    2.00 v reset (in)
     1    0.00                           reset (net)
                  0.00    0.00    2.00 v input9/A (sky130_fd_sc_hd__buf_2)
                  0.06    0.11    2.11 v input9/X (sky130_fd_sc_hd__buf_2)
     7    0.03                           net9 (net)
                  0.06    0.00    2.11 v _270_/A (sky130_fd_sc_hd__buf_4)
                  0.07    0.15    2.26 v _270_/X (sky130_fd_sc_hd__buf_4)
    10    0.06                           _144_ (net)
                  0.07    0.01    2.27 v _276_/A (sky130_fd_sc_hd__inv_2)
                  0.03    0.05    2.32 ^ _276_/Y (sky130_fd_sc_hd__inv_2)
     1    0.00                           _052_ (net)
                  0.03    0.00    2.32 ^ _311_/RESET_B (sky130_fd_sc_hd__dfrtp_1)
                                  2.32   data arrival time

                         10.00   10.00   clock clk (rise edge)
                          0.00   10.00   clock source latency
                  0.07    0.04   10.04 ^ clk (in)
     1    0.02                           clk (net)
                  0.07    0.00   10.04 ^ clkbuf_0_clk/A (sky130_fd_sc_hd__clkbuf_16)
                  0.05    0.10   10.15 ^ clkbuf_0_clk/X (sky130_fd_sc_hd__clkbuf_16)
     4    0.05                           clknet_0_clk (net)
                  0.05    0.00   10.15 ^ clkbuf_2_3__f_clk/A (sky130_fd_sc_hd__clkbuf_16)
                  0.04    0.09   10.24 ^ clkbuf_2_3__f_clk/X (sky130_fd_sc_hd__clkbuf_16)
     8    0.03                           clknet_2_3__leaf_clk (net)
                  0.04    0.00   10.24 ^ _311_/CLK (sky130_fd_sc_hd__dfrtp_1)
                         -0.25    9.99   clock uncertainty
                          0.00    9.99   clock reconvergence pessimism
                          0.15   10.14   library recovery time
                                 10.14   data required time
-----------------------------------------------------------------------------
                                 10.14   data required time
                                 -2.32   data arrival time
-----------------------------------------------------------------------------
                                  7.82   slack (MET)


Startpoint: reset (input port clocked by clk)
Endpoint: _309_ (recovery check against rising-edge clock clk)
Path Group: asynchronous
Path Type: max
Corner: Fastest

Fanout     Cap    Slew   Delay    Time   Description
-----------------------------------------------------------------------------
                          0.00    0.00   clock clk (rise edge)
                          0.00    0.00   clock network delay (propagated)
                          2.00    2.00 v input external delay
                  0.00    0.00    2.00 v reset (in)
     1    0.00                           reset (net)
                  0.00    0.00    2.00 v input9/A (sky130_fd_sc_hd__buf_2)
                  0.06    0.11    2.11 v input9/X (sky130_fd_sc_hd__buf_2)
     7    0.03                           net9 (net)
                  0.06    0.00    2.11 v _270_/A (sky130_fd_sc_hd__buf_4)
                  0.07    0.15    2.26 v _270_/X (sky130_fd_sc_hd__buf_4)
    10    0.06                           _144_ (net)
                  0.07    0.01    2.27 v _274_/A (sky130_fd_sc_hd__inv_2)
                  0.03    0.05    2.31 ^ _274_/Y (sky130_fd_sc_hd__inv_2)
     1    0.00                           _050_ (net)
                  0.03    0.00    2.31 ^ _309_/RESET_B (sky130_fd_sc_hd__dfrtp_1)
                                  2.31   data arrival time

                         10.00   10.00   clock clk (rise edge)
                          0.00   10.00   clock source latency
                  0.07    0.04   10.04 ^ clk (in)
     1    0.02                           clk (net)
                  0.07    0.00   10.04 ^ clkbuf_0_clk/A (sky130_fd_sc_hd__clkbuf_16)
                  0.05    0.10   10.15 ^ clkbuf_0_clk/X (sky130_fd_sc_hd__clkbuf_16)
     4    0.05                           clknet_0_clk (net)
                  0.05    0.00   10.15 ^ clkbuf_2_3__f_clk/A (sky130_fd_sc_hd__clkbuf_16)
                  0.04    0.09   10.24 ^ clkbuf_2_3__f_clk/X (sky130_fd_sc_hd__clkbuf_16)
     8    0.03                           clknet_2_3__leaf_clk (net)
                  0.04    0.00   10.24 ^ _309_/CLK (sky130_fd_sc_hd__dfrtp_1)
                         -0.25    9.99   clock uncertainty
                          0.00    9.99   clock reconvergence pessimism
                          0.15   10.14   library recovery time
                                 10.14   data required time
-----------------------------------------------------------------------------
                                 10.14   data required time
                                 -2.31   data arrival time
-----------------------------------------------------------------------------
                                  7.82   slack (MET)


Startpoint: reset (input port clocked by clk)
Endpoint: _316_ (recovery check against rising-edge clock clk)
Path Group: asynchronous
Path Type: max
Corner: Fastest

Fanout     Cap    Slew   Delay    Time   Description
-----------------------------------------------------------------------------
                          0.00    0.00   clock clk (rise edge)
                          0.00    0.00   clock network delay (propagated)
                          2.00    2.00 v input external delay
                  0.00    0.00    2.00 v reset (in)
     1    0.00                           reset (net)
                  0.00    0.00    2.00 v input9/A (sky130_fd_sc_hd__buf_2)
                  0.06    0.11    2.11 v input9/X (sky130_fd_sc_hd__buf_2)
     7    0.03                           net9 (net)
                  0.06    0.00    2.12 v _281_/A (sky130_fd_sc_hd__buf_4)
                  0.07    0.15    2.26 v _281_/X (sky130_fd_sc_hd__buf_4)
    10    0.06                           _145_ (net)
                  0.07    0.01    2.27 v _282_/A (sky130_fd_sc_hd__inv_2)
                  0.03    0.05    2.32 ^ _282_/Y (sky130_fd_sc_hd__inv_2)
     1    0.00                           _023_ (net)
                  0.03    0.00    2.32 ^ _316_/RESET_B (sky130_fd_sc_hd__dfrtp_1)
                                  2.32   data arrival time

                         10.00   10.00   clock clk (rise edge)
                          0.00   10.00   clock source latency
                  0.07    0.04   10.04 ^ clk (in)
     1    0.02                           clk (net)
                  0.07    0.00   10.04 ^ clkbuf_0_clk/A (sky130_fd_sc_hd__clkbuf_16)
                  0.05    0.10   10.15 ^ clkbuf_0_clk/X (sky130_fd_sc_hd__clkbuf_16)
     4    0.05                           clknet_0_clk (net)
                  0.05    0.00   10.15 ^ clkbuf_2_0__f_clk/A (sky130_fd_sc_hd__clkbuf_16)
                  0.04    0.09   10.24 ^ clkbuf_2_0__f_clk/X (sky130_fd_sc_hd__clkbuf_16)
     9    0.03                           clknet_2_0__leaf_clk (net)
                  0.04    0.00   10.24 ^ _316_/CLK (sky130_fd_sc_hd__dfrtp_1)
                         -0.25    9.99   clock uncertainty
                          0.00    9.99   clock reconvergence pessimism
                          0.15   10.14   library recovery time
                                 10.14   data required time
-----------------------------------------------------------------------------
                                 10.14   data required time
                                 -2.32   data arrival time
-----------------------------------------------------------------------------
                                  7.82   slack (MET)


Startpoint: reset (input port clocked by clk)
Endpoint: _306_ (recovery check against rising-edge clock clk)
Path Group: asynchronous
Path Type: max
Corner: Fastest

Fanout     Cap    Slew   Delay    Time   Description
-----------------------------------------------------------------------------
                          0.00    0.00   clock clk (rise edge)
                          0.00    0.00   clock network delay (propagated)
                          2.00    2.00 v input external delay
                  0.00    0.00    2.00 v reset (in)
     1    0.00                           reset (net)
                  0.00    0.00    2.00 v input9/A (sky130_fd_sc_hd__buf_2)
                  0.06    0.11    2.11 v input9/X (sky130_fd_sc_hd__buf_2)
     7    0.03                           net9 (net)
                  0.06    0.00    2.11 v _270_/A (sky130_fd_sc_hd__buf_4)
                  0.07    0.15    2.26 v _270_/X (sky130_fd_sc_hd__buf_4)
    10    0.06                           _144_ (net)
                  0.07    0.01    2.27 v _271_/A (sky130_fd_sc_hd__inv_2)
                  0.03    0.05    2.32 ^ _271_/Y (sky130_fd_sc_hd__inv_2)
     1    0.01                           _047_ (net)
                  0.03    0.00    2.32 ^ _306_/RESET_B (sky130_fd_sc_hd__dfrtp_1)
                                  2.32   data arrival time

                         10.00   10.00   clock clk (rise edge)
                          0.00   10.00   clock source latency
                  0.07    0.04   10.04 ^ clk (in)
     1    0.02                           clk (net)
                  0.07    0.00   10.04 ^ clkbuf_0_clk/A (sky130_fd_sc_hd__clkbuf_16)
                  0.05    0.10   10.15 ^ clkbuf_0_clk/X (sky130_fd_sc_hd__clkbuf_16)
     4    0.05                           clknet_0_clk (net)
                  0.05    0.00   10.15 ^ clkbuf_2_1__f_clk/A (sky130_fd_sc_hd__clkbuf_16)
                  0.04    0.09   10.24 ^ clkbuf_2_1__f_clk/X (sky130_fd_sc_hd__clkbuf_16)
    11    0.03                           clknet_2_1__leaf_clk (net)
                  0.04    0.00   10.25 ^ _306_/CLK (sky130_fd_sc_hd__dfrtp_1)
                         -0.25   10.00   clock uncertainty
                          0.00   10.00   clock reconvergence pessimism
                          0.15   10.14   library recovery time
                                 10.14   data required time
-----------------------------------------------------------------------------
                                 10.14   data required time
                                 -2.32   data arrival time
-----------------------------------------------------------------------------
                                  7.83   slack (MET)


Startpoint: reset (input port clocked by clk)
Endpoint: _319_ (recovery check against rising-edge clock clk)
Path Group: asynchronous
Path Type: max
Corner: Fastest

Fanout     Cap    Slew   Delay    Time   Description
-----------------------------------------------------------------------------
                          0.00    0.00   clock clk (rise edge)
                          0.00    0.00   clock network delay (propagated)
                          2.00    2.00 v input external delay
                  0.00    0.00    2.00 v reset (in)
     1    0.00                           reset (net)
                  0.00    0.00    2.00 v input9/A (sky130_fd_sc_hd__buf_2)
                  0.06    0.11    2.11 v input9/X (sky130_fd_sc_hd__buf_2)
     7    0.03                           net9 (net)
                  0.06    0.00    2.12 v _281_/A (sky130_fd_sc_hd__buf_4)
                  0.07    0.15    2.26 v _281_/X (sky130_fd_sc_hd__buf_4)
    10    0.06                           _145_ (net)
                  0.07    0.00    2.27 v _285_/A (sky130_fd_sc_hd__inv_2)
                  0.03    0.05    2.31 ^ _285_/Y (sky130_fd_sc_hd__inv_2)
     1    0.00                           _026_ (net)
                  0.03    0.00    2.31 ^ _319_/RESET_B (sky130_fd_sc_hd__dfrtp_1)
                                  2.31   data arrival time

                         10.00   10.00   clock clk (rise edge)
                          0.00   10.00   clock source latency
                  0.07    0.04   10.04 ^ clk (in)
     1    0.02                           clk (net)
                  0.07    0.00   10.04 ^ clkbuf_0_clk/A (sky130_fd_sc_hd__clkbuf_16)
                  0.05    0.10   10.15 ^ clkbuf_0_clk/X (sky130_fd_sc_hd__clkbuf_16)
     4    0.05                           clknet_0_clk (net)
                  0.05    0.00   10.15 ^ clkbuf_2_0__f_clk/A (sky130_fd_sc_hd__clkbuf_16)
                  0.04    0.09   10.24 ^ clkbuf_2_0__f_clk/X (sky130_fd_sc_hd__clkbuf_16)
     9    0.03                           clknet_2_0__leaf_clk (net)
                  0.04    0.00   10.24 ^ _319_/CLK (sky130_fd_sc_hd__dfrtp_1)
                         -0.25    9.99   clock uncertainty
                          0.00    9.99   clock reconvergence pessimism
                          0.15   10.14   library recovery time
                                 10.14   data required time
-----------------------------------------------------------------------------
                                 10.14   data required time
                                 -2.31   data arrival time
-----------------------------------------------------------------------------
                                  7.83   slack (MET)


Startpoint: reset (input port clocked by clk)
Endpoint: _321_ (recovery check against rising-edge clock clk)
Path Group: asynchronous
Path Type: max
Corner: Fastest

Fanout     Cap    Slew   Delay    Time   Description
-----------------------------------------------------------------------------
                          0.00    0.00   clock clk (rise edge)
                          0.00    0.00   clock network delay (propagated)
                          2.00    2.00 v input external delay
                  0.00    0.00    2.00 v reset (in)
     1    0.00                           reset (net)
                  0.00    0.00    2.00 v input9/A (sky130_fd_sc_hd__buf_2)
                  0.06    0.11    2.11 v input9/X (sky130_fd_sc_hd__buf_2)
     7    0.03                           net9 (net)
                  0.06    0.00    2.12 v _281_/A (sky130_fd_sc_hd__buf_4)
                  0.07    0.15    2.26 v _281_/X (sky130_fd_sc_hd__buf_4)
    10    0.06                           _145_ (net)
                  0.07    0.00    2.27 v _287_/A (sky130_fd_sc_hd__inv_2)
                  0.03    0.05    2.31 ^ _287_/Y (sky130_fd_sc_hd__inv_2)
     1    0.00                           _028_ (net)
                  0.03    0.00    2.31 ^ _321_/RESET_B (sky130_fd_sc_hd__dfrtp_1)
                                  2.31   data arrival time

                         10.00   10.00   clock clk (rise edge)
                          0.00   10.00   clock source latency
                  0.07    0.04   10.04 ^ clk (in)
     1    0.02                           clk (net)
                  0.07    0.00   10.04 ^ clkbuf_0_clk/A (sky130_fd_sc_hd__clkbuf_16)
                  0.05    0.10   10.15 ^ clkbuf_0_clk/X (sky130_fd_sc_hd__clkbuf_16)
     4    0.05                           clknet_0_clk (net)
                  0.05    0.00   10.15 ^ clkbuf_2_0__f_clk/A (sky130_fd_sc_hd__clkbuf_16)
                  0.04    0.09   10.24 ^ clkbuf_2_0__f_clk/X (sky130_fd_sc_hd__clkbuf_16)
     9    0.03                           clknet_2_0__leaf_clk (net)
                  0.04    0.00   10.24 ^ _321_/CLK (sky130_fd_sc_hd__dfrtp_1)
                         -0.25    9.99   clock uncertainty
                          0.00    9.99   clock reconvergence pessimism
                          0.15   10.14   library recovery time
                                 10.14   data required time
-----------------------------------------------------------------------------
                                 10.14   data required time
                                 -2.31   data arrival time
-----------------------------------------------------------------------------
                                  7.83   slack (MET)


Startpoint: reset (input port clocked by clk)
Endpoint: _320_ (recovery check against rising-edge clock clk)
Path Group: asynchronous
Path Type: max
Corner: Fastest

Fanout     Cap    Slew   Delay    Time   Description
-----------------------------------------------------------------------------
                          0.00    0.00   clock clk (rise edge)
                          0.00    0.00   clock network delay (propagated)
                          2.00    2.00 v input external delay
                  0.00    0.00    2.00 v reset (in)
     1    0.00                           reset (net)
                  0.00    0.00    2.00 v input9/A (sky130_fd_sc_hd__buf_2)
                  0.06    0.11    2.11 v input9/X (sky130_fd_sc_hd__buf_2)
     7    0.03                           net9 (net)
                  0.06    0.00    2.12 v _281_/A (sky130_fd_sc_hd__buf_4)
                  0.07    0.15    2.26 v _281_/X (sky130_fd_sc_hd__buf_4)
    10    0.06                           _145_ (net)
                  0.07    0.00    2.27 v _286_/A (sky130_fd_sc_hd__inv_2)
                  0.03    0.04    2.31 ^ _286_/Y (sky130_fd_sc_hd__inv_2)
     1    0.00                           _027_ (net)
                  0.03    0.00    2.31 ^ _320_/RESET_B (sky130_fd_sc_hd__dfrtp_1)
                                  2.31   data arrival time

                         10.00   10.00   clock clk (rise edge)
                          0.00   10.00   clock source latency
                  0.07    0.04   10.04 ^ clk (in)
     1    0.02                           clk (net)
                  0.07    0.00   10.04 ^ clkbuf_0_clk/A (sky130_fd_sc_hd__clkbuf_16)
                  0.05    0.10   10.15 ^ clkbuf_0_clk/X (sky130_fd_sc_hd__clkbuf_16)
     4    0.05                           clknet_0_clk (net)
                  0.05    0.00   10.15 ^ clkbuf_2_0__f_clk/A (sky130_fd_sc_hd__clkbuf_16)
                  0.04    0.09   10.24 ^ clkbuf_2_0__f_clk/X (sky130_fd_sc_hd__clkbuf_16)
     9    0.03                           clknet_2_0__leaf_clk (net)
                  0.04    0.00   10.24 ^ _320_/CLK (sky130_fd_sc_hd__dfrtp_1)
                         -0.25    9.99   clock uncertainty
                          0.00    9.99   clock reconvergence pessimism
                          0.15   10.14   library recovery time
                                 10.14   data required time
-----------------------------------------------------------------------------
                                 10.14   data required time
                                 -2.31   data arrival time
-----------------------------------------------------------------------------
                                  7.83   slack (MET)


Startpoint: reset (input port clocked by clk)
Endpoint: _302_ (recovery check against rising-edge clock clk)
Path Group: asynchronous
Path Type: max
Corner: Fastest

Fanout     Cap    Slew   Delay    Time   Description
-----------------------------------------------------------------------------
                          0.00    0.00   clock clk (rise edge)
                          0.00    0.00   clock network delay (propagated)
                          2.00    2.00 v input external delay
                  0.00    0.00    2.00 v reset (in)
     1    0.00                           reset (net)
                  0.00    0.00    2.00 v input9/A (sky130_fd_sc_hd__buf_2)
                  0.06    0.11    2.11 v input9/X (sky130_fd_sc_hd__buf_2)
     7    0.03                           net9 (net)
                  0.06    0.00    2.12 v _259_/A (sky130_fd_sc_hd__buf_4)
                  0.06    0.15    2.26 v _259_/X (sky130_fd_sc_hd__buf_4)
    10    0.06                           _143_ (net)
                  0.06    0.00    2.27 v _266_/A (sky130_fd_sc_hd__inv_2)
                  0.03    0.04    2.31 ^ _266_/Y (sky130_fd_sc_hd__inv_2)
     1    0.00                           _043_ (net)
                  0.03    0.00    2.31 ^ _302_/RESET_B (sky130_fd_sc_hd__dfrtp_1)
                                  2.31   data arrival time

                         10.00   10.00   clock clk (rise edge)
                          0.00   10.00   clock source latency
                  0.07    0.04   10.04 ^ clk (in)
     1    0.02                           clk (net)
                  0.07    0.00   10.04 ^ clkbuf_0_clk/A (sky130_fd_sc_hd__clkbuf_16)
                  0.05    0.10   10.15 ^ clkbuf_0_clk/X (sky130_fd_sc_hd__clkbuf_16)
     4    0.05                           clknet_0_clk (net)
                  0.05    0.00   10.15 ^ clkbuf_2_3__f_clk/A (sky130_fd_sc_hd__clkbuf_16)
                  0.04    0.09   10.24 ^ clkbuf_2_3__f_clk/X (sky130_fd_sc_hd__clkbuf_16)
     8    0.03                           clknet_2_3__leaf_clk (net)
                  0.04    0.00   10.24 ^ _302_/CLK (sky130_fd_sc_hd__dfrtp_1)
                         -0.25    9.99   clock uncertainty
                          0.00    9.99   clock reconvergence pessimism
                          0.15   10.14   library recovery time
                                 10.14   data required time
-----------------------------------------------------------------------------
                                 10.14   data required time
                                 -2.31   data arrival time
-----------------------------------------------------------------------------
                                  7.83   slack (MET)


Startpoint: reset (input port clocked by clk)
Endpoint: _324_ (recovery check against rising-edge clock clk)
Path Group: asynchronous
Path Type: max
Corner: Fastest

Fanout     Cap    Slew   Delay    Time   Description
-----------------------------------------------------------------------------
                          0.00    0.00   clock clk (rise edge)
                          0.00    0.00   clock network delay (propagated)
                          2.00    2.00 v input external delay
                  0.00    0.00    2.00 v reset (in)
     1    0.00                           reset (net)
                  0.00    0.00    2.00 v input9/A (sky130_fd_sc_hd__buf_2)
                  0.06    0.11    2.11 v input9/X (sky130_fd_sc_hd__buf_2)
     7    0.03                           net9 (net)
                  0.06    0.00    2.12 v _281_/A (sky130_fd_sc_hd__buf_4)
                  0.07    0.15    2.26 v _281_/X (sky130_fd_sc_hd__buf_4)
    10    0.06                           _145_ (net)
                  0.07    0.00    2.27 v _290_/A (sky130_fd_sc_hd__inv_2)
                  0.03    0.05    2.31 ^ _290_/Y (sky130_fd_sc_hd__inv_2)
     1    0.00                           _031_ (net)
                  0.03    0.00    2.31 ^ _324_/RESET_B (sky130_fd_sc_hd__dfrtp_1)
                                  2.31   data arrival time

                         10.00   10.00   clock clk (rise edge)
                          0.00   10.00   clock source latency
                  0.07    0.04   10.04 ^ clk (in)
     1    0.02                           clk (net)
                  0.07    0.00   10.04 ^ clkbuf_0_clk/A (sky130_fd_sc_hd__clkbuf_16)
                  0.05    0.10   10.15 ^ clkbuf_0_clk/X (sky130_fd_sc_hd__clkbuf_16)
     4    0.05                           clknet_0_clk (net)
                  0.05    0.00   10.15 ^ clkbuf_2_1__f_clk/A (sky130_fd_sc_hd__clkbuf_16)
                  0.04    0.09   10.24 ^ clkbuf_2_1__f_clk/X (sky130_fd_sc_hd__clkbuf_16)
    11    0.03                           clknet_2_1__leaf_clk (net)
                  0.04    0.00   10.25 ^ _324_/CLK (sky130_fd_sc_hd__dfrtp_1)
                         -0.25   10.00   clock uncertainty
                          0.00   10.00   clock reconvergence pessimism
                          0.15   10.14   library recovery time
                                 10.14   data required time
-----------------------------------------------------------------------------
                                 10.14   data required time
                                 -2.31   data arrival time
-----------------------------------------------------------------------------
                                  7.83   slack (MET)


Startpoint: reset (input port clocked by clk)
Endpoint: _307_ (recovery check against rising-edge clock clk)
Path Group: asynchronous
Path Type: max
Corner: Fastest

Fanout     Cap    Slew   Delay    Time   Description
-----------------------------------------------------------------------------
                          0.00    0.00   clock clk (rise edge)
                          0.00    0.00   clock network delay (propagated)
                          2.00    2.00 v input external delay
                  0.00    0.00    2.00 v reset (in)
     1    0.00                           reset (net)
                  0.00    0.00    2.00 v input9/A (sky130_fd_sc_hd__buf_2)
                  0.06    0.11    2.11 v input9/X (sky130_fd_sc_hd__buf_2)
     7    0.03                           net9 (net)
                  0.06    0.00    2.11 v _270_/A (sky130_fd_sc_hd__buf_4)
                  0.07    0.15    2.26 v _270_/X (sky130_fd_sc_hd__buf_4)
    10    0.06                           _144_ (net)
                  0.07    0.01    2.27 v _272_/A (sky130_fd_sc_hd__inv_2)
                  0.03    0.05    2.31 ^ _272_/Y (sky130_fd_sc_hd__inv_2)
     1    0.00                           _048_ (net)
                  0.03    0.00    2.31 ^ _307_/RESET_B (sky130_fd_sc_hd__dfrtp_1)
                                  2.31   data arrival time

                         10.00   10.00   clock clk (rise edge)
                          0.00   10.00   clock source latency
                  0.07    0.04   10.04 ^ clk (in)
     1    0.02                           clk (net)
                  0.07    0.00   10.04 ^ clkbuf_0_clk/A (sky130_fd_sc_hd__clkbuf_16)
                  0.05    0.10   10.15 ^ clkbuf_0_clk/X (sky130_fd_sc_hd__clkbuf_16)
     4    0.05                           clknet_0_clk (net)
                  0.05    0.00   10.15 ^ clkbuf_2_1__f_clk/A (sky130_fd_sc_hd__clkbuf_16)
                  0.04    0.09   10.24 ^ clkbuf_2_1__f_clk/X (sky130_fd_sc_hd__clkbuf_16)
    11    0.03                           clknet_2_1__leaf_clk (net)
                  0.04    0.00   10.25 ^ _307_/CLK (sky130_fd_sc_hd__dfrtp_1)
                         -0.25   10.00   clock uncertainty
                          0.00   10.00   clock reconvergence pessimism
                          0.15   10.14   library recovery time
                                 10.14   data required time
-----------------------------------------------------------------------------
                                 10.14   data required time
                                 -2.31   data arrival time
-----------------------------------------------------------------------------
                                  7.83   slack (MET)


Startpoint: reset (input port clocked by clk)
Endpoint: _318_ (recovery check against rising-edge clock clk)
Path Group: asynchronous
Path Type: max
Corner: Fastest

Fanout     Cap    Slew   Delay    Time   Description
-----------------------------------------------------------------------------
                          0.00    0.00   clock clk (rise edge)
                          0.00    0.00   clock network delay (propagated)
                          2.00    2.00 v input external delay
                  0.00    0.00    2.00 v reset (in)
     1    0.00                           reset (net)
                  0.00    0.00    2.00 v input9/A (sky130_fd_sc_hd__buf_2)
                  0.06    0.11    2.11 v input9/X (sky130_fd_sc_hd__buf_2)
     7    0.03                           net9 (net)
                  0.06    0.00    2.12 v _281_/A (sky130_fd_sc_hd__buf_4)
                  0.07    0.15    2.26 v _281_/X (sky130_fd_sc_hd__buf_4)
    10    0.06                           _145_ (net)
                  0.07    0.00    2.27 v _284_/A (sky130_fd_sc_hd__inv_2)
                  0.03    0.04    2.31 ^ _284_/Y (sky130_fd_sc_hd__inv_2)
     1    0.00                           _025_ (net)
                  0.03    0.00    2.31 ^ _318_/RESET_B (sky130_fd_sc_hd__dfrtp_1)
                                  2.31   data arrival time

                         10.00   10.00   clock clk (rise edge)
                          0.00   10.00   clock source latency
                  0.07    0.04   10.04 ^ clk (in)
     1    0.02                           clk (net)
                  0.07    0.00   10.04 ^ clkbuf_0_clk/A (sky130_fd_sc_hd__clkbuf_16)
                  0.05    0.10   10.15 ^ clkbuf_0_clk/X (sky130_fd_sc_hd__clkbuf_16)
     4    0.05                           clknet_0_clk (net)
                  0.05    0.00   10.15 ^ clkbuf_2_0__f_clk/A (sky130_fd_sc_hd__clkbuf_16)
                  0.04    0.09   10.24 ^ clkbuf_2_0__f_clk/X (sky130_fd_sc_hd__clkbuf_16)
     9    0.03                           clknet_2_0__leaf_clk (net)
                  0.04    0.00   10.25 ^ _318_/CLK (sky130_fd_sc_hd__dfrtp_1)
                         -0.25   10.00   clock uncertainty
                          0.00   10.00   clock reconvergence pessimism
                          0.15   10.14   library recovery time
                                 10.14   data required time
-----------------------------------------------------------------------------
                                 10.14   data required time
                                 -2.31   data arrival time
-----------------------------------------------------------------------------
                                  7.83   slack (MET)


Startpoint: reset (input port clocked by clk)
Endpoint: _298_ (recovery check against rising-edge clock clk)
Path Group: asynchronous
Path Type: max
Corner: Fastest

Fanout     Cap    Slew   Delay    Time   Description
-----------------------------------------------------------------------------
                          0.00    0.00   clock clk (rise edge)
                          0.00    0.00   clock network delay (propagated)
                          2.00    2.00 v input external delay
                  0.00    0.00    2.00 v reset (in)
     1    0.00                           reset (net)
                  0.00    0.00    2.00 v input9/A (sky130_fd_sc_hd__buf_2)
                  0.06    0.11    2.11 v input9/X (sky130_fd_sc_hd__buf_2)
     7    0.03                           net9 (net)
                  0.06    0.00    2.12 v _259_/A (sky130_fd_sc_hd__buf_4)
                  0.06    0.15    2.26 v _259_/X (sky130_fd_sc_hd__buf_4)
    10    0.06                           _143_ (net)
                  0.06    0.00    2.26 v _262_/A (sky130_fd_sc_hd__inv_2)
                  0.03    0.05    2.31 ^ _262_/Y (sky130_fd_sc_hd__inv_2)
     1    0.00                           _039_ (net)
                  0.03    0.00    2.31 ^ _298_/RESET_B (sky130_fd_sc_hd__dfrtp_1)
                                  2.31   data arrival time

                         10.00   10.00   clock clk (rise edge)
                          0.00   10.00   clock source latency
                  0.07    0.04   10.04 ^ clk (in)
     1    0.02                           clk (net)
                  0.07    0.00   10.04 ^ clkbuf_0_clk/A (sky130_fd_sc_hd__clkbuf_16)
                  0.05    0.10   10.15 ^ clkbuf_0_clk/X (sky130_fd_sc_hd__clkbuf_16)
     4    0.05                           clknet_0_clk (net)
                  0.05    0.00   10.15 ^ clkbuf_2_0__f_clk/A (sky130_fd_sc_hd__clkbuf_16)
                  0.04    0.09   10.24 ^ clkbuf_2_0__f_clk/X (sky130_fd_sc_hd__clkbuf_16)
     9    0.03                           clknet_2_0__leaf_clk (net)
                  0.04    0.00   10.25 ^ _298_/CLK (sky130_fd_sc_hd__dfrtp_1)
                         -0.25   10.00   clock uncertainty
                          0.00   10.00   clock reconvergence pessimism
                          0.15   10.14   library recovery time
                                 10.14   data required time
-----------------------------------------------------------------------------
                                 10.14   data required time
                                 -2.31   data arrival time
-----------------------------------------------------------------------------
                                  7.83   slack (MET)


Startpoint: reset (input port clocked by clk)
Endpoint: _325_ (recovery check against rising-edge clock clk)
Path Group: asynchronous
Path Type: max
Corner: Fastest

Fanout     Cap    Slew   Delay    Time   Description
-----------------------------------------------------------------------------
                          0.00    0.00   clock clk (rise edge)
                          0.00    0.00   clock network delay (propagated)
                          2.00    2.00 v input external delay
                  0.00    0.00    2.00 v reset (in)
     1    0.00                           reset (net)
                  0.00    0.00    2.00 v input9/A (sky130_fd_sc_hd__buf_2)
                  0.06    0.11    2.11 v input9/X (sky130_fd_sc_hd__buf_2)
     7    0.03                           net9 (net)
                  0.06    0.00    2.12 v _281_/A (sky130_fd_sc_hd__buf_4)
                  0.07    0.15    2.26 v _281_/X (sky130_fd_sc_hd__buf_4)
    10    0.06                           _145_ (net)
                  0.07    0.00    2.27 v _291_/A (sky130_fd_sc_hd__inv_2)
                  0.03    0.05    2.31 ^ _291_/Y (sky130_fd_sc_hd__inv_2)
     1    0.00                           _032_ (net)
                  0.03    0.00    2.31 ^ _325_/RESET_B (sky130_fd_sc_hd__dfrtp_1)
                                  2.31   data arrival time

                         10.00   10.00   clock clk (rise edge)
                          0.00   10.00   clock source latency
                  0.07    0.04   10.04 ^ clk (in)
     1    0.02                           clk (net)
                  0.07    0.00   10.04 ^ clkbuf_0_clk/A (sky130_fd_sc_hd__clkbuf_16)
                  0.05    0.10   10.15 ^ clkbuf_0_clk/X (sky130_fd_sc_hd__clkbuf_16)
     4    0.05                           clknet_0_clk (net)
                  0.05    0.00   10.15 ^ clkbuf_2_1__f_clk/A (sky130_fd_sc_hd__clkbuf_16)
                  0.04    0.09   10.24 ^ clkbuf_2_1__f_clk/X (sky130_fd_sc_hd__clkbuf_16)
    11    0.03                           clknet_2_1__leaf_clk (net)
                  0.04    0.00   10.25 ^ _325_/CLK (sky130_fd_sc_hd__dfrtp_1)
                         -0.25   10.00   clock uncertainty
                          0.00   10.00   clock reconvergence pessimism
                          0.15   10.14   library recovery time
                                 10.14   data required time
-----------------------------------------------------------------------------
                                 10.14   data required time
                                 -2.31   data arrival time
-----------------------------------------------------------------------------
                                  7.83   slack (MET)


Startpoint: reset (input port clocked by clk)
Endpoint: _308_ (recovery check against rising-edge clock clk)
Path Group: asynchronous
Path Type: max
Corner: Fastest

Fanout     Cap    Slew   Delay    Time   Description
-----------------------------------------------------------------------------
                          0.00    0.00   clock clk (rise edge)
                          0.00    0.00   clock network delay (propagated)
                          2.00    2.00 v input external delay
                  0.00    0.00    2.00 v reset (in)
     1    0.00                           reset (net)
                  0.00    0.00    2.00 v input9/A (sky130_fd_sc_hd__buf_2)
                  0.06    0.11    2.11 v input9/X (sky130_fd_sc_hd__buf_2)
     7    0.03                           net9 (net)
                  0.06    0.00    2.11 v _270_/A (sky130_fd_sc_hd__buf_4)
                  0.07    0.15    2.26 v _270_/X (sky130_fd_sc_hd__buf_4)
    10    0.06                           _144_ (net)
                  0.07    0.00    2.27 v _273_/A (sky130_fd_sc_hd__inv_2)
                  0.03    0.05    2.31 ^ _273_/Y (sky130_fd_sc_hd__inv_2)
     1    0.00                           _049_ (net)
                  0.03    0.00    2.31 ^ _308_/RESET_B (sky130_fd_sc_hd__dfrtp_1)
                                  2.31   data arrival time

                         10.00   10.00   clock clk (rise edge)
                          0.00   10.00   clock source latency
                  0.07    0.04   10.04 ^ clk (in)
     1    0.02                           clk (net)
                  0.07    0.00   10.04 ^ clkbuf_0_clk/A (sky130_fd_sc_hd__clkbuf_16)
                  0.05    0.10   10.15 ^ clkbuf_0_clk/X (sky130_fd_sc_hd__clkbuf_16)
     4    0.05                           clknet_0_clk (net)
                  0.05    0.00   10.15 ^ clkbuf_2_1__f_clk/A (sky130_fd_sc_hd__clkbuf_16)
                  0.04    0.09   10.24 ^ clkbuf_2_1__f_clk/X (sky130_fd_sc_hd__clkbuf_16)
    11    0.03                           clknet_2_1__leaf_clk (net)
                  0.04    0.00   10.25 ^ _308_/CLK (sky130_fd_sc_hd__dfrtp_1)
                         -0.25   10.00   clock uncertainty
                          0.00   10.00   clock reconvergence pessimism
                          0.15   10.14   library recovery time
                                 10.14   data required time
-----------------------------------------------------------------------------
                                 10.14   data required time
                                 -2.31   data arrival time
-----------------------------------------------------------------------------
                                  7.83   slack (MET)


Startpoint: reset (input port clocked by clk)
Endpoint: _323_ (recovery check against rising-edge clock clk)
Path Group: asynchronous
Path Type: max
Corner: Fastest

Fanout     Cap    Slew   Delay    Time   Description
-----------------------------------------------------------------------------
                          0.00    0.00   clock clk (rise edge)
                          0.00    0.00   clock network delay (propagated)
                          2.00    2.00 v input external delay
                  0.00    0.00    2.00 v reset (in)
     1    0.00                           reset (net)
                  0.00    0.00    2.00 v input9/A (sky130_fd_sc_hd__buf_2)
                  0.06    0.11    2.11 v input9/X (sky130_fd_sc_hd__buf_2)
     7    0.03                           net9 (net)
                  0.06    0.00    2.12 v _281_/A (sky130_fd_sc_hd__buf_4)
                  0.07    0.15    2.26 v _281_/X (sky130_fd_sc_hd__buf_4)
    10    0.06                           _145_ (net)
                  0.07    0.00    2.27 v _289_/A (sky130_fd_sc_hd__inv_2)
                  0.03    0.04    2.31 ^ _289_/Y (sky130_fd_sc_hd__inv_2)
     1    0.00                           _030_ (net)
                  0.03    0.00    2.31 ^ _323_/RESET_B (sky130_fd_sc_hd__dfrtp_1)
                                  2.31   data arrival time

                         10.00   10.00   clock clk (rise edge)
                          0.00   10.00   clock source latency
                  0.07    0.04   10.04 ^ clk (in)
     1    0.02                           clk (net)
                  0.07    0.00   10.04 ^ clkbuf_0_clk/A (sky130_fd_sc_hd__clkbuf_16)
                  0.05    0.10   10.15 ^ clkbuf_0_clk/X (sky130_fd_sc_hd__clkbuf_16)
     4    0.05                           clknet_0_clk (net)
                  0.05    0.00   10.15 ^ clkbuf_2_1__f_clk/A (sky130_fd_sc_hd__clkbuf_16)
                  0.04    0.09   10.24 ^ clkbuf_2_1__f_clk/X (sky130_fd_sc_hd__clkbuf_16)
    11    0.03                           clknet_2_1__leaf_clk (net)
                  0.04    0.00   10.25 ^ _323_/CLK (sky130_fd_sc_hd__dfrtp_1)
                         -0.25   10.00   clock uncertainty
                          0.00   10.00   clock reconvergence pessimism
                          0.15   10.14   library recovery time
                                 10.14   data required time
-----------------------------------------------------------------------------
                                 10.14   data required time
                                 -2.31   data arrival time
-----------------------------------------------------------------------------
                                  7.83   slack (MET)


Startpoint: reset (input port clocked by clk)
Endpoint: _327_ (recovery check against rising-edge clock clk)
Path Group: asynchronous
Path Type: max
Corner: Fastest

Fanout     Cap    Slew   Delay    Time   Description
-----------------------------------------------------------------------------
                          0.00    0.00   clock clk (rise edge)
                          0.00    0.00   clock network delay (propagated)
                          2.00    2.00 v input external delay
                  0.00    0.00    2.00 v reset (in)
     1    0.00                           reset (net)
                  0.00    0.00    2.00 v input9/A (sky130_fd_sc_hd__buf_2)
                  0.06    0.11    2.11 v input9/X (sky130_fd_sc_hd__buf_2)
     7    0.03                           net9 (net)
                  0.06    0.00    2.11 v _293_/A (sky130_fd_sc_hd__inv_2)
                  0.03    0.04    2.16 ^ _293_/Y (sky130_fd_sc_hd__inv_2)
     1    0.00                           _034_ (net)
                  0.03    0.00    2.16 ^ _327_/RESET_B (sky130_fd_sc_hd__dfrtp_1)
                                  2.16   data arrival time

                         10.00   10.00   clock clk (rise edge)
                          0.00   10.00   clock source latency
                  0.07    0.04   10.04 ^ clk (in)
     1    0.02                           clk (net)
                  0.07    0.00   10.04 ^ clkbuf_0_clk/A (sky130_fd_sc_hd__clkbuf_16)
                  0.05    0.10   10.15 ^ clkbuf_0_clk/X (sky130_fd_sc_hd__clkbuf_16)
     4    0.05                           clknet_0_clk (net)
                  0.05    0.00   10.15 ^ clkbuf_2_1__f_clk/A (sky130_fd_sc_hd__clkbuf_16)
                  0.04    0.09   10.24 ^ clkbuf_2_1__f_clk/X (sky130_fd_sc_hd__clkbuf_16)
    11    0.03                           clknet_2_1__leaf_clk (net)
                  0.04    0.00   10.25 ^ _327_/CLK (sky130_fd_sc_hd__dfrtp_1)
                         -0.25   10.00   clock uncertainty
                          0.00   10.00   clock reconvergence pessimism
                          0.15   10.14   library recovery time
                                 10.14   data required time
-----------------------------------------------------------------------------
                                 10.14   data required time
                                 -2.16   data arrival time
-----------------------------------------------------------------------------
                                  7.98   slack (MET)


Startpoint: reset (input port clocked by clk)
Endpoint: _326_ (recovery check against rising-edge clock clk)
Path Group: asynchronous
Path Type: max
Corner: Fastest

Fanout     Cap    Slew   Delay    Time   Description
-----------------------------------------------------------------------------
                          0.00    0.00   clock clk (rise edge)
                          0.00    0.00   clock network delay (propagated)
                          2.00    2.00 v input external delay
                  0.00    0.00    2.00 v reset (in)
     1    0.00                           reset (net)
                  0.00    0.00    2.00 v input9/A (sky130_fd_sc_hd__buf_2)
                  0.06    0.11    2.11 v input9/X (sky130_fd_sc_hd__buf_2)
     7    0.03                           net9 (net)
                  0.06    0.00    2.11 v _292_/A (sky130_fd_sc_hd__inv_2)
                  0.03    0.04    2.16 ^ _292_/Y (sky130_fd_sc_hd__inv_2)
     1    0.00                           _033_ (net)
                  0.03    0.00    2.16 ^ _326_/RESET_B (sky130_fd_sc_hd__dfrtp_1)
                                  2.16   data arrival time

                         10.00   10.00   clock clk (rise edge)
                          0.00   10.00   clock source latency
                  0.07    0.04   10.04 ^ clk (in)
     1    0.02                           clk (net)
                  0.07    0.00   10.04 ^ clkbuf_0_clk/A (sky130_fd_sc_hd__clkbuf_16)
                  0.05    0.10   10.15 ^ clkbuf_0_clk/X (sky130_fd_sc_hd__clkbuf_16)
     4    0.05                           clknet_0_clk (net)
                  0.05    0.00   10.15 ^ clkbuf_2_1__f_clk/A (sky130_fd_sc_hd__clkbuf_16)
                  0.04    0.09   10.24 ^ clkbuf_2_1__f_clk/X (sky130_fd_sc_hd__clkbuf_16)
    11    0.03                           clknet_2_1__leaf_clk (net)
                  0.04    0.00   10.25 ^ _326_/CLK (sky130_fd_sc_hd__dfrtp_1)
                         -0.25   10.00   clock uncertainty
                          0.00   10.00   clock reconvergence pessimism
                          0.15   10.14   library recovery time
                                 10.14   data required time
-----------------------------------------------------------------------------
                                 10.14   data required time
                                 -2.16   data arrival time
-----------------------------------------------------------------------------
                                  7.99   slack (MET)


Startpoint: reset (input port clocked by clk)
Endpoint: _328_ (recovery check against rising-edge clock clk)
Path Group: asynchronous
Path Type: max
Corner: Fastest

Fanout     Cap    Slew   Delay    Time   Description
-----------------------------------------------------------------------------
                          0.00    0.00   clock clk (rise edge)
                          0.00    0.00   clock network delay (propagated)
                          2.00    2.00 v input external delay
                  0.00    0.00    2.00 v reset (in)
     1    0.00                           reset (net)
                  0.00    0.00    2.00 v input9/A (sky130_fd_sc_hd__buf_2)
                  0.06    0.11    2.11 v input9/X (sky130_fd_sc_hd__buf_2)
     7    0.03                           net9 (net)
                  0.06    0.00    2.11 v _294_/A (sky130_fd_sc_hd__inv_2)
                  0.03    0.04    2.16 ^ _294_/Y (sky130_fd_sc_hd__inv_2)
     1    0.00                           _035_ (net)
                  0.03    0.00    2.16 ^ _328_/RESET_B (sky130_fd_sc_hd__dfrtp_1)
                                  2.16   data arrival time

                         10.00   10.00   clock clk (rise edge)
                          0.00   10.00   clock source latency
                  0.07    0.04   10.04 ^ clk (in)
     1    0.02                           clk (net)
                  0.07    0.00   10.04 ^ clkbuf_0_clk/A (sky130_fd_sc_hd__clkbuf_16)
                  0.05    0.10   10.15 ^ clkbuf_0_clk/X (sky130_fd_sc_hd__clkbuf_16)
     4    0.05                           clknet_0_clk (net)
                  0.05    0.00   10.15 ^ clkbuf_2_1__f_clk/A (sky130_fd_sc_hd__clkbuf_16)
                  0.04    0.09   10.24 ^ clkbuf_2_1__f_clk/X (sky130_fd_sc_hd__clkbuf_16)
    11    0.03                           clknet_2_1__leaf_clk (net)
                  0.04    0.00   10.25 ^ _328_/CLK (sky130_fd_sc_hd__dfrtp_1)
                         -0.25   10.00   clock uncertainty
                          0.00   10.00   clock reconvergence pessimism
                          0.15   10.14   library recovery time
                                 10.14   data required time
-----------------------------------------------------------------------------
                                 10.14   data required time
                                 -2.16   data arrival time
-----------------------------------------------------------------------------
                                  7.99   slack (MET)


Startpoint: reset (input port clocked by clk)
Endpoint: _329_ (recovery check against rising-edge clock clk)
Path Group: asynchronous
Path Type: max
Corner: Fastest

Fanout     Cap    Slew   Delay    Time   Description
-----------------------------------------------------------------------------
                          0.00    0.00   clock clk (rise edge)
                          0.00    0.00   clock network delay (propagated)
                          2.00    2.00 v input external delay
                  0.00    0.00    2.00 v reset (in)
     1    0.00                           reset (net)
                  0.00    0.00    2.00 v input9/A (sky130_fd_sc_hd__buf_2)
                  0.06    0.11    2.11 v input9/X (sky130_fd_sc_hd__buf_2)
     7    0.03                           net9 (net)
                  0.06    0.00    2.11 v _295_/A (sky130_fd_sc_hd__inv_2)
                  0.03    0.04    2.16 ^ _295_/Y (sky130_fd_sc_hd__inv_2)
     1    0.00                           _036_ (net)
                  0.03    0.00    2.16 ^ _329_/RESET_B (sky130_fd_sc_hd__dfrtp_1)
                                  2.16   data arrival time

                         10.00   10.00   clock clk (rise edge)
                          0.00   10.00   clock source latency
                  0.07    0.04   10.04 ^ clk (in)
     1    0.02                           clk (net)
                  0.07    0.00   10.04 ^ clkbuf_0_clk/A (sky130_fd_sc_hd__clkbuf_16)
                  0.05    0.10   10.15 ^ clkbuf_0_clk/X (sky130_fd_sc_hd__clkbuf_16)
     4    0.05                           clknet_0_clk (net)
                  0.05    0.00   10.15 ^ clkbuf_2_1__f_clk/A (sky130_fd_sc_hd__clkbuf_16)
                  0.04    0.09   10.24 ^ clkbuf_2_1__f_clk/X (sky130_fd_sc_hd__clkbuf_16)
    11    0.03                           clknet_2_1__leaf_clk (net)
                  0.04    0.00   10.25 ^ _329_/CLK (sky130_fd_sc_hd__dfrtp_1)
                         -0.25   10.00   clock uncertainty
                          0.00   10.00   clock reconvergence pessimism
                          0.15   10.14   library recovery time
                                 10.14   data required time
-----------------------------------------------------------------------------
                                 10.14   data required time
                                 -2.16   data arrival time
-----------------------------------------------------------------------------
                                  7.99   slack (MET)


Startpoint: _326_ (rising edge-triggered flip-flop clocked by clk)
Endpoint: _303_ (rising edge-triggered flip-flop clocked by clk)
Path Group: clk
Path Type: max
Corner: Fastest

Fanout     Cap    Slew   Delay    Time   Description
-----------------------------------------------------------------------------
                          0.00    0.00   clock clk (rise edge)
                          0.00    0.00   clock source latency
                  0.07    0.05    0.05 ^ clk (in)
     1    0.02                           clk (net)
                  0.07    0.00    0.05 ^ clkbuf_0_clk/A (sky130_fd_sc_hd__clkbuf_16)
                  0.05    0.11    0.16 ^ clkbuf_0_clk/X (sky130_fd_sc_hd__clkbuf_16)
     4    0.05                           clknet_0_clk (net)
                  0.05    0.00    0.17 ^ clkbuf_2_1__f_clk/A (sky130_fd_sc_hd__clkbuf_16)
                  0.04    0.10    0.27 ^ clkbuf_2_1__f_clk/X (sky130_fd_sc_hd__clkbuf_16)
    11    0.03                           clknet_2_1__leaf_clk (net)
                  0.04    0.00    0.27 ^ _326_/CLK (sky130_fd_sc_hd__dfrtp_1)
                  0.07    0.28    0.55 v _326_/Q (sky130_fd_sc_hd__dfrtp_1)
     6    0.02                           baud_count[12] (net)
                  0.07    0.00    0.55 v _167_/B (sky130_fd_sc_hd__or4_1)
                  0.08    0.34    0.89 v _167_/X (sky130_fd_sc_hd__or4_1)
     2    0.01                           _077_ (net)
                  0.08    0.00    0.89 v _170_/B (sky130_fd_sc_hd__nor4_1)
                  0.31    0.32    1.21 ^ _170_/Y (sky130_fd_sc_hd__nor4_1)
     2    0.01                           _080_ (net)
                  0.31    0.00    1.21 ^ max_cap13/A (sky130_fd_sc_hd__buf_1)
                  0.12    0.13    1.34 ^ max_cap13/X (sky130_fd_sc_hd__buf_1)
     3    0.01                           net13 (net)
                  0.12    0.00    1.34 ^ _171_/A1 (sky130_fd_sc_hd__mux2_2)
                  0.07    0.16    1.50 ^ _171_/X (sky130_fd_sc_hd__mux2_2)
     5    0.02                           _081_ (net)
                  0.07    0.00    1.50 ^ _172_/B1_N (sky130_fd_sc_hd__a21bo_1)
                  0.03    0.11    1.61 v _172_/X (sky130_fd_sc_hd__a21bo_1)
     2    0.00                           _082_ (net)
                  0.03    0.00    1.61 v _173_/B (sky130_fd_sc_hd__and2_1)
                  0.03    0.10    1.71 v _173_/X (sky130_fd_sc_hd__and2_1)
     1    0.00                           _083_ (net)
                  0.03    0.00    1.71 v _174_/A (sky130_fd_sc_hd__clkbuf_1)
                  0.02    0.06    1.76 v _174_/X (sky130_fd_sc_hd__clkbuf_1)
     1    0.00                           _057_ (net)
                  0.02    0.00    1.76 v _303_/D (sky130_fd_sc_hd__dfrtp_1)
                                  1.76   data arrival time

                         10.00   10.00   clock clk (rise edge)
                          0.00   10.00   clock source latency
                  0.07    0.04   10.04 ^ clk (in)
     1    0.02                           clk (net)
                  0.07    0.00   10.04 ^ clkbuf_0_clk/A (sky130_fd_sc_hd__clkbuf_16)
                  0.05    0.10   10.15 ^ clkbuf_0_clk/X (sky130_fd_sc_hd__clkbuf_16)
     4    0.05                           clknet_0_clk (net)
                  0.05    0.00   10.15 ^ clkbuf_2_2__f_clk/A (sky130_fd_sc_hd__clkbuf_16)
                  0.03    0.08   10.23 ^ clkbuf_2_2__f_clk/X (sky130_fd_sc_hd__clkbuf_16)
     6    0.02                           clknet_2_2__leaf_clk (net)
                  0.03    0.00   10.24 ^ _303_/CLK (sky130_fd_sc_hd__dfrtp_1)
                         -0.25    9.99   clock uncertainty
                          0.02   10.00   clock reconvergence pessimism
                         -0.07    9.93   library setup time
                                  9.93   data required time
-----------------------------------------------------------------------------
                                  9.93   data required time
                                 -1.76   data arrival time
-----------------------------------------------------------------------------
                                  8.17   slack (MET)


Startpoint: _326_ (rising edge-triggered flip-flop clocked by clk)
Endpoint: _302_ (rising edge-triggered flip-flop clocked by clk)
Path Group: clk
Path Type: max
Corner: Fastest

Fanout     Cap    Slew   Delay    Time   Description
-----------------------------------------------------------------------------
                          0.00    0.00   clock clk (rise edge)
                          0.00    0.00   clock source latency
                  0.07    0.05    0.05 ^ clk (in)
     1    0.02                           clk (net)
                  0.07    0.00    0.05 ^ clkbuf_0_clk/A (sky130_fd_sc_hd__clkbuf_16)
                  0.05    0.11    0.16 ^ clkbuf_0_clk/X (sky130_fd_sc_hd__clkbuf_16)
     4    0.05                           clknet_0_clk (net)
                  0.05    0.00    0.17 ^ clkbuf_2_1__f_clk/A (sky130_fd_sc_hd__clkbuf_16)
                  0.04    0.10    0.27 ^ clkbuf_2_1__f_clk/X (sky130_fd_sc_hd__clkbuf_16)
    11    0.03                           clknet_2_1__leaf_clk (net)
                  0.04    0.00    0.27 ^ _326_/CLK (sky130_fd_sc_hd__dfrtp_1)
                  0.07    0.28    0.55 v _326_/Q (sky130_fd_sc_hd__dfrtp_1)
     6    0.02                           baud_count[12] (net)
                  0.07    0.00    0.55 v _167_/B (sky130_fd_sc_hd__or4_1)
                  0.08    0.34    0.89 v _167_/X (sky130_fd_sc_hd__or4_1)
     2    0.01                           _077_ (net)
                  0.08    0.00    0.89 v _170_/B (sky130_fd_sc_hd__nor4_1)
                  0.31    0.32    1.21 ^ _170_/Y (sky130_fd_sc_hd__nor4_1)
     2    0.01                           _080_ (net)
                  0.31    0.00    1.21 ^ max_cap13/A (sky130_fd_sc_hd__buf_1)
                  0.12    0.13    1.34 ^ max_cap13/X (sky130_fd_sc_hd__buf_1)
     3    0.01                           net13 (net)
                  0.12    0.00    1.34 ^ _171_/A1 (sky130_fd_sc_hd__mux2_2)
                  0.07    0.16    1.50 ^ _171_/X (sky130_fd_sc_hd__mux2_2)
     5    0.02                           _081_ (net)
                  0.07    0.00    1.50 ^ _172_/B1_N (sky130_fd_sc_hd__a21bo_1)
                  0.03    0.11    1.61 v _172_/X (sky130_fd_sc_hd__a21bo_1)
     2    0.00                           _082_ (net)
                  0.03    0.00    1.61 v _176_/A (sky130_fd_sc_hd__and2_1)
                  0.03    0.09    1.70 v _176_/X (sky130_fd_sc_hd__and2_1)
     1    0.00                           _085_ (net)
                  0.03    0.00    1.70 v _177_/A (sky130_fd_sc_hd__clkbuf_1)
                  0.02    0.06    1.76 v _177_/X (sky130_fd_sc_hd__clkbuf_1)
     1    0.00                           _056_ (net)
                  0.02    0.00    1.76 v _302_/D (sky130_fd_sc_hd__dfrtp_1)
                                  1.76   data arrival time

                         10.00   10.00   clock clk (rise edge)
                          0.00   10.00   clock source latency
                  0.07    0.04   10.04 ^ clk (in)
     1    0.02                           clk (net)
                  0.07    0.00   10.04 ^ clkbuf_0_clk/A (sky130_fd_sc_hd__clkbuf_16)
                  0.05    0.10   10.15 ^ clkbuf_0_clk/X (sky130_fd_sc_hd__clkbuf_16)
     4    0.05                           clknet_0_clk (net)
                  0.05    0.00   10.15 ^ clkbuf_2_3__f_clk/A (sky130_fd_sc_hd__clkbuf_16)
                  0.04    0.09   10.24 ^ clkbuf_2_3__f_clk/X (sky130_fd_sc_hd__clkbuf_16)
     8    0.03                           clknet_2_3__leaf_clk (net)
                  0.04    0.00   10.24 ^ _302_/CLK (sky130_fd_sc_hd__dfrtp_1)
                         -0.25    9.99   clock uncertainty
                          0.02   10.01   clock reconvergence pessimism
                         -0.07    9.94   library setup time
                                  9.94   data required time
-----------------------------------------------------------------------------
                                  9.94   data required time
                                 -1.76   data arrival time
-----------------------------------------------------------------------------
                                  8.18   slack (MET)


Startpoint: _326_ (rising edge-triggered flip-flop clocked by clk)
Endpoint: _299_ (rising edge-triggered flip-flop clocked by clk)
Path Group: clk
Path Type: max
Corner: Fastest

Fanout     Cap    Slew   Delay    Time   Description
-----------------------------------------------------------------------------
                          0.00    0.00   clock clk (rise edge)
                          0.00    0.00   clock source latency
                  0.07    0.05    0.05 ^ clk (in)
     1    0.02                           clk (net)
                  0.07    0.00    0.05 ^ clkbuf_0_clk/A (sky130_fd_sc_hd__clkbuf_16)
                  0.05    0.11    0.16 ^ clkbuf_0_clk/X (sky130_fd_sc_hd__clkbuf_16)
     4    0.05                           clknet_0_clk (net)
                  0.05    0.00    0.17 ^ clkbuf_2_1__f_clk/A (sky130_fd_sc_hd__clkbuf_16)
                  0.04    0.10    0.27 ^ clkbuf_2_1__f_clk/X (sky130_fd_sc_hd__clkbuf_16)
    11    0.03                           clknet_2_1__leaf_clk (net)
                  0.04    0.00    0.27 ^ _326_/CLK (sky130_fd_sc_hd__dfrtp_1)
                  0.07    0.28    0.55 v _326_/Q (sky130_fd_sc_hd__dfrtp_1)
     6    0.02                           baud_count[12] (net)
                  0.07    0.00    0.55 v _167_/B (sky130_fd_sc_hd__or4_1)
                  0.08    0.34    0.89 v _167_/X (sky130_fd_sc_hd__or4_1)
     2    0.01                           _077_ (net)
                  0.08    0.00    0.89 v _184_/B (sky130_fd_sc_hd__or4_2)
                  0.10    0.45    1.34 v _184_/X (sky130_fd_sc_hd__or4_2)
     6    0.02                           _090_ (net)
                  0.10    0.00    1.34 v _186_/C (sky130_fd_sc_hd__or4_1)
                  0.05    0.29    1.63 v _186_/X (sky130_fd_sc_hd__or4_1)
     1    0.00                           _091_ (net)
                  0.05    0.00    1.63 v _187_/B1_N (sky130_fd_sc_hd__a21bo_1)
                  0.03    0.12    1.75 ^ _187_/X (sky130_fd_sc_hd__a21bo_1)
     1    0.00                           _019_ (net)
                  0.03    0.00    1.75 ^ _299_/D (sky130_fd_sc_hd__dfrtp_1)
                                  1.75   data arrival time

                         10.00   10.00   clock clk (rise edge)
                          0.00   10.00   clock source latency
                  0.07    0.04   10.04 ^ clk (in)
     1    0.02                           clk (net)
                  0.07    0.00   10.04 ^ clkbuf_0_clk/A (sky130_fd_sc_hd__clkbuf_16)
                  0.05    0.10   10.15 ^ clkbuf_0_clk/X (sky130_fd_sc_hd__clkbuf_16)
     4    0.05                           clknet_0_clk (net)
                  0.05    0.00   10.15 ^ clkbuf_2_2__f_clk/A (sky130_fd_sc_hd__clkbuf_16)
                  0.03    0.08   10.23 ^ clkbuf_2_2__f_clk/X (sky130_fd_sc_hd__clkbuf_16)
     6    0.02                           clknet_2_2__leaf_clk (net)
                  0.03    0.00   10.24 ^ _299_/CLK (sky130_fd_sc_hd__dfrtp_1)
                         -0.25    9.99   clock uncertainty
                          0.02   10.00   clock reconvergence pessimism
                         -0.03    9.97   library setup time
                                  9.97   data required time
-----------------------------------------------------------------------------
                                  9.97   data required time
                                 -1.75   data arrival time
-----------------------------------------------------------------------------
                                  8.22   slack (MET)


Startpoint: _326_ (rising edge-triggered flip-flop clocked by clk)
Endpoint: _297_ (rising edge-triggered flip-flop clocked by clk)
Path Group: clk
Path Type: max
Corner: Fastest

Fanout     Cap    Slew   Delay    Time   Description
-----------------------------------------------------------------------------
                          0.00    0.00   clock clk (rise edge)
                          0.00    0.00   clock source latency
                  0.07    0.05    0.05 ^ clk (in)
     1    0.02                           clk (net)
                  0.07    0.00    0.05 ^ clkbuf_0_clk/A (sky130_fd_sc_hd__clkbuf_16)
                  0.05    0.11    0.16 ^ clkbuf_0_clk/X (sky130_fd_sc_hd__clkbuf_16)
     4    0.05                           clknet_0_clk (net)
                  0.05    0.00    0.17 ^ clkbuf_2_1__f_clk/A (sky130_fd_sc_hd__clkbuf_16)
                  0.04    0.10    0.27 ^ clkbuf_2_1__f_clk/X (sky130_fd_sc_hd__clkbuf_16)
    11    0.03                           clknet_2_1__leaf_clk (net)
                  0.04    0.00    0.27 ^ _326_/CLK (sky130_fd_sc_hd__dfrtp_1)
                  0.07    0.28    0.55 v _326_/Q (sky130_fd_sc_hd__dfrtp_1)
     6    0.02                           baud_count[12] (net)
                  0.07    0.00    0.55 v _167_/B (sky130_fd_sc_hd__or4_1)
                  0.08    0.34    0.89 v _167_/X (sky130_fd_sc_hd__or4_1)
     2    0.01                           _077_ (net)
                  0.08    0.00    0.89 v _184_/B (sky130_fd_sc_hd__or4_2)
                  0.10    0.45    1.34 v _184_/X (sky130_fd_sc_hd__or4_2)
     6    0.02                           _090_ (net)
                  0.10    0.00    1.34 v _188_/B (sky130_fd_sc_hd__or3_1)
                  0.04    0.22    1.57 v _188_/X (sky130_fd_sc_hd__or3_1)
     1    0.00                           _092_ (net)
                  0.04    0.00    1.57 v _189_/B1 (sky130_fd_sc_hd__a22o_1)
                  0.03    0.09    1.66 v _189_/X (sky130_fd_sc_hd__a22o_1)
     1    0.00                           _017_ (net)
                  0.03    0.00    1.66 v _297_/D (sky130_fd_sc_hd__dfrtp_4)
                                  1.66   data arrival time

                         10.00   10.00   clock clk (rise edge)
                          0.00   10.00   clock source latency
                  0.07    0.04   10.04 ^ clk (in)
     1    0.02                           clk (net)
                  0.07    0.00   10.04 ^ clkbuf_0_clk/A (sky130_fd_sc_hd__clkbuf_16)
                  0.05    0.10   10.15 ^ clkbuf_0_clk/X (sky130_fd_sc_hd__clkbuf_16)
     4    0.05                           clknet_0_clk (net)
                  0.05    0.00   10.15 ^ clkbuf_2_2__f_clk/A (sky130_fd_sc_hd__clkbuf_16)
                  0.03    0.08   10.23 ^ clkbuf_2_2__f_clk/X (sky130_fd_sc_hd__clkbuf_16)
     6    0.02                           clknet_2_2__leaf_clk (net)
                  0.03    0.00   10.24 ^ _297_/CLK (sky130_fd_sc_hd__dfrtp_4)
                         -0.25    9.99   clock uncertainty
                          0.02   10.00   clock reconvergence pessimism
                         -0.07    9.93   library setup time
                                  9.93   data required time
-----------------------------------------------------------------------------
                                  9.93   data required time
                                 -1.66   data arrival time
-----------------------------------------------------------------------------
                                  8.27   slack (MET)


Startpoint: _297_ (rising edge-triggered flip-flop clocked by clk)
Endpoint: _320_ (rising edge-triggered flip-flop clocked by clk)
Path Group: clk
Path Type: max
Corner: Fastest

Fanout     Cap    Slew   Delay    Time   Description
-----------------------------------------------------------------------------
                          0.00    0.00   clock clk (rise edge)
                          0.00    0.00   clock source latency
                  0.07    0.05    0.05 ^ clk (in)
     1    0.02                           clk (net)
                  0.07    0.00    0.05 ^ clkbuf_0_clk/A (sky130_fd_sc_hd__clkbuf_16)
                  0.05    0.11    0.16 ^ clkbuf_0_clk/X (sky130_fd_sc_hd__clkbuf_16)
     4    0.05                           clknet_0_clk (net)
                  0.05    0.00    0.17 ^ clkbuf_2_2__f_clk/A (sky130_fd_sc_hd__clkbuf_16)
                  0.03    0.09    0.26 ^ clkbuf_2_2__f_clk/X (sky130_fd_sc_hd__clkbuf_16)
     6    0.02                           clknet_2_2__leaf_clk (net)
                  0.03    0.00    0.26 ^ _297_/CLK (sky130_fd_sc_hd__dfrtp_4)
                  0.07    0.34    0.60 v _297_/Q (sky130_fd_sc_hd__dfrtp_4)
     8    0.03                           state[1] (net)
                  0.07    0.00    0.60 v _192_/B (sky130_fd_sc_hd__or3_4)
                  0.07    0.28    0.88 v _192_/X (sky130_fd_sc_hd__or3_4)
     7    0.03                           _094_ (net)
                  0.07    0.01    0.89 v _193_/A (sky130_fd_sc_hd__buf_2)
                  0.07    0.14    1.03 v _193_/X (sky130_fd_sc_hd__buf_2)
    10    0.04                           _095_ (net)
                  0.07    0.00    1.04 v _216_/B1_N (sky130_fd_sc_hd__a21boi_1)
                  0.04    0.10    1.14 v _216_/Y (sky130_fd_sc_hd__a21boi_1)
     1    0.00                           _112_ (net)
                  0.04    0.00    1.14 v _217_/B1 (sky130_fd_sc_hd__o21a_1)
                  0.03    0.07    1.21 v _217_/X (sky130_fd_sc_hd__o21a_1)
     1    0.00                           _012_ (net)
                  0.03    0.00    1.21 v hold10/A (sky130_fd_sc_hd__dlygate4sd3_1)
                  0.04    0.38    1.59 v hold10/X (sky130_fd_sc_hd__dlygate4sd3_1)
     1    0.00                           net23 (net)
                  0.04    0.00    1.59 v _320_/D (sky130_fd_sc_hd__dfrtp_1)
                                  1.59   data arrival time

                         10.00   10.00   clock clk (rise edge)
                          0.00   10.00   clock source latency
                  0.07    0.04   10.04 ^ clk (in)
     1    0.02                           clk (net)
                  0.07    0.00   10.04 ^ clkbuf_0_clk/A (sky130_fd_sc_hd__clkbuf_16)
                  0.05    0.10   10.15 ^ clkbuf_0_clk/X (sky130_fd_sc_hd__clkbuf_16)
     4    0.05                           clknet_0_clk (net)
                  0.05    0.00   10.15 ^ clkbuf_2_0__f_clk/A (sky130_fd_sc_hd__clkbuf_16)
                  0.04    0.09   10.24 ^ clkbuf_2_0__f_clk/X (sky130_fd_sc_hd__clkbuf_16)
     9    0.03                           clknet_2_0__leaf_clk (net)
                  0.04    0.00   10.24 ^ _320_/CLK (sky130_fd_sc_hd__dfrtp_1)
                         -0.25    9.99   clock uncertainty
                          0.02   10.01   clock reconvergence pessimism
                         -0.08    9.93   library setup time
                                  9.93   data required time
-----------------------------------------------------------------------------
                                  9.93   data required time
                                 -1.59   data arrival time
-----------------------------------------------------------------------------
                                  8.34   slack (MET)


Startpoint: _326_ (rising edge-triggered flip-flop clocked by clk)
Endpoint: _301_ (rising edge-triggered flip-flop clocked by clk)
Path Group: clk
Path Type: max
Corner: Fastest

Fanout     Cap    Slew   Delay    Time   Description
-----------------------------------------------------------------------------
                          0.00    0.00   clock clk (rise edge)
                          0.00    0.00   clock source latency
                  0.07    0.05    0.05 ^ clk (in)
     1    0.02                           clk (net)
                  0.07    0.00    0.05 ^ clkbuf_0_clk/A (sky130_fd_sc_hd__clkbuf_16)
                  0.05    0.11    0.16 ^ clkbuf_0_clk/X (sky130_fd_sc_hd__clkbuf_16)
     4    0.05                           clknet_0_clk (net)
                  0.05    0.00    0.17 ^ clkbuf_2_1__f_clk/A (sky130_fd_sc_hd__clkbuf_16)
                  0.04    0.10    0.27 ^ clkbuf_2_1__f_clk/X (sky130_fd_sc_hd__clkbuf_16)
    11    0.03                           clknet_2_1__leaf_clk (net)
                  0.04    0.00    0.27 ^ _326_/CLK (sky130_fd_sc_hd__dfrtp_1)
                  0.07    0.28    0.55 v _326_/Q (sky130_fd_sc_hd__dfrtp_1)
     6    0.02                           baud_count[12] (net)
                  0.07    0.00    0.55 v _167_/B (sky130_fd_sc_hd__or4_1)
                  0.08    0.34    0.89 v _167_/X (sky130_fd_sc_hd__or4_1)
     2    0.01                           _077_ (net)
                  0.08    0.00    0.89 v _170_/B (sky130_fd_sc_hd__nor4_1)
                  0.31    0.32    1.21 ^ _170_/Y (sky130_fd_sc_hd__nor4_1)
     2    0.01                           _080_ (net)
                  0.31    0.00    1.21 ^ max_cap13/A (sky130_fd_sc_hd__buf_1)
                  0.12    0.13    1.34 ^ max_cap13/X (sky130_fd_sc_hd__buf_1)
     3    0.01                           net13 (net)
                  0.12    0.00    1.34 ^ _171_/A1 (sky130_fd_sc_hd__mux2_2)
                  0.07    0.16    1.50 ^ _171_/X (sky130_fd_sc_hd__mux2_2)
     5    0.02                           _081_ (net)
                  0.07    0.00    1.50 ^ _180_/A2 (sky130_fd_sc_hd__a21oi_1)
                  0.04    0.05    1.54 v _180_/Y (sky130_fd_sc_hd__a21oi_1)
     1    0.00                           _088_ (net)
                  0.04    0.00    1.54 v _181_/B1 (sky130_fd_sc_hd__a21oi_1)
                  0.09    0.06    1.61 ^ _181_/Y (sky130_fd_sc_hd__a21oi_1)
     1    0.00                           _055_ (net)
                  0.09    0.00    1.61 ^ _301_/D (sky130_fd_sc_hd__dfrtp_2)
                                  1.61   data arrival time

                         10.00   10.00   clock clk (rise edge)
                          0.00   10.00   clock source latency
                  0.07    0.04   10.04 ^ clk (in)
     1    0.02                           clk (net)
                  0.07    0.00   10.04 ^ clkbuf_0_clk/A (sky130_fd_sc_hd__clkbuf_16)
                  0.05    0.10   10.15 ^ clkbuf_0_clk/X (sky130_fd_sc_hd__clkbuf_16)
     4    0.05                           clknet_0_clk (net)
                  0.05    0.00   10.15 ^ clkbuf_2_3__f_clk/A (sky130_fd_sc_hd__clkbuf_16)
                  0.04    0.09   10.24 ^ clkbuf_2_3__f_clk/X (sky130_fd_sc_hd__clkbuf_16)
     8    0.03                           clknet_2_3__leaf_clk (net)
                  0.04    0.00   10.24 ^ _301_/CLK (sky130_fd_sc_hd__dfrtp_2)
                         -0.25    9.99   clock uncertainty
                          0.02   10.01   clock reconvergence pessimism
                         -0.04    9.97   library setup time
                                  9.97   data required time
-----------------------------------------------------------------------------
                                  9.97   data required time
                                 -1.61   data arrival time
-----------------------------------------------------------------------------
                                  8.36   slack (MET)


Startpoint: _326_ (rising edge-triggered flip-flop clocked by clk)
Endpoint: _300_ (rising edge-triggered flip-flop clocked by clk)
Path Group: clk
Path Type: max
Corner: Fastest

Fanout     Cap    Slew   Delay    Time   Description
-----------------------------------------------------------------------------
                          0.00    0.00   clock clk (rise edge)
                          0.00    0.00   clock source latency
                  0.07    0.05    0.05 ^ clk (in)
     1    0.02                           clk (net)
                  0.07    0.00    0.05 ^ clkbuf_0_clk/A (sky130_fd_sc_hd__clkbuf_16)
                  0.05    0.11    0.16 ^ clkbuf_0_clk/X (sky130_fd_sc_hd__clkbuf_16)
     4    0.05                           clknet_0_clk (net)
                  0.05    0.00    0.17 ^ clkbuf_2_1__f_clk/A (sky130_fd_sc_hd__clkbuf_16)
                  0.04    0.10    0.27 ^ clkbuf_2_1__f_clk/X (sky130_fd_sc_hd__clkbuf_16)
    11    0.03                           clknet_2_1__leaf_clk (net)
                  0.04    0.00    0.27 ^ _326_/CLK (sky130_fd_sc_hd__dfrtp_1)
                  0.07    0.28    0.55 v _326_/Q (sky130_fd_sc_hd__dfrtp_1)
     6    0.02                           baud_count[12] (net)
                  0.07    0.00    0.55 v _167_/B (sky130_fd_sc_hd__or4_1)
                  0.08    0.34    0.89 v _167_/X (sky130_fd_sc_hd__or4_1)
     2    0.01                           _077_ (net)
                  0.08    0.00    0.89 v _170_/B (sky130_fd_sc_hd__nor4_1)
                  0.31    0.32    1.21 ^ _170_/Y (sky130_fd_sc_hd__nor4_1)
     2    0.01                           _080_ (net)
                  0.31    0.00    1.21 ^ max_cap13/A (sky130_fd_sc_hd__buf_1)
                  0.12    0.13    1.34 ^ max_cap13/X (sky130_fd_sc_hd__buf_1)
     3    0.01                           net13 (net)
                  0.12    0.00    1.34 ^ _171_/A1 (sky130_fd_sc_hd__mux2_2)
                  0.07    0.16    1.50 ^ _171_/X (sky130_fd_sc_hd__mux2_2)
     5    0.02                           _081_ (net)
                  0.07    0.00    1.50 ^ _183_/A2 (sky130_fd_sc_hd__a21oi_1)
                  0.03    0.04    1.54 v _183_/Y (sky130_fd_sc_hd__a21oi_1)
     1    0.00                           _054_ (net)
                  0.03    0.00    1.54 v _300_/D (sky130_fd_sc_hd__dfrtp_4)
                                  1.54   data arrival time

                         10.00   10.00   clock clk (rise edge)
                          0.00   10.00   clock source latency
                  0.07    0.04   10.04 ^ clk (in)
     1    0.02                           clk (net)
                  0.07    0.00   10.04 ^ clkbuf_0_clk/A (sky130_fd_sc_hd__clkbuf_16)
                  0.05    0.10   10.15 ^ clkbuf_0_clk/X (sky130_fd_sc_hd__clkbuf_16)
     4    0.05                           clknet_0_clk (net)
                  0.05    0.00   10.15 ^ clkbuf_2_3__f_clk/A (sky130_fd_sc_hd__clkbuf_16)
                  0.04    0.09   10.24 ^ clkbuf_2_3__f_clk/X (sky130_fd_sc_hd__clkbuf_16)
     8    0.03                           clknet_2_3__leaf_clk (net)
                  0.04    0.00   10.24 ^ _300_/CLK (sky130_fd_sc_hd__dfrtp_4)
                         -0.25    9.99   clock uncertainty
                          0.02   10.01   clock reconvergence pessimism
                         -0.07    9.94   library setup time
                                  9.94   data required time
-----------------------------------------------------------------------------
                                  9.94   data required time
                                 -1.54   data arrival time
-----------------------------------------------------------------------------
                                  8.39   slack (MET)


Startpoint: _326_ (rising edge-triggered flip-flop clocked by clk)
Endpoint: _318_ (rising edge-triggered flip-flop clocked by clk)
Path Group: clk
Path Type: max
Corner: Fastest

Fanout     Cap    Slew   Delay    Time   Description
-----------------------------------------------------------------------------
                          0.00    0.00   clock clk (rise edge)
                          0.00    0.00   clock source latency
                  0.07    0.05    0.05 ^ clk (in)
     1    0.02                           clk (net)
                  0.07    0.00    0.05 ^ clkbuf_0_clk/A (sky130_fd_sc_hd__clkbuf_16)
                  0.05    0.11    0.16 ^ clkbuf_0_clk/X (sky130_fd_sc_hd__clkbuf_16)
     4    0.05                           clknet_0_clk (net)
                  0.05    0.00    0.17 ^ clkbuf_2_1__f_clk/A (sky130_fd_sc_hd__clkbuf_16)
                  0.04    0.10    0.27 ^ clkbuf_2_1__f_clk/X (sky130_fd_sc_hd__clkbuf_16)
    11    0.03                           clknet_2_1__leaf_clk (net)
                  0.04    0.00    0.27 ^ _326_/CLK (sky130_fd_sc_hd__dfrtp_1)
                  0.07    0.28    0.55 v _326_/Q (sky130_fd_sc_hd__dfrtp_1)
     6    0.02                           baud_count[12] (net)
                  0.07    0.00    0.55 v _167_/B (sky130_fd_sc_hd__or4_1)
                  0.08    0.34    0.89 v _167_/X (sky130_fd_sc_hd__or4_1)
     2    0.01                           _077_ (net)
                  0.08    0.00    0.89 v _184_/B (sky130_fd_sc_hd__or4_2)
                  0.10    0.45    1.34 v _184_/X (sky130_fd_sc_hd__or4_2)
     6    0.02                           _090_ (net)
                  0.10    0.00    1.34 v _209_/B1 (sky130_fd_sc_hd__o211a_1)
                  0.03    0.11    1.45 v _209_/X (sky130_fd_sc_hd__o211a_1)
     1    0.00                           _010_ (net)
                  0.03    0.00    1.45 v _318_/D (sky130_fd_sc_hd__dfrtp_1)
                                  1.45   data arrival time

                         10.00   10.00   clock clk (rise edge)
                          0.00   10.00   clock source latency
                  0.07    0.04   10.04 ^ clk (in)
     1    0.02                           clk (net)
                  0.07    0.00   10.04 ^ clkbuf_0_clk/A (sky130_fd_sc_hd__clkbuf_16)
                  0.05    0.10   10.15 ^ clkbuf_0_clk/X (sky130_fd_sc_hd__clkbuf_16)
     4    0.05                           clknet_0_clk (net)
                  0.05    0.00   10.15 ^ clkbuf_2_0__f_clk/A (sky130_fd_sc_hd__clkbuf_16)
                  0.04    0.09   10.24 ^ clkbuf_2_0__f_clk/X (sky130_fd_sc_hd__clkbuf_16)
     9    0.03                           clknet_2_0__leaf_clk (net)
                  0.04    0.00   10.25 ^ _318_/CLK (sky130_fd_sc_hd__dfrtp_1)
                         -0.25   10.00   clock uncertainty
                          0.02   10.01   clock reconvergence pessimism
                         -0.07    9.94   library setup time
                                  9.94   data required time
-----------------------------------------------------------------------------
                                  9.94   data required time
                                 -1.45   data arrival time
-----------------------------------------------------------------------------
                                  8.49   slack (MET)


Startpoint: _314_ (rising edge-triggered flip-flop clocked by clk)
Endpoint: _327_ (rising edge-triggered flip-flop clocked by clk)
Path Group: clk
Path Type: max
Corner: Fastest

Fanout     Cap    Slew   Delay    Time   Description
-----------------------------------------------------------------------------
                          0.00    0.00   clock clk (rise edge)
                          0.00    0.00   clock source latency
                  0.07    0.05    0.05 ^ clk (in)
     1    0.02                           clk (net)
                  0.07    0.00    0.05 ^ clkbuf_0_clk/A (sky130_fd_sc_hd__clkbuf_16)
                  0.05    0.11    0.16 ^ clkbuf_0_clk/X (sky130_fd_sc_hd__clkbuf_16)
     4    0.05                           clknet_0_clk (net)
                  0.05    0.00    0.17 ^ clkbuf_2_0__f_clk/A (sky130_fd_sc_hd__clkbuf_16)
                  0.04    0.10    0.27 ^ clkbuf_2_0__f_clk/X (sky130_fd_sc_hd__clkbuf_16)
     9    0.03                           clknet_2_0__leaf_clk (net)
                  0.04    0.00    0.27 ^ _314_/CLK (sky130_fd_sc_hd__dfrtp_4)
                  0.07    0.30    0.57 ^ _314_/Q (sky130_fd_sc_hd__dfrtp_4)
     8    0.03                           baud_count[0] (net)
                  0.07    0.00    0.57 ^ _207_/B (sky130_fd_sc_hd__and4_2)
                  0.10    0.19    0.76 ^ _207_/X (sky130_fd_sc_hd__and4_2)
     7    0.02                           _105_ (net)
                  0.10    0.00    0.77 ^ _236_/A (sky130_fd_sc_hd__and4_2)
                  0.11    0.20    0.97 ^ _236_/X (sky130_fd_sc_hd__and4_2)
     6    0.02                           _127_ (net)
                  0.11    0.00    0.97 ^ _242_/C (sky130_fd_sc_hd__and3_1)
                  0.10    0.16    1.13 ^ _242_/X (sky130_fd_sc_hd__and3_1)
     3    0.01                           _131_ (net)
                  0.10    0.00    1.13 ^ _243_/A (sky130_fd_sc_hd__inv_2)
                  0.02    0.01    1.14 v _243_/Y (sky130_fd_sc_hd__inv_2)
     1    0.00                           _132_ (net)
                  0.02    0.00    1.14 v _244_/C (sky130_fd_sc_hd__and3_1)
                  0.03    0.11    1.26 v _244_/X (sky130_fd_sc_hd__and3_1)
     1    0.00                           _133_ (net)
                  0.03    0.00    1.26 v _245_/A (sky130_fd_sc_hd__clkbuf_1)
                  0.02    0.06    1.32 v _245_/X (sky130_fd_sc_hd__clkbuf_1)
     1    0.00                           _004_ (net)
                  0.02    0.00    1.32 v _327_/D (sky130_fd_sc_hd__dfrtp_1)
                                  1.32   data arrival time

                         10.00   10.00   clock clk (rise edge)
                          0.00   10.00   clock source latency
                  0.07    0.04   10.04 ^ clk (in)
     1    0.02                           clk (net)
                  0.07    0.00   10.04 ^ clkbuf_0_clk/A (sky130_fd_sc_hd__clkbuf_16)
                  0.05    0.10   10.15 ^ clkbuf_0_clk/X (sky130_fd_sc_hd__clkbuf_16)
     4    0.05                           clknet_0_clk (net)
                  0.05    0.00   10.15 ^ clkbuf_2_1__f_clk/A (sky130_fd_sc_hd__clkbuf_16)
                  0.04    0.09   10.24 ^ clkbuf_2_1__f_clk/X (sky130_fd_sc_hd__clkbuf_16)
    11    0.03                           clknet_2_1__leaf_clk (net)
                  0.04    0.00   10.25 ^ _327_/CLK (sky130_fd_sc_hd__dfrtp_1)
                         -0.25   10.00   clock uncertainty
                          0.02   10.01   clock reconvergence pessimism
                         -0.07    9.94   library setup time
                                  9.94   data required time
-----------------------------------------------------------------------------
                                  9.94   data required time
                                 -1.32   data arrival time
-----------------------------------------------------------------------------
                                  8.63   slack (MET)


Startpoint: _314_ (rising edge-triggered flip-flop clocked by clk)
Endpoint: _324_ (rising edge-triggered flip-flop clocked by clk)
Path Group: clk
Path Type: max
Corner: Fastest

Fanout     Cap    Slew   Delay    Time   Description
-----------------------------------------------------------------------------
                          0.00    0.00   clock clk (rise edge)
                          0.00    0.00   clock source latency
                  0.07    0.05    0.05 ^ clk (in)
     1    0.02                           clk (net)
                  0.07    0.00    0.05 ^ clkbuf_0_clk/A (sky130_fd_sc_hd__clkbuf_16)
                  0.05    0.11    0.16 ^ clkbuf_0_clk/X (sky130_fd_sc_hd__clkbuf_16)
     4    0.05                           clknet_0_clk (net)
                  0.05    0.00    0.17 ^ clkbuf_2_0__f_clk/A (sky130_fd_sc_hd__clkbuf_16)
                  0.04    0.10    0.27 ^ clkbuf_2_0__f_clk/X (sky130_fd_sc_hd__clkbuf_16)
     9    0.03                           clknet_2_0__leaf_clk (net)
                  0.04    0.00    0.27 ^ _314_/CLK (sky130_fd_sc_hd__dfrtp_4)
                  0.07    0.30    0.57 ^ _314_/Q (sky130_fd_sc_hd__dfrtp_4)
     8    0.03                           baud_count[0] (net)
                  0.07    0.00    0.57 ^ _207_/B (sky130_fd_sc_hd__and4_2)
                  0.10    0.19    0.76 ^ _207_/X (sky130_fd_sc_hd__and4_2)
     7    0.02                           _105_ (net)
                  0.10    0.00    0.76 ^ _220_/A (sky130_fd_sc_hd__and3_2)
                  0.09    0.17    0.93 ^ _220_/X (sky130_fd_sc_hd__and3_2)
     5    0.02                           _115_ (net)
                  0.09    0.00    0.94 ^ _227_/C (sky130_fd_sc_hd__nand3_2)
                  0.06    0.07    1.01 v _227_/Y (sky130_fd_sc_hd__nand3_2)
     4    0.01                           _120_ (net)
                  0.06    0.00    1.01 v _231_/B (sky130_fd_sc_hd__or2_1)
                  0.03    0.13    1.14 v _231_/X (sky130_fd_sc_hd__or2_1)
     1    0.00                           _123_ (net)
                  0.03    0.00    1.14 v _232_/C (sky130_fd_sc_hd__and3_1)
                  0.03    0.12    1.25 v _232_/X (sky130_fd_sc_hd__and3_1)
     1    0.00                           _124_ (net)
                  0.03    0.00    1.25 v _233_/A (sky130_fd_sc_hd__clkbuf_1)
                  0.02    0.06    1.31 v _233_/X (sky130_fd_sc_hd__clkbuf_1)
     1    0.00                           _001_ (net)
                  0.02    0.00    1.31 v _324_/D (sky130_fd_sc_hd__dfrtp_1)
                                  1.31   data arrival time

                         10.00   10.00   clock clk (rise edge)
                          0.00   10.00   clock source latency
                  0.07    0.04   10.04 ^ clk (in)
     1    0.02                           clk (net)
                  0.07    0.00   10.04 ^ clkbuf_0_clk/A (sky130_fd_sc_hd__clkbuf_16)
                  0.05    0.10   10.15 ^ clkbuf_0_clk/X (sky130_fd_sc_hd__clkbuf_16)
     4    0.05                           clknet_0_clk (net)
                  0.05    0.00   10.15 ^ clkbuf_2_1__f_clk/A (sky130_fd_sc_hd__clkbuf_16)
                  0.04    0.09   10.24 ^ clkbuf_2_1__f_clk/X (sky130_fd_sc_hd__clkbuf_16)
    11    0.03                           clknet_2_1__leaf_clk (net)
                  0.04    0.00   10.25 ^ _324_/CLK (sky130_fd_sc_hd__dfrtp_1)
                         -0.25   10.00   clock uncertainty
                          0.02   10.01   clock reconvergence pessimism
                         -0.07    9.94   library setup time
                                  9.94   data required time
-----------------------------------------------------------------------------
                                  9.94   data required time
                                 -1.31   data arrival time
-----------------------------------------------------------------------------
                                  8.63   slack (MET)


Startpoint: _314_ (rising edge-triggered flip-flop clocked by clk)
Endpoint: _328_ (rising edge-triggered flip-flop clocked by clk)
Path Group: clk
Path Type: max
Corner: Fastest

Fanout     Cap    Slew   Delay    Time   Description
-----------------------------------------------------------------------------
                          0.00    0.00   clock clk (rise edge)
                          0.00    0.00   clock source latency
                  0.07    0.05    0.05 ^ clk (in)
     1    0.02                           clk (net)
                  0.07    0.00    0.05 ^ clkbuf_0_clk/A (sky130_fd_sc_hd__clkbuf_16)
                  0.05    0.11    0.16 ^ clkbuf_0_clk/X (sky130_fd_sc_hd__clkbuf_16)
     4    0.05                           clknet_0_clk (net)
                  0.05    0.00    0.17 ^ clkbuf_2_0__f_clk/A (sky130_fd_sc_hd__clkbuf_16)
                  0.04    0.10    0.27 ^ clkbuf_2_0__f_clk/X (sky130_fd_sc_hd__clkbuf_16)
     9    0.03                           clknet_2_0__leaf_clk (net)
                  0.04    0.00    0.27 ^ _314_/CLK (sky130_fd_sc_hd__dfrtp_4)
                  0.06    0.34    0.61 v _314_/Q (sky130_fd_sc_hd__dfrtp_4)
     8    0.02                           baud_count[0] (net)
                  0.06    0.00    0.61 v _207_/B (sky130_fd_sc_hd__and4_2)
                  0.06    0.18    0.79 v _207_/X (sky130_fd_sc_hd__and4_2)
     7    0.02                           _105_ (net)
                  0.06    0.00    0.79 v _236_/A (sky130_fd_sc_hd__and4_2)
                  0.06    0.16    0.95 v _236_/X (sky130_fd_sc_hd__and4_2)
     6    0.02                           _127_ (net)
                  0.06    0.00    0.96 v _242_/C (sky130_fd_sc_hd__and3_1)
                  0.05    0.16    1.12 v _242_/X (sky130_fd_sc_hd__and3_1)
     3    0.01                           _131_ (net)
                  0.05    0.00    1.12 v _246_/A2 (sky130_fd_sc_hd__a21boi_1)
                  0.09    0.12    1.23 ^ _246_/Y (sky130_fd_sc_hd__a21boi_1)
     1    0.00                           _134_ (net)
                  0.09    0.00    1.23 ^ _247_/B1 (sky130_fd_sc_hd__o21a_1)
                  0.03    0.07    1.30 ^ _247_/X (sky130_fd_sc_hd__o21a_1)
     1    0.00                           _005_ (net)
                  0.03    0.00    1.30 ^ _328_/D (sky130_fd_sc_hd__dfrtp_1)
                                  1.30   data arrival time

                         10.00   10.00   clock clk (rise edge)
                          0.00   10.00   clock source latency
                  0.07    0.04   10.04 ^ clk (in)
     1    0.02                           clk (net)
                  0.07    0.00   10.04 ^ clkbuf_0_clk/A (sky130_fd_sc_hd__clkbuf_16)
                  0.05    0.10   10.15 ^ clkbuf_0_clk/X (sky130_fd_sc_hd__clkbuf_16)
     4    0.05                           clknet_0_clk (net)
                  0.05    0.00   10.15 ^ clkbuf_2_1__f_clk/A (sky130_fd_sc_hd__clkbuf_16)
                  0.04    0.09   10.24 ^ clkbuf_2_1__f_clk/X (sky130_fd_sc_hd__clkbuf_16)
    11    0.03                           clknet_2_1__leaf_clk (net)
                  0.04    0.00   10.25 ^ _328_/CLK (sky130_fd_sc_hd__dfrtp_1)
                         -0.25   10.00   clock uncertainty
                          0.02   10.01   clock reconvergence pessimism
                         -0.03    9.98   library setup time
                                  9.98   data required time
-----------------------------------------------------------------------------
                                  9.98   data required time
                                 -1.30   data arrival time
-----------------------------------------------------------------------------
                                  8.68   slack (MET)


Startpoint: _300_ (rising edge-triggered flip-flop clocked by clk)
Endpoint: _304_ (rising edge-triggered flip-flop clocked by clk)
Path Group: clk
Path Type: max
Corner: Fastest

Fanout     Cap    Slew   Delay    Time   Description
-----------------------------------------------------------------------------
                          0.00    0.00   clock clk (rise edge)
                          0.00    0.00   clock source latency
                  0.07    0.05    0.05 ^ clk (in)
     1    0.02                           clk (net)
                  0.07    0.00    0.05 ^ clkbuf_0_clk/A (sky130_fd_sc_hd__clkbuf_16)
                  0.05    0.11    0.16 ^ clkbuf_0_clk/X (sky130_fd_sc_hd__clkbuf_16)
     4    0.05                           clknet_0_clk (net)
                  0.05    0.00    0.17 ^ clkbuf_2_3__f_clk/A (sky130_fd_sc_hd__clkbuf_16)
                  0.04    0.10    0.27 ^ clkbuf_2_3__f_clk/X (sky130_fd_sc_hd__clkbuf_16)
     8    0.03                           clknet_2_3__leaf_clk (net)
                  0.04    0.00    0.27 ^ _300_/CLK (sky130_fd_sc_hd__dfrtp_4)
                  0.08    0.31    0.57 ^ _300_/Q (sky130_fd_sc_hd__dfrtp_4)
     8    0.03                           bit_index[0] (net)
                  0.08    0.00    0.58 ^ _256_/S0 (sky130_fd_sc_hd__mux4_1)
                  0.07    0.29    0.86 v _256_/X (sky130_fd_sc_hd__mux4_1)
     1    0.00                           _141_ (net)
                  0.07    0.00    0.86 v _257_/A (sky130_fd_sc_hd__or2b_1)
                  0.04    0.16    1.03 v _257_/X (sky130_fd_sc_hd__or2b_1)
     1    0.01                           _142_ (net)
                  0.04    0.00    1.03 v _258_/A3 (sky130_fd_sc_hd__a311o_1)
                  0.05    0.24    1.27 v _258_/X (sky130_fd_sc_hd__a311o_1)
     1    0.00                           _147_ (net)
                  0.05    0.00    1.27 v _304_/D (sky130_fd_sc_hd__dfstp_1)
                                  1.27   data arrival time

                         10.00   10.00   clock clk (rise edge)
                          0.00   10.00   clock source latency
                  0.07    0.04   10.04 ^ clk (in)
     1    0.02                           clk (net)
                  0.07    0.00   10.04 ^ clkbuf_0_clk/A (sky130_fd_sc_hd__clkbuf_16)
                  0.05    0.10   10.15 ^ clkbuf_0_clk/X (sky130_fd_sc_hd__clkbuf_16)
     4    0.05                           clknet_0_clk (net)
                  0.05    0.00   10.15 ^ clkbuf_2_2__f_clk/A (sky130_fd_sc_hd__clkbuf_16)
                  0.03    0.08   10.23 ^ clkbuf_2_2__f_clk/X (sky130_fd_sc_hd__clkbuf_16)
     6    0.02                           clknet_2_2__leaf_clk (net)
                  0.03    0.00   10.24 ^ _304_/CLK (sky130_fd_sc_hd__dfstp_1)
                         -0.25    9.99   clock uncertainty
                          0.02   10.00   clock reconvergence pessimism
                         -0.05    9.95   library setup time
                                  9.95   data required time
-----------------------------------------------------------------------------
                                  9.95   data required time
                                 -1.27   data arrival time
-----------------------------------------------------------------------------
                                  8.68   slack (MET)


Startpoint: _314_ (rising edge-triggered flip-flop clocked by clk)
Endpoint: _329_ (rising edge-triggered flip-flop clocked by clk)
Path Group: clk
Path Type: max
Corner: Fastest

Fanout     Cap    Slew   Delay    Time   Description
-----------------------------------------------------------------------------
                          0.00    0.00   clock clk (rise edge)
                          0.00    0.00   clock source latency
                  0.07    0.05    0.05 ^ clk (in)
     1    0.02                           clk (net)
                  0.07    0.00    0.05 ^ clkbuf_0_clk/A (sky130_fd_sc_hd__clkbuf_16)
                  0.05    0.11    0.16 ^ clkbuf_0_clk/X (sky130_fd_sc_hd__clkbuf_16)
     4    0.05                           clknet_0_clk (net)
                  0.05    0.00    0.17 ^ clkbuf_2_0__f_clk/A (sky130_fd_sc_hd__clkbuf_16)
                  0.04    0.10    0.27 ^ clkbuf_2_0__f_clk/X (sky130_fd_sc_hd__clkbuf_16)
     9    0.03                           clknet_2_0__leaf_clk (net)
                  0.04    0.00    0.27 ^ _314_/CLK (sky130_fd_sc_hd__dfrtp_4)
                  0.06    0.34    0.61 v _314_/Q (sky130_fd_sc_hd__dfrtp_4)
     8    0.02                           baud_count[0] (net)
                  0.06    0.00    0.61 v _207_/B (sky130_fd_sc_hd__and4_2)
                  0.06    0.18    0.79 v _207_/X (sky130_fd_sc_hd__and4_2)
     7    0.02                           _105_ (net)
                  0.06    0.00    0.79 v _236_/A (sky130_fd_sc_hd__and4_2)
                  0.06    0.16    0.95 v _236_/X (sky130_fd_sc_hd__and4_2)
     6    0.02                           _127_ (net)
                  0.06    0.00    0.96 v _248_/D (sky130_fd_sc_hd__and4_1)
                  0.04    0.16    1.11 v _248_/X (sky130_fd_sc_hd__and4_1)
     2    0.01                           _135_ (net)
                  0.04    0.00    1.11 v _249_/A2 (sky130_fd_sc_hd__o21ai_1)
                  0.08    0.09    1.21 ^ _249_/Y (sky130_fd_sc_hd__o21ai_1)
     1    0.00                           _136_ (net)
                  0.08    0.00    1.21 ^ _250_/B1 (sky130_fd_sc_hd__a21oi_1)
                  0.03    0.03    1.23 v _250_/Y (sky130_fd_sc_hd__a21oi_1)
     1    0.00                           _006_ (net)
                  0.03    0.00    1.23 v _329_/D (sky130_fd_sc_hd__dfrtp_1)
                                  1.23   data arrival time

                         10.00   10.00   clock clk (rise edge)
                          0.00   10.00   clock source latency
                  0.07    0.04   10.04 ^ clk (in)
     1    0.02                           clk (net)
                  0.07    0.00   10.04 ^ clkbuf_0_clk/A (sky130_fd_sc_hd__clkbuf_16)
                  0.05    0.10   10.15 ^ clkbuf_0_clk/X (sky130_fd_sc_hd__clkbuf_16)
     4    0.05                           clknet_0_clk (net)
                  0.05    0.00   10.15 ^ clkbuf_2_1__f_clk/A (sky130_fd_sc_hd__clkbuf_16)
                  0.04    0.09   10.24 ^ clkbuf_2_1__f_clk/X (sky130_fd_sc_hd__clkbuf_16)
    11    0.03                           clknet_2_1__leaf_clk (net)
                  0.04    0.00   10.25 ^ _329_/CLK (sky130_fd_sc_hd__dfrtp_1)
                         -0.25   10.00   clock uncertainty
                          0.02   10.01   clock reconvergence pessimism
                         -0.07    9.94   library setup time
                                  9.94   data required time
-----------------------------------------------------------------------------
                                  9.94   data required time
                                 -1.23   data arrival time
-----------------------------------------------------------------------------
                                  8.71   slack (MET)


Startpoint: _297_ (rising edge-triggered flip-flop clocked by clk)
Endpoint: _326_ (rising edge-triggered flip-flop clocked by clk)
Path Group: clk
Path Type: max
Corner: Fastest

Fanout     Cap    Slew   Delay    Time   Description
-----------------------------------------------------------------------------
                          0.00    0.00   clock clk (rise edge)
                          0.00    0.00   clock source latency
                  0.07    0.05    0.05 ^ clk (in)
     1    0.02                           clk (net)
                  0.07    0.00    0.05 ^ clkbuf_0_clk/A (sky130_fd_sc_hd__clkbuf_16)
                  0.05    0.11    0.16 ^ clkbuf_0_clk/X (sky130_fd_sc_hd__clkbuf_16)
     4    0.05                           clknet_0_clk (net)
                  0.05    0.00    0.17 ^ clkbuf_2_2__f_clk/A (sky130_fd_sc_hd__clkbuf_16)
                  0.03    0.09    0.26 ^ clkbuf_2_2__f_clk/X (sky130_fd_sc_hd__clkbuf_16)
     6    0.02                           clknet_2_2__leaf_clk (net)
                  0.03    0.00    0.26 ^ _297_/CLK (sky130_fd_sc_hd__dfrtp_4)
                  0.07    0.34    0.60 v _297_/Q (sky130_fd_sc_hd__dfrtp_4)
     8    0.03                           state[1] (net)
                  0.07    0.00    0.60 v _192_/B (sky130_fd_sc_hd__or3_4)
                  0.07    0.28    0.88 v _192_/X (sky130_fd_sc_hd__or3_4)
     7    0.03                           _094_ (net)
                  0.07    0.01    0.89 v _193_/A (sky130_fd_sc_hd__buf_2)
                  0.07    0.14    1.03 v _193_/X (sky130_fd_sc_hd__buf_2)
    10    0.04                           _095_ (net)
                  0.07    0.00    1.04 v _239_/B1_N (sky130_fd_sc_hd__a21boi_1)
                  0.05    0.10    1.14 v _239_/Y (sky130_fd_sc_hd__a21boi_1)
     1    0.00                           _129_ (net)
                  0.05    0.00    1.14 v _240_/B1 (sky130_fd_sc_hd__o21a_1)
                  0.03    0.07    1.21 v _240_/X (sky130_fd_sc_hd__o21a_1)
     1    0.00                           _003_ (net)
                  0.03    0.00    1.21 v _326_/D (sky130_fd_sc_hd__dfrtp_1)
                                  1.21   data arrival time

                         10.00   10.00   clock clk (rise edge)
                          0.00   10.00   clock source latency
                  0.07    0.04   10.04 ^ clk (in)
     1    0.02                           clk (net)
                  0.07    0.00   10.04 ^ clkbuf_0_clk/A (sky130_fd_sc_hd__clkbuf_16)
                  0.05    0.10   10.15 ^ clkbuf_0_clk/X (sky130_fd_sc_hd__clkbuf_16)
     4    0.05                           clknet_0_clk (net)
                  0.05    0.00   10.15 ^ clkbuf_2_1__f_clk/A (sky130_fd_sc_hd__clkbuf_16)
                  0.04    0.09   10.24 ^ clkbuf_2_1__f_clk/X (sky130_fd_sc_hd__clkbuf_16)
    11    0.03                           clknet_2_1__leaf_clk (net)
                  0.04    0.00   10.25 ^ _326_/CLK (sky130_fd_sc_hd__dfrtp_1)
                         -0.25   10.00   clock uncertainty
                          0.02   10.01   clock reconvergence pessimism
                         -0.07    9.94   library setup time
                                  9.94   data required time
-----------------------------------------------------------------------------
                                  9.94   data required time
                                 -1.21   data arrival time
-----------------------------------------------------------------------------
                                  8.73   slack (MET)


Startpoint: _297_ (rising edge-triggered flip-flop clocked by clk)
Endpoint: _314_ (rising edge-triggered flip-flop clocked by clk)
Path Group: clk
Path Type: max
Corner: Fastest

Fanout     Cap    Slew   Delay    Time   Description
-----------------------------------------------------------------------------
                          0.00    0.00   clock clk (rise edge)
                          0.00    0.00   clock source latency
                  0.07    0.05    0.05 ^ clk (in)
     1    0.02                           clk (net)
                  0.07    0.00    0.05 ^ clkbuf_0_clk/A (sky130_fd_sc_hd__clkbuf_16)
                  0.05    0.11    0.16 ^ clkbuf_0_clk/X (sky130_fd_sc_hd__clkbuf_16)
     4    0.05                           clknet_0_clk (net)
                  0.05    0.00    0.17 ^ clkbuf_2_2__f_clk/A (sky130_fd_sc_hd__clkbuf_16)
                  0.03    0.09    0.26 ^ clkbuf_2_2__f_clk/X (sky130_fd_sc_hd__clkbuf_16)
     6    0.02                           clknet_2_2__leaf_clk (net)
                  0.03    0.00    0.26 ^ _297_/CLK (sky130_fd_sc_hd__dfrtp_4)
                  0.07    0.34    0.60 v _297_/Q (sky130_fd_sc_hd__dfrtp_4)
     8    0.03                           state[1] (net)
                  0.07    0.00    0.60 v _192_/B (sky130_fd_sc_hd__or3_4)
                  0.07    0.28    0.88 v _192_/X (sky130_fd_sc_hd__or3_4)
     7    0.03                           _094_ (net)
                  0.07    0.01    0.89 v _193_/A (sky130_fd_sc_hd__buf_2)
                  0.07    0.14    1.03 v _193_/X (sky130_fd_sc_hd__buf_2)
    10    0.04                           _095_ (net)
                  0.07    0.00    1.04 v _194_/B (sky130_fd_sc_hd__and2b_1)
                  0.03    0.12    1.15 v _194_/X (sky130_fd_sc_hd__and2b_1)
     1    0.00                           _096_ (net)
                  0.03    0.00    1.15 v _195_/A (sky130_fd_sc_hd__clkbuf_1)
                  0.02    0.06    1.21 v _195_/X (sky130_fd_sc_hd__clkbuf_1)
     1    0.00                           _000_ (net)
                  0.02    0.00    1.21 v _314_/D (sky130_fd_sc_hd__dfrtp_4)
                                  1.21   data arrival time

                         10.00   10.00   clock clk (rise edge)
                          0.00   10.00   clock source latency
                  0.07    0.04   10.04 ^ clk (in)
     1    0.02                           clk (net)
                  0.07    0.00   10.04 ^ clkbuf_0_clk/A (sky130_fd_sc_hd__clkbuf_16)
                  0.05    0.10   10.15 ^ clkbuf_0_clk/X (sky130_fd_sc_hd__clkbuf_16)
     4    0.05                           clknet_0_clk (net)
                  0.05    0.00   10.15 ^ clkbuf_2_0__f_clk/A (sky130_fd_sc_hd__clkbuf_16)
                  0.04    0.09   10.24 ^ clkbuf_2_0__f_clk/X (sky130_fd_sc_hd__clkbuf_16)
     9    0.03                           clknet_2_0__leaf_clk (net)
                  0.04    0.00   10.24 ^ _314_/CLK (sky130_fd_sc_hd__dfrtp_4)
                         -0.25    9.99   clock uncertainty
                          0.02   10.01   clock reconvergence pessimism
                         -0.07    9.94   library setup time
                                  9.94   data required time
-----------------------------------------------------------------------------
                                  9.94   data required time
                                 -1.21   data arrival time
-----------------------------------------------------------------------------
                                  8.73   slack (MET)


Startpoint: _297_ (rising edge-triggered flip-flop clocked by clk)
Endpoint: _319_ (rising edge-triggered flip-flop clocked by clk)
Path Group: clk
Path Type: max
Corner: Fastest

Fanout     Cap    Slew   Delay    Time   Description
-----------------------------------------------------------------------------
                          0.00    0.00   clock clk (rise edge)
                          0.00    0.00   clock source latency
                  0.07    0.05    0.05 ^ clk (in)
     1    0.02                           clk (net)
                  0.07    0.00    0.05 ^ clkbuf_0_clk/A (sky130_fd_sc_hd__clkbuf_16)
                  0.05    0.11    0.16 ^ clkbuf_0_clk/X (sky130_fd_sc_hd__clkbuf_16)
     4    0.05                           clknet_0_clk (net)
                  0.05    0.00    0.17 ^ clkbuf_2_2__f_clk/A (sky130_fd_sc_hd__clkbuf_16)
                  0.03    0.09    0.26 ^ clkbuf_2_2__f_clk/X (sky130_fd_sc_hd__clkbuf_16)
     6    0.02                           clknet_2_2__leaf_clk (net)
                  0.03    0.00    0.26 ^ _297_/CLK (sky130_fd_sc_hd__dfrtp_4)
                  0.07    0.34    0.60 v _297_/Q (sky130_fd_sc_hd__dfrtp_4)
     8    0.03                           state[1] (net)
                  0.07    0.00    0.60 v _192_/B (sky130_fd_sc_hd__or3_4)
                  0.07    0.28    0.88 v _192_/X (sky130_fd_sc_hd__or3_4)
     7    0.03                           _094_ (net)
                  0.07    0.01    0.89 v _193_/A (sky130_fd_sc_hd__buf_2)
                  0.07    0.14    1.03 v _193_/X (sky130_fd_sc_hd__buf_2)
    10    0.04                           _095_ (net)
                  0.07    0.00    1.04 v _214_/A (sky130_fd_sc_hd__and3_1)
                  0.03    0.11    1.14 v _214_/X (sky130_fd_sc_hd__and3_1)
     1    0.00                           _111_ (net)
                  0.03    0.00    1.14 v _215_/A (sky130_fd_sc_hd__clkbuf_1)
                  0.02    0.06    1.20 v _215_/X (sky130_fd_sc_hd__clkbuf_1)
     1    0.00                           _011_ (net)
                  0.02    0.00    1.20 v _319_/D (sky130_fd_sc_hd__dfrtp_1)
                                  1.20   data arrival time

                         10.00   10.00   clock clk (rise edge)
                          0.00   10.00   clock source latency
                  0.07    0.04   10.04 ^ clk (in)
     1    0.02                           clk (net)
                  0.07    0.00   10.04 ^ clkbuf_0_clk/A (sky130_fd_sc_hd__clkbuf_16)
                  0.05    0.10   10.15 ^ clkbuf_0_clk/X (sky130_fd_sc_hd__clkbuf_16)
     4    0.05                           clknet_0_clk (net)
                  0.05    0.00   10.15 ^ clkbuf_2_0__f_clk/A (sky130_fd_sc_hd__clkbuf_16)
                  0.04    0.09   10.24 ^ clkbuf_2_0__f_clk/X (sky130_fd_sc_hd__clkbuf_16)
     9    0.03                           clknet_2_0__leaf_clk (net)
                  0.04    0.00   10.24 ^ _319_/CLK (sky130_fd_sc_hd__dfrtp_1)
                         -0.25    9.99   clock uncertainty
                          0.02   10.01   clock reconvergence pessimism
                         -0.07    9.94   library setup time
                                  9.94   data required time
-----------------------------------------------------------------------------
                                  9.94   data required time
                                 -1.20   data arrival time
-----------------------------------------------------------------------------
                                  8.74   slack (MET)


Startpoint: _297_ (rising edge-triggered flip-flop clocked by clk)
Endpoint: _322_ (rising edge-triggered flip-flop clocked by clk)
Path Group: clk
Path Type: max
Corner: Fastest

Fanout     Cap    Slew   Delay    Time   Description
-----------------------------------------------------------------------------
                          0.00    0.00   clock clk (rise edge)
                          0.00    0.00   clock source latency
                  0.07    0.05    0.05 ^ clk (in)
     1    0.02                           clk (net)
                  0.07    0.00    0.05 ^ clkbuf_0_clk/A (sky130_fd_sc_hd__clkbuf_16)
                  0.05    0.11    0.16 ^ clkbuf_0_clk/X (sky130_fd_sc_hd__clkbuf_16)
     4    0.05                           clknet_0_clk (net)
                  0.05    0.00    0.17 ^ clkbuf_2_2__f_clk/A (sky130_fd_sc_hd__clkbuf_16)
                  0.03    0.09    0.26 ^ clkbuf_2_2__f_clk/X (sky130_fd_sc_hd__clkbuf_16)
     6    0.02                           clknet_2_2__leaf_clk (net)
                  0.03    0.00    0.26 ^ _297_/CLK (sky130_fd_sc_hd__dfrtp_4)
                  0.07    0.34    0.60 v _297_/Q (sky130_fd_sc_hd__dfrtp_4)
     8    0.03                           state[1] (net)
                  0.07    0.00    0.60 v _192_/B (sky130_fd_sc_hd__or3_4)
                  0.07    0.28    0.88 v _192_/X (sky130_fd_sc_hd__or3_4)
     7    0.03                           _094_ (net)
                  0.07    0.01    0.89 v _193_/A (sky130_fd_sc_hd__buf_2)
                  0.07    0.14    1.03 v _193_/X (sky130_fd_sc_hd__buf_2)
    10    0.04                           _095_ (net)
                  0.07    0.00    1.04 v _224_/B1_N (sky130_fd_sc_hd__a21boi_1)
                  0.03    0.10    1.13 v _224_/Y (sky130_fd_sc_hd__a21boi_1)
     1    0.00                           _118_ (net)
                  0.03    0.00    1.13 v _225_/B1 (sky130_fd_sc_hd__o21a_1)
                  0.02    0.06    1.20 v _225_/X (sky130_fd_sc_hd__o21a_1)
     1    0.00                           _014_ (net)
                  0.02    0.00    1.20 v _322_/D (sky130_fd_sc_hd__dfrtp_2)
                                  1.20   data arrival time

                         10.00   10.00   clock clk (rise edge)
                          0.00   10.00   clock source latency
                  0.07    0.04   10.04 ^ clk (in)
     1    0.02                           clk (net)
                  0.07    0.00   10.04 ^ clkbuf_0_clk/A (sky130_fd_sc_hd__clkbuf_16)
                  0.05    0.10   10.15 ^ clkbuf_0_clk/X (sky130_fd_sc_hd__clkbuf_16)
     4    0.05                           clknet_0_clk (net)
                  0.05    0.00   10.15 ^ clkbuf_2_0__f_clk/A (sky130_fd_sc_hd__clkbuf_16)
                  0.04    0.09   10.24 ^ clkbuf_2_0__f_clk/X (sky130_fd_sc_hd__clkbuf_16)
     9    0.03                           clknet_2_0__leaf_clk (net)
                  0.04    0.00   10.24 ^ _322_/CLK (sky130_fd_sc_hd__dfrtp_2)
                         -0.25    9.99   clock uncertainty
                          0.02   10.01   clock reconvergence pessimism
                         -0.07    9.94   library setup time
                                  9.94   data required time
-----------------------------------------------------------------------------
                                  9.94   data required time
                                 -1.20   data arrival time
-----------------------------------------------------------------------------
                                  8.74   slack (MET)


Startpoint: _314_ (rising edge-triggered flip-flop clocked by clk)
Endpoint: _325_ (rising edge-triggered flip-flop clocked by clk)
Path Group: clk
Path Type: max
Corner: Fastest

Fanout     Cap    Slew   Delay    Time   Description
-----------------------------------------------------------------------------
                          0.00    0.00   clock clk (rise edge)
                          0.00    0.00   clock source latency
                  0.07    0.05    0.05 ^ clk (in)
     1    0.02                           clk (net)
                  0.07    0.00    0.05 ^ clkbuf_0_clk/A (sky130_fd_sc_hd__clkbuf_16)
                  0.05    0.11    0.16 ^ clkbuf_0_clk/X (sky130_fd_sc_hd__clkbuf_16)
     4    0.05                           clknet_0_clk (net)
                  0.05    0.00    0.17 ^ clkbuf_2_0__f_clk/A (sky130_fd_sc_hd__clkbuf_16)
                  0.04    0.10    0.27 ^ clkbuf_2_0__f_clk/X (sky130_fd_sc_hd__clkbuf_16)
     9    0.03                           clknet_2_0__leaf_clk (net)
                  0.04    0.00    0.27 ^ _314_/CLK (sky130_fd_sc_hd__dfrtp_4)
                  0.06    0.34    0.61 v _314_/Q (sky130_fd_sc_hd__dfrtp_4)
     8    0.02                           baud_count[0] (net)
                  0.06    0.00    0.61 v _207_/B (sky130_fd_sc_hd__and4_2)
                  0.06    0.18    0.79 v _207_/X (sky130_fd_sc_hd__and4_2)
     7    0.02                           _105_ (net)
                  0.06    0.00    0.79 v _220_/A (sky130_fd_sc_hd__and3_2)
                  0.05    0.16    0.95 v _220_/X (sky130_fd_sc_hd__and3_2)
     5    0.02                           _115_ (net)
                  0.05    0.00    0.95 v _227_/C (sky130_fd_sc_hd__nand3_2)
                  0.07    0.08    1.03 ^ _227_/Y (sky130_fd_sc_hd__nand3_2)
     4    0.01                           _120_ (net)
                  0.07    0.00    1.03 ^ _234_/B (sky130_fd_sc_hd__nor2_1)
                  0.03    0.03    1.06 v _234_/Y (sky130_fd_sc_hd__nor2_1)
     1    0.00                           _125_ (net)
                  0.03    0.00    1.06 v _238_/A2 (sky130_fd_sc_hd__o211a_1)
                  0.03    0.13    1.19 v _238_/X (sky130_fd_sc_hd__o211a_1)
     1    0.00                           _002_ (net)
                  0.03    0.00    1.20 v _325_/D (sky130_fd_sc_hd__dfrtp_1)
                                  1.20   data arrival time

                         10.00   10.00   clock clk (rise edge)
                          0.00   10.00   clock source latency
                  0.07    0.04   10.04 ^ clk (in)
     1    0.02                           clk (net)
                  0.07    0.00   10.04 ^ clkbuf_0_clk/A (sky130_fd_sc_hd__clkbuf_16)
                  0.05    0.10   10.15 ^ clkbuf_0_clk/X (sky130_fd_sc_hd__clkbuf_16)
     4    0.05                           clknet_0_clk (net)
                  0.05    0.00   10.15 ^ clkbuf_2_1__f_clk/A (sky130_fd_sc_hd__clkbuf_16)
                  0.04    0.09   10.24 ^ clkbuf_2_1__f_clk/X (sky130_fd_sc_hd__clkbuf_16)
    11    0.03                           clknet_2_1__leaf_clk (net)
                  0.04    0.00   10.25 ^ _325_/CLK (sky130_fd_sc_hd__dfrtp_1)
                         -0.25   10.00   clock uncertainty
                          0.02   10.01   clock reconvergence pessimism
                         -0.07    9.94   library setup time
                                  9.94   data required time
-----------------------------------------------------------------------------
                                  9.94   data required time
                                 -1.20   data arrival time
-----------------------------------------------------------------------------
                                  8.75   slack (MET)


Startpoint: _297_ (rising edge-triggered flip-flop clocked by clk)
Endpoint: _321_ (rising edge-triggered flip-flop clocked by clk)
Path Group: clk
Path Type: max
Corner: Fastest

Fanout     Cap    Slew   Delay    Time   Description
-----------------------------------------------------------------------------
                          0.00    0.00   clock clk (rise edge)
                          0.00    0.00   clock source latency
                  0.07    0.05    0.05 ^ clk (in)
     1    0.02                           clk (net)
                  0.07    0.00    0.05 ^ clkbuf_0_clk/A (sky130_fd_sc_hd__clkbuf_16)
                  0.05    0.11    0.16 ^ clkbuf_0_clk/X (sky130_fd_sc_hd__clkbuf_16)
     4    0.05                           clknet_0_clk (net)
                  0.05    0.00    0.17 ^ clkbuf_2_2__f_clk/A (sky130_fd_sc_hd__clkbuf_16)
                  0.03    0.09    0.26 ^ clkbuf_2_2__f_clk/X (sky130_fd_sc_hd__clkbuf_16)
     6    0.02                           clknet_2_2__leaf_clk (net)
                  0.03    0.00    0.26 ^ _297_/CLK (sky130_fd_sc_hd__dfrtp_4)
                  0.07    0.34    0.60 v _297_/Q (sky130_fd_sc_hd__dfrtp_4)
     8    0.03                           state[1] (net)
                  0.07    0.00    0.60 v _192_/B (sky130_fd_sc_hd__or3_4)
                  0.07    0.28    0.88 v _192_/X (sky130_fd_sc_hd__or3_4)
     7    0.03                           _094_ (net)
                  0.07    0.01    0.89 v _193_/A (sky130_fd_sc_hd__buf_2)
                  0.07    0.14    1.03 v _193_/X (sky130_fd_sc_hd__buf_2)
    10    0.04                           _095_ (net)
                  0.07    0.00    1.04 v _222_/A (sky130_fd_sc_hd__and3_1)
                  0.03    0.10    1.14 v _222_/X (sky130_fd_sc_hd__and3_1)
     1    0.00                           _117_ (net)
                  0.03    0.00    1.14 v _223_/A (sky130_fd_sc_hd__clkbuf_1)
                  0.02    0.06    1.19 v _223_/X (sky130_fd_sc_hd__clkbuf_1)
     1    0.00                           _013_ (net)
                  0.02    0.00    1.19 v _321_/D (sky130_fd_sc_hd__dfrtp_1)
                                  1.19   data arrival time

                         10.00   10.00   clock clk (rise edge)
                          0.00   10.00   clock source latency
                  0.07    0.04   10.04 ^ clk (in)
     1    0.02                           clk (net)
                  0.07    0.00   10.04 ^ clkbuf_0_clk/A (sky130_fd_sc_hd__clkbuf_16)
                  0.05    0.10   10.15 ^ clkbuf_0_clk/X (sky130_fd_sc_hd__clkbuf_16)
     4    0.05                           clknet_0_clk (net)
                  0.05    0.00   10.15 ^ clkbuf_2_0__f_clk/A (sky130_fd_sc_hd__clkbuf_16)
                  0.04    0.09   10.24 ^ clkbuf_2_0__f_clk/X (sky130_fd_sc_hd__clkbuf_16)
     9    0.03                           clknet_2_0__leaf_clk (net)
                  0.04    0.00   10.24 ^ _321_/CLK (sky130_fd_sc_hd__dfrtp_1)
                         -0.25    9.99   clock uncertainty
                          0.02   10.01   clock reconvergence pessimism
                         -0.07    9.94   library setup time
                                  9.94   data required time
-----------------------------------------------------------------------------
                                  9.94   data required time
                                 -1.19   data arrival time
-----------------------------------------------------------------------------
                                  8.75   slack (MET)


Startpoint: _314_ (rising edge-triggered flip-flop clocked by clk)
Endpoint: _323_ (rising edge-triggered flip-flop clocked by clk)
Path Group: clk
Path Type: max
Corner: Fastest

Fanout     Cap    Slew   Delay    Time   Description
-----------------------------------------------------------------------------
                          0.00    0.00   clock clk (rise edge)
                          0.00    0.00   clock source latency
                  0.07    0.05    0.05 ^ clk (in)
     1    0.02                           clk (net)
                  0.07    0.00    0.05 ^ clkbuf_0_clk/A (sky130_fd_sc_hd__clkbuf_16)
                  0.05    0.11    0.16 ^ clkbuf_0_clk/X (sky130_fd_sc_hd__clkbuf_16)
     4    0.05                           clknet_0_clk (net)
                  0.05    0.00    0.17 ^ clkbuf_2_0__f_clk/A (sky130_fd_sc_hd__clkbuf_16)
                  0.04    0.10    0.27 ^ clkbuf_2_0__f_clk/X (sky130_fd_sc_hd__clkbuf_16)
     9    0.03                           clknet_2_0__leaf_clk (net)
                  0.04    0.00    0.27 ^ _314_/CLK (sky130_fd_sc_hd__dfrtp_4)
                  0.06    0.34    0.61 v _314_/Q (sky130_fd_sc_hd__dfrtp_4)
     8    0.02                           baud_count[0] (net)
                  0.06    0.00    0.61 v _207_/B (sky130_fd_sc_hd__and4_2)
                  0.06    0.18    0.79 v _207_/X (sky130_fd_sc_hd__and4_2)
     7    0.02                           _105_ (net)
                  0.06    0.00    0.79 v _220_/A (sky130_fd_sc_hd__and3_2)
                  0.05    0.16    0.95 v _220_/X (sky130_fd_sc_hd__and3_2)
     5    0.02                           _115_ (net)
                  0.05    0.00    0.95 v _226_/B (sky130_fd_sc_hd__and2_1)
                  0.03    0.11    1.06 v _226_/X (sky130_fd_sc_hd__and2_1)
     1    0.00                           _119_ (net)
                  0.03    0.00    1.06 v _228_/A2 (sky130_fd_sc_hd__o211a_1)
                  0.03    0.13    1.19 v _228_/X (sky130_fd_sc_hd__o211a_1)
     1    0.00                           _015_ (net)
                  0.03    0.00    1.19 v _323_/D (sky130_fd_sc_hd__dfrtp_1)
                                  1.19   data arrival time

                         10.00   10.00   clock clk (rise edge)
                          0.00   10.00   clock source latency
                  0.07    0.04   10.04 ^ clk (in)
     1    0.02                           clk (net)
                  0.07    0.00   10.04 ^ clkbuf_0_clk/A (sky130_fd_sc_hd__clkbuf_16)
                  0.05    0.10   10.15 ^ clkbuf_0_clk/X (sky130_fd_sc_hd__clkbuf_16)
     4    0.05                           clknet_0_clk (net)
                  0.05    0.00   10.15 ^ clkbuf_2_1__f_clk/A (sky130_fd_sc_hd__clkbuf_16)
                  0.04    0.09   10.24 ^ clkbuf_2_1__f_clk/X (sky130_fd_sc_hd__clkbuf_16)
    11    0.03                           clknet_2_1__leaf_clk (net)
                  0.04    0.00   10.25 ^ _323_/CLK (sky130_fd_sc_hd__dfrtp_1)
                         -0.25   10.00   clock uncertainty
                          0.02   10.01   clock reconvergence pessimism
                         -0.07    9.94   library setup time
                                  9.94   data required time
-----------------------------------------------------------------------------
                                  9.94   data required time
                                 -1.19   data arrival time
-----------------------------------------------------------------------------
                                  8.75   slack (MET)


Startpoint: _297_ (rising edge-triggered flip-flop clocked by clk)
Endpoint: _316_ (rising edge-triggered flip-flop clocked by clk)
Path Group: clk
Path Type: max
Corner: Fastest

Fanout     Cap    Slew   Delay    Time   Description
-----------------------------------------------------------------------------
                          0.00    0.00   clock clk (rise edge)
                          0.00    0.00   clock source latency
                  0.07    0.05    0.05 ^ clk (in)
     1    0.02                           clk (net)
                  0.07    0.00    0.05 ^ clkbuf_0_clk/A (sky130_fd_sc_hd__clkbuf_16)
                  0.05    0.11    0.16 ^ clkbuf_0_clk/X (sky130_fd_sc_hd__clkbuf_16)
     4    0.05                           clknet_0_clk (net)
                  0.05    0.00    0.17 ^ clkbuf_2_2__f_clk/A (sky130_fd_sc_hd__clkbuf_16)
                  0.03    0.09    0.26 ^ clkbuf_2_2__f_clk/X (sky130_fd_sc_hd__clkbuf_16)
     6    0.02                           clknet_2_2__leaf_clk (net)
                  0.03    0.00    0.26 ^ _297_/CLK (sky130_fd_sc_hd__dfrtp_4)
                  0.07    0.34    0.60 v _297_/Q (sky130_fd_sc_hd__dfrtp_4)
     8    0.03                           state[1] (net)
                  0.07    0.00    0.60 v _192_/B (sky130_fd_sc_hd__or3_4)
                  0.07    0.28    0.88 v _192_/X (sky130_fd_sc_hd__or3_4)
     7    0.03                           _094_ (net)
                  0.07    0.00    0.89 v _202_/B (sky130_fd_sc_hd__and3_1)
                  0.03    0.13    1.01 v _202_/X (sky130_fd_sc_hd__and3_1)
     1    0.00                           _102_ (net)
                  0.03    0.00    1.01 v _203_/A (sky130_fd_sc_hd__clkbuf_1)
                  0.02    0.06    1.08 v _203_/X (sky130_fd_sc_hd__clkbuf_1)
     1    0.00                           _008_ (net)
                  0.02    0.00    1.08 v _316_/D (sky130_fd_sc_hd__dfrtp_1)
                                  1.08   data arrival time

                         10.00   10.00   clock clk (rise edge)
                          0.00   10.00   clock source latency
                  0.07    0.04   10.04 ^ clk (in)
     1    0.02                           clk (net)
                  0.07    0.00   10.04 ^ clkbuf_0_clk/A (sky130_fd_sc_hd__clkbuf_16)
                  0.05    0.10   10.15 ^ clkbuf_0_clk/X (sky130_fd_sc_hd__clkbuf_16)
     4    0.05                           clknet_0_clk (net)
                  0.05    0.00   10.15 ^ clkbuf_2_0__f_clk/A (sky130_fd_sc_hd__clkbuf_16)
                  0.04    0.09   10.24 ^ clkbuf_2_0__f_clk/X (sky130_fd_sc_hd__clkbuf_16)
     9    0.03                           clknet_2_0__leaf_clk (net)
                  0.04    0.00   10.24 ^ _316_/CLK (sky130_fd_sc_hd__dfrtp_1)
                         -0.25    9.99   clock uncertainty
                          0.02   10.01   clock reconvergence pessimism
                         -0.07    9.94   library setup time
                                  9.94   data required time
-----------------------------------------------------------------------------
                                  9.94   data required time
                                 -1.08   data arrival time
-----------------------------------------------------------------------------
                                  8.86   slack (MET)


Startpoint: _297_ (rising edge-triggered flip-flop clocked by clk)
Endpoint: _317_ (rising edge-triggered flip-flop clocked by clk)
Path Group: clk
Path Type: max
Corner: Fastest

Fanout     Cap    Slew   Delay    Time   Description
-----------------------------------------------------------------------------
                          0.00    0.00   clock clk (rise edge)
                          0.00    0.00   clock source latency
                  0.07    0.05    0.05 ^ clk (in)
     1    0.02                           clk (net)
                  0.07    0.00    0.05 ^ clkbuf_0_clk/A (sky130_fd_sc_hd__clkbuf_16)
                  0.05    0.11    0.16 ^ clkbuf_0_clk/X (sky130_fd_sc_hd__clkbuf_16)
     4    0.05                           clknet_0_clk (net)
                  0.05    0.00    0.17 ^ clkbuf_2_2__f_clk/A (sky130_fd_sc_hd__clkbuf_16)
                  0.03    0.09    0.26 ^ clkbuf_2_2__f_clk/X (sky130_fd_sc_hd__clkbuf_16)
     6    0.02                           clknet_2_2__leaf_clk (net)
                  0.03    0.00    0.26 ^ _297_/CLK (sky130_fd_sc_hd__dfrtp_4)
                  0.07    0.34    0.60 v _297_/Q (sky130_fd_sc_hd__dfrtp_4)
     8    0.03                           state[1] (net)
                  0.07    0.00    0.60 v _192_/B (sky130_fd_sc_hd__or3_4)
                  0.07    0.28    0.88 v _192_/X (sky130_fd_sc_hd__or3_4)
     7    0.03                           _094_ (net)
                  0.07    0.00    0.89 v _205_/B (sky130_fd_sc_hd__and3_1)
                  0.03    0.13    1.01 v _205_/X (sky130_fd_sc_hd__and3_1)
     1    0.00                           _104_ (net)
                  0.03    0.00    1.01 v _206_/A (sky130_fd_sc_hd__clkbuf_1)
                  0.02    0.06    1.08 v _206_/X (sky130_fd_sc_hd__clkbuf_1)
     1    0.00                           _009_ (net)
                  0.02    0.00    1.08 v _317_/D (sky130_fd_sc_hd__dfrtp_1)
                                  1.08   data arrival time

                         10.00   10.00   clock clk (rise edge)
                          0.00   10.00   clock source latency
                  0.07    0.04   10.04 ^ clk (in)
     1    0.02                           clk (net)
                  0.07    0.00   10.04 ^ clkbuf_0_clk/A (sky130_fd_sc_hd__clkbuf_16)
                  0.05    0.10   10.15 ^ clkbuf_0_clk/X (sky130_fd_sc_hd__clkbuf_16)
     4    0.05                           clknet_0_clk (net)
                  0.05    0.00   10.15 ^ clkbuf_2_0__f_clk/A (sky130_fd_sc_hd__clkbuf_16)
                  0.04    0.09   10.24 ^ clkbuf_2_0__f_clk/X (sky130_fd_sc_hd__clkbuf_16)
     9    0.03                           clknet_2_0__leaf_clk (net)
                  0.04    0.00   10.24 ^ _317_/CLK (sky130_fd_sc_hd__dfrtp_1)
                         -0.25    9.99   clock uncertainty
                          0.02   10.01   clock reconvergence pessimism
                         -0.07    9.94   library setup time
                                  9.94   data required time
-----------------------------------------------------------------------------
                                  9.94   data required time
                                 -1.08   data arrival time
-----------------------------------------------------------------------------
                                  8.87   slack (MET)


Startpoint: _297_ (rising edge-triggered flip-flop clocked by clk)
Endpoint: _315_ (rising edge-triggered flip-flop clocked by clk)
Path Group: clk
Path Type: max
Corner: Fastest

Fanout     Cap    Slew   Delay    Time   Description
-----------------------------------------------------------------------------
                          0.00    0.00   clock clk (rise edge)
                          0.00    0.00   clock source latency
                  0.07    0.05    0.05 ^ clk (in)
     1    0.02                           clk (net)
                  0.07    0.00    0.05 ^ clkbuf_0_clk/A (sky130_fd_sc_hd__clkbuf_16)
                  0.05    0.11    0.16 ^ clkbuf_0_clk/X (sky130_fd_sc_hd__clkbuf_16)
     4    0.05                           clknet_0_clk (net)
                  0.05    0.00    0.17 ^ clkbuf_2_2__f_clk/A (sky130_fd_sc_hd__clkbuf_16)
                  0.03    0.09    0.26 ^ clkbuf_2_2__f_clk/X (sky130_fd_sc_hd__clkbuf_16)
     6    0.02                           clknet_2_2__leaf_clk (net)
                  0.03    0.00    0.26 ^ _297_/CLK (sky130_fd_sc_hd__dfrtp_4)
                  0.07    0.34    0.60 v _297_/Q (sky130_fd_sc_hd__dfrtp_4)
     8    0.03                           state[1] (net)
                  0.07    0.00    0.60 v _192_/B (sky130_fd_sc_hd__or3_4)
                  0.07    0.28    0.88 v _192_/X (sky130_fd_sc_hd__or3_4)
     7    0.03                           _094_ (net)
                  0.07    0.00    0.89 v _198_/B (sky130_fd_sc_hd__and3_1)
                  0.03    0.12    1.01 v _198_/X (sky130_fd_sc_hd__and3_1)
     1    0.00                           _099_ (net)
                  0.03    0.00    1.01 v _199_/A (sky130_fd_sc_hd__clkbuf_1)
                  0.02    0.06    1.06 v _199_/X (sky130_fd_sc_hd__clkbuf_1)
     1    0.00                           _007_ (net)
                  0.02    0.00    1.06 v _315_/D (sky130_fd_sc_hd__dfrtp_2)
                                  1.06   data arrival time

                         10.00   10.00   clock clk (rise edge)
                          0.00   10.00   clock source latency
                  0.07    0.04   10.04 ^ clk (in)
     1    0.02                           clk (net)
                  0.07    0.00   10.04 ^ clkbuf_0_clk/A (sky130_fd_sc_hd__clkbuf_16)
                  0.05    0.10   10.15 ^ clkbuf_0_clk/X (sky130_fd_sc_hd__clkbuf_16)
     4    0.05                           clknet_0_clk (net)
                  0.05    0.00   10.15 ^ clkbuf_2_2__f_clk/A (sky130_fd_sc_hd__clkbuf_16)
                  0.03    0.08   10.23 ^ clkbuf_2_2__f_clk/X (sky130_fd_sc_hd__clkbuf_16)
     6    0.02                           clknet_2_2__leaf_clk (net)
                  0.03    0.00   10.24 ^ _315_/CLK (sky130_fd_sc_hd__dfrtp_2)
                         -0.25    9.99   clock uncertainty
                          0.02   10.01   clock reconvergence pessimism
                         -0.07    9.94   library setup time
                                  9.94   data required time
-----------------------------------------------------------------------------
                                  9.94   data required time
                                 -1.06   data arrival time
-----------------------------------------------------------------------------
                                  8.88   slack (MET)



======================= Slowest Corner ===================================

Startpoint: _326_ (rising edge-triggered flip-flop clocked by clk)
Endpoint: _305_ (rising edge-triggered flip-flop clocked by clk)
Path Group: clk
Path Type: max
Corner: Slowest

Fanout     Cap    Slew   Delay    Time   Description
-----------------------------------------------------------------------------
                          0.00    0.00   clock clk (rise edge)
                          0.00    0.00   clock source latency
                  0.14    0.10    0.10 ^ clk (in)
     1    0.02                           clk (net)
                  0.14    0.00    0.10 ^ clkbuf_0_clk/A (sky130_fd_sc_hd__clkbuf_16)
                  0.10    0.30    0.40 ^ clkbuf_0_clk/X (sky130_fd_sc_hd__clkbuf_16)
     4    0.05                           clknet_0_clk (net)
                  0.10    0.00    0.41 ^ clkbuf_2_1__f_clk/A (sky130_fd_sc_hd__clkbuf_16)
                  0.08    0.27    0.67 ^ clkbuf_2_1__f_clk/X (sky130_fd_sc_hd__clkbuf_16)
    11    0.03                           clknet_2_1__leaf_clk (net)
                  0.08    0.00    0.67 ^ _326_/CLK (sky130_fd_sc_hd__dfrtp_1)
                  0.18    0.90    1.57 v _326_/Q (sky130_fd_sc_hd__dfrtp_1)
     6    0.02                           baud_count[12] (net)
                  0.18    0.00    1.57 v _167_/B (sky130_fd_sc_hd__or4_1)
                  0.24    1.38    2.95 v _167_/X (sky130_fd_sc_hd__or4_1)
     2    0.01                           _077_ (net)
                  0.24    0.00    2.95 v _184_/B (sky130_fd_sc_hd__or4_2)
                  0.33    1.87    4.82 v _184_/X (sky130_fd_sc_hd__or4_2)
     6    0.02                           _090_ (net)
                  0.33    0.00    4.83 v _251_/A1 (sky130_fd_sc_hd__mux2_1)
                  0.11    0.79    5.62 v _251_/X (sky130_fd_sc_hd__mux2_1)
     1    0.00                           _137_ (net)
                  0.11    0.00    5.62 v _252_/C (sky130_fd_sc_hd__or3_1)
                  0.15    0.78    6.40 v _252_/X (sky130_fd_sc_hd__or3_1)
     1    0.00                           _138_ (net)
                  0.15    0.00    6.40 v _253_/A (sky130_fd_sc_hd__clkbuf_1)
                  0.05    0.21    6.61 v _253_/X (sky130_fd_sc_hd__clkbuf_1)
     1    0.00                           _146_ (net)
                  0.05    0.00    6.61 v _305_/D (sky130_fd_sc_hd__dfrtp_1)
                                  6.61   data arrival time

                         10.00   10.00   clock clk (rise edge)
                          0.00   10.00   clock source latency
                  0.14    0.09   10.09 ^ clk (in)
     1    0.02                           clk (net)
                  0.14    0.00   10.09 ^ clkbuf_0_clk/A (sky130_fd_sc_hd__clkbuf_16)
                  0.10    0.27   10.37 ^ clkbuf_0_clk/X (sky130_fd_sc_hd__clkbuf_16)
     4    0.05                           clknet_0_clk (net)
                  0.10    0.00   10.37 ^ clkbuf_2_2__f_clk/A (sky130_fd_sc_hd__clkbuf_16)
                  0.06    0.22   10.59 ^ clkbuf_2_2__f_clk/X (sky130_fd_sc_hd__clkbuf_16)
     6    0.02                           clknet_2_2__leaf_clk (net)
                  0.06    0.00   10.59 ^ _305_/CLK (sky130_fd_sc_hd__dfrtp_1)
                         -0.25   10.34   clock uncertainty
                          0.04   10.38   clock reconvergence pessimism
                         -0.27   10.10   library setup time
                                 10.10   data required time
-----------------------------------------------------------------------------
                                 10.10   data required time
                                 -6.61   data arrival time
-----------------------------------------------------------------------------
                                  3.49   slack (MET)


Startpoint: _326_ (rising edge-triggered flip-flop clocked by clk)
Endpoint: _299_ (rising edge-triggered flip-flop clocked by clk)
Path Group: clk
Path Type: max
Corner: Slowest

Fanout     Cap    Slew   Delay    Time   Description
-----------------------------------------------------------------------------
                          0.00    0.00   clock clk (rise edge)
                          0.00    0.00   clock source latency
                  0.14    0.10    0.10 ^ clk (in)
     1    0.02                           clk (net)
                  0.14    0.00    0.10 ^ clkbuf_0_clk/A (sky130_fd_sc_hd__clkbuf_16)
                  0.10    0.30    0.40 ^ clkbuf_0_clk/X (sky130_fd_sc_hd__clkbuf_16)
     4    0.05                           clknet_0_clk (net)
                  0.10    0.00    0.41 ^ clkbuf_2_1__f_clk/A (sky130_fd_sc_hd__clkbuf_16)
                  0.08    0.27    0.67 ^ clkbuf_2_1__f_clk/X (sky130_fd_sc_hd__clkbuf_16)
    11    0.03                           clknet_2_1__leaf_clk (net)
                  0.08    0.00    0.67 ^ _326_/CLK (sky130_fd_sc_hd__dfrtp_1)
                  0.18    0.90    1.57 v _326_/Q (sky130_fd_sc_hd__dfrtp_1)
     6    0.02                           baud_count[12] (net)
                  0.18    0.00    1.57 v _167_/B (sky130_fd_sc_hd__or4_1)
                  0.24    1.38    2.95 v _167_/X (sky130_fd_sc_hd__or4_1)
     2    0.01                           _077_ (net)
                  0.24    0.00    2.95 v _184_/B (sky130_fd_sc_hd__or4_2)
                  0.33    1.87    4.82 v _184_/X (sky130_fd_sc_hd__or4_2)
     6    0.02                           _090_ (net)
                  0.33    0.00    4.83 v _186_/C (sky130_fd_sc_hd__or4_1)
                  0.17    1.23    6.06 v _186_/X (sky130_fd_sc_hd__or4_1)
     1    0.00                           _091_ (net)
                  0.17    0.00    6.06 v _187_/B1_N (sky130_fd_sc_hd__a21bo_1)
                  0.06    0.40    6.45 ^ _187_/X (sky130_fd_sc_hd__a21bo_1)
     1    0.00                           _019_ (net)
                  0.06    0.00    6.45 ^ _299_/D (sky130_fd_sc_hd__dfrtp_1)
                                  6.45   data arrival time

                         10.00   10.00   clock clk (rise edge)
                          0.00   10.00   clock source latency
                  0.14    0.09   10.09 ^ clk (in)
     1    0.02                           clk (net)
                  0.14    0.00   10.09 ^ clkbuf_0_clk/A (sky130_fd_sc_hd__clkbuf_16)
                  0.10    0.27   10.37 ^ clkbuf_0_clk/X (sky130_fd_sc_hd__clkbuf_16)
     4    0.05                           clknet_0_clk (net)
                  0.10    0.00   10.37 ^ clkbuf_2_2__f_clk/A (sky130_fd_sc_hd__clkbuf_16)
                  0.06    0.22   10.59 ^ clkbuf_2_2__f_clk/X (sky130_fd_sc_hd__clkbuf_16)
     6    0.02                           clknet_2_2__leaf_clk (net)
                  0.06    0.00   10.59 ^ _299_/CLK (sky130_fd_sc_hd__dfrtp_1)
                         -0.25   10.34   clock uncertainty
                          0.04   10.38   clock reconvergence pessimism
                         -0.13   10.25   library setup time
                                 10.25   data required time
-----------------------------------------------------------------------------
                                 10.25   data required time
                                 -6.45   data arrival time
-----------------------------------------------------------------------------
                                  3.79   slack (MET)


Startpoint: _326_ (rising edge-triggered flip-flop clocked by clk)
Endpoint: _297_ (rising edge-triggered flip-flop clocked by clk)
Path Group: clk
Path Type: max
Corner: Slowest

Fanout     Cap    Slew   Delay    Time   Description
-----------------------------------------------------------------------------
                          0.00    0.00   clock clk (rise edge)
                          0.00    0.00   clock source latency
                  0.14    0.10    0.10 ^ clk (in)
     1    0.02                           clk (net)
                  0.14    0.00    0.10 ^ clkbuf_0_clk/A (sky130_fd_sc_hd__clkbuf_16)
                  0.10    0.30    0.40 ^ clkbuf_0_clk/X (sky130_fd_sc_hd__clkbuf_16)
     4    0.05                           clknet_0_clk (net)
                  0.10    0.00    0.41 ^ clkbuf_2_1__f_clk/A (sky130_fd_sc_hd__clkbuf_16)
                  0.08    0.27    0.67 ^ clkbuf_2_1__f_clk/X (sky130_fd_sc_hd__clkbuf_16)
    11    0.03                           clknet_2_1__leaf_clk (net)
                  0.08    0.00    0.67 ^ _326_/CLK (sky130_fd_sc_hd__dfrtp_1)
                  0.18    0.90    1.57 v _326_/Q (sky130_fd_sc_hd__dfrtp_1)
     6    0.02                           baud_count[12] (net)
                  0.18    0.00    1.57 v _167_/B (sky130_fd_sc_hd__or4_1)
                  0.24    1.38    2.95 v _167_/X (sky130_fd_sc_hd__or4_1)
     2    0.01                           _077_ (net)
                  0.24    0.00    2.95 v _184_/B (sky130_fd_sc_hd__or4_2)
                  0.33    1.87    4.82 v _184_/X (sky130_fd_sc_hd__or4_2)
     6    0.02                           _090_ (net)
                  0.33    0.00    4.83 v _188_/B (sky130_fd_sc_hd__or3_1)
                  0.13    0.93    5.75 v _188_/X (sky130_fd_sc_hd__or3_1)
     1    0.00                           _092_ (net)
                  0.13    0.00    5.75 v _189_/B1 (sky130_fd_sc_hd__a22o_1)
                  0.07    0.36    6.11 v _189_/X (sky130_fd_sc_hd__a22o_1)
     1    0.00                           _017_ (net)
                  0.07    0.00    6.11 v _297_/D (sky130_fd_sc_hd__dfrtp_4)
                                  6.11   data arrival time

                         10.00   10.00   clock clk (rise edge)
                          0.00   10.00   clock source latency
                  0.14    0.09   10.09 ^ clk (in)
     1    0.02                           clk (net)
                  0.14    0.00   10.09 ^ clkbuf_0_clk/A (sky130_fd_sc_hd__clkbuf_16)
                  0.10    0.27   10.37 ^ clkbuf_0_clk/X (sky130_fd_sc_hd__clkbuf_16)
     4    0.05                           clknet_0_clk (net)
                  0.10    0.00   10.37 ^ clkbuf_2_2__f_clk/A (sky130_fd_sc_hd__clkbuf_16)
                  0.06    0.22   10.59 ^ clkbuf_2_2__f_clk/X (sky130_fd_sc_hd__clkbuf_16)
     6    0.02                           clknet_2_2__leaf_clk (net)
                  0.06    0.00   10.59 ^ _297_/CLK (sky130_fd_sc_hd__dfrtp_4)
                         -0.25   10.34   clock uncertainty
                          0.04   10.38   clock reconvergence pessimism
                         -0.28   10.10   library setup time
                                 10.10   data required time
-----------------------------------------------------------------------------
                                 10.10   data required time
                                 -6.11   data arrival time
-----------------------------------------------------------------------------
                                  3.99   slack (MET)


Startpoint: _326_ (rising edge-triggered flip-flop clocked by clk)
Endpoint: _303_ (rising edge-triggered flip-flop clocked by clk)
Path Group: clk
Path Type: max
Corner: Slowest

Fanout     Cap    Slew   Delay    Time   Description
-----------------------------------------------------------------------------
                          0.00    0.00   clock clk (rise edge)
                          0.00    0.00   clock source latency
                  0.14    0.10    0.10 ^ clk (in)
     1    0.02                           clk (net)
                  0.14    0.00    0.10 ^ clkbuf_0_clk/A (sky130_fd_sc_hd__clkbuf_16)
                  0.10    0.30    0.40 ^ clkbuf_0_clk/X (sky130_fd_sc_hd__clkbuf_16)
     4    0.05                           clknet_0_clk (net)
                  0.10    0.00    0.41 ^ clkbuf_2_1__f_clk/A (sky130_fd_sc_hd__clkbuf_16)
                  0.08    0.27    0.67 ^ clkbuf_2_1__f_clk/X (sky130_fd_sc_hd__clkbuf_16)
    11    0.03                           clknet_2_1__leaf_clk (net)
                  0.08    0.00    0.67 ^ _326_/CLK (sky130_fd_sc_hd__dfrtp_1)
                  0.18    0.90    1.57 v _326_/Q (sky130_fd_sc_hd__dfrtp_1)
     6    0.02                           baud_count[12] (net)
                  0.18    0.00    1.57 v _167_/B (sky130_fd_sc_hd__or4_1)
                  0.24    1.38    2.95 v _167_/X (sky130_fd_sc_hd__or4_1)
     2    0.01                           _077_ (net)
                  0.24    0.00    2.95 v _170_/B (sky130_fd_sc_hd__nor4_1)
                  0.77    0.87    3.82 ^ _170_/Y (sky130_fd_sc_hd__nor4_1)
     2    0.01                           _080_ (net)
                  0.77    0.00    3.83 ^ max_cap13/A (sky130_fd_sc_hd__buf_1)
                  0.26    0.52    4.34 ^ max_cap13/X (sky130_fd_sc_hd__buf_1)
     3    0.01                           net13 (net)
                  0.26    0.00    4.34 ^ _171_/A1 (sky130_fd_sc_hd__mux2_2)
                  0.17    0.48    4.82 ^ _171_/X (sky130_fd_sc_hd__mux2_2)
     5    0.02                           _081_ (net)
                  0.17    0.00    4.82 ^ _172_/B1_N (sky130_fd_sc_hd__a21bo_1)
                  0.07    0.44    5.26 v _172_/X (sky130_fd_sc_hd__a21bo_1)
     2    0.00                           _082_ (net)
                  0.07    0.00    5.26 v _173_/B (sky130_fd_sc_hd__and2_1)
                  0.07    0.33    5.59 v _173_/X (sky130_fd_sc_hd__and2_1)
     1    0.00                           _083_ (net)
                  0.07    0.00    5.59 v _174_/A (sky130_fd_sc_hd__clkbuf_1)
                  0.05    0.17    5.75 v _174_/X (sky130_fd_sc_hd__clkbuf_1)
     1    0.00                           _057_ (net)
                  0.05    0.00    5.75 v _303_/D (sky130_fd_sc_hd__dfrtp_1)
                                  5.75   data arrival time

                         10.00   10.00   clock clk (rise edge)
                          0.00   10.00   clock source latency
                  0.14    0.09   10.09 ^ clk (in)
     1    0.02                           clk (net)
                  0.14    0.00   10.09 ^ clkbuf_0_clk/A (sky130_fd_sc_hd__clkbuf_16)
                  0.10    0.27   10.37 ^ clkbuf_0_clk/X (sky130_fd_sc_hd__clkbuf_16)
     4    0.05                           clknet_0_clk (net)
                  0.10    0.00   10.37 ^ clkbuf_2_2__f_clk/A (sky130_fd_sc_hd__clkbuf_16)
                  0.06    0.22   10.59 ^ clkbuf_2_2__f_clk/X (sky130_fd_sc_hd__clkbuf_16)
     6    0.02                           clknet_2_2__leaf_clk (net)
                  0.06    0.00   10.59 ^ _303_/CLK (sky130_fd_sc_hd__dfrtp_1)
                         -0.25   10.34   clock uncertainty
                          0.04   10.38   clock reconvergence pessimism
                         -0.27   10.11   library setup time
                                 10.11   data required time
-----------------------------------------------------------------------------
                                 10.11   data required time
                                 -5.75   data arrival time
-----------------------------------------------------------------------------
                                  4.36   slack (MET)


Startpoint: _326_ (rising edge-triggered flip-flop clocked by clk)
Endpoint: _302_ (rising edge-triggered flip-flop clocked by clk)
Path Group: clk
Path Type: max
Corner: Slowest

Fanout     Cap    Slew   Delay    Time   Description
-----------------------------------------------------------------------------
                          0.00    0.00   clock clk (rise edge)
                          0.00    0.00   clock source latency
                  0.14    0.10    0.10 ^ clk (in)
     1    0.02                           clk (net)
                  0.14    0.00    0.10 ^ clkbuf_0_clk/A (sky130_fd_sc_hd__clkbuf_16)
                  0.10    0.30    0.40 ^ clkbuf_0_clk/X (sky130_fd_sc_hd__clkbuf_16)
     4    0.05                           clknet_0_clk (net)
                  0.10    0.00    0.41 ^ clkbuf_2_1__f_clk/A (sky130_fd_sc_hd__clkbuf_16)
                  0.08    0.27    0.67 ^ clkbuf_2_1__f_clk/X (sky130_fd_sc_hd__clkbuf_16)
    11    0.03                           clknet_2_1__leaf_clk (net)
                  0.08    0.00    0.67 ^ _326_/CLK (sky130_fd_sc_hd__dfrtp_1)
                  0.18    0.90    1.57 v _326_/Q (sky130_fd_sc_hd__dfrtp_1)
     6    0.02                           baud_count[12] (net)
                  0.18    0.00    1.57 v _167_/B (sky130_fd_sc_hd__or4_1)
                  0.24    1.38    2.95 v _167_/X (sky130_fd_sc_hd__or4_1)
     2    0.01                           _077_ (net)
                  0.24    0.00    2.95 v _170_/B (sky130_fd_sc_hd__nor4_1)
                  0.77    0.87    3.82 ^ _170_/Y (sky130_fd_sc_hd__nor4_1)
     2    0.01                           _080_ (net)
                  0.77    0.00    3.83 ^ max_cap13/A (sky130_fd_sc_hd__buf_1)
                  0.26    0.52    4.34 ^ max_cap13/X (sky130_fd_sc_hd__buf_1)
     3    0.01                           net13 (net)
                  0.26    0.00    4.34 ^ _171_/A1 (sky130_fd_sc_hd__mux2_2)
                  0.17    0.48    4.82 ^ _171_/X (sky130_fd_sc_hd__mux2_2)
     5    0.02                           _081_ (net)
                  0.17    0.00    4.82 ^ _172_/B1_N (sky130_fd_sc_hd__a21bo_1)
                  0.07    0.44    5.26 v _172_/X (sky130_fd_sc_hd__a21bo_1)
     2    0.00                           _082_ (net)
                  0.07    0.00    5.26 v _176_/A (sky130_fd_sc_hd__and2_1)
                  0.08    0.30    5.56 v _176_/X (sky130_fd_sc_hd__and2_1)
     1    0.00                           _085_ (net)
                  0.08    0.00    5.56 v _177_/A (sky130_fd_sc_hd__clkbuf_1)
                  0.06    0.18    5.73 v _177_/X (sky130_fd_sc_hd__clkbuf_1)
     1    0.00                           _056_ (net)
                  0.06    0.00    5.73 v _302_/D (sky130_fd_sc_hd__dfrtp_1)
                                  5.73   data arrival time

                         10.00   10.00   clock clk (rise edge)
                          0.00   10.00   clock source latency
                  0.14    0.09   10.09 ^ clk (in)
     1    0.02                           clk (net)
                  0.14    0.00   10.09 ^ clkbuf_0_clk/A (sky130_fd_sc_hd__clkbuf_16)
                  0.10    0.27   10.37 ^ clkbuf_0_clk/X (sky130_fd_sc_hd__clkbuf_16)
     4    0.05                           clknet_0_clk (net)
                  0.10    0.00   10.37 ^ clkbuf_2_3__f_clk/A (sky130_fd_sc_hd__clkbuf_16)
                  0.08    0.23   10.60 ^ clkbuf_2_3__f_clk/X (sky130_fd_sc_hd__clkbuf_16)
     8    0.03                           clknet_2_3__leaf_clk (net)
                  0.08    0.00   10.60 ^ _302_/CLK (sky130_fd_sc_hd__dfrtp_1)
                         -0.25   10.35   clock uncertainty
                          0.04   10.39   clock reconvergence pessimism
                         -0.27   10.12   library setup time
                                 10.12   data required time
-----------------------------------------------------------------------------
                                 10.12   data required time
                                 -5.73   data arrival time
-----------------------------------------------------------------------------
                                  4.39   slack (MET)


Startpoint: _326_ (rising edge-triggered flip-flop clocked by clk)
Endpoint: _298_ (rising edge-triggered flip-flop clocked by clk)
Path Group: clk
Path Type: max
Corner: Slowest

Fanout     Cap    Slew   Delay    Time   Description
-----------------------------------------------------------------------------
                          0.00    0.00   clock clk (rise edge)
                          0.00    0.00   clock source latency
                  0.14    0.10    0.10 ^ clk (in)
     1    0.02                           clk (net)
                  0.14    0.00    0.10 ^ clkbuf_0_clk/A (sky130_fd_sc_hd__clkbuf_16)
                  0.10    0.30    0.40 ^ clkbuf_0_clk/X (sky130_fd_sc_hd__clkbuf_16)
     4    0.05                           clknet_0_clk (net)
                  0.10    0.00    0.41 ^ clkbuf_2_1__f_clk/A (sky130_fd_sc_hd__clkbuf_16)
                  0.08    0.27    0.67 ^ clkbuf_2_1__f_clk/X (sky130_fd_sc_hd__clkbuf_16)
    11    0.03                           clknet_2_1__leaf_clk (net)
                  0.08    0.00    0.67 ^ _326_/CLK (sky130_fd_sc_hd__dfrtp_1)
                  0.18    0.90    1.57 v _326_/Q (sky130_fd_sc_hd__dfrtp_1)
     6    0.02                           baud_count[12] (net)
                  0.18    0.00    1.57 v _167_/B (sky130_fd_sc_hd__or4_1)
                  0.24    1.38    2.95 v _167_/X (sky130_fd_sc_hd__or4_1)
     2    0.01                           _077_ (net)
                  0.24    0.00    2.95 v _184_/B (sky130_fd_sc_hd__or4_2)
                  0.33    1.87    4.82 v _184_/X (sky130_fd_sc_hd__or4_2)
     6    0.02                           _090_ (net)
                  0.33    0.00    4.83 v _185_/A2 (sky130_fd_sc_hd__a21bo_1)
                  0.06    0.46    5.28 v _185_/X (sky130_fd_sc_hd__a21bo_1)
     1    0.00                           _018_ (net)
                  0.06    0.00    5.28 v _298_/D (sky130_fd_sc_hd__dfrtp_1)
                                  5.28   data arrival time

                         10.00   10.00   clock clk (rise edge)
                          0.00   10.00   clock source latency
                  0.14    0.09   10.09 ^ clk (in)
     1    0.02                           clk (net)
                  0.14    0.00   10.09 ^ clkbuf_0_clk/A (sky130_fd_sc_hd__clkbuf_16)
                  0.10    0.27   10.37 ^ clkbuf_0_clk/X (sky130_fd_sc_hd__clkbuf_16)
     4    0.05                           clknet_0_clk (net)
                  0.10    0.00   10.37 ^ clkbuf_2_0__f_clk/A (sky130_fd_sc_hd__clkbuf_16)
                  0.08    0.23   10.60 ^ clkbuf_2_0__f_clk/X (sky130_fd_sc_hd__clkbuf_16)
     9    0.03                           clknet_2_0__leaf_clk (net)
                  0.08    0.00   10.61 ^ _298_/CLK (sky130_fd_sc_hd__dfrtp_1)
                         -0.25   10.36   clock uncertainty
                          0.04   10.39   clock reconvergence pessimism
                         -0.27   10.12   library setup time
                                 10.12   data required time
-----------------------------------------------------------------------------
                                 10.12   data required time
                                 -5.28   data arrival time
-----------------------------------------------------------------------------
                                  4.84   slack (MET)


Startpoint: _326_ (rising edge-triggered flip-flop clocked by clk)
Endpoint: _318_ (rising edge-triggered flip-flop clocked by clk)
Path Group: clk
Path Type: max
Corner: Slowest

Fanout     Cap    Slew   Delay    Time   Description
-----------------------------------------------------------------------------
                          0.00    0.00   clock clk (rise edge)
                          0.00    0.00   clock source latency
                  0.14    0.10    0.10 ^ clk (in)
     1    0.02                           clk (net)
                  0.14    0.00    0.10 ^ clkbuf_0_clk/A (sky130_fd_sc_hd__clkbuf_16)
                  0.10    0.30    0.40 ^ clkbuf_0_clk/X (sky130_fd_sc_hd__clkbuf_16)
     4    0.05                           clknet_0_clk (net)
                  0.10    0.00    0.41 ^ clkbuf_2_1__f_clk/A (sky130_fd_sc_hd__clkbuf_16)
                  0.08    0.27    0.67 ^ clkbuf_2_1__f_clk/X (sky130_fd_sc_hd__clkbuf_16)
    11    0.03                           clknet_2_1__leaf_clk (net)
                  0.08    0.00    0.67 ^ _326_/CLK (sky130_fd_sc_hd__dfrtp_1)
                  0.18    0.90    1.57 v _326_/Q (sky130_fd_sc_hd__dfrtp_1)
     6    0.02                           baud_count[12] (net)
                  0.18    0.00    1.57 v _167_/B (sky130_fd_sc_hd__or4_1)
                  0.24    1.38    2.95 v _167_/X (sky130_fd_sc_hd__or4_1)
     2    0.01                           _077_ (net)
                  0.24    0.00    2.95 v _184_/B (sky130_fd_sc_hd__or4_2)
                  0.33    1.87    4.82 v _184_/X (sky130_fd_sc_hd__or4_2)
     6    0.02                           _090_ (net)
                  0.33    0.00    4.83 v _209_/B1 (sky130_fd_sc_hd__o211a_1)
                  0.07    0.36    5.18 v _209_/X (sky130_fd_sc_hd__o211a_1)
     1    0.00                           _010_ (net)
                  0.07    0.00    5.18 v _318_/D (sky130_fd_sc_hd__dfrtp_1)
                                  5.18   data arrival time

                         10.00   10.00   clock clk (rise edge)
                          0.00   10.00   clock source latency
                  0.14    0.09   10.09 ^ clk (in)
     1    0.02                           clk (net)
                  0.14    0.00   10.09 ^ clkbuf_0_clk/A (sky130_fd_sc_hd__clkbuf_16)
                  0.10    0.27   10.37 ^ clkbuf_0_clk/X (sky130_fd_sc_hd__clkbuf_16)
     4    0.05                           clknet_0_clk (net)
                  0.10    0.00   10.37 ^ clkbuf_2_0__f_clk/A (sky130_fd_sc_hd__clkbuf_16)
                  0.08    0.23   10.60 ^ clkbuf_2_0__f_clk/X (sky130_fd_sc_hd__clkbuf_16)
     9    0.03                           clknet_2_0__leaf_clk (net)
                  0.08    0.00   10.61 ^ _318_/CLK (sky130_fd_sc_hd__dfrtp_1)
                         -0.25   10.36   clock uncertainty
                          0.04   10.39   clock reconvergence pessimism
                         -0.27   10.12   library setup time
                                 10.12   data required time
-----------------------------------------------------------------------------
                                 10.12   data required time
                                 -5.18   data arrival time
-----------------------------------------------------------------------------
                                  4.94   slack (MET)


Startpoint: _326_ (rising edge-triggered flip-flop clocked by clk)
Endpoint: _301_ (rising edge-triggered flip-flop clocked by clk)
Path Group: clk
Path Type: max
Corner: Slowest

Fanout     Cap    Slew   Delay    Time   Description
-----------------------------------------------------------------------------
                          0.00    0.00   clock clk (rise edge)
                          0.00    0.00   clock source latency
                  0.14    0.10    0.10 ^ clk (in)
     1    0.02                           clk (net)
                  0.14    0.00    0.10 ^ clkbuf_0_clk/A (sky130_fd_sc_hd__clkbuf_16)
                  0.10    0.30    0.40 ^ clkbuf_0_clk/X (sky130_fd_sc_hd__clkbuf_16)
     4    0.05                           clknet_0_clk (net)
                  0.10    0.00    0.41 ^ clkbuf_2_1__f_clk/A (sky130_fd_sc_hd__clkbuf_16)
                  0.08    0.27    0.67 ^ clkbuf_2_1__f_clk/X (sky130_fd_sc_hd__clkbuf_16)
    11    0.03                           clknet_2_1__leaf_clk (net)
                  0.08    0.00    0.67 ^ _326_/CLK (sky130_fd_sc_hd__dfrtp_1)
                  0.18    0.90    1.57 v _326_/Q (sky130_fd_sc_hd__dfrtp_1)
     6    0.02                           baud_count[12] (net)
                  0.18    0.00    1.57 v _167_/B (sky130_fd_sc_hd__or4_1)
                  0.24    1.38    2.95 v _167_/X (sky130_fd_sc_hd__or4_1)
     2    0.01                           _077_ (net)
                  0.24    0.00    2.95 v _170_/B (sky130_fd_sc_hd__nor4_1)
                  0.77    0.87    3.82 ^ _170_/Y (sky130_fd_sc_hd__nor4_1)
     2    0.01                           _080_ (net)
                  0.77    0.00    3.83 ^ max_cap13/A (sky130_fd_sc_hd__buf_1)
                  0.26    0.52    4.34 ^ max_cap13/X (sky130_fd_sc_hd__buf_1)
     3    0.01                           net13 (net)
                  0.26    0.00    4.34 ^ _171_/A1 (sky130_fd_sc_hd__mux2_2)
                  0.17    0.48    4.82 ^ _171_/X (sky130_fd_sc_hd__mux2_2)
     5    0.02                           _081_ (net)
                  0.17    0.00    4.82 ^ _180_/A2 (sky130_fd_sc_hd__a21oi_1)
                  0.10    0.18    5.00 v _180_/Y (sky130_fd_sc_hd__a21oi_1)
     1    0.00                           _088_ (net)
                  0.10    0.00    5.00 v _181_/B1 (sky130_fd_sc_hd__a21oi_1)
                  0.19    0.22    5.22 ^ _181_/Y (sky130_fd_sc_hd__a21oi_1)
     1    0.00                           _055_ (net)
                  0.19    0.00    5.22 ^ _301_/D (sky130_fd_sc_hd__dfrtp_2)
                                  5.22   data arrival time

                         10.00   10.00   clock clk (rise edge)
                          0.00   10.00   clock source latency
                  0.14    0.09   10.09 ^ clk (in)
     1    0.02                           clk (net)
                  0.14    0.00   10.09 ^ clkbuf_0_clk/A (sky130_fd_sc_hd__clkbuf_16)
                  0.10    0.27   10.37 ^ clkbuf_0_clk/X (sky130_fd_sc_hd__clkbuf_16)
     4    0.05                           clknet_0_clk (net)
                  0.10    0.00   10.37 ^ clkbuf_2_3__f_clk/A (sky130_fd_sc_hd__clkbuf_16)
                  0.08    0.23   10.60 ^ clkbuf_2_3__f_clk/X (sky130_fd_sc_hd__clkbuf_16)
     8    0.03                           clknet_2_3__leaf_clk (net)
                  0.08    0.00   10.60 ^ _301_/CLK (sky130_fd_sc_hd__dfrtp_2)
                         -0.25   10.35   clock uncertainty
                          0.04   10.39   clock reconvergence pessimism
                         -0.17   10.22   library setup time
                                 10.22   data required time
-----------------------------------------------------------------------------
                                 10.22   data required time
                                 -5.22   data arrival time
-----------------------------------------------------------------------------
                                  5.00   slack (MET)


Startpoint: _326_ (rising edge-triggered flip-flop clocked by clk)
Endpoint: _300_ (rising edge-triggered flip-flop clocked by clk)
Path Group: clk
Path Type: max
Corner: Slowest

Fanout     Cap    Slew   Delay    Time   Description
-----------------------------------------------------------------------------
                          0.00    0.00   clock clk (rise edge)
                          0.00    0.00   clock source latency
                  0.14    0.10    0.10 ^ clk (in)
     1    0.02                           clk (net)
                  0.14    0.00    0.10 ^ clkbuf_0_clk/A (sky130_fd_sc_hd__clkbuf_16)
                  0.10    0.30    0.40 ^ clkbuf_0_clk/X (sky130_fd_sc_hd__clkbuf_16)
     4    0.05                           clknet_0_clk (net)
                  0.10    0.00    0.41 ^ clkbuf_2_1__f_clk/A (sky130_fd_sc_hd__clkbuf_16)
                  0.08    0.27    0.67 ^ clkbuf_2_1__f_clk/X (sky130_fd_sc_hd__clkbuf_16)
    11    0.03                           clknet_2_1__leaf_clk (net)
                  0.08    0.00    0.67 ^ _326_/CLK (sky130_fd_sc_hd__dfrtp_1)
                  0.18    0.90    1.57 v _326_/Q (sky130_fd_sc_hd__dfrtp_1)
     6    0.02                           baud_count[12] (net)
                  0.18    0.00    1.57 v _167_/B (sky130_fd_sc_hd__or4_1)
                  0.24    1.38    2.95 v _167_/X (sky130_fd_sc_hd__or4_1)
     2    0.01                           _077_ (net)
                  0.24    0.00    2.95 v _170_/B (sky130_fd_sc_hd__nor4_1)
                  0.77    0.87    3.82 ^ _170_/Y (sky130_fd_sc_hd__nor4_1)
     2    0.01                           _080_ (net)
                  0.77    0.00    3.83 ^ max_cap13/A (sky130_fd_sc_hd__buf_1)
                  0.26    0.52    4.34 ^ max_cap13/X (sky130_fd_sc_hd__buf_1)
     3    0.01                           net13 (net)
                  0.26    0.00    4.34 ^ _171_/A1 (sky130_fd_sc_hd__mux2_2)
                  0.17    0.48    4.82 ^ _171_/X (sky130_fd_sc_hd__mux2_2)
     5    0.02                           _081_ (net)
                  0.17    0.00    4.82 ^ _183_/A2 (sky130_fd_sc_hd__a21oi_1)
                  0.09    0.17    4.99 v _183_/Y (sky130_fd_sc_hd__a21oi_1)
     1    0.00                           _054_ (net)
                  0.09    0.00    4.99 v _300_/D (sky130_fd_sc_hd__dfrtp_4)
                                  4.99   data arrival time

                         10.00   10.00   clock clk (rise edge)
                          0.00   10.00   clock source latency
                  0.14    0.09   10.09 ^ clk (in)
     1    0.02                           clk (net)
                  0.14    0.00   10.09 ^ clkbuf_0_clk/A (sky130_fd_sc_hd__clkbuf_16)
                  0.10    0.27   10.37 ^ clkbuf_0_clk/X (sky130_fd_sc_hd__clkbuf_16)
     4    0.05                           clknet_0_clk (net)
                  0.10    0.00   10.37 ^ clkbuf_2_3__f_clk/A (sky130_fd_sc_hd__clkbuf_16)
                  0.08    0.23   10.60 ^ clkbuf_2_3__f_clk/X (sky130_fd_sc_hd__clkbuf_16)
     8    0.03                           clknet_2_3__leaf_clk (net)
                  0.08    0.00   10.60 ^ _300_/CLK (sky130_fd_sc_hd__dfrtp_4)
                         -0.25   10.35   clock uncertainty
                          0.04   10.39   clock reconvergence pessimism
                         -0.28   10.11   library setup time
                                 10.11   data required time
-----------------------------------------------------------------------------
                                 10.11   data required time
                                 -4.99   data arrival time
-----------------------------------------------------------------------------
                                  5.12   slack (MET)


Startpoint: _297_ (rising edge-triggered flip-flop clocked by clk)
Endpoint: _320_ (rising edge-triggered flip-flop clocked by clk)
Path Group: clk
Path Type: max
Corner: Slowest

Fanout     Cap    Slew   Delay    Time   Description
-----------------------------------------------------------------------------
                          0.00    0.00   clock clk (rise edge)
                          0.00    0.00   clock source latency
                  0.14    0.10    0.10 ^ clk (in)
     1    0.02                           clk (net)
                  0.14    0.00    0.10 ^ clkbuf_0_clk/A (sky130_fd_sc_hd__clkbuf_16)
                  0.10    0.30    0.40 ^ clkbuf_0_clk/X (sky130_fd_sc_hd__clkbuf_16)
     4    0.05                           clknet_0_clk (net)
                  0.10    0.00    0.41 ^ clkbuf_2_2__f_clk/A (sky130_fd_sc_hd__clkbuf_16)
                  0.06    0.24    0.65 ^ clkbuf_2_2__f_clk/X (sky130_fd_sc_hd__clkbuf_16)
     6    0.02                           clknet_2_2__leaf_clk (net)
                  0.06    0.00    0.65 ^ _297_/CLK (sky130_fd_sc_hd__dfrtp_4)
                  0.18    1.13    1.78 v _297_/Q (sky130_fd_sc_hd__dfrtp_4)
     8    0.03                           state[1] (net)
                  0.18    0.00    1.78 v _192_/B (sky130_fd_sc_hd__or3_4)
                  0.19    0.91    2.70 v _192_/X (sky130_fd_sc_hd__or3_4)
     7    0.03                           _094_ (net)
                  0.19    0.01    2.70 v _193_/A (sky130_fd_sc_hd__buf_2)
                  0.17    0.42    3.13 v _193_/X (sky130_fd_sc_hd__buf_2)
    10    0.04                           _095_ (net)
                  0.17    0.00    3.13 v _216_/B1_N (sky130_fd_sc_hd__a21boi_1)
                  0.12    0.33    3.46 v _216_/Y (sky130_fd_sc_hd__a21boi_1)
     1    0.00                           _112_ (net)
                  0.12    0.00    3.46 v _217_/B1 (sky130_fd_sc_hd__o21a_1)
                  0.07    0.23    3.69 v _217_/X (sky130_fd_sc_hd__o21a_1)
     1    0.00                           _012_ (net)
                  0.07    0.00    3.69 v hold10/A (sky130_fd_sc_hd__dlygate4sd3_1)
                  0.11    1.19    4.89 v hold10/X (sky130_fd_sc_hd__dlygate4sd3_1)
     1    0.00                           net23 (net)
                  0.11    0.00    4.89 v _320_/D (sky130_fd_sc_hd__dfrtp_1)
                                  4.89   data arrival time

                         10.00   10.00   clock clk (rise edge)
                          0.00   10.00   clock source latency
                  0.14    0.09   10.09 ^ clk (in)
     1    0.02                           clk (net)
                  0.14    0.00   10.09 ^ clkbuf_0_clk/A (sky130_fd_sc_hd__clkbuf_16)
                  0.10    0.27   10.37 ^ clkbuf_0_clk/X (sky130_fd_sc_hd__clkbuf_16)
     4    0.05                           clknet_0_clk (net)
                  0.10    0.00   10.37 ^ clkbuf_2_0__f_clk/A (sky130_fd_sc_hd__clkbuf_16)
                  0.08    0.23   10.60 ^ clkbuf_2_0__f_clk/X (sky130_fd_sc_hd__clkbuf_16)
     9    0.03                           clknet_2_0__leaf_clk (net)
                  0.08    0.00   10.60 ^ _320_/CLK (sky130_fd_sc_hd__dfrtp_1)
                         -0.25   10.35   clock uncertainty
                          0.04   10.39   clock reconvergence pessimism
                         -0.29   10.10   library setup time
                                 10.10   data required time
-----------------------------------------------------------------------------
                                 10.10   data required time
                                 -4.89   data arrival time
-----------------------------------------------------------------------------
                                  5.21   slack (MET)


Startpoint: _304_ (rising edge-triggered flip-flop clocked by clk)
Endpoint: tx (output port clocked by clk)
Path Group: clk
Path Type: max
Corner: Slowest

Fanout     Cap    Slew   Delay    Time   Description
-----------------------------------------------------------------------------
                          0.00    0.00   clock clk (rise edge)
                          0.00    0.00   clock source latency
                  0.14    0.10    0.10 ^ clk (in)
     1    0.02                           clk (net)
                  0.14    0.00    0.10 ^ clkbuf_0_clk/A (sky130_fd_sc_hd__clkbuf_16)
                  0.10    0.30    0.40 ^ clkbuf_0_clk/X (sky130_fd_sc_hd__clkbuf_16)
     4    0.05                           clknet_0_clk (net)
                  0.10    0.00    0.41 ^ clkbuf_2_2__f_clk/A (sky130_fd_sc_hd__clkbuf_16)
                  0.06    0.24    0.65 ^ clkbuf_2_2__f_clk/X (sky130_fd_sc_hd__clkbuf_16)
     6    0.02                           clknet_2_2__leaf_clk (net)
                  0.06    0.00    0.65 ^ _304_/CLK (sky130_fd_sc_hd__dfstp_1)
                  0.13    1.17    1.82 ^ _304_/Q (sky130_fd_sc_hd__dfstp_1)
     1    0.01                           net12 (net)
                  0.13    0.00    1.82 ^ output12/A (sky130_fd_sc_hd__clkbuf_4)
                  0.18    0.37    2.19 ^ output12/X (sky130_fd_sc_hd__clkbuf_4)
     1    0.03                           tx (net)
                  0.18    0.00    2.19 ^ tx (out)
                                  2.19   data arrival time

                         10.00   10.00   clock clk (rise edge)
                          0.00   10.00   clock network delay (propagated)
                         -0.25    9.75   clock uncertainty
                          0.00    9.75   clock reconvergence pessimism
                         -2.00    7.75   output external delay
                                  7.75   data required time
-----------------------------------------------------------------------------
                                  7.75   data required time
                                 -2.19   data arrival time
-----------------------------------------------------------------------------
                                  5.56   slack (MET)


Startpoint: _326_ (rising edge-triggered flip-flop clocked by clk)
Endpoint: _296_ (rising edge-triggered flip-flop clocked by clk)
Path Group: clk
Path Type: max
Corner: Slowest

Fanout     Cap    Slew   Delay    Time   Description
-----------------------------------------------------------------------------
                          0.00    0.00   clock clk (rise edge)
                          0.00    0.00   clock source latency
                  0.14    0.10    0.10 ^ clk (in)
     1    0.02                           clk (net)
                  0.14    0.00    0.10 ^ clkbuf_0_clk/A (sky130_fd_sc_hd__clkbuf_16)
                  0.10    0.30    0.40 ^ clkbuf_0_clk/X (sky130_fd_sc_hd__clkbuf_16)
     4    0.05                           clknet_0_clk (net)
                  0.10    0.00    0.41 ^ clkbuf_2_1__f_clk/A (sky130_fd_sc_hd__clkbuf_16)
                  0.08    0.27    0.67 ^ clkbuf_2_1__f_clk/X (sky130_fd_sc_hd__clkbuf_16)
    11    0.03                           clknet_2_1__leaf_clk (net)
                  0.08    0.00    0.67 ^ _326_/CLK (sky130_fd_sc_hd__dfrtp_1)
                  0.18    0.90    1.57 v _326_/Q (sky130_fd_sc_hd__dfrtp_1)
     6    0.02                           baud_count[12] (net)
                  0.18    0.00    1.57 v _167_/B (sky130_fd_sc_hd__or4_1)
                  0.24    1.38    2.95 v _167_/X (sky130_fd_sc_hd__or4_1)
     2    0.01                           _077_ (net)
                  0.24    0.00    2.95 v _170_/B (sky130_fd_sc_hd__nor4_1)
                  0.77    0.87    3.82 ^ _170_/Y (sky130_fd_sc_hd__nor4_1)
     2    0.01                           _080_ (net)
                  0.77    0.00    3.83 ^ max_cap13/A (sky130_fd_sc_hd__buf_1)
                  0.26    0.52    4.34 ^ max_cap13/X (sky130_fd_sc_hd__buf_1)
     3    0.01                           net13 (net)
                  0.26    0.00    4.34 ^ _191_/B2 (sky130_fd_sc_hd__a22o_1)
                  0.08    0.33    4.67 ^ _191_/X (sky130_fd_sc_hd__a22o_1)
     1    0.00                           _016_ (net)
                  0.08    0.00    4.67 ^ _296_/D (sky130_fd_sc_hd__dfstp_1)
                                  4.67   data arrival time

                         10.00   10.00   clock clk (rise edge)
                          0.00   10.00   clock source latency
                  0.14    0.09   10.09 ^ clk (in)
     1    0.02                           clk (net)
                  0.14    0.00   10.09 ^ clkbuf_0_clk/A (sky130_fd_sc_hd__clkbuf_16)
                  0.10    0.27   10.37 ^ clkbuf_0_clk/X (sky130_fd_sc_hd__clkbuf_16)
     4    0.05                           clknet_0_clk (net)
                  0.10    0.00   10.37 ^ clkbuf_2_1__f_clk/A (sky130_fd_sc_hd__clkbuf_16)
                  0.08    0.24   10.61 ^ clkbuf_2_1__f_clk/X (sky130_fd_sc_hd__clkbuf_16)
    11    0.03                           clknet_2_1__leaf_clk (net)
                  0.08    0.00   10.61 ^ _296_/CLK (sky130_fd_sc_hd__dfstp_1)
                         -0.25   10.36   clock uncertainty
                          0.06   10.43   clock reconvergence pessimism
                         -0.12   10.30   library setup time
                                 10.30   data required time
-----------------------------------------------------------------------------
                                 10.30   data required time
                                 -4.67   data arrival time
-----------------------------------------------------------------------------
                                  5.63   slack (MET)


Startpoint: _314_ (rising edge-triggered flip-flop clocked by clk)
Endpoint: _324_ (rising edge-triggered flip-flop clocked by clk)
Path Group: clk
Path Type: max
Corner: Slowest

Fanout     Cap    Slew   Delay    Time   Description
-----------------------------------------------------------------------------
                          0.00    0.00   clock clk (rise edge)
                          0.00    0.00   clock source latency
                  0.14    0.10    0.10 ^ clk (in)
     1    0.02                           clk (net)
                  0.14    0.00    0.10 ^ clkbuf_0_clk/A (sky130_fd_sc_hd__clkbuf_16)
                  0.10    0.30    0.40 ^ clkbuf_0_clk/X (sky130_fd_sc_hd__clkbuf_16)
     4    0.05                           clknet_0_clk (net)
                  0.10    0.00    0.41 ^ clkbuf_2_0__f_clk/A (sky130_fd_sc_hd__clkbuf_16)
                  0.08    0.26    0.67 ^ clkbuf_2_0__f_clk/X (sky130_fd_sc_hd__clkbuf_16)
     9    0.03                           clknet_2_0__leaf_clk (net)
                  0.08    0.00    0.67 ^ _314_/CLK (sky130_fd_sc_hd__dfrtp_4)
                  0.18    0.95    1.62 ^ _314_/Q (sky130_fd_sc_hd__dfrtp_4)
     8    0.02                           baud_count[0] (net)
                  0.18    0.00    1.62 ^ _207_/B (sky130_fd_sc_hd__and4_2)
                  0.24    0.67    2.29 ^ _207_/X (sky130_fd_sc_hd__and4_2)
     7    0.02                           _105_ (net)
                  0.24    0.00    2.29 ^ _220_/A (sky130_fd_sc_hd__and3_2)
                  0.21    0.56    2.85 ^ _220_/X (sky130_fd_sc_hd__and3_2)
     5    0.02                           _115_ (net)
                  0.21    0.00    2.85 ^ _227_/C (sky130_fd_sc_hd__nand3_2)
                  0.20    0.29    3.14 v _227_/Y (sky130_fd_sc_hd__nand3_2)
     4    0.01                           _120_ (net)
                  0.20    0.00    3.14 v _231_/B (sky130_fd_sc_hd__or2_1)
                  0.09    0.52    3.66 v _231_/X (sky130_fd_sc_hd__or2_1)
     1    0.00                           _123_ (net)
                  0.09    0.00    3.66 v _232_/C (sky130_fd_sc_hd__and3_1)
                  0.07    0.39    4.04 v _232_/X (sky130_fd_sc_hd__and3_1)
     1    0.00                           _124_ (net)
                  0.07    0.00    4.05 v _233_/A (sky130_fd_sc_hd__clkbuf_1)
                  0.05    0.17    4.21 v _233_/X (sky130_fd_sc_hd__clkbuf_1)
     1    0.00                           _001_ (net)
                  0.05    0.00    4.21 v _324_/D (sky130_fd_sc_hd__dfrtp_1)
                                  4.21   data arrival time

                         10.00   10.00   clock clk (rise edge)
                          0.00   10.00   clock source latency
                  0.14    0.09   10.09 ^ clk (in)
     1    0.02                           clk (net)
                  0.14    0.00   10.09 ^ clkbuf_0_clk/A (sky130_fd_sc_hd__clkbuf_16)
                  0.10    0.27   10.37 ^ clkbuf_0_clk/X (sky130_fd_sc_hd__clkbuf_16)
     4    0.05                           clknet_0_clk (net)
                  0.10    0.00   10.37 ^ clkbuf_2_1__f_clk/A (sky130_fd_sc_hd__clkbuf_16)
                  0.08    0.24   10.61 ^ clkbuf_2_1__f_clk/X (sky130_fd_sc_hd__clkbuf_16)
    11    0.03                           clknet_2_1__leaf_clk (net)
                  0.08    0.00   10.61 ^ _324_/CLK (sky130_fd_sc_hd__dfrtp_1)
                         -0.25   10.36   clock uncertainty
                          0.04   10.40   clock reconvergence pessimism
                         -0.26   10.13   library setup time
                                 10.13   data required time
-----------------------------------------------------------------------------
                                 10.13   data required time
                                 -4.21   data arrival time
-----------------------------------------------------------------------------
                                  5.92   slack (MET)


Startpoint: _300_ (rising edge-triggered flip-flop clocked by clk)
Endpoint: _304_ (rising edge-triggered flip-flop clocked by clk)
Path Group: clk
Path Type: max
Corner: Slowest

Fanout     Cap    Slew   Delay    Time   Description
-----------------------------------------------------------------------------
                          0.00    0.00   clock clk (rise edge)
                          0.00    0.00   clock source latency
                  0.14    0.10    0.10 ^ clk (in)
     1    0.02                           clk (net)
                  0.14    0.00    0.10 ^ clkbuf_0_clk/A (sky130_fd_sc_hd__clkbuf_16)
                  0.10    0.30    0.40 ^ clkbuf_0_clk/X (sky130_fd_sc_hd__clkbuf_16)
     4    0.05                           clknet_0_clk (net)
                  0.10    0.00    0.41 ^ clkbuf_2_3__f_clk/A (sky130_fd_sc_hd__clkbuf_16)
                  0.08    0.26    0.66 ^ clkbuf_2_3__f_clk/X (sky130_fd_sc_hd__clkbuf_16)
     8    0.03                           clknet_2_3__leaf_clk (net)
                  0.08    0.00    0.66 ^ _300_/CLK (sky130_fd_sc_hd__dfrtp_4)
                  0.20    0.97    1.63 ^ _300_/Q (sky130_fd_sc_hd__dfrtp_4)
     8    0.03                           bit_index[0] (net)
                  0.20    0.00    1.63 ^ _256_/S0 (sky130_fd_sc_hd__mux4_1)
                  0.15    1.33    2.96 v _256_/X (sky130_fd_sc_hd__mux4_1)
     1    0.00                           _141_ (net)
                  0.15    0.00    2.96 v _257_/A (sky130_fd_sc_hd__or2b_1)
                  0.13    0.59    3.55 v _257_/X (sky130_fd_sc_hd__or2b_1)
     1    0.01                           _142_ (net)
                  0.13    0.00    3.55 v _258_/A3 (sky130_fd_sc_hd__a311o_1)
                  0.11    0.72    4.28 v _258_/X (sky130_fd_sc_hd__a311o_1)
     1    0.00                           _147_ (net)
                  0.11    0.00    4.28 v _304_/D (sky130_fd_sc_hd__dfstp_1)
                                  4.28   data arrival time

                         10.00   10.00   clock clk (rise edge)
                          0.00   10.00   clock source latency
                  0.14    0.09   10.09 ^ clk (in)
     1    0.02                           clk (net)
                  0.14    0.00   10.09 ^ clkbuf_0_clk/A (sky130_fd_sc_hd__clkbuf_16)
                  0.10    0.27   10.37 ^ clkbuf_0_clk/X (sky130_fd_sc_hd__clkbuf_16)
     4    0.05                           clknet_0_clk (net)
                  0.10    0.00   10.37 ^ clkbuf_2_2__f_clk/A (sky130_fd_sc_hd__clkbuf_16)
                  0.06    0.22   10.59 ^ clkbuf_2_2__f_clk/X (sky130_fd_sc_hd__clkbuf_16)
     6    0.02                           clknet_2_2__leaf_clk (net)
                  0.06    0.00   10.59 ^ _304_/CLK (sky130_fd_sc_hd__dfstp_1)
                         -0.25   10.34   clock uncertainty
                          0.04   10.38   clock reconvergence pessimism
                         -0.16   10.21   library setup time
                                 10.21   data required time
-----------------------------------------------------------------------------
                                 10.21   data required time
                                 -4.28   data arrival time
-----------------------------------------------------------------------------
                                  5.94   slack (MET)


Startpoint: _305_ (rising edge-triggered flip-flop clocked by clk)
Endpoint: busy (output port clocked by clk)
Path Group: clk
Path Type: max
Corner: Slowest

Fanout     Cap    Slew   Delay    Time   Description
-----------------------------------------------------------------------------
                          0.00    0.00   clock clk (rise edge)
                          0.00    0.00   clock source latency
                  0.14    0.10    0.10 ^ clk (in)
     1    0.02                           clk (net)
                  0.14    0.00    0.10 ^ clkbuf_0_clk/A (sky130_fd_sc_hd__clkbuf_16)
                  0.10    0.30    0.40 ^ clkbuf_0_clk/X (sky130_fd_sc_hd__clkbuf_16)
     4    0.05                           clknet_0_clk (net)
                  0.10    0.00    0.41 ^ clkbuf_2_2__f_clk/A (sky130_fd_sc_hd__clkbuf_16)
                  0.06    0.24    0.65 ^ clkbuf_2_2__f_clk/X (sky130_fd_sc_hd__clkbuf_16)
     6    0.02                           clknet_2_2__leaf_clk (net)
                  0.06    0.00    0.65 ^ _305_/CLK (sky130_fd_sc_hd__dfrtp_1)
                  0.09    0.78    1.43 v _305_/Q (sky130_fd_sc_hd__dfrtp_1)
     1    0.00                           net11 (net)
                  0.09    0.00    1.43 v output11/A (sky130_fd_sc_hd__clkbuf_4)
                  0.14    0.35    1.78 v output11/X (sky130_fd_sc_hd__clkbuf_4)
     1    0.03                           busy (net)
                  0.14    0.00    1.78 v busy (out)
                                  1.78   data arrival time

                         10.00   10.00   clock clk (rise edge)
                          0.00   10.00   clock network delay (propagated)
                         -0.25    9.75   clock uncertainty
                          0.00    9.75   clock reconvergence pessimism
                         -2.00    7.75   output external delay
                                  7.75   data required time
-----------------------------------------------------------------------------
                                  7.75   data required time
                                 -1.78   data arrival time
-----------------------------------------------------------------------------
                                  5.97   slack (MET)


Startpoint: _314_ (rising edge-triggered flip-flop clocked by clk)
Endpoint: _327_ (rising edge-triggered flip-flop clocked by clk)
Path Group: clk
Path Type: max
Corner: Slowest

Fanout     Cap    Slew   Delay    Time   Description
-----------------------------------------------------------------------------
                          0.00    0.00   clock clk (rise edge)
                          0.00    0.00   clock source latency
                  0.14    0.10    0.10 ^ clk (in)
     1    0.02                           clk (net)
                  0.14    0.00    0.10 ^ clkbuf_0_clk/A (sky130_fd_sc_hd__clkbuf_16)
                  0.10    0.30    0.40 ^ clkbuf_0_clk/X (sky130_fd_sc_hd__clkbuf_16)
     4    0.05                           clknet_0_clk (net)
                  0.10    0.00    0.41 ^ clkbuf_2_0__f_clk/A (sky130_fd_sc_hd__clkbuf_16)
                  0.08    0.26    0.67 ^ clkbuf_2_0__f_clk/X (sky130_fd_sc_hd__clkbuf_16)
     9    0.03                           clknet_2_0__leaf_clk (net)
                  0.08    0.00    0.67 ^ _314_/CLK (sky130_fd_sc_hd__dfrtp_4)
                  0.18    0.95    1.62 ^ _314_/Q (sky130_fd_sc_hd__dfrtp_4)
     8    0.02                           baud_count[0] (net)
                  0.18    0.00    1.62 ^ _207_/B (sky130_fd_sc_hd__and4_2)
                  0.24    0.67    2.29 ^ _207_/X (sky130_fd_sc_hd__and4_2)
     7    0.02                           _105_ (net)
                  0.24    0.00    2.29 ^ _236_/A (sky130_fd_sc_hd__and4_2)
                  0.26    0.68    2.97 ^ _236_/X (sky130_fd_sc_hd__and4_2)
     6    0.02                           _127_ (net)
                  0.26    0.00    2.97 ^ _242_/C (sky130_fd_sc_hd__and3_1)
                  0.22    0.51    3.48 ^ _242_/X (sky130_fd_sc_hd__and3_1)
     3    0.01                           _131_ (net)
                  0.22    0.00    3.49 ^ _243_/A (sky130_fd_sc_hd__inv_2)
                  0.05    0.10    3.59 v _243_/Y (sky130_fd_sc_hd__inv_2)
     1    0.00                           _132_ (net)
                  0.05    0.00    3.59 v _244_/C (sky130_fd_sc_hd__and3_1)
                  0.07    0.37    3.95 v _244_/X (sky130_fd_sc_hd__and3_1)
     1    0.00                           _133_ (net)
                  0.07    0.00    3.95 v _245_/A (sky130_fd_sc_hd__clkbuf_1)
                  0.05    0.17    4.12 v _245_/X (sky130_fd_sc_hd__clkbuf_1)
     1    0.00                           _004_ (net)
                  0.05    0.00    4.12 v _327_/D (sky130_fd_sc_hd__dfrtp_1)
                                  4.12   data arrival time

                         10.00   10.00   clock clk (rise edge)
                          0.00   10.00   clock source latency
                  0.14    0.09   10.09 ^ clk (in)
     1    0.02                           clk (net)
                  0.14    0.00   10.09 ^ clkbuf_0_clk/A (sky130_fd_sc_hd__clkbuf_16)
                  0.10    0.27   10.37 ^ clkbuf_0_clk/X (sky130_fd_sc_hd__clkbuf_16)
     4    0.05                           clknet_0_clk (net)
                  0.10    0.00   10.37 ^ clkbuf_2_1__f_clk/A (sky130_fd_sc_hd__clkbuf_16)
                  0.08    0.24   10.61 ^ clkbuf_2_1__f_clk/X (sky130_fd_sc_hd__clkbuf_16)
    11    0.03                           clknet_2_1__leaf_clk (net)
                  0.08    0.00   10.61 ^ _327_/CLK (sky130_fd_sc_hd__dfrtp_1)
                         -0.25   10.36   clock uncertainty
                          0.04   10.40   clock reconvergence pessimism
                         -0.27   10.13   library setup time
                                 10.13   data required time
-----------------------------------------------------------------------------
                                 10.13   data required time
                                 -4.12   data arrival time
-----------------------------------------------------------------------------
                                  6.01   slack (MET)


Startpoint: _314_ (rising edge-triggered flip-flop clocked by clk)
Endpoint: _328_ (rising edge-triggered flip-flop clocked by clk)
Path Group: clk
Path Type: max
Corner: Slowest

Fanout     Cap    Slew   Delay    Time   Description
-----------------------------------------------------------------------------
                          0.00    0.00   clock clk (rise edge)
                          0.00    0.00   clock source latency
                  0.14    0.10    0.10 ^ clk (in)
     1    0.02                           clk (net)
                  0.14    0.00    0.10 ^ clkbuf_0_clk/A (sky130_fd_sc_hd__clkbuf_16)
                  0.10    0.30    0.40 ^ clkbuf_0_clk/X (sky130_fd_sc_hd__clkbuf_16)
     4    0.05                           clknet_0_clk (net)
                  0.10    0.00    0.41 ^ clkbuf_2_0__f_clk/A (sky130_fd_sc_hd__clkbuf_16)
                  0.08    0.26    0.67 ^ clkbuf_2_0__f_clk/X (sky130_fd_sc_hd__clkbuf_16)
     9    0.03                           clknet_2_0__leaf_clk (net)
                  0.08    0.00    0.67 ^ _314_/CLK (sky130_fd_sc_hd__dfrtp_4)
                  0.18    0.95    1.62 ^ _314_/Q (sky130_fd_sc_hd__dfrtp_4)
     8    0.02                           baud_count[0] (net)
                  0.18    0.00    1.62 ^ _207_/B (sky130_fd_sc_hd__and4_2)
                  0.24    0.67    2.29 ^ _207_/X (sky130_fd_sc_hd__and4_2)
     7    0.02                           _105_ (net)
                  0.24    0.00    2.29 ^ _236_/A (sky130_fd_sc_hd__and4_2)
                  0.26    0.68    2.97 ^ _236_/X (sky130_fd_sc_hd__and4_2)
     6    0.02                           _127_ (net)
                  0.26    0.00    2.97 ^ _242_/C (sky130_fd_sc_hd__and3_1)
                  0.22    0.51    3.48 ^ _242_/X (sky130_fd_sc_hd__and3_1)
     3    0.01                           _131_ (net)
                  0.22    0.00    3.49 ^ _246_/A2 (sky130_fd_sc_hd__a21boi_1)
                  0.10    0.21    3.69 v _246_/Y (sky130_fd_sc_hd__a21boi_1)
     1    0.00                           _134_ (net)
                  0.10    0.00    3.69 v _247_/B1 (sky130_fd_sc_hd__o21a_1)
                  0.06    0.21    3.90 v _247_/X (sky130_fd_sc_hd__o21a_1)
     1    0.00                           _005_ (net)
                  0.06    0.00    3.90 v _328_/D (sky130_fd_sc_hd__dfrtp_1)
                                  3.90   data arrival time

                         10.00   10.00   clock clk (rise edge)
                          0.00   10.00   clock source latency
                  0.14    0.09   10.09 ^ clk (in)
     1    0.02                           clk (net)
                  0.14    0.00   10.09 ^ clkbuf_0_clk/A (sky130_fd_sc_hd__clkbuf_16)
                  0.10    0.27   10.37 ^ clkbuf_0_clk/X (sky130_fd_sc_hd__clkbuf_16)
     4    0.05                           clknet_0_clk (net)
                  0.10    0.00   10.37 ^ clkbuf_2_1__f_clk/A (sky130_fd_sc_hd__clkbuf_16)
                  0.08    0.24   10.61 ^ clkbuf_2_1__f_clk/X (sky130_fd_sc_hd__clkbuf_16)
    11    0.03                           clknet_2_1__leaf_clk (net)
                  0.08    0.00   10.61 ^ _328_/CLK (sky130_fd_sc_hd__dfrtp_1)
                         -0.25   10.36   clock uncertainty
                          0.04   10.40   clock reconvergence pessimism
                         -0.27   10.13   library setup time
                                 10.13   data required time
-----------------------------------------------------------------------------
                                 10.13   data required time
                                 -3.90   data arrival time
-----------------------------------------------------------------------------
                                  6.22   slack (MET)


Startpoint: _314_ (rising edge-triggered flip-flop clocked by clk)
Endpoint: _329_ (rising edge-triggered flip-flop clocked by clk)
Path Group: clk
Path Type: max
Corner: Slowest

Fanout     Cap    Slew   Delay    Time   Description
-----------------------------------------------------------------------------
                          0.00    0.00   clock clk (rise edge)
                          0.00    0.00   clock source latency
                  0.14    0.10    0.10 ^ clk (in)
     1    0.02                           clk (net)
                  0.14    0.00    0.10 ^ clkbuf_0_clk/A (sky130_fd_sc_hd__clkbuf_16)
                  0.10    0.30    0.40 ^ clkbuf_0_clk/X (sky130_fd_sc_hd__clkbuf_16)
     4    0.05                           clknet_0_clk (net)
                  0.10    0.00    0.41 ^ clkbuf_2_0__f_clk/A (sky130_fd_sc_hd__clkbuf_16)
                  0.08    0.26    0.67 ^ clkbuf_2_0__f_clk/X (sky130_fd_sc_hd__clkbuf_16)
     9    0.03                           clknet_2_0__leaf_clk (net)
                  0.08    0.00    0.67 ^ _314_/CLK (sky130_fd_sc_hd__dfrtp_4)
                  0.16    1.12    1.79 v _314_/Q (sky130_fd_sc_hd__dfrtp_4)
     8    0.02                           baud_count[0] (net)
                  0.16    0.00    1.79 v _207_/B (sky130_fd_sc_hd__and4_2)
                  0.15    0.60    2.39 v _207_/X (sky130_fd_sc_hd__and4_2)
     7    0.02                           _105_ (net)
                  0.15    0.00    2.40 v _236_/A (sky130_fd_sc_hd__and4_2)
                  0.16    0.54    2.93 v _236_/X (sky130_fd_sc_hd__and4_2)
     6    0.02                           _127_ (net)
                  0.16    0.00    2.94 v _248_/D (sky130_fd_sc_hd__and4_1)
                  0.11    0.51    3.44 v _248_/X (sky130_fd_sc_hd__and4_1)
     2    0.01                           _135_ (net)
                  0.11    0.00    3.44 v _249_/A2 (sky130_fd_sc_hd__o21ai_1)
                  0.19    0.24    3.68 ^ _249_/Y (sky130_fd_sc_hd__o21ai_1)
     1    0.00                           _136_ (net)
                  0.19    0.00    3.68 ^ _250_/B1 (sky130_fd_sc_hd__a21oi_1)
                  0.09    0.12    3.80 v _250_/Y (sky130_fd_sc_hd__a21oi_1)
     1    0.00                           _006_ (net)
                  0.09    0.00    3.80 v _329_/D (sky130_fd_sc_hd__dfrtp_1)
                                  3.80   data arrival time

                         10.00   10.00   clock clk (rise edge)
                          0.00   10.00   clock source latency
                  0.14    0.09   10.09 ^ clk (in)
     1    0.02                           clk (net)
                  0.14    0.00   10.09 ^ clkbuf_0_clk/A (sky130_fd_sc_hd__clkbuf_16)
                  0.10    0.27   10.37 ^ clkbuf_0_clk/X (sky130_fd_sc_hd__clkbuf_16)
     4    0.05                           clknet_0_clk (net)
                  0.10    0.00   10.37 ^ clkbuf_2_1__f_clk/A (sky130_fd_sc_hd__clkbuf_16)
                  0.08    0.24   10.61 ^ clkbuf_2_1__f_clk/X (sky130_fd_sc_hd__clkbuf_16)
    11    0.03                           clknet_2_1__leaf_clk (net)
                  0.08    0.00   10.61 ^ _329_/CLK (sky130_fd_sc_hd__dfrtp_1)
                         -0.25   10.36   clock uncertainty
                          0.04   10.40   clock reconvergence pessimism
                         -0.28   10.12   library setup time
                                 10.12   data required time
-----------------------------------------------------------------------------
                                 10.12   data required time
                                 -3.80   data arrival time
-----------------------------------------------------------------------------
                                  6.32   slack (MET)


Startpoint: _297_ (rising edge-triggered flip-flop clocked by clk)
Endpoint: _326_ (rising edge-triggered flip-flop clocked by clk)
Path Group: clk
Path Type: max
Corner: Slowest

Fanout     Cap    Slew   Delay    Time   Description
-----------------------------------------------------------------------------
                          0.00    0.00   clock clk (rise edge)
                          0.00    0.00   clock source latency
                  0.14    0.10    0.10 ^ clk (in)
     1    0.02                           clk (net)
                  0.14    0.00    0.10 ^ clkbuf_0_clk/A (sky130_fd_sc_hd__clkbuf_16)
                  0.10    0.30    0.40 ^ clkbuf_0_clk/X (sky130_fd_sc_hd__clkbuf_16)
     4    0.05                           clknet_0_clk (net)
                  0.10    0.00    0.41 ^ clkbuf_2_2__f_clk/A (sky130_fd_sc_hd__clkbuf_16)
                  0.06    0.24    0.65 ^ clkbuf_2_2__f_clk/X (sky130_fd_sc_hd__clkbuf_16)
     6    0.02                           clknet_2_2__leaf_clk (net)
                  0.06    0.00    0.65 ^ _297_/CLK (sky130_fd_sc_hd__dfrtp_4)
                  0.18    1.13    1.78 v _297_/Q (sky130_fd_sc_hd__dfrtp_4)
     8    0.03                           state[1] (net)
                  0.18    0.00    1.78 v _192_/B (sky130_fd_sc_hd__or3_4)
                  0.19    0.91    2.70 v _192_/X (sky130_fd_sc_hd__or3_4)
     7    0.03                           _094_ (net)
                  0.19    0.01    2.70 v _193_/A (sky130_fd_sc_hd__buf_2)
                  0.17    0.42    3.13 v _193_/X (sky130_fd_sc_hd__buf_2)
    10    0.04                           _095_ (net)
                  0.17    0.00    3.13 v _239_/B1_N (sky130_fd_sc_hd__a21boi_1)
                  0.11    0.33    3.46 v _239_/Y (sky130_fd_sc_hd__a21boi_1)
     1    0.00                           _129_ (net)
                  0.11    0.00    3.46 v _240_/B1 (sky130_fd_sc_hd__o21a_1)
                  0.07    0.23    3.69 v _240_/X (sky130_fd_sc_hd__o21a_1)
     1    0.00                           _003_ (net)
                  0.07    0.00    3.69 v _326_/D (sky130_fd_sc_hd__dfrtp_1)
                                  3.69   data arrival time

                         10.00   10.00   clock clk (rise edge)
                          0.00   10.00   clock source latency
                  0.14    0.09   10.09 ^ clk (in)
     1    0.02                           clk (net)
                  0.14    0.00   10.09 ^ clkbuf_0_clk/A (sky130_fd_sc_hd__clkbuf_16)
                  0.10    0.27   10.37 ^ clkbuf_0_clk/X (sky130_fd_sc_hd__clkbuf_16)
     4    0.05                           clknet_0_clk (net)
                  0.10    0.00   10.37 ^ clkbuf_2_1__f_clk/A (sky130_fd_sc_hd__clkbuf_16)
                  0.08    0.24   10.61 ^ clkbuf_2_1__f_clk/X (sky130_fd_sc_hd__clkbuf_16)
    11    0.03                           clknet_2_1__leaf_clk (net)
                  0.08    0.00   10.61 ^ _326_/CLK (sky130_fd_sc_hd__dfrtp_1)
                         -0.25   10.36   clock uncertainty
                          0.04   10.40   clock reconvergence pessimism
                         -0.27   10.12   library setup time
                                 10.12   data required time
-----------------------------------------------------------------------------
                                 10.12   data required time
                                 -3.69   data arrival time
-----------------------------------------------------------------------------
                                  6.44   slack (MET)


Startpoint: _297_ (rising edge-triggered flip-flop clocked by clk)
Endpoint: _314_ (rising edge-triggered flip-flop clocked by clk)
Path Group: clk
Path Type: max
Corner: Slowest

Fanout     Cap    Slew   Delay    Time   Description
-----------------------------------------------------------------------------
                          0.00    0.00   clock clk (rise edge)
                          0.00    0.00   clock source latency
                  0.14    0.10    0.10 ^ clk (in)
     1    0.02                           clk (net)
                  0.14    0.00    0.10 ^ clkbuf_0_clk/A (sky130_fd_sc_hd__clkbuf_16)
                  0.10    0.30    0.40 ^ clkbuf_0_clk/X (sky130_fd_sc_hd__clkbuf_16)
     4    0.05                           clknet_0_clk (net)
                  0.10    0.00    0.41 ^ clkbuf_2_2__f_clk/A (sky130_fd_sc_hd__clkbuf_16)
                  0.06    0.24    0.65 ^ clkbuf_2_2__f_clk/X (sky130_fd_sc_hd__clkbuf_16)
     6    0.02                           clknet_2_2__leaf_clk (net)
                  0.06    0.00    0.65 ^ _297_/CLK (sky130_fd_sc_hd__dfrtp_4)
                  0.18    1.13    1.78 v _297_/Q (sky130_fd_sc_hd__dfrtp_4)
     8    0.03                           state[1] (net)
                  0.18    0.00    1.78 v _192_/B (sky130_fd_sc_hd__or3_4)
                  0.19    0.91    2.70 v _192_/X (sky130_fd_sc_hd__or3_4)
     7    0.03                           _094_ (net)
                  0.19    0.01    2.70 v _193_/A (sky130_fd_sc_hd__buf_2)
                  0.17    0.42    3.13 v _193_/X (sky130_fd_sc_hd__buf_2)
    10    0.04                           _095_ (net)
                  0.17    0.00    3.13 v _194_/B (sky130_fd_sc_hd__and2b_1)
                  0.07    0.39    3.52 v _194_/X (sky130_fd_sc_hd__and2b_1)
     1    0.00                           _096_ (net)
                  0.07    0.00    3.52 v _195_/A (sky130_fd_sc_hd__clkbuf_1)
                  0.05    0.17    3.68 v _195_/X (sky130_fd_sc_hd__clkbuf_1)
     1    0.00                           _000_ (net)
                  0.05    0.00    3.68 v _314_/D (sky130_fd_sc_hd__dfrtp_4)
                                  3.68   data arrival time

                         10.00   10.00   clock clk (rise edge)
                          0.00   10.00   clock source latency
                  0.14    0.09   10.09 ^ clk (in)
     1    0.02                           clk (net)
                  0.14    0.00   10.09 ^ clkbuf_0_clk/A (sky130_fd_sc_hd__clkbuf_16)
                  0.10    0.27   10.37 ^ clkbuf_0_clk/X (sky130_fd_sc_hd__clkbuf_16)
     4    0.05                           clknet_0_clk (net)
                  0.10    0.00   10.37 ^ clkbuf_2_0__f_clk/A (sky130_fd_sc_hd__clkbuf_16)
                  0.08    0.23   10.60 ^ clkbuf_2_0__f_clk/X (sky130_fd_sc_hd__clkbuf_16)
     9    0.03                           clknet_2_0__leaf_clk (net)
                  0.08    0.00   10.61 ^ _314_/CLK (sky130_fd_sc_hd__dfrtp_4)
                         -0.25   10.36   clock uncertainty
                          0.04   10.39   clock reconvergence pessimism
                         -0.26   10.13   library setup time
                                 10.13   data required time
-----------------------------------------------------------------------------
                                 10.13   data required time
                                 -3.68   data arrival time
-----------------------------------------------------------------------------
                                  6.45   slack (MET)


Startpoint: _314_ (rising edge-triggered flip-flop clocked by clk)
Endpoint: _323_ (rising edge-triggered flip-flop clocked by clk)
Path Group: clk
Path Type: max
Corner: Slowest

Fanout     Cap    Slew   Delay    Time   Description
-----------------------------------------------------------------------------
                          0.00    0.00   clock clk (rise edge)
                          0.00    0.00   clock source latency
                  0.14    0.10    0.10 ^ clk (in)
     1    0.02                           clk (net)
                  0.14    0.00    0.10 ^ clkbuf_0_clk/A (sky130_fd_sc_hd__clkbuf_16)
                  0.10    0.30    0.40 ^ clkbuf_0_clk/X (sky130_fd_sc_hd__clkbuf_16)
     4    0.05                           clknet_0_clk (net)
                  0.10    0.00    0.41 ^ clkbuf_2_0__f_clk/A (sky130_fd_sc_hd__clkbuf_16)
                  0.08    0.26    0.67 ^ clkbuf_2_0__f_clk/X (sky130_fd_sc_hd__clkbuf_16)
     9    0.03                           clknet_2_0__leaf_clk (net)
                  0.08    0.00    0.67 ^ _314_/CLK (sky130_fd_sc_hd__dfrtp_4)
                  0.16    1.12    1.79 v _314_/Q (sky130_fd_sc_hd__dfrtp_4)
     8    0.02                           baud_count[0] (net)
                  0.16    0.00    1.79 v _207_/B (sky130_fd_sc_hd__and4_2)
                  0.15    0.60    2.39 v _207_/X (sky130_fd_sc_hd__and4_2)
     7    0.02                           _105_ (net)
                  0.15    0.00    2.40 v _220_/A (sky130_fd_sc_hd__and3_2)
                  0.14    0.52    2.91 v _220_/X (sky130_fd_sc_hd__and3_2)
     5    0.02                           _115_ (net)
                  0.14    0.00    2.91 v _226_/B (sky130_fd_sc_hd__and2_1)
                  0.07    0.37    3.28 v _226_/X (sky130_fd_sc_hd__and2_1)
     1    0.00                           _119_ (net)
                  0.07    0.00    3.28 v _228_/A2 (sky130_fd_sc_hd__o211a_1)
                  0.07    0.39    3.67 v _228_/X (sky130_fd_sc_hd__o211a_1)
     1    0.00                           _015_ (net)
                  0.07    0.00    3.67 v _323_/D (sky130_fd_sc_hd__dfrtp_1)
                                  3.67   data arrival time

                         10.00   10.00   clock clk (rise edge)
                          0.00   10.00   clock source latency
                  0.14    0.09   10.09 ^ clk (in)
     1    0.02                           clk (net)
                  0.14    0.00   10.09 ^ clkbuf_0_clk/A (sky130_fd_sc_hd__clkbuf_16)
                  0.10    0.27   10.37 ^ clkbuf_0_clk/X (sky130_fd_sc_hd__clkbuf_16)
     4    0.05                           clknet_0_clk (net)
                  0.10    0.00   10.37 ^ clkbuf_2_1__f_clk/A (sky130_fd_sc_hd__clkbuf_16)
                  0.08    0.24   10.61 ^ clkbuf_2_1__f_clk/X (sky130_fd_sc_hd__clkbuf_16)
    11    0.03                           clknet_2_1__leaf_clk (net)
                  0.08    0.00   10.61 ^ _323_/CLK (sky130_fd_sc_hd__dfrtp_1)
                         -0.25   10.36   clock uncertainty
                          0.04   10.40   clock reconvergence pessimism
                         -0.27   10.13   library setup time
                                 10.13   data required time
-----------------------------------------------------------------------------
                                 10.13   data required time
                                 -3.67   data arrival time
-----------------------------------------------------------------------------
                                  6.46   slack (MET)


Startpoint: _297_ (rising edge-triggered flip-flop clocked by clk)
Endpoint: _319_ (rising edge-triggered flip-flop clocked by clk)
Path Group: clk
Path Type: max
Corner: Slowest

Fanout     Cap    Slew   Delay    Time   Description
-----------------------------------------------------------------------------
                          0.00    0.00   clock clk (rise edge)
                          0.00    0.00   clock source latency
                  0.14    0.10    0.10 ^ clk (in)
     1    0.02                           clk (net)
                  0.14    0.00    0.10 ^ clkbuf_0_clk/A (sky130_fd_sc_hd__clkbuf_16)
                  0.10    0.30    0.40 ^ clkbuf_0_clk/X (sky130_fd_sc_hd__clkbuf_16)
     4    0.05                           clknet_0_clk (net)
                  0.10    0.00    0.41 ^ clkbuf_2_2__f_clk/A (sky130_fd_sc_hd__clkbuf_16)
                  0.06    0.24    0.65 ^ clkbuf_2_2__f_clk/X (sky130_fd_sc_hd__clkbuf_16)
     6    0.02                           clknet_2_2__leaf_clk (net)
                  0.06    0.00    0.65 ^ _297_/CLK (sky130_fd_sc_hd__dfrtp_4)
                  0.18    1.13    1.78 v _297_/Q (sky130_fd_sc_hd__dfrtp_4)
     8    0.03                           state[1] (net)
                  0.18    0.00    1.78 v _192_/B (sky130_fd_sc_hd__or3_4)
                  0.19    0.91    2.70 v _192_/X (sky130_fd_sc_hd__or3_4)
     7    0.03                           _094_ (net)
                  0.19    0.01    2.70 v _193_/A (sky130_fd_sc_hd__buf_2)
                  0.17    0.42    3.13 v _193_/X (sky130_fd_sc_hd__buf_2)
    10    0.04                           _095_ (net)
                  0.17    0.00    3.13 v _214_/A (sky130_fd_sc_hd__and3_1)
                  0.07    0.35    3.48 v _214_/X (sky130_fd_sc_hd__and3_1)
     1    0.00                           _111_ (net)
                  0.07    0.00    3.48 v _215_/A (sky130_fd_sc_hd__clkbuf_1)
                  0.06    0.18    3.66 v _215_/X (sky130_fd_sc_hd__clkbuf_1)
     1    0.00                           _011_ (net)
                  0.06    0.00    3.66 v _319_/D (sky130_fd_sc_hd__dfrtp_1)
                                  3.66   data arrival time

                         10.00   10.00   clock clk (rise edge)
                          0.00   10.00   clock source latency
                  0.14    0.09   10.09 ^ clk (in)
     1    0.02                           clk (net)
                  0.14    0.00   10.09 ^ clkbuf_0_clk/A (sky130_fd_sc_hd__clkbuf_16)
                  0.10    0.27   10.37 ^ clkbuf_0_clk/X (sky130_fd_sc_hd__clkbuf_16)
     4    0.05                           clknet_0_clk (net)
                  0.10    0.00   10.37 ^ clkbuf_2_0__f_clk/A (sky130_fd_sc_hd__clkbuf_16)
                  0.08    0.23   10.60 ^ clkbuf_2_0__f_clk/X (sky130_fd_sc_hd__clkbuf_16)
     9    0.03                           clknet_2_0__leaf_clk (net)
                  0.08    0.00   10.60 ^ _319_/CLK (sky130_fd_sc_hd__dfrtp_1)
                         -0.25   10.35   clock uncertainty
                          0.04   10.39   clock reconvergence pessimism
                         -0.27   10.12   library setup time
                                 10.12   data required time
-----------------------------------------------------------------------------
                                 10.12   data required time
                                 -3.66   data arrival time
-----------------------------------------------------------------------------
                                  6.46   slack (MET)


Startpoint: _297_ (rising edge-triggered flip-flop clocked by clk)
Endpoint: _322_ (rising edge-triggered flip-flop clocked by clk)
Path Group: clk
Path Type: max
Corner: Slowest

Fanout     Cap    Slew   Delay    Time   Description
-----------------------------------------------------------------------------
                          0.00    0.00   clock clk (rise edge)
                          0.00    0.00   clock source latency
                  0.14    0.10    0.10 ^ clk (in)
     1    0.02                           clk (net)
                  0.14    0.00    0.10 ^ clkbuf_0_clk/A (sky130_fd_sc_hd__clkbuf_16)
                  0.10    0.30    0.40 ^ clkbuf_0_clk/X (sky130_fd_sc_hd__clkbuf_16)
     4    0.05                           clknet_0_clk (net)
                  0.10    0.00    0.41 ^ clkbuf_2_2__f_clk/A (sky130_fd_sc_hd__clkbuf_16)
                  0.06    0.24    0.65 ^ clkbuf_2_2__f_clk/X (sky130_fd_sc_hd__clkbuf_16)
     6    0.02                           clknet_2_2__leaf_clk (net)
                  0.06    0.00    0.65 ^ _297_/CLK (sky130_fd_sc_hd__dfrtp_4)
                  0.18    1.13    1.78 v _297_/Q (sky130_fd_sc_hd__dfrtp_4)
     8    0.03                           state[1] (net)
                  0.18    0.00    1.78 v _192_/B (sky130_fd_sc_hd__or3_4)
                  0.19    0.91    2.70 v _192_/X (sky130_fd_sc_hd__or3_4)
     7    0.03                           _094_ (net)
                  0.19    0.01    2.70 v _193_/A (sky130_fd_sc_hd__buf_2)
                  0.17    0.42    3.13 v _193_/X (sky130_fd_sc_hd__buf_2)
    10    0.04                           _095_ (net)
                  0.17    0.00    3.13 v _224_/B1_N (sky130_fd_sc_hd__a21boi_1)
                  0.10    0.32    3.45 v _224_/Y (sky130_fd_sc_hd__a21boi_1)
     1    0.00                           _118_ (net)
                  0.10    0.00    3.45 v _225_/B1 (sky130_fd_sc_hd__o21a_1)
                  0.06    0.21    3.65 v _225_/X (sky130_fd_sc_hd__o21a_1)
     1    0.00                           _014_ (net)
                  0.06    0.00    3.65 v _322_/D (sky130_fd_sc_hd__dfrtp_2)
                                  3.65   data arrival time

                         10.00   10.00   clock clk (rise edge)
                          0.00   10.00   clock source latency
                  0.14    0.09   10.09 ^ clk (in)
     1    0.02                           clk (net)
                  0.14    0.00   10.09 ^ clkbuf_0_clk/A (sky130_fd_sc_hd__clkbuf_16)
                  0.10    0.27   10.37 ^ clkbuf_0_clk/X (sky130_fd_sc_hd__clkbuf_16)
     4    0.05                           clknet_0_clk (net)
                  0.10    0.00   10.37 ^ clkbuf_2_0__f_clk/A (sky130_fd_sc_hd__clkbuf_16)
                  0.08    0.23   10.60 ^ clkbuf_2_0__f_clk/X (sky130_fd_sc_hd__clkbuf_16)
     9    0.03                           clknet_2_0__leaf_clk (net)
                  0.08    0.00   10.60 ^ _322_/CLK (sky130_fd_sc_hd__dfrtp_2)
                         -0.25   10.35   clock uncertainty
                          0.04   10.39   clock reconvergence pessimism
                         -0.27   10.12   library setup time
                                 10.12   data required time
-----------------------------------------------------------------------------
                                 10.12   data required time
                                 -3.65   data arrival time
-----------------------------------------------------------------------------
                                  6.47   slack (MET)


Startpoint: _297_ (rising edge-triggered flip-flop clocked by clk)
Endpoint: _321_ (rising edge-triggered flip-flop clocked by clk)
Path Group: clk
Path Type: max
Corner: Slowest

Fanout     Cap    Slew   Delay    Time   Description
-----------------------------------------------------------------------------
                          0.00    0.00   clock clk (rise edge)
                          0.00    0.00   clock source latency
                  0.14    0.10    0.10 ^ clk (in)
     1    0.02                           clk (net)
                  0.14    0.00    0.10 ^ clkbuf_0_clk/A (sky130_fd_sc_hd__clkbuf_16)
                  0.10    0.30    0.40 ^ clkbuf_0_clk/X (sky130_fd_sc_hd__clkbuf_16)
     4    0.05                           clknet_0_clk (net)
                  0.10    0.00    0.41 ^ clkbuf_2_2__f_clk/A (sky130_fd_sc_hd__clkbuf_16)
                  0.06    0.24    0.65 ^ clkbuf_2_2__f_clk/X (sky130_fd_sc_hd__clkbuf_16)
     6    0.02                           clknet_2_2__leaf_clk (net)
                  0.06    0.00    0.65 ^ _297_/CLK (sky130_fd_sc_hd__dfrtp_4)
                  0.18    1.13    1.78 v _297_/Q (sky130_fd_sc_hd__dfrtp_4)
     8    0.03                           state[1] (net)
                  0.18    0.00    1.78 v _192_/B (sky130_fd_sc_hd__or3_4)
                  0.19    0.91    2.70 v _192_/X (sky130_fd_sc_hd__or3_4)
     7    0.03                           _094_ (net)
                  0.19    0.01    2.70 v _193_/A (sky130_fd_sc_hd__buf_2)
                  0.17    0.42    3.13 v _193_/X (sky130_fd_sc_hd__buf_2)
    10    0.04                           _095_ (net)
                  0.17    0.00    3.13 v _222_/A (sky130_fd_sc_hd__and3_1)
                  0.07    0.35    3.48 v _222_/X (sky130_fd_sc_hd__and3_1)
     1    0.00                           _117_ (net)
                  0.07    0.00    3.48 v _223_/A (sky130_fd_sc_hd__clkbuf_1)
                  0.05    0.16    3.64 v _223_/X (sky130_fd_sc_hd__clkbuf_1)
     1    0.00                           _013_ (net)
                  0.05    0.00    3.64 v _321_/D (sky130_fd_sc_hd__dfrtp_1)
                                  3.64   data arrival time

                         10.00   10.00   clock clk (rise edge)
                          0.00   10.00   clock source latency
                  0.14    0.09   10.09 ^ clk (in)
     1    0.02                           clk (net)
                  0.14    0.00   10.09 ^ clkbuf_0_clk/A (sky130_fd_sc_hd__clkbuf_16)
                  0.10    0.27   10.37 ^ clkbuf_0_clk/X (sky130_fd_sc_hd__clkbuf_16)
     4    0.05                           clknet_0_clk (net)
                  0.10    0.00   10.37 ^ clkbuf_2_0__f_clk/A (sky130_fd_sc_hd__clkbuf_16)
                  0.08    0.23   10.60 ^ clkbuf_2_0__f_clk/X (sky130_fd_sc_hd__clkbuf_16)
     9    0.03                           clknet_2_0__leaf_clk (net)
                  0.08    0.00   10.60 ^ _321_/CLK (sky130_fd_sc_hd__dfrtp_1)
                         -0.25   10.35   clock uncertainty
                          0.04   10.39   clock reconvergence pessimism
                         -0.26   10.13   library setup time
                                 10.13   data required time
-----------------------------------------------------------------------------
                                 10.13   data required time
                                 -3.64   data arrival time
-----------------------------------------------------------------------------
                                  6.49   slack (MET)


Startpoint: _314_ (rising edge-triggered flip-flop clocked by clk)
Endpoint: _325_ (rising edge-triggered flip-flop clocked by clk)
Path Group: clk
Path Type: max
Corner: Slowest

Fanout     Cap    Slew   Delay    Time   Description
-----------------------------------------------------------------------------
                          0.00    0.00   clock clk (rise edge)
                          0.00    0.00   clock source latency
                  0.14    0.10    0.10 ^ clk (in)
     1    0.02                           clk (net)
                  0.14    0.00    0.10 ^ clkbuf_0_clk/A (sky130_fd_sc_hd__clkbuf_16)
                  0.10    0.30    0.40 ^ clkbuf_0_clk/X (sky130_fd_sc_hd__clkbuf_16)
     4    0.05                           clknet_0_clk (net)
                  0.10    0.00    0.41 ^ clkbuf_2_0__f_clk/A (sky130_fd_sc_hd__clkbuf_16)
                  0.08    0.26    0.67 ^ clkbuf_2_0__f_clk/X (sky130_fd_sc_hd__clkbuf_16)
     9    0.03                           clknet_2_0__leaf_clk (net)
                  0.08    0.00    0.67 ^ _314_/CLK (sky130_fd_sc_hd__dfrtp_4)
                  0.16    1.12    1.79 v _314_/Q (sky130_fd_sc_hd__dfrtp_4)
     8    0.02                           baud_count[0] (net)
                  0.16    0.00    1.79 v _207_/B (sky130_fd_sc_hd__and4_2)
                  0.15    0.60    2.39 v _207_/X (sky130_fd_sc_hd__and4_2)
     7    0.02                           _105_ (net)
                  0.15    0.00    2.40 v _220_/A (sky130_fd_sc_hd__and3_2)
                  0.14    0.52    2.91 v _220_/X (sky130_fd_sc_hd__and3_2)
     5    0.02                           _115_ (net)
                  0.14    0.00    2.91 v _227_/C (sky130_fd_sc_hd__nand3_2)
                  0.14    0.20    3.11 ^ _227_/Y (sky130_fd_sc_hd__nand3_2)
     4    0.01                           _120_ (net)
                  0.14    0.00    3.11 ^ _234_/B (sky130_fd_sc_hd__nor2_1)
                  0.05    0.11    3.23 v _234_/Y (sky130_fd_sc_hd__nor2_1)
     1    0.00                           _125_ (net)
                  0.05    0.00    3.23 v _238_/A2 (sky130_fd_sc_hd__o211a_1)
                  0.07    0.39    3.61 v _238_/X (sky130_fd_sc_hd__o211a_1)
     1    0.00                           _002_ (net)
                  0.07    0.00    3.61 v _325_/D (sky130_fd_sc_hd__dfrtp_1)
                                  3.61   data arrival time

                         10.00   10.00   clock clk (rise edge)
                          0.00   10.00   clock source latency
                  0.14    0.09   10.09 ^ clk (in)
     1    0.02                           clk (net)
                  0.14    0.00   10.09 ^ clkbuf_0_clk/A (sky130_fd_sc_hd__clkbuf_16)
                  0.10    0.27   10.37 ^ clkbuf_0_clk/X (sky130_fd_sc_hd__clkbuf_16)
     4    0.05                           clknet_0_clk (net)
                  0.10    0.00   10.37 ^ clkbuf_2_1__f_clk/A (sky130_fd_sc_hd__clkbuf_16)
                  0.08    0.24   10.61 ^ clkbuf_2_1__f_clk/X (sky130_fd_sc_hd__clkbuf_16)
    11    0.03                           clknet_2_1__leaf_clk (net)
                  0.08    0.00   10.61 ^ _325_/CLK (sky130_fd_sc_hd__dfrtp_1)
                         -0.25   10.36   clock uncertainty
                          0.04   10.40   clock reconvergence pessimism
                         -0.27   10.12   library setup time
                                 10.12   data required time
-----------------------------------------------------------------------------
                                 10.12   data required time
                                 -3.61   data arrival time
-----------------------------------------------------------------------------
                                  6.51   slack (MET)


Startpoint: start (input port clocked by clk)
Endpoint: _312_ (rising edge-triggered flip-flop clocked by clk)
Path Group: clk
Path Type: max
Corner: Slowest

Fanout     Cap    Slew   Delay    Time   Description
-----------------------------------------------------------------------------
                          0.00    0.00   clock clk (rise edge)
                          0.00    0.00   clock network delay (propagated)
                          2.00    2.00 ^ input external delay
                  0.04    0.02    2.02 ^ start (in)
     1    0.00                           start (net)
                  0.04    0.00    2.02 ^ input10/A (sky130_fd_sc_hd__clkbuf_2)
                  0.21    0.29    2.31 ^ input10/X (sky130_fd_sc_hd__clkbuf_2)
     3    0.02                           net10 (net)
                  0.21    0.00    2.31 ^ _148_/A (sky130_fd_sc_hd__nand2_4)
                  0.21    0.26    2.57 v _148_/Y (sky130_fd_sc_hd__nand2_4)
     9    0.04                           _066_ (net)
                  0.21    0.00    2.57 v _151_/S (sky130_fd_sc_hd__mux2_1)
                  0.11    0.78    3.36 v _151_/X (sky130_fd_sc_hd__mux2_1)
     1    0.00                           _068_ (net)
                  0.11    0.00    3.36 v _152_/A (sky130_fd_sc_hd__clkbuf_1)
                  0.05    0.19    3.54 v _152_/X (sky130_fd_sc_hd__clkbuf_1)
     1    0.00                           _064_ (net)
                  0.05    0.00    3.54 v _312_/D (sky130_fd_sc_hd__dfrtp_1)
                                  3.54   data arrival time

                         10.00   10.00   clock clk (rise edge)
                          0.00   10.00   clock source latency
                  0.14    0.09   10.09 ^ clk (in)
     1    0.02                           clk (net)
                  0.14    0.00   10.09 ^ clkbuf_0_clk/A (sky130_fd_sc_hd__clkbuf_16)
                  0.10    0.27   10.37 ^ clkbuf_0_clk/X (sky130_fd_sc_hd__clkbuf_16)
     4    0.05                           clknet_0_clk (net)
                  0.10    0.00   10.37 ^ clkbuf_2_3__f_clk/A (sky130_fd_sc_hd__clkbuf_16)
                  0.08    0.23   10.60 ^ clkbuf_2_3__f_clk/X (sky130_fd_sc_hd__clkbuf_16)
     8    0.03                           clknet_2_3__leaf_clk (net)
                  0.08    0.00   10.60 ^ _312_/CLK (sky130_fd_sc_hd__dfrtp_1)
                         -0.25   10.35   clock uncertainty
                          0.00   10.35   clock reconvergence pessimism
                         -0.27   10.09   library setup time
                                 10.09   data required time
-----------------------------------------------------------------------------
                                 10.09   data required time
                                 -3.54   data arrival time
-----------------------------------------------------------------------------
                                  6.54   slack (MET)


Startpoint: start (input port clocked by clk)
Endpoint: _311_ (rising edge-triggered flip-flop clocked by clk)
Path Group: clk
Path Type: max
Corner: Slowest

Fanout     Cap    Slew   Delay    Time   Description
-----------------------------------------------------------------------------
                          0.00    0.00   clock clk (rise edge)
                          0.00    0.00   clock network delay (propagated)
                          2.00    2.00 ^ input external delay
                  0.04    0.02    2.02 ^ start (in)
     1    0.00                           start (net)
                  0.04    0.00    2.02 ^ input10/A (sky130_fd_sc_hd__clkbuf_2)
                  0.21    0.29    2.31 ^ input10/X (sky130_fd_sc_hd__clkbuf_2)
     3    0.02                           net10 (net)
                  0.21    0.00    2.31 ^ _148_/A (sky130_fd_sc_hd__nand2_4)
                  0.21    0.26    2.57 v _148_/Y (sky130_fd_sc_hd__nand2_4)
     9    0.04                           _066_ (net)
                  0.21    0.00    2.57 v _153_/S (sky130_fd_sc_hd__mux2_1)
                  0.11    0.79    3.36 v _153_/X (sky130_fd_sc_hd__mux2_1)
     1    0.00                           _069_ (net)
                  0.11    0.00    3.36 v _154_/A (sky130_fd_sc_hd__clkbuf_1)
                  0.04    0.18    3.54 v _154_/X (sky130_fd_sc_hd__clkbuf_1)
     1    0.00                           _063_ (net)
                  0.04    0.00    3.54 v _311_/D (sky130_fd_sc_hd__dfrtp_1)
                                  3.54   data arrival time

                         10.00   10.00   clock clk (rise edge)
                          0.00   10.00   clock source latency
                  0.14    0.09   10.09 ^ clk (in)
     1    0.02                           clk (net)
                  0.14    0.00   10.09 ^ clkbuf_0_clk/A (sky130_fd_sc_hd__clkbuf_16)
                  0.10    0.27   10.37 ^ clkbuf_0_clk/X (sky130_fd_sc_hd__clkbuf_16)
     4    0.05                           clknet_0_clk (net)
                  0.10    0.00   10.37 ^ clkbuf_2_3__f_clk/A (sky130_fd_sc_hd__clkbuf_16)
                  0.08    0.23   10.60 ^ clkbuf_2_3__f_clk/X (sky130_fd_sc_hd__clkbuf_16)
     8    0.03                           clknet_2_3__leaf_clk (net)
                  0.08    0.00   10.60 ^ _311_/CLK (sky130_fd_sc_hd__dfrtp_1)
                         -0.25   10.35   clock uncertainty
                          0.00   10.35   clock reconvergence pessimism
                         -0.26   10.09   library setup time
                                 10.09   data required time
-----------------------------------------------------------------------------
                                 10.09   data required time
                                 -3.54   data arrival time
-----------------------------------------------------------------------------
                                  6.54   slack (MET)


Startpoint: start (input port clocked by clk)
Endpoint: _306_ (rising edge-triggered flip-flop clocked by clk)
Path Group: clk
Path Type: max
Corner: Slowest

Fanout     Cap    Slew   Delay    Time   Description
-----------------------------------------------------------------------------
                          0.00    0.00   clock clk (rise edge)
                          0.00    0.00   clock network delay (propagated)
                          2.00    2.00 ^ input external delay
                  0.04    0.02    2.02 ^ start (in)
     1    0.00                           start (net)
                  0.04    0.00    2.02 ^ input10/A (sky130_fd_sc_hd__clkbuf_2)
                  0.21    0.29    2.31 ^ input10/X (sky130_fd_sc_hd__clkbuf_2)
     3    0.02                           net10 (net)
                  0.21    0.00    2.31 ^ _148_/A (sky130_fd_sc_hd__nand2_4)
                  0.21    0.26    2.57 v _148_/Y (sky130_fd_sc_hd__nand2_4)
     9    0.04                           _066_ (net)
                  0.21    0.00    2.57 v _163_/S (sky130_fd_sc_hd__mux2_1)
                  0.11    0.78    3.35 v _163_/X (sky130_fd_sc_hd__mux2_1)
     1    0.00                           _074_ (net)
                  0.11    0.00    3.35 v _164_/A (sky130_fd_sc_hd__clkbuf_1)
                  0.06    0.19    3.55 v _164_/X (sky130_fd_sc_hd__clkbuf_1)
     1    0.00                           _058_ (net)
                  0.06    0.00    3.55 v _306_/D (sky130_fd_sc_hd__dfrtp_1)
                                  3.55   data arrival time

                         10.00   10.00   clock clk (rise edge)
                          0.00   10.00   clock source latency
                  0.14    0.09   10.09 ^ clk (in)
     1    0.02                           clk (net)
                  0.14    0.00   10.09 ^ clkbuf_0_clk/A (sky130_fd_sc_hd__clkbuf_16)
                  0.10    0.27   10.37 ^ clkbuf_0_clk/X (sky130_fd_sc_hd__clkbuf_16)
     4    0.05                           clknet_0_clk (net)
                  0.10    0.00   10.37 ^ clkbuf_2_1__f_clk/A (sky130_fd_sc_hd__clkbuf_16)
                  0.08    0.24   10.61 ^ clkbuf_2_1__f_clk/X (sky130_fd_sc_hd__clkbuf_16)
    11    0.03                           clknet_2_1__leaf_clk (net)
                  0.08    0.00   10.61 ^ _306_/CLK (sky130_fd_sc_hd__dfrtp_1)
                         -0.25   10.36   clock uncertainty
                          0.00   10.36   clock reconvergence pessimism
                         -0.27   10.09   library setup time
                                 10.09   data required time
-----------------------------------------------------------------------------
                                 10.09   data required time
                                 -3.55   data arrival time
-----------------------------------------------------------------------------
                                  6.55   slack (MET)


Startpoint: start (input port clocked by clk)
Endpoint: _310_ (rising edge-triggered flip-flop clocked by clk)
Path Group: clk
Path Type: max
Corner: Slowest

Fanout     Cap    Slew   Delay    Time   Description
-----------------------------------------------------------------------------
                          0.00    0.00   clock clk (rise edge)
                          0.00    0.00   clock network delay (propagated)
                          2.00    2.00 ^ input external delay
                  0.04    0.02    2.02 ^ start (in)
     1    0.00                           start (net)
                  0.04    0.00    2.02 ^ input10/A (sky130_fd_sc_hd__clkbuf_2)
                  0.21    0.29    2.31 ^ input10/X (sky130_fd_sc_hd__clkbuf_2)
     3    0.02                           net10 (net)
                  0.21    0.00    2.31 ^ _148_/A (sky130_fd_sc_hd__nand2_4)
                  0.21    0.26    2.57 v _148_/Y (sky130_fd_sc_hd__nand2_4)
     9    0.04                           _066_ (net)
                  0.21    0.00    2.57 v _155_/S (sky130_fd_sc_hd__mux2_1)
                  0.11    0.77    3.35 v _155_/X (sky130_fd_sc_hd__mux2_1)
     1    0.00                           _070_ (net)
                  0.11    0.00    3.35 v _156_/A (sky130_fd_sc_hd__clkbuf_1)
                  0.05    0.19    3.53 v _156_/X (sky130_fd_sc_hd__clkbuf_1)
     1    0.00                           _062_ (net)
                  0.05    0.00    3.54 v _310_/D (sky130_fd_sc_hd__dfrtp_1)
                                  3.54   data arrival time

                         10.00   10.00   clock clk (rise edge)
                          0.00   10.00   clock source latency
                  0.14    0.09   10.09 ^ clk (in)
     1    0.02                           clk (net)
                  0.14    0.00   10.09 ^ clkbuf_0_clk/A (sky130_fd_sc_hd__clkbuf_16)
                  0.10    0.27   10.37 ^ clkbuf_0_clk/X (sky130_fd_sc_hd__clkbuf_16)
     4    0.05                           clknet_0_clk (net)
                  0.10    0.00   10.37 ^ clkbuf_2_3__f_clk/A (sky130_fd_sc_hd__clkbuf_16)
                  0.08    0.23   10.60 ^ clkbuf_2_3__f_clk/X (sky130_fd_sc_hd__clkbuf_16)
     8    0.03                           clknet_2_3__leaf_clk (net)
                  0.08    0.00   10.60 ^ _310_/CLK (sky130_fd_sc_hd__dfrtp_1)
                         -0.25   10.35   clock uncertainty
                          0.00   10.35   clock reconvergence pessimism
                         -0.27   10.08   library setup time
                                 10.08   data required time
-----------------------------------------------------------------------------
                                 10.08   data required time
                                 -3.54   data arrival time
-----------------------------------------------------------------------------
                                  6.55   slack (MET)


Startpoint: start (input port clocked by clk)
Endpoint: _308_ (rising edge-triggered flip-flop clocked by clk)
Path Group: clk
Path Type: max
Corner: Slowest

Fanout     Cap    Slew   Delay    Time   Description
-----------------------------------------------------------------------------
                          0.00    0.00   clock clk (rise edge)
                          0.00    0.00   clock network delay (propagated)
                          2.00    2.00 ^ input external delay
                  0.04    0.02    2.02 ^ start (in)
     1    0.00                           start (net)
                  0.04    0.00    2.02 ^ input10/A (sky130_fd_sc_hd__clkbuf_2)
                  0.21    0.29    2.31 ^ input10/X (sky130_fd_sc_hd__clkbuf_2)
     3    0.02                           net10 (net)
                  0.21    0.00    2.31 ^ _148_/A (sky130_fd_sc_hd__nand2_4)
                  0.21    0.26    2.57 v _148_/Y (sky130_fd_sc_hd__nand2_4)
     9    0.04                           _066_ (net)
                  0.21    0.00    2.57 v _159_/S (sky130_fd_sc_hd__mux2_1)
                  0.11    0.78    3.35 v _159_/X (sky130_fd_sc_hd__mux2_1)
     1    0.00                           _072_ (net)
                  0.11    0.00    3.35 v _160_/A (sky130_fd_sc_hd__clkbuf_1)
                  0.05    0.19    3.54 v _160_/X (sky130_fd_sc_hd__clkbuf_1)
     1    0.00                           _060_ (net)
                  0.05    0.00    3.54 v _308_/D (sky130_fd_sc_hd__dfrtp_1)
                                  3.54   data arrival time

                         10.00   10.00   clock clk (rise edge)
                          0.00   10.00   clock source latency
                  0.14    0.09   10.09 ^ clk (in)
     1    0.02                           clk (net)
                  0.14    0.00   10.09 ^ clkbuf_0_clk/A (sky130_fd_sc_hd__clkbuf_16)
                  0.10    0.27   10.37 ^ clkbuf_0_clk/X (sky130_fd_sc_hd__clkbuf_16)
     4    0.05                           clknet_0_clk (net)
                  0.10    0.00   10.37 ^ clkbuf_2_1__f_clk/A (sky130_fd_sc_hd__clkbuf_16)
                  0.08    0.24   10.61 ^ clkbuf_2_1__f_clk/X (sky130_fd_sc_hd__clkbuf_16)
    11    0.03                           clknet_2_1__leaf_clk (net)
                  0.08    0.00   10.61 ^ _308_/CLK (sky130_fd_sc_hd__dfrtp_1)
                         -0.25   10.36   clock uncertainty
                          0.00   10.36   clock reconvergence pessimism
                         -0.27   10.10   library setup time
                                 10.10   data required time
-----------------------------------------------------------------------------
                                 10.10   data required time
                                 -3.54   data arrival time
-----------------------------------------------------------------------------
                                  6.56   slack (MET)


Startpoint: start (input port clocked by clk)
Endpoint: _309_ (rising edge-triggered flip-flop clocked by clk)
Path Group: clk
Path Type: max
Corner: Slowest

Fanout     Cap    Slew   Delay    Time   Description
-----------------------------------------------------------------------------
                          0.00    0.00   clock clk (rise edge)
                          0.00    0.00   clock network delay (propagated)
                          2.00    2.00 ^ input external delay
                  0.04    0.02    2.02 ^ start (in)
     1    0.00                           start (net)
                  0.04    0.00    2.02 ^ input10/A (sky130_fd_sc_hd__clkbuf_2)
                  0.21    0.29    2.31 ^ input10/X (sky130_fd_sc_hd__clkbuf_2)
     3    0.02                           net10 (net)
                  0.21    0.00    2.31 ^ _148_/A (sky130_fd_sc_hd__nand2_4)
                  0.21    0.26    2.57 v _148_/Y (sky130_fd_sc_hd__nand2_4)
     9    0.04                           _066_ (net)
                  0.21    0.00    2.57 v _157_/S (sky130_fd_sc_hd__mux2_1)
                  0.11    0.77    3.35 v _157_/X (sky130_fd_sc_hd__mux2_1)
     1    0.00                           _071_ (net)
                  0.11    0.00    3.35 v _158_/A (sky130_fd_sc_hd__clkbuf_1)
                  0.04    0.18    3.53 v _158_/X (sky130_fd_sc_hd__clkbuf_1)
     1    0.00                           _061_ (net)
                  0.04    0.00    3.53 v _309_/D (sky130_fd_sc_hd__dfrtp_1)
                                  3.53   data arrival time

                         10.00   10.00   clock clk (rise edge)
                          0.00   10.00   clock source latency
                  0.14    0.09   10.09 ^ clk (in)
     1    0.02                           clk (net)
                  0.14    0.00   10.09 ^ clkbuf_0_clk/A (sky130_fd_sc_hd__clkbuf_16)
                  0.10    0.27   10.37 ^ clkbuf_0_clk/X (sky130_fd_sc_hd__clkbuf_16)
     4    0.05                           clknet_0_clk (net)
                  0.10    0.00   10.37 ^ clkbuf_2_3__f_clk/A (sky130_fd_sc_hd__clkbuf_16)
                  0.08    0.23   10.60 ^ clkbuf_2_3__f_clk/X (sky130_fd_sc_hd__clkbuf_16)
     8    0.03                           clknet_2_3__leaf_clk (net)
                  0.08    0.00   10.60 ^ _309_/CLK (sky130_fd_sc_hd__dfrtp_1)
                         -0.25   10.35   clock uncertainty
                          0.00   10.35   clock reconvergence pessimism
                         -0.26   10.09   library setup time
                                 10.09   data required time
-----------------------------------------------------------------------------
                                 10.09   data required time
                                 -3.53   data arrival time
-----------------------------------------------------------------------------
                                  6.56   slack (MET)


Startpoint: start (input port clocked by clk)
Endpoint: _313_ (rising edge-triggered flip-flop clocked by clk)
Path Group: clk
Path Type: max
Corner: Slowest

Fanout     Cap    Slew   Delay    Time   Description
-----------------------------------------------------------------------------
                          0.00    0.00   clock clk (rise edge)
                          0.00    0.00   clock network delay (propagated)
                          2.00    2.00 ^ input external delay
                  0.04    0.02    2.02 ^ start (in)
     1    0.00                           start (net)
                  0.04    0.00    2.02 ^ input10/A (sky130_fd_sc_hd__clkbuf_2)
                  0.21    0.29    2.31 ^ input10/X (sky130_fd_sc_hd__clkbuf_2)
     3    0.02                           net10 (net)
                  0.21    0.00    2.31 ^ _148_/A (sky130_fd_sc_hd__nand2_4)
                  0.21    0.26    2.57 v _148_/Y (sky130_fd_sc_hd__nand2_4)
     9    0.04                           _066_ (net)
                  0.21    0.00    2.57 v _149_/S (sky130_fd_sc_hd__mux2_1)
                  0.11    0.77    3.34 v _149_/X (sky130_fd_sc_hd__mux2_1)
     1    0.00                           _067_ (net)
                  0.11    0.00    3.34 v _150_/A (sky130_fd_sc_hd__clkbuf_1)
                  0.05    0.18    3.53 v _150_/X (sky130_fd_sc_hd__clkbuf_1)
     1    0.00                           _065_ (net)
                  0.05    0.00    3.53 v _313_/D (sky130_fd_sc_hd__dfrtp_1)
                                  3.53   data arrival time

                         10.00   10.00   clock clk (rise edge)
                          0.00   10.00   clock source latency
                  0.14    0.09   10.09 ^ clk (in)
     1    0.02                           clk (net)
                  0.14    0.00   10.09 ^ clkbuf_0_clk/A (sky130_fd_sc_hd__clkbuf_16)
                  0.10    0.27   10.37 ^ clkbuf_0_clk/X (sky130_fd_sc_hd__clkbuf_16)
     4    0.05                           clknet_0_clk (net)
                  0.10    0.00   10.37 ^ clkbuf_2_3__f_clk/A (sky130_fd_sc_hd__clkbuf_16)
                  0.08    0.23   10.60 ^ clkbuf_2_3__f_clk/X (sky130_fd_sc_hd__clkbuf_16)
     8    0.03                           clknet_2_3__leaf_clk (net)
                  0.08    0.00   10.60 ^ _313_/CLK (sky130_fd_sc_hd__dfrtp_1)
                         -0.25   10.35   clock uncertainty
                          0.00   10.35   clock reconvergence pessimism
                         -0.27   10.09   library setup time
                                 10.09   data required time
-----------------------------------------------------------------------------
                                 10.09   data required time
                                 -3.53   data arrival time
-----------------------------------------------------------------------------
                                  6.56   slack (MET)


Startpoint: start (input port clocked by clk)
Endpoint: _307_ (rising edge-triggered flip-flop clocked by clk)
Path Group: clk
Path Type: max
Corner: Slowest

Fanout     Cap    Slew   Delay    Time   Description
-----------------------------------------------------------------------------
                          0.00    0.00   clock clk (rise edge)
                          0.00    0.00   clock network delay (propagated)
                          2.00    2.00 ^ input external delay
                  0.04    0.02    2.02 ^ start (in)
     1    0.00                           start (net)
                  0.04    0.00    2.02 ^ input10/A (sky130_fd_sc_hd__clkbuf_2)
                  0.21    0.29    2.31 ^ input10/X (sky130_fd_sc_hd__clkbuf_2)
     3    0.02                           net10 (net)
                  0.21    0.00    2.31 ^ _148_/A (sky130_fd_sc_hd__nand2_4)
                  0.21    0.26    2.57 v _148_/Y (sky130_fd_sc_hd__nand2_4)
     9    0.04                           _066_ (net)
                  0.21    0.00    2.57 v _161_/S (sky130_fd_sc_hd__mux2_1)
                  0.11    0.77    3.35 v _161_/X (sky130_fd_sc_hd__mux2_1)
     1    0.00                           _073_ (net)
                  0.11    0.00    3.35 v _162_/A (sky130_fd_sc_hd__clkbuf_1)
                  0.05    0.18    3.53 v _162_/X (sky130_fd_sc_hd__clkbuf_1)
     1    0.00                           _059_ (net)
                  0.05    0.00    3.53 v _307_/D (sky130_fd_sc_hd__dfrtp_1)
                                  3.53   data arrival time

                         10.00   10.00   clock clk (rise edge)
                          0.00   10.00   clock source latency
                  0.14    0.09   10.09 ^ clk (in)
     1    0.02                           clk (net)
                  0.14    0.00   10.09 ^ clkbuf_0_clk/A (sky130_fd_sc_hd__clkbuf_16)
                  0.10    0.27   10.37 ^ clkbuf_0_clk/X (sky130_fd_sc_hd__clkbuf_16)
     4    0.05                           clknet_0_clk (net)
                  0.10    0.00   10.37 ^ clkbuf_2_1__f_clk/A (sky130_fd_sc_hd__clkbuf_16)
                  0.08    0.24   10.61 ^ clkbuf_2_1__f_clk/X (sky130_fd_sc_hd__clkbuf_16)
    11    0.03                           clknet_2_1__leaf_clk (net)
                  0.08    0.00   10.61 ^ _307_/CLK (sky130_fd_sc_hd__dfrtp_1)
                         -0.25   10.36   clock uncertainty
                          0.00   10.36   clock reconvergence pessimism
                         -0.26   10.10   library setup time
                                 10.10   data required time
-----------------------------------------------------------------------------
                                 10.10   data required time
                                 -3.53   data arrival time
-----------------------------------------------------------------------------
                                  6.57   slack (MET)


Startpoint: _297_ (rising edge-triggered flip-flop clocked by clk)
Endpoint: _316_ (rising edge-triggered flip-flop clocked by clk)
Path Group: clk
Path Type: max
Corner: Slowest

Fanout     Cap    Slew   Delay    Time   Description
-----------------------------------------------------------------------------
                          0.00    0.00   clock clk (rise edge)
                          0.00    0.00   clock source latency
                  0.14    0.10    0.10 ^ clk (in)
     1    0.02                           clk (net)
                  0.14    0.00    0.10 ^ clkbuf_0_clk/A (sky130_fd_sc_hd__clkbuf_16)
                  0.10    0.30    0.40 ^ clkbuf_0_clk/X (sky130_fd_sc_hd__clkbuf_16)
     4    0.05                           clknet_0_clk (net)
                  0.10    0.00    0.41 ^ clkbuf_2_2__f_clk/A (sky130_fd_sc_hd__clkbuf_16)
                  0.06    0.24    0.65 ^ clkbuf_2_2__f_clk/X (sky130_fd_sc_hd__clkbuf_16)
     6    0.02                           clknet_2_2__leaf_clk (net)
                  0.06    0.00    0.65 ^ _297_/CLK (sky130_fd_sc_hd__dfrtp_4)
                  0.18    1.13    1.78 v _297_/Q (sky130_fd_sc_hd__dfrtp_4)
     8    0.03                           state[1] (net)
                  0.18    0.00    1.78 v _192_/B (sky130_fd_sc_hd__or3_4)
                  0.19    0.91    2.70 v _192_/X (sky130_fd_sc_hd__or3_4)
     7    0.03                           _094_ (net)
                  0.19    0.00    2.70 v _202_/B (sky130_fd_sc_hd__and3_1)
                  0.08    0.42    3.12 v _202_/X (sky130_fd_sc_hd__and3_1)
     1    0.00                           _102_ (net)
                  0.08    0.00    3.12 v _203_/A (sky130_fd_sc_hd__clkbuf_1)
                  0.06    0.18    3.30 v _203_/X (sky130_fd_sc_hd__clkbuf_1)
     1    0.00                           _008_ (net)
                  0.06    0.00    3.30 v _316_/D (sky130_fd_sc_hd__dfrtp_1)
                                  3.30   data arrival time

                         10.00   10.00   clock clk (rise edge)
                          0.00   10.00   clock source latency
                  0.14    0.09   10.09 ^ clk (in)
     1    0.02                           clk (net)
                  0.14    0.00   10.09 ^ clkbuf_0_clk/A (sky130_fd_sc_hd__clkbuf_16)
                  0.10    0.27   10.37 ^ clkbuf_0_clk/X (sky130_fd_sc_hd__clkbuf_16)
     4    0.05                           clknet_0_clk (net)
                  0.10    0.00   10.37 ^ clkbuf_2_0__f_clk/A (sky130_fd_sc_hd__clkbuf_16)
                  0.08    0.23   10.60 ^ clkbuf_2_0__f_clk/X (sky130_fd_sc_hd__clkbuf_16)
     9    0.03                           clknet_2_0__leaf_clk (net)
                  0.08    0.00   10.61 ^ _316_/CLK (sky130_fd_sc_hd__dfrtp_1)
                         -0.25   10.36   clock uncertainty
                          0.04   10.39   clock reconvergence pessimism
                         -0.27   10.12   library setup time
                                 10.12   data required time
-----------------------------------------------------------------------------
                                 10.12   data required time
                                 -3.30   data arrival time
-----------------------------------------------------------------------------
                                  6.82   slack (MET)


Startpoint: _297_ (rising edge-triggered flip-flop clocked by clk)
Endpoint: _317_ (rising edge-triggered flip-flop clocked by clk)
Path Group: clk
Path Type: max
Corner: Slowest

Fanout     Cap    Slew   Delay    Time   Description
-----------------------------------------------------------------------------
                          0.00    0.00   clock clk (rise edge)
                          0.00    0.00   clock source latency
                  0.14    0.10    0.10 ^ clk (in)
     1    0.02                           clk (net)
                  0.14    0.00    0.10 ^ clkbuf_0_clk/A (sky130_fd_sc_hd__clkbuf_16)
                  0.10    0.30    0.40 ^ clkbuf_0_clk/X (sky130_fd_sc_hd__clkbuf_16)
     4    0.05                           clknet_0_clk (net)
                  0.10    0.00    0.41 ^ clkbuf_2_2__f_clk/A (sky130_fd_sc_hd__clkbuf_16)
                  0.06    0.24    0.65 ^ clkbuf_2_2__f_clk/X (sky130_fd_sc_hd__clkbuf_16)
     6    0.02                           clknet_2_2__leaf_clk (net)
                  0.06    0.00    0.65 ^ _297_/CLK (sky130_fd_sc_hd__dfrtp_4)
                  0.18    1.13    1.78 v _297_/Q (sky130_fd_sc_hd__dfrtp_4)
     8    0.03                           state[1] (net)
                  0.18    0.00    1.78 v _192_/B (sky130_fd_sc_hd__or3_4)
                  0.19    0.91    2.70 v _192_/X (sky130_fd_sc_hd__or3_4)
     7    0.03                           _094_ (net)
                  0.19    0.00    2.70 v _205_/B (sky130_fd_sc_hd__and3_1)
                  0.07    0.41    3.11 v _205_/X (sky130_fd_sc_hd__and3_1)
     1    0.00                           _104_ (net)
                  0.07    0.00    3.11 v _206_/A (sky130_fd_sc_hd__clkbuf_1)
                  0.06    0.18    3.29 v _206_/X (sky130_fd_sc_hd__clkbuf_1)
     1    0.00                           _009_ (net)
                  0.06    0.00    3.29 v _317_/D (sky130_fd_sc_hd__dfrtp_1)
                                  3.29   data arrival time

                         10.00   10.00   clock clk (rise edge)
                          0.00   10.00   clock source latency
                  0.14    0.09   10.09 ^ clk (in)
     1    0.02                           clk (net)
                  0.14    0.00   10.09 ^ clkbuf_0_clk/A (sky130_fd_sc_hd__clkbuf_16)
                  0.10    0.27   10.37 ^ clkbuf_0_clk/X (sky130_fd_sc_hd__clkbuf_16)
     4    0.05                           clknet_0_clk (net)
                  0.10    0.00   10.37 ^ clkbuf_2_0__f_clk/A (sky130_fd_sc_hd__clkbuf_16)
                  0.08    0.23   10.60 ^ clkbuf_2_0__f_clk/X (sky130_fd_sc_hd__clkbuf_16)
     9    0.03                           clknet_2_0__leaf_clk (net)
                  0.08    0.00   10.61 ^ _317_/CLK (sky130_fd_sc_hd__dfrtp_1)
                         -0.25   10.36   clock uncertainty
                          0.04   10.39   clock reconvergence pessimism
                         -0.27   10.12   library setup time
                                 10.12   data required time
-----------------------------------------------------------------------------
                                 10.12   data required time
                                 -3.29   data arrival time
-----------------------------------------------------------------------------
                                  6.83   slack (MET)


Startpoint: _297_ (rising edge-triggered flip-flop clocked by clk)
Endpoint: _315_ (rising edge-triggered flip-flop clocked by clk)
Path Group: clk
Path Type: max
Corner: Slowest

Fanout     Cap    Slew   Delay    Time   Description
-----------------------------------------------------------------------------
                          0.00    0.00   clock clk (rise edge)
                          0.00    0.00   clock source latency
                  0.14    0.10    0.10 ^ clk (in)
     1    0.02                           clk (net)
                  0.14    0.00    0.10 ^ clkbuf_0_clk/A (sky130_fd_sc_hd__clkbuf_16)
                  0.10    0.30    0.40 ^ clkbuf_0_clk/X (sky130_fd_sc_hd__clkbuf_16)
     4    0.05                           clknet_0_clk (net)
                  0.10    0.00    0.41 ^ clkbuf_2_2__f_clk/A (sky130_fd_sc_hd__clkbuf_16)
                  0.06    0.24    0.65 ^ clkbuf_2_2__f_clk/X (sky130_fd_sc_hd__clkbuf_16)
     6    0.02                           clknet_2_2__leaf_clk (net)
                  0.06    0.00    0.65 ^ _297_/CLK (sky130_fd_sc_hd__dfrtp_4)
                  0.18    1.13    1.78 v _297_/Q (sky130_fd_sc_hd__dfrtp_4)
     8    0.03                           state[1] (net)
                  0.18    0.00    1.78 v _192_/B (sky130_fd_sc_hd__or3_4)
                  0.19    0.91    2.70 v _192_/X (sky130_fd_sc_hd__or3_4)
     7    0.03                           _094_ (net)
                  0.19    0.00    2.70 v _198_/B (sky130_fd_sc_hd__and3_1)
                  0.07    0.40    3.10 v _198_/X (sky130_fd_sc_hd__and3_1)
     1    0.00                           _099_ (net)
                  0.07    0.00    3.10 v _199_/A (sky130_fd_sc_hd__clkbuf_1)
                  0.05    0.16    3.26 v _199_/X (sky130_fd_sc_hd__clkbuf_1)
     1    0.00                           _007_ (net)
                  0.05    0.00    3.26 v _315_/D (sky130_fd_sc_hd__dfrtp_2)
                                  3.26   data arrival time

                         10.00   10.00   clock clk (rise edge)
                          0.00   10.00   clock source latency
                  0.14    0.09   10.09 ^ clk (in)
     1    0.02                           clk (net)
                  0.14    0.00   10.09 ^ clkbuf_0_clk/A (sky130_fd_sc_hd__clkbuf_16)
                  0.10    0.27   10.37 ^ clkbuf_0_clk/X (sky130_fd_sc_hd__clkbuf_16)
     4    0.05                           clknet_0_clk (net)
                  0.10    0.00   10.37 ^ clkbuf_2_2__f_clk/A (sky130_fd_sc_hd__clkbuf_16)
                  0.06    0.22   10.59 ^ clkbuf_2_2__f_clk/X (sky130_fd_sc_hd__clkbuf_16)
     6    0.02                           clknet_2_2__leaf_clk (net)
                  0.06    0.00   10.59 ^ _315_/CLK (sky130_fd_sc_hd__dfrtp_2)
                         -0.25   10.34   clock uncertainty
                          0.06   10.40   clock reconvergence pessimism
                         -0.27   10.13   library setup time
                                 10.13   data required time
-----------------------------------------------------------------------------
                                 10.13   data required time
                                 -3.26   data arrival time
-----------------------------------------------------------------------------
                                  6.87   slack (MET)


Startpoint: reset (input port clocked by clk)
Endpoint: _304_ (recovery check against rising-edge clock clk)
Path Group: asynchronous
Path Type: max
Corner: Slowest

Fanout     Cap    Slew   Delay    Time   Description
-----------------------------------------------------------------------------
                          0.00    0.00   clock clk (rise edge)
                          0.00    0.00   clock network delay (propagated)
                          2.00    2.00 v input external delay
                  0.02    0.01    2.01 v reset (in)
     1    0.00                           reset (net)
                  0.02    0.00    2.01 v input9/A (sky130_fd_sc_hd__buf_2)
                  0.16    0.33    2.34 v input9/X (sky130_fd_sc_hd__buf_2)
     7    0.03                           net9 (net)
                  0.16    0.00    2.34 v _259_/A (sky130_fd_sc_hd__buf_4)
                  0.15    0.41    2.75 v _259_/X (sky130_fd_sc_hd__buf_4)
    10    0.06                           _143_ (net)
                  0.15    0.00    2.75 v _268_/A (sky130_fd_sc_hd__inv_2)
                  0.06    0.11    2.86 ^ _268_/Y (sky130_fd_sc_hd__inv_2)
     1    0.00                           _045_ (net)
                  0.06    0.00    2.86 ^ _304_/SET_B (sky130_fd_sc_hd__dfstp_1)
                                  2.86   data arrival time

                         10.00   10.00   clock clk (rise edge)
                          0.00   10.00   clock source latency
                  0.14    0.09   10.09 ^ clk (in)
     1    0.02                           clk (net)
                  0.14    0.00   10.09 ^ clkbuf_0_clk/A (sky130_fd_sc_hd__clkbuf_16)
                  0.10    0.27   10.37 ^ clkbuf_0_clk/X (sky130_fd_sc_hd__clkbuf_16)
     4    0.05                           clknet_0_clk (net)
                  0.10    0.00   10.37 ^ clkbuf_2_2__f_clk/A (sky130_fd_sc_hd__clkbuf_16)
                  0.06    0.22   10.59 ^ clkbuf_2_2__f_clk/X (sky130_fd_sc_hd__clkbuf_16)
     6    0.02                           clknet_2_2__leaf_clk (net)
                  0.06    0.00   10.59 ^ _304_/CLK (sky130_fd_sc_hd__dfstp_1)
                         -0.25   10.34   clock uncertainty
                          0.00   10.34   clock reconvergence pessimism
                          0.27   10.61   library recovery time
                                 10.61   data required time
-----------------------------------------------------------------------------
                                 10.61   data required time
                                 -2.86   data arrival time
-----------------------------------------------------------------------------
                                  7.75   slack (MET)


Startpoint: reset (input port clocked by clk)
Endpoint: _296_ (recovery check against rising-edge clock clk)
Path Group: asynchronous
Path Type: max
Corner: Slowest

Fanout     Cap    Slew   Delay    Time   Description
-----------------------------------------------------------------------------
                          0.00    0.00   clock clk (rise edge)
                          0.00    0.00   clock network delay (propagated)
                          2.00    2.00 v input external delay
                  0.02    0.01    2.01 v reset (in)
     1    0.00                           reset (net)
                  0.02    0.00    2.01 v input9/A (sky130_fd_sc_hd__buf_2)
                  0.16    0.33    2.34 v input9/X (sky130_fd_sc_hd__buf_2)
     7    0.03                           net9 (net)
                  0.16    0.00    2.34 v _259_/A (sky130_fd_sc_hd__buf_4)
                  0.15    0.41    2.75 v _259_/X (sky130_fd_sc_hd__buf_4)
    10    0.06                           _143_ (net)
                  0.15    0.00    2.75 v _260_/A (sky130_fd_sc_hd__inv_2)
                  0.05    0.10    2.86 ^ _260_/Y (sky130_fd_sc_hd__inv_2)
     1    0.00                           _037_ (net)
                  0.05    0.00    2.86 ^ _296_/SET_B (sky130_fd_sc_hd__dfstp_1)
                                  2.86   data arrival time

                         10.00   10.00   clock clk (rise edge)
                          0.00   10.00   clock source latency
                  0.14    0.09   10.09 ^ clk (in)
     1    0.02                           clk (net)
                  0.14    0.00   10.09 ^ clkbuf_0_clk/A (sky130_fd_sc_hd__clkbuf_16)
                  0.10    0.27   10.37 ^ clkbuf_0_clk/X (sky130_fd_sc_hd__clkbuf_16)
     4    0.05                           clknet_0_clk (net)
                  0.10    0.00   10.37 ^ clkbuf_2_1__f_clk/A (sky130_fd_sc_hd__clkbuf_16)
                  0.08    0.24   10.61 ^ clkbuf_2_1__f_clk/X (sky130_fd_sc_hd__clkbuf_16)
    11    0.03                           clknet_2_1__leaf_clk (net)
                  0.08    0.00   10.61 ^ _296_/CLK (sky130_fd_sc_hd__dfstp_1)
                         -0.25   10.36   clock uncertainty
                          0.00   10.36   clock reconvergence pessimism
                          0.27   10.64   library recovery time
                                 10.64   data required time
-----------------------------------------------------------------------------
                                 10.64   data required time
                                 -2.86   data arrival time
-----------------------------------------------------------------------------
                                  7.78   slack (MET)


Startpoint: reset (input port clocked by clk)
Endpoint: _315_ (recovery check against rising-edge clock clk)
Path Group: asynchronous
Path Type: max
Corner: Slowest

Fanout     Cap    Slew   Delay    Time   Description
-----------------------------------------------------------------------------
                          0.00    0.00   clock clk (rise edge)
                          0.00    0.00   clock network delay (propagated)
                          2.00    2.00 v input external delay
                  0.02    0.01    2.01 v reset (in)
     1    0.00                           reset (net)
                  0.02    0.00    2.01 v input9/A (sky130_fd_sc_hd__buf_2)
                  0.16    0.33    2.34 v input9/X (sky130_fd_sc_hd__buf_2)
     7    0.03                           net9 (net)
                  0.16    0.00    2.34 v _270_/A (sky130_fd_sc_hd__buf_4)
                  0.16    0.41    2.75 v _270_/X (sky130_fd_sc_hd__buf_4)
    10    0.06                           _144_ (net)
                  0.16    0.01    2.76 v _280_/A (sky130_fd_sc_hd__inv_2)
                  0.06    0.11    2.88 ^ _280_/Y (sky130_fd_sc_hd__inv_2)
     1    0.00                           _022_ (net)
                  0.06    0.00    2.88 ^ _315_/RESET_B (sky130_fd_sc_hd__dfrtp_2)
                                  2.88   data arrival time

                         10.00   10.00   clock clk (rise edge)
                          0.00   10.00   clock source latency
                  0.14    0.09   10.09 ^ clk (in)
     1    0.02                           clk (net)
                  0.14    0.00   10.09 ^ clkbuf_0_clk/A (sky130_fd_sc_hd__clkbuf_16)
                  0.10    0.27   10.37 ^ clkbuf_0_clk/X (sky130_fd_sc_hd__clkbuf_16)
     4    0.05                           clknet_0_clk (net)
                  0.10    0.00   10.37 ^ clkbuf_2_2__f_clk/A (sky130_fd_sc_hd__clkbuf_16)
                  0.06    0.22   10.59 ^ clkbuf_2_2__f_clk/X (sky130_fd_sc_hd__clkbuf_16)
     6    0.02                           clknet_2_2__leaf_clk (net)
                  0.06    0.00   10.59 ^ _315_/CLK (sky130_fd_sc_hd__dfrtp_2)
                         -0.25   10.34   clock uncertainty
                          0.00   10.34   clock reconvergence pessimism
                          0.45   10.79   library recovery time
                                 10.79   data required time
-----------------------------------------------------------------------------
                                 10.79   data required time
                                 -2.88   data arrival time
-----------------------------------------------------------------------------
                                  7.91   slack (MET)


Startpoint: reset (input port clocked by clk)
Endpoint: _314_ (recovery check against rising-edge clock clk)
Path Group: asynchronous
Path Type: max
Corner: Slowest

Fanout     Cap    Slew   Delay    Time   Description
-----------------------------------------------------------------------------
                          0.00    0.00   clock clk (rise edge)
                          0.00    0.00   clock network delay (propagated)
                          2.00    2.00 v input external delay
                  0.02    0.01    2.01 v reset (in)
     1    0.00                           reset (net)
                  0.02    0.00    2.01 v input9/A (sky130_fd_sc_hd__buf_2)
                  0.16    0.33    2.34 v input9/X (sky130_fd_sc_hd__buf_2)
     7    0.03                           net9 (net)
                  0.16    0.00    2.34 v _270_/A (sky130_fd_sc_hd__buf_4)
                  0.16    0.41    2.75 v _270_/X (sky130_fd_sc_hd__buf_4)
    10    0.06                           _144_ (net)
                  0.16    0.01    2.76 v _279_/A (sky130_fd_sc_hd__inv_2)
                  0.06    0.12    2.88 ^ _279_/Y (sky130_fd_sc_hd__inv_2)
     1    0.00                           _021_ (net)
                  0.06    0.00    2.88 ^ _314_/RESET_B (sky130_fd_sc_hd__dfrtp_4)
                                  2.88   data arrival time

                         10.00   10.00   clock clk (rise edge)
                          0.00   10.00   clock source latency
                  0.14    0.09   10.09 ^ clk (in)
     1    0.02                           clk (net)
                  0.14    0.00   10.09 ^ clkbuf_0_clk/A (sky130_fd_sc_hd__clkbuf_16)
                  0.10    0.27   10.37 ^ clkbuf_0_clk/X (sky130_fd_sc_hd__clkbuf_16)
     4    0.05                           clknet_0_clk (net)
                  0.10    0.00   10.37 ^ clkbuf_2_0__f_clk/A (sky130_fd_sc_hd__clkbuf_16)
                  0.08    0.23   10.60 ^ clkbuf_2_0__f_clk/X (sky130_fd_sc_hd__clkbuf_16)
     9    0.03                           clknet_2_0__leaf_clk (net)
                  0.08    0.00   10.61 ^ _314_/CLK (sky130_fd_sc_hd__dfrtp_4)
                         -0.25   10.36   clock uncertainty
                          0.00   10.36   clock reconvergence pessimism
                          0.45   10.81   library recovery time
                                 10.81   data required time
-----------------------------------------------------------------------------
                                 10.81   data required time
                                 -2.88   data arrival time
-----------------------------------------------------------------------------
                                  7.93   slack (MET)


Startpoint: reset (input port clocked by clk)
Endpoint: _297_ (recovery check against rising-edge clock clk)
Path Group: asynchronous
Path Type: max
Corner: Slowest

Fanout     Cap    Slew   Delay    Time   Description
-----------------------------------------------------------------------------
                          0.00    0.00   clock clk (rise edge)
                          0.00    0.00   clock network delay (propagated)
                          2.00    2.00 v input external delay
                  0.02    0.01    2.01 v reset (in)
     1    0.00                           reset (net)
                  0.02    0.00    2.01 v input9/A (sky130_fd_sc_hd__buf_2)
                  0.16    0.33    2.34 v input9/X (sky130_fd_sc_hd__buf_2)
     7    0.03                           net9 (net)
                  0.16    0.00    2.34 v _259_/A (sky130_fd_sc_hd__buf_4)
                  0.15    0.41    2.75 v _259_/X (sky130_fd_sc_hd__buf_4)
    10    0.06                           _143_ (net)
                  0.15    0.00    2.75 v _261_/A (sky130_fd_sc_hd__inv_2)
                  0.06    0.11    2.86 ^ _261_/Y (sky130_fd_sc_hd__inv_2)
     1    0.00                           _038_ (net)
                  0.06    0.00    2.86 ^ _297_/RESET_B (sky130_fd_sc_hd__dfrtp_4)
                                  2.86   data arrival time

                         10.00   10.00   clock clk (rise edge)
                          0.00   10.00   clock source latency
                  0.14    0.09   10.09 ^ clk (in)
     1    0.02                           clk (net)
                  0.14    0.00   10.09 ^ clkbuf_0_clk/A (sky130_fd_sc_hd__clkbuf_16)
                  0.10    0.27   10.37 ^ clkbuf_0_clk/X (sky130_fd_sc_hd__clkbuf_16)
     4    0.05                           clknet_0_clk (net)
                  0.10    0.00   10.37 ^ clkbuf_2_2__f_clk/A (sky130_fd_sc_hd__clkbuf_16)
                  0.06    0.22   10.59 ^ clkbuf_2_2__f_clk/X (sky130_fd_sc_hd__clkbuf_16)
     6    0.02                           clknet_2_2__leaf_clk (net)
                  0.06    0.00   10.59 ^ _297_/CLK (sky130_fd_sc_hd__dfrtp_4)
                         -0.25   10.34   clock uncertainty
                          0.00   10.34   clock reconvergence pessimism
                          0.45   10.79   library recovery time
                                 10.79   data required time
-----------------------------------------------------------------------------
                                 10.79   data required time
                                 -2.86   data arrival time
-----------------------------------------------------------------------------
                                  7.93   slack (MET)


Startpoint: reset (input port clocked by clk)
Endpoint: _322_ (recovery check against rising-edge clock clk)
Path Group: asynchronous
Path Type: max
Corner: Slowest

Fanout     Cap    Slew   Delay    Time   Description
-----------------------------------------------------------------------------
                          0.00    0.00   clock clk (rise edge)
                          0.00    0.00   clock network delay (propagated)
                          2.00    2.00 v input external delay
                  0.02    0.01    2.01 v reset (in)
     1    0.00                           reset (net)
                  0.02    0.00    2.01 v input9/A (sky130_fd_sc_hd__buf_2)
                  0.16    0.33    2.34 v input9/X (sky130_fd_sc_hd__buf_2)
     7    0.03                           net9 (net)
                  0.16    0.00    2.34 v _281_/A (sky130_fd_sc_hd__buf_4)
                  0.16    0.41    2.75 v _281_/X (sky130_fd_sc_hd__buf_4)
    10    0.06                           _145_ (net)
                  0.16    0.00    2.76 v _288_/A (sky130_fd_sc_hd__inv_2)
                  0.06    0.11    2.87 ^ _288_/Y (sky130_fd_sc_hd__inv_2)
     1    0.00                           _029_ (net)
                  0.06    0.00    2.87 ^ _322_/RESET_B (sky130_fd_sc_hd__dfrtp_2)
                                  2.87   data arrival time

                         10.00   10.00   clock clk (rise edge)
                          0.00   10.00   clock source latency
                  0.14    0.09   10.09 ^ clk (in)
     1    0.02                           clk (net)
                  0.14    0.00   10.09 ^ clkbuf_0_clk/A (sky130_fd_sc_hd__clkbuf_16)
                  0.10    0.27   10.37 ^ clkbuf_0_clk/X (sky130_fd_sc_hd__clkbuf_16)
     4    0.05                           clknet_0_clk (net)
                  0.10    0.00   10.37 ^ clkbuf_2_0__f_clk/A (sky130_fd_sc_hd__clkbuf_16)
                  0.08    0.23   10.60 ^ clkbuf_2_0__f_clk/X (sky130_fd_sc_hd__clkbuf_16)
     9    0.03                           clknet_2_0__leaf_clk (net)
                  0.08    0.00   10.60 ^ _322_/CLK (sky130_fd_sc_hd__dfrtp_2)
                         -0.25   10.35   clock uncertainty
                          0.00   10.35   clock reconvergence pessimism
                          0.45   10.81   library recovery time
                                 10.81   data required time
-----------------------------------------------------------------------------
                                 10.81   data required time
                                 -2.87   data arrival time
-----------------------------------------------------------------------------
                                  7.94   slack (MET)


Startpoint: reset (input port clocked by clk)
Endpoint: _301_ (recovery check against rising-edge clock clk)
Path Group: asynchronous
Path Type: max
Corner: Slowest

Fanout     Cap    Slew   Delay    Time   Description
-----------------------------------------------------------------------------
                          0.00    0.00   clock clk (rise edge)
                          0.00    0.00   clock network delay (propagated)
                          2.00    2.00 v input external delay
                  0.02    0.01    2.01 v reset (in)
     1    0.00                           reset (net)
                  0.02    0.00    2.01 v input9/A (sky130_fd_sc_hd__buf_2)
                  0.16    0.33    2.34 v input9/X (sky130_fd_sc_hd__buf_2)
     7    0.03                           net9 (net)
                  0.16    0.00    2.34 v _259_/A (sky130_fd_sc_hd__buf_4)
                  0.15    0.41    2.75 v _259_/X (sky130_fd_sc_hd__buf_4)
    10    0.06                           _143_ (net)
                  0.15    0.00    2.75 v _265_/A (sky130_fd_sc_hd__inv_2)
                  0.06    0.11    2.86 ^ _265_/Y (sky130_fd_sc_hd__inv_2)
     1    0.00                           _042_ (net)
                  0.06    0.00    2.86 ^ _301_/RESET_B (sky130_fd_sc_hd__dfrtp_2)
                                  2.86   data arrival time

                         10.00   10.00   clock clk (rise edge)
                          0.00   10.00   clock source latency
                  0.14    0.09   10.09 ^ clk (in)
     1    0.02                           clk (net)
                  0.14    0.00   10.09 ^ clkbuf_0_clk/A (sky130_fd_sc_hd__clkbuf_16)
                  0.10    0.27   10.37 ^ clkbuf_0_clk/X (sky130_fd_sc_hd__clkbuf_16)
     4    0.05                           clknet_0_clk (net)
                  0.10    0.00   10.37 ^ clkbuf_2_3__f_clk/A (sky130_fd_sc_hd__clkbuf_16)
                  0.08    0.23   10.60 ^ clkbuf_2_3__f_clk/X (sky130_fd_sc_hd__clkbuf_16)
     8    0.03                           clknet_2_3__leaf_clk (net)
                  0.08    0.00   10.60 ^ _301_/CLK (sky130_fd_sc_hd__dfrtp_2)
                         -0.25   10.35   clock uncertainty
                          0.00   10.35   clock reconvergence pessimism
                          0.45   10.80   library recovery time
                                 10.80   data required time
-----------------------------------------------------------------------------
                                 10.80   data required time
                                 -2.86   data arrival time
-----------------------------------------------------------------------------
                                  7.94   slack (MET)


Startpoint: reset (input port clocked by clk)
Endpoint: _312_ (recovery check against rising-edge clock clk)
Path Group: asynchronous
Path Type: max
Corner: Slowest

Fanout     Cap    Slew   Delay    Time   Description
-----------------------------------------------------------------------------
                          0.00    0.00   clock clk (rise edge)
                          0.00    0.00   clock network delay (propagated)
                          2.00    2.00 v input external delay
                  0.02    0.01    2.01 v reset (in)
     1    0.00                           reset (net)
                  0.02    0.00    2.01 v input9/A (sky130_fd_sc_hd__buf_2)
                  0.16    0.33    2.34 v input9/X (sky130_fd_sc_hd__buf_2)
     7    0.03                           net9 (net)
                  0.16    0.00    2.34 v _270_/A (sky130_fd_sc_hd__buf_4)
                  0.16    0.41    2.75 v _270_/X (sky130_fd_sc_hd__buf_4)
    10    0.06                           _144_ (net)
                  0.16    0.01    2.76 v _277_/A (sky130_fd_sc_hd__inv_2)
                  0.06    0.11    2.88 ^ _277_/Y (sky130_fd_sc_hd__inv_2)
     1    0.00                           _053_ (net)
                  0.06    0.00    2.88 ^ _312_/RESET_B (sky130_fd_sc_hd__dfrtp_1)
                                  2.88   data arrival time

                         10.00   10.00   clock clk (rise edge)
                          0.00   10.00   clock source latency
                  0.14    0.09   10.09 ^ clk (in)
     1    0.02                           clk (net)
                  0.14    0.00   10.09 ^ clkbuf_0_clk/A (sky130_fd_sc_hd__clkbuf_16)
                  0.10    0.27   10.37 ^ clkbuf_0_clk/X (sky130_fd_sc_hd__clkbuf_16)
     4    0.05                           clknet_0_clk (net)
                  0.10    0.00   10.37 ^ clkbuf_2_3__f_clk/A (sky130_fd_sc_hd__clkbuf_16)
                  0.08    0.23   10.60 ^ clkbuf_2_3__f_clk/X (sky130_fd_sc_hd__clkbuf_16)
     8    0.03                           clknet_2_3__leaf_clk (net)
                  0.08    0.00   10.60 ^ _312_/CLK (sky130_fd_sc_hd__dfrtp_1)
                         -0.25   10.35   clock uncertainty
                          0.00   10.35   clock reconvergence pessimism
                          0.47   10.82   library recovery time
                                 10.82   data required time
-----------------------------------------------------------------------------
                                 10.82   data required time
                                 -2.88   data arrival time
-----------------------------------------------------------------------------
                                  7.94   slack (MET)


Startpoint: reset (input port clocked by clk)
Endpoint: _305_ (recovery check against rising-edge clock clk)
Path Group: asynchronous
Path Type: max
Corner: Slowest

Fanout     Cap    Slew   Delay    Time   Description
-----------------------------------------------------------------------------
                          0.00    0.00   clock clk (rise edge)
                          0.00    0.00   clock network delay (propagated)
                          2.00    2.00 v input external delay
                  0.02    0.01    2.01 v reset (in)
     1    0.00                           reset (net)
                  0.02    0.00    2.01 v input9/A (sky130_fd_sc_hd__buf_2)
                  0.16    0.33    2.34 v input9/X (sky130_fd_sc_hd__buf_2)
     7    0.03                           net9 (net)
                  0.16    0.00    2.34 v _259_/A (sky130_fd_sc_hd__buf_4)
                  0.15    0.41    2.75 v _259_/X (sky130_fd_sc_hd__buf_4)
    10    0.06                           _143_ (net)
                  0.15    0.00    2.75 v _269_/A (sky130_fd_sc_hd__inv_2)
                  0.06    0.11    2.86 ^ _269_/Y (sky130_fd_sc_hd__inv_2)
     1    0.00                           _046_ (net)
                  0.06    0.00    2.86 ^ _305_/RESET_B (sky130_fd_sc_hd__dfrtp_1)
                                  2.86   data arrival time

                         10.00   10.00   clock clk (rise edge)
                          0.00   10.00   clock source latency
                  0.14    0.09   10.09 ^ clk (in)
     1    0.02                           clk (net)
                  0.14    0.00   10.09 ^ clkbuf_0_clk/A (sky130_fd_sc_hd__clkbuf_16)
                  0.10    0.27   10.37 ^ clkbuf_0_clk/X (sky130_fd_sc_hd__clkbuf_16)
     4    0.05                           clknet_0_clk (net)
                  0.10    0.00   10.37 ^ clkbuf_2_2__f_clk/A (sky130_fd_sc_hd__clkbuf_16)
                  0.06    0.22   10.59 ^ clkbuf_2_2__f_clk/X (sky130_fd_sc_hd__clkbuf_16)
     6    0.02                           clknet_2_2__leaf_clk (net)
                  0.06    0.00   10.59 ^ _305_/CLK (sky130_fd_sc_hd__dfrtp_1)
                         -0.25   10.34   clock uncertainty
                          0.00   10.34   clock reconvergence pessimism
                          0.47   10.80   library recovery time
                                 10.80   data required time
-----------------------------------------------------------------------------
                                 10.80   data required time
                                 -2.86   data arrival time
-----------------------------------------------------------------------------
                                  7.94   slack (MET)


Startpoint: reset (input port clocked by clk)
Endpoint: _299_ (recovery check against rising-edge clock clk)
Path Group: asynchronous
Path Type: max
Corner: Slowest

Fanout     Cap    Slew   Delay    Time   Description
-----------------------------------------------------------------------------
                          0.00    0.00   clock clk (rise edge)
                          0.00    0.00   clock network delay (propagated)
                          2.00    2.00 v input external delay
                  0.02    0.01    2.01 v reset (in)
     1    0.00                           reset (net)
                  0.02    0.00    2.01 v input9/A (sky130_fd_sc_hd__buf_2)
                  0.16    0.33    2.34 v input9/X (sky130_fd_sc_hd__buf_2)
     7    0.03                           net9 (net)
                  0.16    0.00    2.34 v _259_/A (sky130_fd_sc_hd__buf_4)
                  0.15    0.41    2.75 v _259_/X (sky130_fd_sc_hd__buf_4)
    10    0.06                           _143_ (net)
                  0.15    0.00    2.75 v _263_/A (sky130_fd_sc_hd__inv_2)
                  0.06    0.11    2.86 ^ _263_/Y (sky130_fd_sc_hd__inv_2)
     1    0.00                           _040_ (net)
                  0.06    0.00    2.86 ^ _299_/RESET_B (sky130_fd_sc_hd__dfrtp_1)
                                  2.86   data arrival time

                         10.00   10.00   clock clk (rise edge)
                          0.00   10.00   clock source latency
                  0.14    0.09   10.09 ^ clk (in)
     1    0.02                           clk (net)
                  0.14    0.00   10.09 ^ clkbuf_0_clk/A (sky130_fd_sc_hd__clkbuf_16)
                  0.10    0.27   10.37 ^ clkbuf_0_clk/X (sky130_fd_sc_hd__clkbuf_16)
     4    0.05                           clknet_0_clk (net)
                  0.10    0.00   10.37 ^ clkbuf_2_2__f_clk/A (sky130_fd_sc_hd__clkbuf_16)
                  0.06    0.22   10.59 ^ clkbuf_2_2__f_clk/X (sky130_fd_sc_hd__clkbuf_16)
     6    0.02                           clknet_2_2__leaf_clk (net)
                  0.06    0.00   10.59 ^ _299_/CLK (sky130_fd_sc_hd__dfrtp_1)
                         -0.25   10.34   clock uncertainty
                          0.00   10.34   clock reconvergence pessimism
                          0.47   10.80   library recovery time
                                 10.80   data required time
-----------------------------------------------------------------------------
                                 10.80   data required time
                                 -2.86   data arrival time
-----------------------------------------------------------------------------
                                  7.94   slack (MET)


Startpoint: reset (input port clocked by clk)
Endpoint: _303_ (recovery check against rising-edge clock clk)
Path Group: asynchronous
Path Type: max
Corner: Slowest

Fanout     Cap    Slew   Delay    Time   Description
-----------------------------------------------------------------------------
                          0.00    0.00   clock clk (rise edge)
                          0.00    0.00   clock network delay (propagated)
                          2.00    2.00 v input external delay
                  0.02    0.01    2.01 v reset (in)
     1    0.00                           reset (net)
                  0.02    0.00    2.01 v input9/A (sky130_fd_sc_hd__buf_2)
                  0.16    0.33    2.34 v input9/X (sky130_fd_sc_hd__buf_2)
     7    0.03                           net9 (net)
                  0.16    0.00    2.34 v _259_/A (sky130_fd_sc_hd__buf_4)
                  0.15    0.41    2.75 v _259_/X (sky130_fd_sc_hd__buf_4)
    10    0.06                           _143_ (net)
                  0.15    0.00    2.75 v _267_/A (sky130_fd_sc_hd__inv_2)
                  0.06    0.11    2.86 ^ _267_/Y (sky130_fd_sc_hd__inv_2)
     1    0.00                           _044_ (net)
                  0.06    0.00    2.86 ^ _303_/RESET_B (sky130_fd_sc_hd__dfrtp_1)
                                  2.86   data arrival time

                         10.00   10.00   clock clk (rise edge)
                          0.00   10.00   clock source latency
                  0.14    0.09   10.09 ^ clk (in)
     1    0.02                           clk (net)
                  0.14    0.00   10.09 ^ clkbuf_0_clk/A (sky130_fd_sc_hd__clkbuf_16)
                  0.10    0.27   10.37 ^ clkbuf_0_clk/X (sky130_fd_sc_hd__clkbuf_16)
     4    0.05                           clknet_0_clk (net)
                  0.10    0.00   10.37 ^ clkbuf_2_2__f_clk/A (sky130_fd_sc_hd__clkbuf_16)
                  0.06    0.22   10.59 ^ clkbuf_2_2__f_clk/X (sky130_fd_sc_hd__clkbuf_16)
     6    0.02                           clknet_2_2__leaf_clk (net)
                  0.06    0.00   10.59 ^ _303_/CLK (sky130_fd_sc_hd__dfrtp_1)
                         -0.25   10.34   clock uncertainty
                          0.00   10.34   clock reconvergence pessimism
                          0.47   10.80   library recovery time
                                 10.80   data required time
-----------------------------------------------------------------------------
                                 10.80   data required time
                                 -2.86   data arrival time
-----------------------------------------------------------------------------
                                  7.94   slack (MET)


Startpoint: reset (input port clocked by clk)
Endpoint: _300_ (recovery check against rising-edge clock clk)
Path Group: asynchronous
Path Type: max
Corner: Slowest

Fanout     Cap    Slew   Delay    Time   Description
-----------------------------------------------------------------------------
                          0.00    0.00   clock clk (rise edge)
                          0.00    0.00   clock network delay (propagated)
                          2.00    2.00 v input external delay
                  0.02    0.01    2.01 v reset (in)
     1    0.00                           reset (net)
                  0.02    0.00    2.01 v input9/A (sky130_fd_sc_hd__buf_2)
                  0.16    0.33    2.34 v input9/X (sky130_fd_sc_hd__buf_2)
     7    0.03                           net9 (net)
                  0.16    0.00    2.34 v _259_/A (sky130_fd_sc_hd__buf_4)
                  0.15    0.41    2.75 v _259_/X (sky130_fd_sc_hd__buf_4)
    10    0.06                           _143_ (net)
                  0.15    0.00    2.75 v _264_/A (sky130_fd_sc_hd__inv_2)
                  0.06    0.11    2.86 ^ _264_/Y (sky130_fd_sc_hd__inv_2)
     1    0.00                           _041_ (net)
                  0.06    0.00    2.86 ^ _300_/RESET_B (sky130_fd_sc_hd__dfrtp_4)
                                  2.86   data arrival time

                         10.00   10.00   clock clk (rise edge)
                          0.00   10.00   clock source latency
                  0.14    0.09   10.09 ^ clk (in)
     1    0.02                           clk (net)
                  0.14    0.00   10.09 ^ clkbuf_0_clk/A (sky130_fd_sc_hd__clkbuf_16)
                  0.10    0.27   10.37 ^ clkbuf_0_clk/X (sky130_fd_sc_hd__clkbuf_16)
     4    0.05                           clknet_0_clk (net)
                  0.10    0.00   10.37 ^ clkbuf_2_3__f_clk/A (sky130_fd_sc_hd__clkbuf_16)
                  0.08    0.23   10.60 ^ clkbuf_2_3__f_clk/X (sky130_fd_sc_hd__clkbuf_16)
     8    0.03                           clknet_2_3__leaf_clk (net)
                  0.08    0.00   10.60 ^ _300_/CLK (sky130_fd_sc_hd__dfrtp_4)
                         -0.25   10.35   clock uncertainty
                          0.00   10.35   clock reconvergence pessimism
                          0.45   10.80   library recovery time
                                 10.80   data required time
-----------------------------------------------------------------------------
                                 10.80   data required time
                                 -2.86   data arrival time
-----------------------------------------------------------------------------
                                  7.94   slack (MET)


Startpoint: reset (input port clocked by clk)
Endpoint: _313_ (recovery check against rising-edge clock clk)
Path Group: asynchronous
Path Type: max
Corner: Slowest

Fanout     Cap    Slew   Delay    Time   Description
-----------------------------------------------------------------------------
                          0.00    0.00   clock clk (rise edge)
                          0.00    0.00   clock network delay (propagated)
                          2.00    2.00 v input external delay
                  0.02    0.01    2.01 v reset (in)
     1    0.00                           reset (net)
                  0.02    0.00    2.01 v input9/A (sky130_fd_sc_hd__buf_2)
                  0.16    0.33    2.34 v input9/X (sky130_fd_sc_hd__buf_2)
     7    0.03                           net9 (net)
                  0.16    0.00    2.34 v _270_/A (sky130_fd_sc_hd__buf_4)
                  0.16    0.41    2.75 v _270_/X (sky130_fd_sc_hd__buf_4)
    10    0.06                           _144_ (net)
                  0.16    0.01    2.76 v _278_/A (sky130_fd_sc_hd__inv_2)
                  0.06    0.11    2.88 ^ _278_/Y (sky130_fd_sc_hd__inv_2)
     1    0.00                           _020_ (net)
                  0.06    0.00    2.88 ^ _313_/RESET_B (sky130_fd_sc_hd__dfrtp_1)
                                  2.88   data arrival time

                         10.00   10.00   clock clk (rise edge)
                          0.00   10.00   clock source latency
                  0.14    0.09   10.09 ^ clk (in)
     1    0.02                           clk (net)
                  0.14    0.00   10.09 ^ clkbuf_0_clk/A (sky130_fd_sc_hd__clkbuf_16)
                  0.10    0.27   10.37 ^ clkbuf_0_clk/X (sky130_fd_sc_hd__clkbuf_16)
     4    0.05                           clknet_0_clk (net)
                  0.10    0.00   10.37 ^ clkbuf_2_3__f_clk/A (sky130_fd_sc_hd__clkbuf_16)
                  0.08    0.23   10.60 ^ clkbuf_2_3__f_clk/X (sky130_fd_sc_hd__clkbuf_16)
     8    0.03                           clknet_2_3__leaf_clk (net)
                  0.08    0.00   10.60 ^ _313_/CLK (sky130_fd_sc_hd__dfrtp_1)
                         -0.25   10.35   clock uncertainty
                          0.00   10.35   clock reconvergence pessimism
                          0.47   10.82   library recovery time
                                 10.82   data required time
-----------------------------------------------------------------------------
                                 10.82   data required time
                                 -2.88   data arrival time
-----------------------------------------------------------------------------
                                  7.95   slack (MET)


Startpoint: reset (input port clocked by clk)
Endpoint: _317_ (recovery check against rising-edge clock clk)
Path Group: asynchronous
Path Type: max
Corner: Slowest

Fanout     Cap    Slew   Delay    Time   Description
-----------------------------------------------------------------------------
                          0.00    0.00   clock clk (rise edge)
                          0.00    0.00   clock network delay (propagated)
                          2.00    2.00 v input external delay
                  0.02    0.01    2.01 v reset (in)
     1    0.00                           reset (net)
                  0.02    0.00    2.01 v input9/A (sky130_fd_sc_hd__buf_2)
                  0.16    0.33    2.34 v input9/X (sky130_fd_sc_hd__buf_2)
     7    0.03                           net9 (net)
                  0.16    0.00    2.34 v _281_/A (sky130_fd_sc_hd__buf_4)
                  0.16    0.41    2.75 v _281_/X (sky130_fd_sc_hd__buf_4)
    10    0.06                           _145_ (net)
                  0.16    0.00    2.76 v _283_/A (sky130_fd_sc_hd__inv_2)
                  0.06    0.12    2.88 ^ _283_/Y (sky130_fd_sc_hd__inv_2)
     1    0.00                           _024_ (net)
                  0.06    0.00    2.88 ^ _317_/RESET_B (sky130_fd_sc_hd__dfrtp_1)
                                  2.88   data arrival time

                         10.00   10.00   clock clk (rise edge)
                          0.00   10.00   clock source latency
                  0.14    0.09   10.09 ^ clk (in)
     1    0.02                           clk (net)
                  0.14    0.00   10.09 ^ clkbuf_0_clk/A (sky130_fd_sc_hd__clkbuf_16)
                  0.10    0.27   10.37 ^ clkbuf_0_clk/X (sky130_fd_sc_hd__clkbuf_16)
     4    0.05                           clknet_0_clk (net)
                  0.10    0.00   10.37 ^ clkbuf_2_0__f_clk/A (sky130_fd_sc_hd__clkbuf_16)
                  0.08    0.23   10.60 ^ clkbuf_2_0__f_clk/X (sky130_fd_sc_hd__clkbuf_16)
     9    0.03                           clknet_2_0__leaf_clk (net)
                  0.08    0.00   10.61 ^ _317_/CLK (sky130_fd_sc_hd__dfrtp_1)
                         -0.25   10.36   clock uncertainty
                          0.00   10.36   clock reconvergence pessimism
                          0.47   10.82   library recovery time
                                 10.82   data required time
-----------------------------------------------------------------------------
                                 10.82   data required time
                                 -2.88   data arrival time
-----------------------------------------------------------------------------
                                  7.95   slack (MET)


Startpoint: reset (input port clocked by clk)
Endpoint: _310_ (recovery check against rising-edge clock clk)
Path Group: asynchronous
Path Type: max
Corner: Slowest

Fanout     Cap    Slew   Delay    Time   Description
-----------------------------------------------------------------------------
                          0.00    0.00   clock clk (rise edge)
                          0.00    0.00   clock network delay (propagated)
                          2.00    2.00 v input external delay
                  0.02    0.01    2.01 v reset (in)
     1    0.00                           reset (net)
                  0.02    0.00    2.01 v input9/A (sky130_fd_sc_hd__buf_2)
                  0.16    0.33    2.34 v input9/X (sky130_fd_sc_hd__buf_2)
     7    0.03                           net9 (net)
                  0.16    0.00    2.34 v _270_/A (sky130_fd_sc_hd__buf_4)
                  0.16    0.41    2.75 v _270_/X (sky130_fd_sc_hd__buf_4)
    10    0.06                           _144_ (net)
                  0.16    0.01    2.76 v _275_/A (sky130_fd_sc_hd__inv_2)
                  0.06    0.11    2.87 ^ _275_/Y (sky130_fd_sc_hd__inv_2)
     1    0.00                           _051_ (net)
                  0.06    0.00    2.87 ^ _310_/RESET_B (sky130_fd_sc_hd__dfrtp_1)
                                  2.87   data arrival time

                         10.00   10.00   clock clk (rise edge)
                          0.00   10.00   clock source latency
                  0.14    0.09   10.09 ^ clk (in)
     1    0.02                           clk (net)
                  0.14    0.00   10.09 ^ clkbuf_0_clk/A (sky130_fd_sc_hd__clkbuf_16)
                  0.10    0.27   10.37 ^ clkbuf_0_clk/X (sky130_fd_sc_hd__clkbuf_16)
     4    0.05                           clknet_0_clk (net)
                  0.10    0.00   10.37 ^ clkbuf_2_3__f_clk/A (sky130_fd_sc_hd__clkbuf_16)
                  0.08    0.23   10.60 ^ clkbuf_2_3__f_clk/X (sky130_fd_sc_hd__clkbuf_16)
     8    0.03                           clknet_2_3__leaf_clk (net)
                  0.08    0.00   10.60 ^ _310_/CLK (sky130_fd_sc_hd__dfrtp_1)
                         -0.25   10.35   clock uncertainty
                          0.00   10.35   clock reconvergence pessimism
                          0.47   10.82   library recovery time
                                 10.82   data required time
-----------------------------------------------------------------------------
                                 10.82   data required time
                                 -2.87   data arrival time
-----------------------------------------------------------------------------
                                  7.95   slack (MET)


Startpoint: reset (input port clocked by clk)
Endpoint: _311_ (recovery check against rising-edge clock clk)
Path Group: asynchronous
Path Type: max
Corner: Slowest

Fanout     Cap    Slew   Delay    Time   Description
-----------------------------------------------------------------------------
                          0.00    0.00   clock clk (rise edge)
                          0.00    0.00   clock network delay (propagated)
                          2.00    2.00 v input external delay
                  0.02    0.01    2.01 v reset (in)
     1    0.00                           reset (net)
                  0.02    0.00    2.01 v input9/A (sky130_fd_sc_hd__buf_2)
                  0.16    0.33    2.34 v input9/X (sky130_fd_sc_hd__buf_2)
     7    0.03                           net9 (net)
                  0.16    0.00    2.34 v _270_/A (sky130_fd_sc_hd__buf_4)
                  0.16    0.41    2.75 v _270_/X (sky130_fd_sc_hd__buf_4)
    10    0.06                           _144_ (net)
                  0.16    0.01    2.76 v _276_/A (sky130_fd_sc_hd__inv_2)
                  0.06    0.11    2.87 ^ _276_/Y (sky130_fd_sc_hd__inv_2)
     1    0.00                           _052_ (net)
                  0.06    0.00    2.87 ^ _311_/RESET_B (sky130_fd_sc_hd__dfrtp_1)
                                  2.87   data arrival time

                         10.00   10.00   clock clk (rise edge)
                          0.00   10.00   clock source latency
                  0.14    0.09   10.09 ^ clk (in)
     1    0.02                           clk (net)
                  0.14    0.00   10.09 ^ clkbuf_0_clk/A (sky130_fd_sc_hd__clkbuf_16)
                  0.10    0.27   10.37 ^ clkbuf_0_clk/X (sky130_fd_sc_hd__clkbuf_16)
     4    0.05                           clknet_0_clk (net)
                  0.10    0.00   10.37 ^ clkbuf_2_3__f_clk/A (sky130_fd_sc_hd__clkbuf_16)
                  0.08    0.23   10.60 ^ clkbuf_2_3__f_clk/X (sky130_fd_sc_hd__clkbuf_16)
     8    0.03                           clknet_2_3__leaf_clk (net)
                  0.08    0.00   10.60 ^ _311_/CLK (sky130_fd_sc_hd__dfrtp_1)
                         -0.25   10.35   clock uncertainty
                          0.00   10.35   clock reconvergence pessimism
                          0.47   10.82   library recovery time
                                 10.82   data required time
-----------------------------------------------------------------------------
                                 10.82   data required time
                                 -2.87   data arrival time
-----------------------------------------------------------------------------
                                  7.95   slack (MET)


Startpoint: reset (input port clocked by clk)
Endpoint: _309_ (recovery check against rising-edge clock clk)
Path Group: asynchronous
Path Type: max
Corner: Slowest

Fanout     Cap    Slew   Delay    Time   Description
-----------------------------------------------------------------------------
                          0.00    0.00   clock clk (rise edge)
                          0.00    0.00   clock network delay (propagated)
                          2.00    2.00 v input external delay
                  0.02    0.01    2.01 v reset (in)
     1    0.00                           reset (net)
                  0.02    0.00    2.01 v input9/A (sky130_fd_sc_hd__buf_2)
                  0.16    0.33    2.34 v input9/X (sky130_fd_sc_hd__buf_2)
     7    0.03                           net9 (net)
                  0.16    0.00    2.34 v _270_/A (sky130_fd_sc_hd__buf_4)
                  0.16    0.41    2.75 v _270_/X (sky130_fd_sc_hd__buf_4)
    10    0.06                           _144_ (net)
                  0.16    0.01    2.76 v _274_/A (sky130_fd_sc_hd__inv_2)
                  0.06    0.11    2.87 ^ _274_/Y (sky130_fd_sc_hd__inv_2)
     1    0.00                           _050_ (net)
                  0.06    0.00    2.87 ^ _309_/RESET_B (sky130_fd_sc_hd__dfrtp_1)
                                  2.87   data arrival time

                         10.00   10.00   clock clk (rise edge)
                          0.00   10.00   clock source latency
                  0.14    0.09   10.09 ^ clk (in)
     1    0.02                           clk (net)
                  0.14    0.00   10.09 ^ clkbuf_0_clk/A (sky130_fd_sc_hd__clkbuf_16)
                  0.10    0.27   10.37 ^ clkbuf_0_clk/X (sky130_fd_sc_hd__clkbuf_16)
     4    0.05                           clknet_0_clk (net)
                  0.10    0.00   10.37 ^ clkbuf_2_3__f_clk/A (sky130_fd_sc_hd__clkbuf_16)
                  0.08    0.23   10.60 ^ clkbuf_2_3__f_clk/X (sky130_fd_sc_hd__clkbuf_16)
     8    0.03                           clknet_2_3__leaf_clk (net)
                  0.08    0.00   10.60 ^ _309_/CLK (sky130_fd_sc_hd__dfrtp_1)
                         -0.25   10.35   clock uncertainty
                          0.00   10.35   clock reconvergence pessimism
                          0.47   10.82   library recovery time
                                 10.82   data required time
-----------------------------------------------------------------------------
                                 10.82   data required time
                                 -2.87   data arrival time
-----------------------------------------------------------------------------
                                  7.95   slack (MET)


Startpoint: reset (input port clocked by clk)
Endpoint: _306_ (recovery check against rising-edge clock clk)
Path Group: asynchronous
Path Type: max
Corner: Slowest

Fanout     Cap    Slew   Delay    Time   Description
-----------------------------------------------------------------------------
                          0.00    0.00   clock clk (rise edge)
                          0.00    0.00   clock network delay (propagated)
                          2.00    2.00 v input external delay
                  0.02    0.01    2.01 v reset (in)
     1    0.00                           reset (net)
                  0.02    0.00    2.01 v input9/A (sky130_fd_sc_hd__buf_2)
                  0.16    0.33    2.34 v input9/X (sky130_fd_sc_hd__buf_2)
     7    0.03                           net9 (net)
                  0.16    0.00    2.34 v _270_/A (sky130_fd_sc_hd__buf_4)
                  0.16    0.41    2.75 v _270_/X (sky130_fd_sc_hd__buf_4)
    10    0.06                           _144_ (net)
                  0.16    0.01    2.76 v _271_/A (sky130_fd_sc_hd__inv_2)
                  0.06    0.12    2.88 ^ _271_/Y (sky130_fd_sc_hd__inv_2)
     1    0.00                           _047_ (net)
                  0.06    0.00    2.88 ^ _306_/RESET_B (sky130_fd_sc_hd__dfrtp_1)
                                  2.88   data arrival time

                         10.00   10.00   clock clk (rise edge)
                          0.00   10.00   clock source latency
                  0.14    0.09   10.09 ^ clk (in)
     1    0.02                           clk (net)
                  0.14    0.00   10.09 ^ clkbuf_0_clk/A (sky130_fd_sc_hd__clkbuf_16)
                  0.10    0.27   10.37 ^ clkbuf_0_clk/X (sky130_fd_sc_hd__clkbuf_16)
     4    0.05                           clknet_0_clk (net)
                  0.10    0.00   10.37 ^ clkbuf_2_1__f_clk/A (sky130_fd_sc_hd__clkbuf_16)
                  0.08    0.24   10.61 ^ clkbuf_2_1__f_clk/X (sky130_fd_sc_hd__clkbuf_16)
    11    0.03                           clknet_2_1__leaf_clk (net)
                  0.08    0.00   10.61 ^ _306_/CLK (sky130_fd_sc_hd__dfrtp_1)
                         -0.25   10.36   clock uncertainty
                          0.00   10.36   clock reconvergence pessimism
                          0.47   10.83   library recovery time
                                 10.83   data required time
-----------------------------------------------------------------------------
                                 10.83   data required time
                                 -2.88   data arrival time
-----------------------------------------------------------------------------
                                  7.95   slack (MET)


Startpoint: reset (input port clocked by clk)
Endpoint: _316_ (recovery check against rising-edge clock clk)
Path Group: asynchronous
Path Type: max
Corner: Slowest

Fanout     Cap    Slew   Delay    Time   Description
-----------------------------------------------------------------------------
                          0.00    0.00   clock clk (rise edge)
                          0.00    0.00   clock network delay (propagated)
                          2.00    2.00 v input external delay
                  0.02    0.01    2.01 v reset (in)
     1    0.00                           reset (net)
                  0.02    0.00    2.01 v input9/A (sky130_fd_sc_hd__buf_2)
                  0.16    0.33    2.34 v input9/X (sky130_fd_sc_hd__buf_2)
     7    0.03                           net9 (net)
                  0.16    0.00    2.34 v _281_/A (sky130_fd_sc_hd__buf_4)
                  0.16    0.41    2.75 v _281_/X (sky130_fd_sc_hd__buf_4)
    10    0.06                           _145_ (net)
                  0.16    0.01    2.76 v _282_/A (sky130_fd_sc_hd__inv_2)
                  0.06    0.11    2.87 ^ _282_/Y (sky130_fd_sc_hd__inv_2)
     1    0.00                           _023_ (net)
                  0.06    0.00    2.87 ^ _316_/RESET_B (sky130_fd_sc_hd__dfrtp_1)
                                  2.87   data arrival time

                         10.00   10.00   clock clk (rise edge)
                          0.00   10.00   clock source latency
                  0.14    0.09   10.09 ^ clk (in)
     1    0.02                           clk (net)
                  0.14    0.00   10.09 ^ clkbuf_0_clk/A (sky130_fd_sc_hd__clkbuf_16)
                  0.10    0.27   10.37 ^ clkbuf_0_clk/X (sky130_fd_sc_hd__clkbuf_16)
     4    0.05                           clknet_0_clk (net)
                  0.10    0.00   10.37 ^ clkbuf_2_0__f_clk/A (sky130_fd_sc_hd__clkbuf_16)
                  0.08    0.23   10.60 ^ clkbuf_2_0__f_clk/X (sky130_fd_sc_hd__clkbuf_16)
     9    0.03                           clknet_2_0__leaf_clk (net)
                  0.08    0.00   10.61 ^ _316_/CLK (sky130_fd_sc_hd__dfrtp_1)
                         -0.25   10.36   clock uncertainty
                          0.00   10.36   clock reconvergence pessimism
                          0.47   10.82   library recovery time
                                 10.82   data required time
-----------------------------------------------------------------------------
                                 10.82   data required time
                                 -2.87   data arrival time
-----------------------------------------------------------------------------
                                  7.95   slack (MET)


Startpoint: reset (input port clocked by clk)
Endpoint: _321_ (recovery check against rising-edge clock clk)
Path Group: asynchronous
Path Type: max
Corner: Slowest

Fanout     Cap    Slew   Delay    Time   Description
-----------------------------------------------------------------------------
                          0.00    0.00   clock clk (rise edge)
                          0.00    0.00   clock network delay (propagated)
                          2.00    2.00 v input external delay
                  0.02    0.01    2.01 v reset (in)
     1    0.00                           reset (net)
                  0.02    0.00    2.01 v input9/A (sky130_fd_sc_hd__buf_2)
                  0.16    0.33    2.34 v input9/X (sky130_fd_sc_hd__buf_2)
     7    0.03                           net9 (net)
                  0.16    0.00    2.34 v _281_/A (sky130_fd_sc_hd__buf_4)
                  0.16    0.41    2.75 v _281_/X (sky130_fd_sc_hd__buf_4)
    10    0.06                           _145_ (net)
                  0.16    0.00    2.76 v _287_/A (sky130_fd_sc_hd__inv_2)
                  0.06    0.11    2.87 ^ _287_/Y (sky130_fd_sc_hd__inv_2)
     1    0.00                           _028_ (net)
                  0.06    0.00    2.87 ^ _321_/RESET_B (sky130_fd_sc_hd__dfrtp_1)
                                  2.87   data arrival time

                         10.00   10.00   clock clk (rise edge)
                          0.00   10.00   clock source latency
                  0.14    0.09   10.09 ^ clk (in)
     1    0.02                           clk (net)
                  0.14    0.00   10.09 ^ clkbuf_0_clk/A (sky130_fd_sc_hd__clkbuf_16)
                  0.10    0.27   10.37 ^ clkbuf_0_clk/X (sky130_fd_sc_hd__clkbuf_16)
     4    0.05                           clknet_0_clk (net)
                  0.10    0.00   10.37 ^ clkbuf_2_0__f_clk/A (sky130_fd_sc_hd__clkbuf_16)
                  0.08    0.23   10.60 ^ clkbuf_2_0__f_clk/X (sky130_fd_sc_hd__clkbuf_16)
     9    0.03                           clknet_2_0__leaf_clk (net)
                  0.08    0.00   10.60 ^ _321_/CLK (sky130_fd_sc_hd__dfrtp_1)
                         -0.25   10.35   clock uncertainty
                          0.00   10.35   clock reconvergence pessimism
                          0.47   10.82   library recovery time
                                 10.82   data required time
-----------------------------------------------------------------------------
                                 10.82   data required time
                                 -2.87   data arrival time
-----------------------------------------------------------------------------
                                  7.96   slack (MET)


Startpoint: reset (input port clocked by clk)
Endpoint: _319_ (recovery check against rising-edge clock clk)
Path Group: asynchronous
Path Type: max
Corner: Slowest

Fanout     Cap    Slew   Delay    Time   Description
-----------------------------------------------------------------------------
                          0.00    0.00   clock clk (rise edge)
                          0.00    0.00   clock network delay (propagated)
                          2.00    2.00 v input external delay
                  0.02    0.01    2.01 v reset (in)
     1    0.00                           reset (net)
                  0.02    0.00    2.01 v input9/A (sky130_fd_sc_hd__buf_2)
                  0.16    0.33    2.34 v input9/X (sky130_fd_sc_hd__buf_2)
     7    0.03                           net9 (net)
                  0.16    0.00    2.34 v _281_/A (sky130_fd_sc_hd__buf_4)
                  0.16    0.41    2.75 v _281_/X (sky130_fd_sc_hd__buf_4)
    10    0.06                           _145_ (net)
                  0.16    0.00    2.76 v _285_/A (sky130_fd_sc_hd__inv_2)
                  0.06    0.11    2.87 ^ _285_/Y (sky130_fd_sc_hd__inv_2)
     1    0.00                           _026_ (net)
                  0.06    0.00    2.87 ^ _319_/RESET_B (sky130_fd_sc_hd__dfrtp_1)
                                  2.87   data arrival time

                         10.00   10.00   clock clk (rise edge)
                          0.00   10.00   clock source latency
                  0.14    0.09   10.09 ^ clk (in)
     1    0.02                           clk (net)
                  0.14    0.00   10.09 ^ clkbuf_0_clk/A (sky130_fd_sc_hd__clkbuf_16)
                  0.10    0.27   10.37 ^ clkbuf_0_clk/X (sky130_fd_sc_hd__clkbuf_16)
     4    0.05                           clknet_0_clk (net)
                  0.10    0.00   10.37 ^ clkbuf_2_0__f_clk/A (sky130_fd_sc_hd__clkbuf_16)
                  0.08    0.23   10.60 ^ clkbuf_2_0__f_clk/X (sky130_fd_sc_hd__clkbuf_16)
     9    0.03                           clknet_2_0__leaf_clk (net)
                  0.08    0.00   10.60 ^ _319_/CLK (sky130_fd_sc_hd__dfrtp_1)
                         -0.25   10.35   clock uncertainty
                          0.00   10.35   clock reconvergence pessimism
                          0.47   10.83   library recovery time
                                 10.83   data required time
-----------------------------------------------------------------------------
                                 10.83   data required time
                                 -2.87   data arrival time
-----------------------------------------------------------------------------
                                  7.96   slack (MET)


Startpoint: reset (input port clocked by clk)
Endpoint: _307_ (recovery check against rising-edge clock clk)
Path Group: asynchronous
Path Type: max
Corner: Slowest

Fanout     Cap    Slew   Delay    Time   Description
-----------------------------------------------------------------------------
                          0.00    0.00   clock clk (rise edge)
                          0.00    0.00   clock network delay (propagated)
                          2.00    2.00 v input external delay
                  0.02    0.01    2.01 v reset (in)
     1    0.00                           reset (net)
                  0.02    0.00    2.01 v input9/A (sky130_fd_sc_hd__buf_2)
                  0.16    0.33    2.34 v input9/X (sky130_fd_sc_hd__buf_2)
     7    0.03                           net9 (net)
                  0.16    0.00    2.34 v _270_/A (sky130_fd_sc_hd__buf_4)
                  0.16    0.41    2.75 v _270_/X (sky130_fd_sc_hd__buf_4)
    10    0.06                           _144_ (net)
                  0.16    0.01    2.76 v _272_/A (sky130_fd_sc_hd__inv_2)
                  0.06    0.11    2.87 ^ _272_/Y (sky130_fd_sc_hd__inv_2)
     1    0.00                           _048_ (net)
                  0.06    0.00    2.87 ^ _307_/RESET_B (sky130_fd_sc_hd__dfrtp_1)
                                  2.87   data arrival time

                         10.00   10.00   clock clk (rise edge)
                          0.00   10.00   clock source latency
                  0.14    0.09   10.09 ^ clk (in)
     1    0.02                           clk (net)
                  0.14    0.00   10.09 ^ clkbuf_0_clk/A (sky130_fd_sc_hd__clkbuf_16)
                  0.10    0.27   10.37 ^ clkbuf_0_clk/X (sky130_fd_sc_hd__clkbuf_16)
     4    0.05                           clknet_0_clk (net)
                  0.10    0.00   10.37 ^ clkbuf_2_1__f_clk/A (sky130_fd_sc_hd__clkbuf_16)
                  0.08    0.24   10.61 ^ clkbuf_2_1__f_clk/X (sky130_fd_sc_hd__clkbuf_16)
    11    0.03                           clknet_2_1__leaf_clk (net)
                  0.08    0.00   10.61 ^ _307_/CLK (sky130_fd_sc_hd__dfrtp_1)
                         -0.25   10.36   clock uncertainty
                          0.00   10.36   clock reconvergence pessimism
                          0.47   10.83   library recovery time
                                 10.83   data required time
-----------------------------------------------------------------------------
                                 10.83   data required time
                                 -2.87   data arrival time
-----------------------------------------------------------------------------
                                  7.96   slack (MET)


Startpoint: reset (input port clocked by clk)
Endpoint: _324_ (recovery check against rising-edge clock clk)
Path Group: asynchronous
Path Type: max
Corner: Slowest

Fanout     Cap    Slew   Delay    Time   Description
-----------------------------------------------------------------------------
                          0.00    0.00   clock clk (rise edge)
                          0.00    0.00   clock network delay (propagated)
                          2.00    2.00 v input external delay
                  0.02    0.01    2.01 v reset (in)
     1    0.00                           reset (net)
                  0.02    0.00    2.01 v input9/A (sky130_fd_sc_hd__buf_2)
                  0.16    0.33    2.34 v input9/X (sky130_fd_sc_hd__buf_2)
     7    0.03                           net9 (net)
                  0.16    0.00    2.34 v _281_/A (sky130_fd_sc_hd__buf_4)
                  0.16    0.41    2.75 v _281_/X (sky130_fd_sc_hd__buf_4)
    10    0.06                           _145_ (net)
                  0.16    0.00    2.76 v _290_/A (sky130_fd_sc_hd__inv_2)
                  0.06    0.12    2.87 ^ _290_/Y (sky130_fd_sc_hd__inv_2)
     1    0.00                           _031_ (net)
                  0.06    0.00    2.87 ^ _324_/RESET_B (sky130_fd_sc_hd__dfrtp_1)
                                  2.87   data arrival time

                         10.00   10.00   clock clk (rise edge)
                          0.00   10.00   clock source latency
                  0.14    0.09   10.09 ^ clk (in)
     1    0.02                           clk (net)
                  0.14    0.00   10.09 ^ clkbuf_0_clk/A (sky130_fd_sc_hd__clkbuf_16)
                  0.10    0.27   10.37 ^ clkbuf_0_clk/X (sky130_fd_sc_hd__clkbuf_16)
     4    0.05                           clknet_0_clk (net)
                  0.10    0.00   10.37 ^ clkbuf_2_1__f_clk/A (sky130_fd_sc_hd__clkbuf_16)
                  0.08    0.24   10.61 ^ clkbuf_2_1__f_clk/X (sky130_fd_sc_hd__clkbuf_16)
    11    0.03                           clknet_2_1__leaf_clk (net)
                  0.08    0.00   10.61 ^ _324_/CLK (sky130_fd_sc_hd__dfrtp_1)
                         -0.25   10.36   clock uncertainty
                          0.00   10.36   clock reconvergence pessimism
                          0.47   10.83   library recovery time
                                 10.83   data required time
-----------------------------------------------------------------------------
                                 10.83   data required time
                                 -2.87   data arrival time
-----------------------------------------------------------------------------
                                  7.96   slack (MET)


Startpoint: reset (input port clocked by clk)
Endpoint: _320_ (recovery check against rising-edge clock clk)
Path Group: asynchronous
Path Type: max
Corner: Slowest

Fanout     Cap    Slew   Delay    Time   Description
-----------------------------------------------------------------------------
                          0.00    0.00   clock clk (rise edge)
                          0.00    0.00   clock network delay (propagated)
                          2.00    2.00 v input external delay
                  0.02    0.01    2.01 v reset (in)
     1    0.00                           reset (net)
                  0.02    0.00    2.01 v input9/A (sky130_fd_sc_hd__buf_2)
                  0.16    0.33    2.34 v input9/X (sky130_fd_sc_hd__buf_2)
     7    0.03                           net9 (net)
                  0.16    0.00    2.34 v _281_/A (sky130_fd_sc_hd__buf_4)
                  0.16    0.41    2.75 v _281_/X (sky130_fd_sc_hd__buf_4)
    10    0.06                           _145_ (net)
                  0.16    0.00    2.76 v _286_/A (sky130_fd_sc_hd__inv_2)
                  0.06    0.11    2.87 ^ _286_/Y (sky130_fd_sc_hd__inv_2)
     1    0.00                           _027_ (net)
                  0.06    0.00    2.87 ^ _320_/RESET_B (sky130_fd_sc_hd__dfrtp_1)
                                  2.87   data arrival time

                         10.00   10.00   clock clk (rise edge)
                          0.00   10.00   clock source latency
                  0.14    0.09   10.09 ^ clk (in)
     1    0.02                           clk (net)
                  0.14    0.00   10.09 ^ clkbuf_0_clk/A (sky130_fd_sc_hd__clkbuf_16)
                  0.10    0.27   10.37 ^ clkbuf_0_clk/X (sky130_fd_sc_hd__clkbuf_16)
     4    0.05                           clknet_0_clk (net)
                  0.10    0.00   10.37 ^ clkbuf_2_0__f_clk/A (sky130_fd_sc_hd__clkbuf_16)
                  0.08    0.23   10.60 ^ clkbuf_2_0__f_clk/X (sky130_fd_sc_hd__clkbuf_16)
     9    0.03                           clknet_2_0__leaf_clk (net)
                  0.08    0.00   10.60 ^ _320_/CLK (sky130_fd_sc_hd__dfrtp_1)
                         -0.25   10.35   clock uncertainty
                          0.00   10.35   clock reconvergence pessimism
                          0.47   10.83   library recovery time
                                 10.83   data required time
-----------------------------------------------------------------------------
                                 10.83   data required time
                                 -2.87   data arrival time
-----------------------------------------------------------------------------
                                  7.96   slack (MET)


Startpoint: reset (input port clocked by clk)
Endpoint: _302_ (recovery check against rising-edge clock clk)
Path Group: asynchronous
Path Type: max
Corner: Slowest

Fanout     Cap    Slew   Delay    Time   Description
-----------------------------------------------------------------------------
                          0.00    0.00   clock clk (rise edge)
                          0.00    0.00   clock network delay (propagated)
                          2.00    2.00 v input external delay
                  0.02    0.01    2.01 v reset (in)
     1    0.00                           reset (net)
                  0.02    0.00    2.01 v input9/A (sky130_fd_sc_hd__buf_2)
                  0.16    0.33    2.34 v input9/X (sky130_fd_sc_hd__buf_2)
     7    0.03                           net9 (net)
                  0.16    0.00    2.34 v _259_/A (sky130_fd_sc_hd__buf_4)
                  0.15    0.41    2.75 v _259_/X (sky130_fd_sc_hd__buf_4)
    10    0.06                           _143_ (net)
                  0.15    0.00    2.75 v _266_/A (sky130_fd_sc_hd__inv_2)
                  0.06    0.11    2.86 ^ _266_/Y (sky130_fd_sc_hd__inv_2)
     1    0.00                           _043_ (net)
                  0.06    0.00    2.86 ^ _302_/RESET_B (sky130_fd_sc_hd__dfrtp_1)
                                  2.86   data arrival time

                         10.00   10.00   clock clk (rise edge)
                          0.00   10.00   clock source latency
                  0.14    0.09   10.09 ^ clk (in)
     1    0.02                           clk (net)
                  0.14    0.00   10.09 ^ clkbuf_0_clk/A (sky130_fd_sc_hd__clkbuf_16)
                  0.10    0.27   10.37 ^ clkbuf_0_clk/X (sky130_fd_sc_hd__clkbuf_16)
     4    0.05                           clknet_0_clk (net)
                  0.10    0.00   10.37 ^ clkbuf_2_3__f_clk/A (sky130_fd_sc_hd__clkbuf_16)
                  0.08    0.23   10.60 ^ clkbuf_2_3__f_clk/X (sky130_fd_sc_hd__clkbuf_16)
     8    0.03                           clknet_2_3__leaf_clk (net)
                  0.08    0.00   10.60 ^ _302_/CLK (sky130_fd_sc_hd__dfrtp_1)
                         -0.25   10.35   clock uncertainty
                          0.00   10.35   clock reconvergence pessimism
                          0.47   10.82   library recovery time
                                 10.82   data required time
-----------------------------------------------------------------------------
                                 10.82   data required time
                                 -2.86   data arrival time
-----------------------------------------------------------------------------
                                  7.96   slack (MET)


Startpoint: reset (input port clocked by clk)
Endpoint: _318_ (recovery check against rising-edge clock clk)
Path Group: asynchronous
Path Type: max
Corner: Slowest

Fanout     Cap    Slew   Delay    Time   Description
-----------------------------------------------------------------------------
                          0.00    0.00   clock clk (rise edge)
                          0.00    0.00   clock network delay (propagated)
                          2.00    2.00 v input external delay
                  0.02    0.01    2.01 v reset (in)
     1    0.00                           reset (net)
                  0.02    0.00    2.01 v input9/A (sky130_fd_sc_hd__buf_2)
                  0.16    0.33    2.34 v input9/X (sky130_fd_sc_hd__buf_2)
     7    0.03                           net9 (net)
                  0.16    0.00    2.34 v _281_/A (sky130_fd_sc_hd__buf_4)
                  0.16    0.41    2.75 v _281_/X (sky130_fd_sc_hd__buf_4)
    10    0.06                           _145_ (net)
                  0.16    0.00    2.76 v _284_/A (sky130_fd_sc_hd__inv_2)
                  0.06    0.11    2.87 ^ _284_/Y (sky130_fd_sc_hd__inv_2)
     1    0.00                           _025_ (net)
                  0.06    0.00    2.87 ^ _318_/RESET_B (sky130_fd_sc_hd__dfrtp_1)
                                  2.87   data arrival time

                         10.00   10.00   clock clk (rise edge)
                          0.00   10.00   clock source latency
                  0.14    0.09   10.09 ^ clk (in)
     1    0.02                           clk (net)
                  0.14    0.00   10.09 ^ clkbuf_0_clk/A (sky130_fd_sc_hd__clkbuf_16)
                  0.10    0.27   10.37 ^ clkbuf_0_clk/X (sky130_fd_sc_hd__clkbuf_16)
     4    0.05                           clknet_0_clk (net)
                  0.10    0.00   10.37 ^ clkbuf_2_0__f_clk/A (sky130_fd_sc_hd__clkbuf_16)
                  0.08    0.23   10.60 ^ clkbuf_2_0__f_clk/X (sky130_fd_sc_hd__clkbuf_16)
     9    0.03                           clknet_2_0__leaf_clk (net)
                  0.08    0.00   10.61 ^ _318_/CLK (sky130_fd_sc_hd__dfrtp_1)
                         -0.25   10.36   clock uncertainty
                          0.00   10.36   clock reconvergence pessimism
                          0.47   10.83   library recovery time
                                 10.83   data required time
-----------------------------------------------------------------------------
                                 10.83   data required time
                                 -2.87   data arrival time
-----------------------------------------------------------------------------
                                  7.96   slack (MET)


Startpoint: reset (input port clocked by clk)
Endpoint: _298_ (recovery check against rising-edge clock clk)
Path Group: asynchronous
Path Type: max
Corner: Slowest

Fanout     Cap    Slew   Delay    Time   Description
-----------------------------------------------------------------------------
                          0.00    0.00   clock clk (rise edge)
                          0.00    0.00   clock network delay (propagated)
                          2.00    2.00 v input external delay
                  0.02    0.01    2.01 v reset (in)
     1    0.00                           reset (net)
                  0.02    0.00    2.01 v input9/A (sky130_fd_sc_hd__buf_2)
                  0.16    0.33    2.34 v input9/X (sky130_fd_sc_hd__buf_2)
     7    0.03                           net9 (net)
                  0.16    0.00    2.34 v _259_/A (sky130_fd_sc_hd__buf_4)
                  0.15    0.41    2.75 v _259_/X (sky130_fd_sc_hd__buf_4)
    10    0.06                           _143_ (net)
                  0.15    0.00    2.75 v _262_/A (sky130_fd_sc_hd__inv_2)
                  0.06    0.11    2.86 ^ _262_/Y (sky130_fd_sc_hd__inv_2)
     1    0.00                           _039_ (net)
                  0.06    0.00    2.86 ^ _298_/RESET_B (sky130_fd_sc_hd__dfrtp_1)
                                  2.86   data arrival time

                         10.00   10.00   clock clk (rise edge)
                          0.00   10.00   clock source latency
                  0.14    0.09   10.09 ^ clk (in)
     1    0.02                           clk (net)
                  0.14    0.00   10.09 ^ clkbuf_0_clk/A (sky130_fd_sc_hd__clkbuf_16)
                  0.10    0.27   10.37 ^ clkbuf_0_clk/X (sky130_fd_sc_hd__clkbuf_16)
     4    0.05                           clknet_0_clk (net)
                  0.10    0.00   10.37 ^ clkbuf_2_0__f_clk/A (sky130_fd_sc_hd__clkbuf_16)
                  0.08    0.23   10.60 ^ clkbuf_2_0__f_clk/X (sky130_fd_sc_hd__clkbuf_16)
     9    0.03                           clknet_2_0__leaf_clk (net)
                  0.08    0.00   10.61 ^ _298_/CLK (sky130_fd_sc_hd__dfrtp_1)
                         -0.25   10.36   clock uncertainty
                          0.00   10.36   clock reconvergence pessimism
                          0.47   10.83   library recovery time
                                 10.83   data required time
-----------------------------------------------------------------------------
                                 10.83   data required time
                                 -2.86   data arrival time
-----------------------------------------------------------------------------
                                  7.96   slack (MET)


Startpoint: reset (input port clocked by clk)
Endpoint: _308_ (recovery check against rising-edge clock clk)
Path Group: asynchronous
Path Type: max
Corner: Slowest

Fanout     Cap    Slew   Delay    Time   Description
-----------------------------------------------------------------------------
                          0.00    0.00   clock clk (rise edge)
                          0.00    0.00   clock network delay (propagated)
                          2.00    2.00 v input external delay
                  0.02    0.01    2.01 v reset (in)
     1    0.00                           reset (net)
                  0.02    0.00    2.01 v input9/A (sky130_fd_sc_hd__buf_2)
                  0.16    0.33    2.34 v input9/X (sky130_fd_sc_hd__buf_2)
     7    0.03                           net9 (net)
                  0.16    0.00    2.34 v _270_/A (sky130_fd_sc_hd__buf_4)
                  0.16    0.41    2.75 v _270_/X (sky130_fd_sc_hd__buf_4)
    10    0.06                           _144_ (net)
                  0.16    0.00    2.76 v _273_/A (sky130_fd_sc_hd__inv_2)
                  0.06    0.11    2.87 ^ _273_/Y (sky130_fd_sc_hd__inv_2)
     1    0.00                           _049_ (net)
                  0.06    0.00    2.87 ^ _308_/RESET_B (sky130_fd_sc_hd__dfrtp_1)
                                  2.87   data arrival time

                         10.00   10.00   clock clk (rise edge)
                          0.00   10.00   clock source latency
                  0.14    0.09   10.09 ^ clk (in)
     1    0.02                           clk (net)
                  0.14    0.00   10.09 ^ clkbuf_0_clk/A (sky130_fd_sc_hd__clkbuf_16)
                  0.10    0.27   10.37 ^ clkbuf_0_clk/X (sky130_fd_sc_hd__clkbuf_16)
     4    0.05                           clknet_0_clk (net)
                  0.10    0.00   10.37 ^ clkbuf_2_1__f_clk/A (sky130_fd_sc_hd__clkbuf_16)
                  0.08    0.24   10.61 ^ clkbuf_2_1__f_clk/X (sky130_fd_sc_hd__clkbuf_16)
    11    0.03                           clknet_2_1__leaf_clk (net)
                  0.08    0.00   10.61 ^ _308_/CLK (sky130_fd_sc_hd__dfrtp_1)
                         -0.25   10.36   clock uncertainty
                          0.00   10.36   clock reconvergence pessimism
                          0.47   10.83   library recovery time
                                 10.83   data required time
-----------------------------------------------------------------------------
                                 10.83   data required time
                                 -2.87   data arrival time
-----------------------------------------------------------------------------
                                  7.96   slack (MET)


Startpoint: reset (input port clocked by clk)
Endpoint: _325_ (recovery check against rising-edge clock clk)
Path Group: asynchronous
Path Type: max
Corner: Slowest

Fanout     Cap    Slew   Delay    Time   Description
-----------------------------------------------------------------------------
                          0.00    0.00   clock clk (rise edge)
                          0.00    0.00   clock network delay (propagated)
                          2.00    2.00 v input external delay
                  0.02    0.01    2.01 v reset (in)
     1    0.00                           reset (net)
                  0.02    0.00    2.01 v input9/A (sky130_fd_sc_hd__buf_2)
                  0.16    0.33    2.34 v input9/X (sky130_fd_sc_hd__buf_2)
     7    0.03                           net9 (net)
                  0.16    0.00    2.34 v _281_/A (sky130_fd_sc_hd__buf_4)
                  0.16    0.41    2.75 v _281_/X (sky130_fd_sc_hd__buf_4)
    10    0.06                           _145_ (net)
                  0.16    0.00    2.76 v _291_/A (sky130_fd_sc_hd__inv_2)
                  0.06    0.11    2.87 ^ _291_/Y (sky130_fd_sc_hd__inv_2)
     1    0.00                           _032_ (net)
                  0.06    0.00    2.87 ^ _325_/RESET_B (sky130_fd_sc_hd__dfrtp_1)
                                  2.87   data arrival time

                         10.00   10.00   clock clk (rise edge)
                          0.00   10.00   clock source latency
                  0.14    0.09   10.09 ^ clk (in)
     1    0.02                           clk (net)
                  0.14    0.00   10.09 ^ clkbuf_0_clk/A (sky130_fd_sc_hd__clkbuf_16)
                  0.10    0.27   10.37 ^ clkbuf_0_clk/X (sky130_fd_sc_hd__clkbuf_16)
     4    0.05                           clknet_0_clk (net)
                  0.10    0.00   10.37 ^ clkbuf_2_1__f_clk/A (sky130_fd_sc_hd__clkbuf_16)
                  0.08    0.24   10.61 ^ clkbuf_2_1__f_clk/X (sky130_fd_sc_hd__clkbuf_16)
    11    0.03                           clknet_2_1__leaf_clk (net)
                  0.08    0.00   10.61 ^ _325_/CLK (sky130_fd_sc_hd__dfrtp_1)
                         -0.25   10.36   clock uncertainty
                          0.00   10.36   clock reconvergence pessimism
                          0.47   10.83   library recovery time
                                 10.83   data required time
-----------------------------------------------------------------------------
                                 10.83   data required time
                                 -2.87   data arrival time
-----------------------------------------------------------------------------
                                  7.96   slack (MET)


Startpoint: reset (input port clocked by clk)
Endpoint: _323_ (recovery check against rising-edge clock clk)
Path Group: asynchronous
Path Type: max
Corner: Slowest

Fanout     Cap    Slew   Delay    Time   Description
-----------------------------------------------------------------------------
                          0.00    0.00   clock clk (rise edge)
                          0.00    0.00   clock network delay (propagated)
                          2.00    2.00 v input external delay
                  0.02    0.01    2.01 v reset (in)
     1    0.00                           reset (net)
                  0.02    0.00    2.01 v input9/A (sky130_fd_sc_hd__buf_2)
                  0.16    0.33    2.34 v input9/X (sky130_fd_sc_hd__buf_2)
     7    0.03                           net9 (net)
                  0.16    0.00    2.34 v _281_/A (sky130_fd_sc_hd__buf_4)
                  0.16    0.41    2.75 v _281_/X (sky130_fd_sc_hd__buf_4)
    10    0.06                           _145_ (net)
                  0.16    0.00    2.76 v _289_/A (sky130_fd_sc_hd__inv_2)
                  0.06    0.11    2.86 ^ _289_/Y (sky130_fd_sc_hd__inv_2)
     1    0.00                           _030_ (net)
                  0.06    0.00    2.86 ^ _323_/RESET_B (sky130_fd_sc_hd__dfrtp_1)
                                  2.86   data arrival time

                         10.00   10.00   clock clk (rise edge)
                          0.00   10.00   clock source latency
                  0.14    0.09   10.09 ^ clk (in)
     1    0.02                           clk (net)
                  0.14    0.00   10.09 ^ clkbuf_0_clk/A (sky130_fd_sc_hd__clkbuf_16)
                  0.10    0.27   10.37 ^ clkbuf_0_clk/X (sky130_fd_sc_hd__clkbuf_16)
     4    0.05                           clknet_0_clk (net)
                  0.10    0.00   10.37 ^ clkbuf_2_1__f_clk/A (sky130_fd_sc_hd__clkbuf_16)
                  0.08    0.24   10.61 ^ clkbuf_2_1__f_clk/X (sky130_fd_sc_hd__clkbuf_16)
    11    0.03                           clknet_2_1__leaf_clk (net)
                  0.08    0.00   10.61 ^ _323_/CLK (sky130_fd_sc_hd__dfrtp_1)
                         -0.25   10.36   clock uncertainty
                          0.00   10.36   clock reconvergence pessimism
                          0.47   10.83   library recovery time
                                 10.83   data required time
-----------------------------------------------------------------------------
                                 10.83   data required time
                                 -2.86   data arrival time
-----------------------------------------------------------------------------
                                  7.97   slack (MET)


Startpoint: reset (input port clocked by clk)
Endpoint: _328_ (recovery check against rising-edge clock clk)
Path Group: asynchronous
Path Type: max
Corner: Slowest

Fanout     Cap    Slew   Delay    Time   Description
-----------------------------------------------------------------------------
                          0.00    0.00   clock clk (rise edge)
                          0.00    0.00   clock network delay (propagated)
                          2.00    2.00 v input external delay
                  0.02    0.01    2.01 v reset (in)
     1    0.00                           reset (net)
                  0.02    0.00    2.01 v input9/A (sky130_fd_sc_hd__buf_2)
                  0.16    0.33    2.34 v input9/X (sky130_fd_sc_hd__buf_2)
     7    0.03                           net9 (net)
                  0.16    0.00    2.34 v _294_/A (sky130_fd_sc_hd__inv_2)
                  0.06    0.11    2.45 ^ _294_/Y (sky130_fd_sc_hd__inv_2)
     1    0.00                           _035_ (net)
                  0.06    0.00    2.45 ^ _328_/RESET_B (sky130_fd_sc_hd__dfrtp_1)
                                  2.45   data arrival time

                         10.00   10.00   clock clk (rise edge)
                          0.00   10.00   clock source latency
                  0.14    0.09   10.09 ^ clk (in)
     1    0.02                           clk (net)
                  0.14    0.00   10.09 ^ clkbuf_0_clk/A (sky130_fd_sc_hd__clkbuf_16)
                  0.10    0.27   10.37 ^ clkbuf_0_clk/X (sky130_fd_sc_hd__clkbuf_16)
     4    0.05                           clknet_0_clk (net)
                  0.10    0.00   10.37 ^ clkbuf_2_1__f_clk/A (sky130_fd_sc_hd__clkbuf_16)
                  0.08    0.24   10.61 ^ clkbuf_2_1__f_clk/X (sky130_fd_sc_hd__clkbuf_16)
    11    0.03                           clknet_2_1__leaf_clk (net)
                  0.08    0.00   10.61 ^ _328_/CLK (sky130_fd_sc_hd__dfrtp_1)
                         -0.25   10.36   clock uncertainty
                          0.00   10.36   clock reconvergence pessimism
                          0.47   10.83   library recovery time
                                 10.83   data required time
-----------------------------------------------------------------------------
                                 10.83   data required time
                                 -2.45   data arrival time
-----------------------------------------------------------------------------
                                  8.38   slack (MET)


Startpoint: reset (input port clocked by clk)
Endpoint: _326_ (recovery check against rising-edge clock clk)
Path Group: asynchronous
Path Type: max
Corner: Slowest

Fanout     Cap    Slew   Delay    Time   Description
-----------------------------------------------------------------------------
                          0.00    0.00   clock clk (rise edge)
                          0.00    0.00   clock network delay (propagated)
                          2.00    2.00 v input external delay
                  0.02    0.01    2.01 v reset (in)
     1    0.00                           reset (net)
                  0.02    0.00    2.01 v input9/A (sky130_fd_sc_hd__buf_2)
                  0.16    0.33    2.34 v input9/X (sky130_fd_sc_hd__buf_2)
     7    0.03                           net9 (net)
                  0.16    0.00    2.34 v _292_/A (sky130_fd_sc_hd__inv_2)
                  0.06    0.11    2.45 ^ _292_/Y (sky130_fd_sc_hd__inv_2)
     1    0.00                           _033_ (net)
                  0.06    0.00    2.45 ^ _326_/RESET_B (sky130_fd_sc_hd__dfrtp_1)
                                  2.45   data arrival time

                         10.00   10.00   clock clk (rise edge)
                          0.00   10.00   clock source latency
                  0.14    0.09   10.09 ^ clk (in)
     1    0.02                           clk (net)
                  0.14    0.00   10.09 ^ clkbuf_0_clk/A (sky130_fd_sc_hd__clkbuf_16)
                  0.10    0.27   10.37 ^ clkbuf_0_clk/X (sky130_fd_sc_hd__clkbuf_16)
     4    0.05                           clknet_0_clk (net)
                  0.10    0.00   10.37 ^ clkbuf_2_1__f_clk/A (sky130_fd_sc_hd__clkbuf_16)
                  0.08    0.24   10.61 ^ clkbuf_2_1__f_clk/X (sky130_fd_sc_hd__clkbuf_16)
    11    0.03                           clknet_2_1__leaf_clk (net)
                  0.08    0.00   10.61 ^ _326_/CLK (sky130_fd_sc_hd__dfrtp_1)
                         -0.25   10.36   clock uncertainty
                          0.00   10.36   clock reconvergence pessimism
                          0.47   10.83   library recovery time
                                 10.83   data required time
-----------------------------------------------------------------------------
                                 10.83   data required time
                                 -2.45   data arrival time
-----------------------------------------------------------------------------
                                  8.38   slack (MET)


Startpoint: reset (input port clocked by clk)
Endpoint: _329_ (recovery check against rising-edge clock clk)
Path Group: asynchronous
Path Type: max
Corner: Slowest

Fanout     Cap    Slew   Delay    Time   Description
-----------------------------------------------------------------------------
                          0.00    0.00   clock clk (rise edge)
                          0.00    0.00   clock network delay (propagated)
                          2.00    2.00 v input external delay
                  0.02    0.01    2.01 v reset (in)
     1    0.00                           reset (net)
                  0.02    0.00    2.01 v input9/A (sky130_fd_sc_hd__buf_2)
                  0.16    0.33    2.34 v input9/X (sky130_fd_sc_hd__buf_2)
     7    0.03                           net9 (net)
                  0.16    0.00    2.34 v _295_/A (sky130_fd_sc_hd__inv_2)
                  0.06    0.11    2.45 ^ _295_/Y (sky130_fd_sc_hd__inv_2)
     1    0.00                           _036_ (net)
                  0.06    0.00    2.45 ^ _329_/RESET_B (sky130_fd_sc_hd__dfrtp_1)
                                  2.45   data arrival time

                         10.00   10.00   clock clk (rise edge)
                          0.00   10.00   clock source latency
                  0.14    0.09   10.09 ^ clk (in)
     1    0.02                           clk (net)
                  0.14    0.00   10.09 ^ clkbuf_0_clk/A (sky130_fd_sc_hd__clkbuf_16)
                  0.10    0.27   10.37 ^ clkbuf_0_clk/X (sky130_fd_sc_hd__clkbuf_16)
     4    0.05                           clknet_0_clk (net)
                  0.10    0.00   10.37 ^ clkbuf_2_1__f_clk/A (sky130_fd_sc_hd__clkbuf_16)
                  0.08    0.24   10.61 ^ clkbuf_2_1__f_clk/X (sky130_fd_sc_hd__clkbuf_16)
    11    0.03                           clknet_2_1__leaf_clk (net)
                  0.08    0.00   10.61 ^ _329_/CLK (sky130_fd_sc_hd__dfrtp_1)
                         -0.25   10.36   clock uncertainty
                          0.00   10.36   clock reconvergence pessimism
                          0.47   10.83   library recovery time
                                 10.83   data required time
-----------------------------------------------------------------------------
                                 10.83   data required time
                                 -2.45   data arrival time
-----------------------------------------------------------------------------
                                  8.38   slack (MET)


Startpoint: reset (input port clocked by clk)
Endpoint: _327_ (recovery check against rising-edge clock clk)
Path Group: asynchronous
Path Type: max
Corner: Slowest

Fanout     Cap    Slew   Delay    Time   Description
-----------------------------------------------------------------------------
                          0.00    0.00   clock clk (rise edge)
                          0.00    0.00   clock network delay (propagated)
                          2.00    2.00 v input external delay
                  0.02    0.01    2.01 v reset (in)
     1    0.00                           reset (net)
                  0.02    0.00    2.01 v input9/A (sky130_fd_sc_hd__buf_2)
                  0.16    0.33    2.34 v input9/X (sky130_fd_sc_hd__buf_2)
     7    0.03                           net9 (net)
                  0.16    0.00    2.34 v _293_/A (sky130_fd_sc_hd__inv_2)
                  0.06    0.11    2.45 ^ _293_/Y (sky130_fd_sc_hd__inv_2)
     1    0.00                           _034_ (net)
                  0.06    0.00    2.45 ^ _327_/RESET_B (sky130_fd_sc_hd__dfrtp_1)
                                  2.45   data arrival time

                         10.00   10.00   clock clk (rise edge)
                          0.00   10.00   clock source latency
                  0.14    0.09   10.09 ^ clk (in)
     1    0.02                           clk (net)
                  0.14    0.00   10.09 ^ clkbuf_0_clk/A (sky130_fd_sc_hd__clkbuf_16)
                  0.10    0.27   10.37 ^ clkbuf_0_clk/X (sky130_fd_sc_hd__clkbuf_16)
     4    0.05                           clknet_0_clk (net)
                  0.10    0.00   10.37 ^ clkbuf_2_1__f_clk/A (sky130_fd_sc_hd__clkbuf_16)
                  0.08    0.24   10.61 ^ clkbuf_2_1__f_clk/X (sky130_fd_sc_hd__clkbuf_16)
    11    0.03                           clknet_2_1__leaf_clk (net)
                  0.08    0.00   10.61 ^ _327_/CLK (sky130_fd_sc_hd__dfrtp_1)
                         -0.25   10.36   clock uncertainty
                          0.00   10.36   clock reconvergence pessimism
                          0.47   10.83   library recovery time
                                 10.83   data required time
-----------------------------------------------------------------------------
                                 10.83   data required time
                                 -2.45   data arrival time
-----------------------------------------------------------------------------
                                  8.38   slack (MET)



======================= Typical Corner ===================================

Startpoint: _304_ (rising edge-triggered flip-flop clocked by clk)
Endpoint: tx (output port clocked by clk)
Path Group: clk
Path Type: max
Corner: Typical

Fanout     Cap    Slew   Delay    Time   Description
-----------------------------------------------------------------------------
                          0.00    0.00   clock clk (rise edge)
                          0.00    0.00   clock source latency
                  0.09    0.07    0.07 ^ clk (in)
     1    0.02                           clk (net)
                  0.09    0.00    0.07 ^ clkbuf_0_clk/A (sky130_fd_sc_hd__clkbuf_16)
                  0.06    0.17    0.24 ^ clkbuf_0_clk/X (sky130_fd_sc_hd__clkbuf_16)
     4    0.05                           clknet_0_clk (net)
                  0.07    0.00    0.24 ^ clkbuf_2_2__f_clk/A (sky130_fd_sc_hd__clkbuf_16)
                  0.04    0.14    0.37 ^ clkbuf_2_2__f_clk/X (sky130_fd_sc_hd__clkbuf_16)
     6    0.02                           clknet_2_2__leaf_clk (net)
                  0.04    0.00    0.38 ^ _304_/CLK (sky130_fd_sc_hd__dfstp_1)
                  0.08    0.55    0.92 ^ _304_/Q (sky130_fd_sc_hd__dfstp_1)
     1    0.01                           net12 (net)
                  0.08    0.00    0.92 ^ output12/A (sky130_fd_sc_hd__clkbuf_4)
                  0.11    0.21    1.13 ^ output12/X (sky130_fd_sc_hd__clkbuf_4)
     1    0.03                           tx (net)
                  0.11    0.00    1.13 ^ tx (out)
                                  1.13   data arrival time

                         10.00   10.00   clock clk (rise edge)
                          0.00   10.00   clock network delay (propagated)
                         -0.25    9.75   clock uncertainty
                          0.00    9.75   clock reconvergence pessimism
                         -2.00    7.75   output external delay
                                  7.75   data required time
-----------------------------------------------------------------------------
                                  7.75   data required time
                                 -1.13   data arrival time
-----------------------------------------------------------------------------
                                  6.62   slack (MET)


Startpoint: _305_ (rising edge-triggered flip-flop clocked by clk)
Endpoint: busy (output port clocked by clk)
Path Group: clk
Path Type: max
Corner: Typical

Fanout     Cap    Slew   Delay    Time   Description
-----------------------------------------------------------------------------
                          0.00    0.00   clock clk (rise edge)
                          0.00    0.00   clock source latency
                  0.09    0.07    0.07 ^ clk (in)
     1    0.02                           clk (net)
                  0.09    0.00    0.07 ^ clkbuf_0_clk/A (sky130_fd_sc_hd__clkbuf_16)
                  0.06    0.17    0.24 ^ clkbuf_0_clk/X (sky130_fd_sc_hd__clkbuf_16)
     4    0.05                           clknet_0_clk (net)
                  0.07    0.00    0.24 ^ clkbuf_2_2__f_clk/A (sky130_fd_sc_hd__clkbuf_16)
                  0.04    0.14    0.37 ^ clkbuf_2_2__f_clk/X (sky130_fd_sc_hd__clkbuf_16)
     6    0.02                           clknet_2_2__leaf_clk (net)
                  0.04    0.00    0.38 ^ _305_/CLK (sky130_fd_sc_hd__dfrtp_1)
                  0.05    0.38    0.75 v _305_/Q (sky130_fd_sc_hd__dfrtp_1)
     1    0.00                           net11 (net)
                  0.05    0.00    0.75 v output11/A (sky130_fd_sc_hd__clkbuf_4)
                  0.08    0.19    0.94 v output11/X (sky130_fd_sc_hd__clkbuf_4)
     1    0.03                           busy (net)
                  0.08    0.00    0.95 v busy (out)
                                  0.95   data arrival time

                         10.00   10.00   clock clk (rise edge)
                          0.00   10.00   clock network delay (propagated)
                         -0.25    9.75   clock uncertainty
                          0.00    9.75   clock reconvergence pessimism
                         -2.00    7.75   output external delay
                                  7.75   data required time
-----------------------------------------------------------------------------
                                  7.75   data required time
                                 -0.95   data arrival time
-----------------------------------------------------------------------------
                                  6.80   slack (MET)


Startpoint: _326_ (rising edge-triggered flip-flop clocked by clk)
Endpoint: _305_ (rising edge-triggered flip-flop clocked by clk)
Path Group: clk
Path Type: max
Corner: Typical

Fanout     Cap    Slew   Delay    Time   Description
-----------------------------------------------------------------------------
                          0.00    0.00   clock clk (rise edge)
                          0.00    0.00   clock source latency
                  0.09    0.07    0.07 ^ clk (in)
     1    0.02                           clk (net)
                  0.09    0.00    0.07 ^ clkbuf_0_clk/A (sky130_fd_sc_hd__clkbuf_16)
                  0.06    0.17    0.24 ^ clkbuf_0_clk/X (sky130_fd_sc_hd__clkbuf_16)
     4    0.05                           clknet_0_clk (net)
                  0.07    0.00    0.24 ^ clkbuf_2_1__f_clk/A (sky130_fd_sc_hd__clkbuf_16)
                  0.05    0.15    0.39 ^ clkbuf_2_1__f_clk/X (sky130_fd_sc_hd__clkbuf_16)
    11    0.03                           clknet_2_1__leaf_clk (net)
                  0.05    0.00    0.39 ^ _326_/CLK (sky130_fd_sc_hd__dfrtp_1)
                  0.09    0.44    0.83 v _326_/Q (sky130_fd_sc_hd__dfrtp_1)
     6    0.02                           baud_count[12] (net)
                  0.09    0.00    0.83 v _167_/B (sky130_fd_sc_hd__or4_1)
                  0.12    0.59    1.42 v _167_/X (sky130_fd_sc_hd__or4_1)
     2    0.01                           _077_ (net)
                  0.12    0.00    1.42 v _184_/B (sky130_fd_sc_hd__or4_2)
                  0.15    0.79    2.21 v _184_/X (sky130_fd_sc_hd__or4_2)
     6    0.02                           _090_ (net)
                  0.15    0.00    2.21 v _251_/A1 (sky130_fd_sc_hd__mux2_1)
                  0.05    0.34    2.55 v _251_/X (sky130_fd_sc_hd__mux2_1)
     1    0.00                           _137_ (net)
                  0.05    0.00    2.55 v _252_/C (sky130_fd_sc_hd__or3_1)
                  0.07    0.33    2.88 v _252_/X (sky130_fd_sc_hd__or3_1)
     1    0.00                           _138_ (net)
                  0.07    0.00    2.88 v _253_/A (sky130_fd_sc_hd__clkbuf_1)
                  0.03    0.11    2.99 v _253_/X (sky130_fd_sc_hd__clkbuf_1)
     1    0.00                           _146_ (net)
                  0.03    0.00    2.99 v _305_/D (sky130_fd_sc_hd__dfrtp_1)
                                  2.99   data arrival time

                         10.00   10.00   clock clk (rise edge)
                          0.00   10.00   clock source latency
                  0.09    0.06   10.06 ^ clk (in)
     1    0.02                           clk (net)
                  0.09    0.00   10.06 ^ clkbuf_0_clk/A (sky130_fd_sc_hd__clkbuf_16)
                  0.06    0.15   10.21 ^ clkbuf_0_clk/X (sky130_fd_sc_hd__clkbuf_16)
     4    0.05                           clknet_0_clk (net)
                  0.07    0.00   10.22 ^ clkbuf_2_2__f_clk/A (sky130_fd_sc_hd__clkbuf_16)
                  0.04    0.12   10.34 ^ clkbuf_2_2__f_clk/X (sky130_fd_sc_hd__clkbuf_16)
     6    0.02                           clknet_2_2__leaf_clk (net)
                  0.04    0.00   10.34 ^ _305_/CLK (sky130_fd_sc_hd__dfrtp_1)
                         -0.25   10.09   clock uncertainty
                          0.02   10.11   clock reconvergence pessimism
                         -0.11   10.00   library setup time
                                 10.00   data required time
-----------------------------------------------------------------------------
                                 10.00   data required time
                                 -2.99   data arrival time
-----------------------------------------------------------------------------
                                  7.01   slack (MET)


Startpoint: _326_ (rising edge-triggered flip-flop clocked by clk)
Endpoint: _299_ (rising edge-triggered flip-flop clocked by clk)
Path Group: clk
Path Type: max
Corner: Typical

Fanout     Cap    Slew   Delay    Time   Description
-----------------------------------------------------------------------------
                          0.00    0.00   clock clk (rise edge)
                          0.00    0.00   clock source latency
                  0.09    0.07    0.07 ^ clk (in)
     1    0.02                           clk (net)
                  0.09    0.00    0.07 ^ clkbuf_0_clk/A (sky130_fd_sc_hd__clkbuf_16)
                  0.06    0.17    0.24 ^ clkbuf_0_clk/X (sky130_fd_sc_hd__clkbuf_16)
     4    0.05                           clknet_0_clk (net)
                  0.07    0.00    0.24 ^ clkbuf_2_1__f_clk/A (sky130_fd_sc_hd__clkbuf_16)
                  0.05    0.15    0.39 ^ clkbuf_2_1__f_clk/X (sky130_fd_sc_hd__clkbuf_16)
    11    0.03                           clknet_2_1__leaf_clk (net)
                  0.05    0.00    0.39 ^ _326_/CLK (sky130_fd_sc_hd__dfrtp_1)
                  0.09    0.44    0.83 v _326_/Q (sky130_fd_sc_hd__dfrtp_1)
     6    0.02                           baud_count[12] (net)
                  0.09    0.00    0.83 v _167_/B (sky130_fd_sc_hd__or4_1)
                  0.12    0.59    1.42 v _167_/X (sky130_fd_sc_hd__or4_1)
     2    0.01                           _077_ (net)
                  0.12    0.00    1.42 v _184_/B (sky130_fd_sc_hd__or4_2)
                  0.15    0.79    2.21 v _184_/X (sky130_fd_sc_hd__or4_2)
     6    0.02                           _090_ (net)
                  0.15    0.00    2.21 v _186_/C (sky130_fd_sc_hd__or4_1)
                  0.08    0.51    2.72 v _186_/X (sky130_fd_sc_hd__or4_1)
     1    0.00                           _091_ (net)
                  0.08    0.00    2.72 v _187_/B1_N (sky130_fd_sc_hd__a21bo_1)
                  0.03    0.19    2.92 ^ _187_/X (sky130_fd_sc_hd__a21bo_1)
     1    0.00                           _019_ (net)
                  0.03    0.00    2.92 ^ _299_/D (sky130_fd_sc_hd__dfrtp_1)
                                  2.92   data arrival time

                         10.00   10.00   clock clk (rise edge)
                          0.00   10.00   clock source latency
                  0.09    0.06   10.06 ^ clk (in)
     1    0.02                           clk (net)
                  0.09    0.00   10.06 ^ clkbuf_0_clk/A (sky130_fd_sc_hd__clkbuf_16)
                  0.06    0.15   10.21 ^ clkbuf_0_clk/X (sky130_fd_sc_hd__clkbuf_16)
     4    0.05                           clknet_0_clk (net)
                  0.07    0.00   10.22 ^ clkbuf_2_2__f_clk/A (sky130_fd_sc_hd__clkbuf_16)
                  0.04    0.12   10.34 ^ clkbuf_2_2__f_clk/X (sky130_fd_sc_hd__clkbuf_16)
     6    0.02                           clknet_2_2__leaf_clk (net)
                  0.04    0.00   10.34 ^ _299_/CLK (sky130_fd_sc_hd__dfrtp_1)
                         -0.25   10.09   clock uncertainty
                          0.02   10.11   clock reconvergence pessimism
                         -0.06   10.05   library setup time
                                 10.05   data required time
-----------------------------------------------------------------------------
                                 10.05   data required time
                                 -2.92   data arrival time
-----------------------------------------------------------------------------
                                  7.14   slack (MET)


Startpoint: _326_ (rising edge-triggered flip-flop clocked by clk)
Endpoint: _303_ (rising edge-triggered flip-flop clocked by clk)
Path Group: clk
Path Type: max
Corner: Typical

Fanout     Cap    Slew   Delay    Time   Description
-----------------------------------------------------------------------------
                          0.00    0.00   clock clk (rise edge)
                          0.00    0.00   clock source latency
                  0.09    0.07    0.07 ^ clk (in)
     1    0.02                           clk (net)
                  0.09    0.00    0.07 ^ clkbuf_0_clk/A (sky130_fd_sc_hd__clkbuf_16)
                  0.06    0.17    0.24 ^ clkbuf_0_clk/X (sky130_fd_sc_hd__clkbuf_16)
     4    0.05                           clknet_0_clk (net)
                  0.07    0.00    0.24 ^ clkbuf_2_1__f_clk/A (sky130_fd_sc_hd__clkbuf_16)
                  0.05    0.15    0.39 ^ clkbuf_2_1__f_clk/X (sky130_fd_sc_hd__clkbuf_16)
    11    0.03                           clknet_2_1__leaf_clk (net)
                  0.05    0.00    0.39 ^ _326_/CLK (sky130_fd_sc_hd__dfrtp_1)
                  0.09    0.44    0.83 v _326_/Q (sky130_fd_sc_hd__dfrtp_1)
     6    0.02                           baud_count[12] (net)
                  0.09    0.00    0.83 v _167_/B (sky130_fd_sc_hd__or4_1)
                  0.12    0.59    1.42 v _167_/X (sky130_fd_sc_hd__or4_1)
     2    0.01                           _077_ (net)
                  0.12    0.00    1.42 v _170_/B (sky130_fd_sc_hd__nor4_1)
                  0.45    0.48    1.90 ^ _170_/Y (sky130_fd_sc_hd__nor4_1)
     2    0.01                           _080_ (net)
                  0.45    0.00    1.90 ^ max_cap13/A (sky130_fd_sc_hd__buf_1)
                  0.16    0.23    2.13 ^ max_cap13/X (sky130_fd_sc_hd__buf_1)
     3    0.01                           net13 (net)
                  0.16    0.00    2.14 ^ _171_/A1 (sky130_fd_sc_hd__mux2_2)
                  0.10    0.24    2.38 ^ _171_/X (sky130_fd_sc_hd__mux2_2)
     5    0.02                           _081_ (net)
                  0.10    0.00    2.38 ^ _172_/B1_N (sky130_fd_sc_hd__a21bo_1)
                  0.04    0.23    2.61 v _172_/X (sky130_fd_sc_hd__a21bo_1)
     2    0.00                           _082_ (net)
                  0.04    0.00    2.61 v _173_/B (sky130_fd_sc_hd__and2_1)
                  0.03    0.16    2.76 v _173_/X (sky130_fd_sc_hd__and2_1)
     1    0.00                           _083_ (net)
                  0.03    0.00    2.76 v _174_/A (sky130_fd_sc_hd__clkbuf_1)
                  0.03    0.09    2.85 v _174_/X (sky130_fd_sc_hd__clkbuf_1)
     1    0.00                           _057_ (net)
                  0.03    0.00    2.85 v _303_/D (sky130_fd_sc_hd__dfrtp_1)
                                  2.85   data arrival time

                         10.00   10.00   clock clk (rise edge)
                          0.00   10.00   clock source latency
                  0.09    0.06   10.06 ^ clk (in)
     1    0.02                           clk (net)
                  0.09    0.00   10.06 ^ clkbuf_0_clk/A (sky130_fd_sc_hd__clkbuf_16)
                  0.06    0.15   10.21 ^ clkbuf_0_clk/X (sky130_fd_sc_hd__clkbuf_16)
     4    0.05                           clknet_0_clk (net)
                  0.07    0.00   10.22 ^ clkbuf_2_2__f_clk/A (sky130_fd_sc_hd__clkbuf_16)
                  0.04    0.12   10.34 ^ clkbuf_2_2__f_clk/X (sky130_fd_sc_hd__clkbuf_16)
     6    0.02                           clknet_2_2__leaf_clk (net)
                  0.04    0.00   10.34 ^ _303_/CLK (sky130_fd_sc_hd__dfrtp_1)
                         -0.25   10.09   clock uncertainty
                          0.02   10.11   clock reconvergence pessimism
                         -0.11   10.00   library setup time
                                 10.00   data required time
-----------------------------------------------------------------------------
                                 10.00   data required time
                                 -2.85   data arrival time
-----------------------------------------------------------------------------
                                  7.16   slack (MET)


Startpoint: _326_ (rising edge-triggered flip-flop clocked by clk)
Endpoint: _302_ (rising edge-triggered flip-flop clocked by clk)
Path Group: clk
Path Type: max
Corner: Typical

Fanout     Cap    Slew   Delay    Time   Description
-----------------------------------------------------------------------------
                          0.00    0.00   clock clk (rise edge)
                          0.00    0.00   clock source latency
                  0.09    0.07    0.07 ^ clk (in)
     1    0.02                           clk (net)
                  0.09    0.00    0.07 ^ clkbuf_0_clk/A (sky130_fd_sc_hd__clkbuf_16)
                  0.06    0.17    0.24 ^ clkbuf_0_clk/X (sky130_fd_sc_hd__clkbuf_16)
     4    0.05                           clknet_0_clk (net)
                  0.07    0.00    0.24 ^ clkbuf_2_1__f_clk/A (sky130_fd_sc_hd__clkbuf_16)
                  0.05    0.15    0.39 ^ clkbuf_2_1__f_clk/X (sky130_fd_sc_hd__clkbuf_16)
    11    0.03                           clknet_2_1__leaf_clk (net)
                  0.05    0.00    0.39 ^ _326_/CLK (sky130_fd_sc_hd__dfrtp_1)
                  0.09    0.44    0.83 v _326_/Q (sky130_fd_sc_hd__dfrtp_1)
     6    0.02                           baud_count[12] (net)
                  0.09    0.00    0.83 v _167_/B (sky130_fd_sc_hd__or4_1)
                  0.12    0.59    1.42 v _167_/X (sky130_fd_sc_hd__or4_1)
     2    0.01                           _077_ (net)
                  0.12    0.00    1.42 v _170_/B (sky130_fd_sc_hd__nor4_1)
                  0.45    0.48    1.90 ^ _170_/Y (sky130_fd_sc_hd__nor4_1)
     2    0.01                           _080_ (net)
                  0.45    0.00    1.90 ^ max_cap13/A (sky130_fd_sc_hd__buf_1)
                  0.16    0.23    2.13 ^ max_cap13/X (sky130_fd_sc_hd__buf_1)
     3    0.01                           net13 (net)
                  0.16    0.00    2.14 ^ _171_/A1 (sky130_fd_sc_hd__mux2_2)
                  0.10    0.24    2.38 ^ _171_/X (sky130_fd_sc_hd__mux2_2)
     5    0.02                           _081_ (net)
                  0.10    0.00    2.38 ^ _172_/B1_N (sky130_fd_sc_hd__a21bo_1)
                  0.04    0.23    2.61 v _172_/X (sky130_fd_sc_hd__a21bo_1)
     2    0.00                           _082_ (net)
                  0.04    0.00    2.61 v _176_/A (sky130_fd_sc_hd__and2_1)
                  0.04    0.14    2.75 v _176_/X (sky130_fd_sc_hd__and2_1)
     1    0.00                           _085_ (net)
                  0.04    0.00    2.75 v _177_/A (sky130_fd_sc_hd__clkbuf_1)
                  0.03    0.09    2.84 v _177_/X (sky130_fd_sc_hd__clkbuf_1)
     1    0.00                           _056_ (net)
                  0.03    0.00    2.84 v _302_/D (sky130_fd_sc_hd__dfrtp_1)
                                  2.84   data arrival time

                         10.00   10.00   clock clk (rise edge)
                          0.00   10.00   clock source latency
                  0.09    0.06   10.06 ^ clk (in)
     1    0.02                           clk (net)
                  0.09    0.00   10.06 ^ clkbuf_0_clk/A (sky130_fd_sc_hd__clkbuf_16)
                  0.06    0.15   10.21 ^ clkbuf_0_clk/X (sky130_fd_sc_hd__clkbuf_16)
     4    0.05                           clknet_0_clk (net)
                  0.06    0.00   10.21 ^ clkbuf_2_3__f_clk/A (sky130_fd_sc_hd__clkbuf_16)
                  0.05    0.13   10.35 ^ clkbuf_2_3__f_clk/X (sky130_fd_sc_hd__clkbuf_16)
     8    0.03                           clknet_2_3__leaf_clk (net)
                  0.05    0.00   10.35 ^ _302_/CLK (sky130_fd_sc_hd__dfrtp_1)
                         -0.25   10.10   clock uncertainty
                          0.02   10.12   clock reconvergence pessimism
                         -0.11   10.01   library setup time
                                 10.01   data required time
-----------------------------------------------------------------------------
                                 10.01   data required time
                                 -2.84   data arrival time
-----------------------------------------------------------------------------
                                  7.17   slack (MET)


Startpoint: _326_ (rising edge-triggered flip-flop clocked by clk)
Endpoint: _297_ (rising edge-triggered flip-flop clocked by clk)
Path Group: clk
Path Type: max
Corner: Typical

Fanout     Cap    Slew   Delay    Time   Description
-----------------------------------------------------------------------------
                          0.00    0.00   clock clk (rise edge)
                          0.00    0.00   clock source latency
                  0.09    0.07    0.07 ^ clk (in)
     1    0.02                           clk (net)
                  0.09    0.00    0.07 ^ clkbuf_0_clk/A (sky130_fd_sc_hd__clkbuf_16)
                  0.06    0.17    0.24 ^ clkbuf_0_clk/X (sky130_fd_sc_hd__clkbuf_16)
     4    0.05                           clknet_0_clk (net)
                  0.07    0.00    0.24 ^ clkbuf_2_1__f_clk/A (sky130_fd_sc_hd__clkbuf_16)
                  0.05    0.15    0.39 ^ clkbuf_2_1__f_clk/X (sky130_fd_sc_hd__clkbuf_16)
    11    0.03                           clknet_2_1__leaf_clk (net)
                  0.05    0.00    0.39 ^ _326_/CLK (sky130_fd_sc_hd__dfrtp_1)
                  0.09    0.44    0.83 v _326_/Q (sky130_fd_sc_hd__dfrtp_1)
     6    0.02                           baud_count[12] (net)
                  0.09    0.00    0.83 v _167_/B (sky130_fd_sc_hd__or4_1)
                  0.12    0.59    1.42 v _167_/X (sky130_fd_sc_hd__or4_1)
     2    0.01                           _077_ (net)
                  0.12    0.00    1.42 v _184_/B (sky130_fd_sc_hd__or4_2)
                  0.15    0.79    2.21 v _184_/X (sky130_fd_sc_hd__or4_2)
     6    0.02                           _090_ (net)
                  0.15    0.00    2.21 v _188_/B (sky130_fd_sc_hd__or3_1)
                  0.06    0.39    2.60 v _188_/X (sky130_fd_sc_hd__or3_1)
     1    0.00                           _092_ (net)
                  0.06    0.00    2.60 v _189_/B1 (sky130_fd_sc_hd__a22o_1)
                  0.04    0.19    2.79 v _189_/X (sky130_fd_sc_hd__a22o_1)
     1    0.00                           _017_ (net)
                  0.04    0.00    2.79 v _297_/D (sky130_fd_sc_hd__dfrtp_4)
                                  2.79   data arrival time

                         10.00   10.00   clock clk (rise edge)
                          0.00   10.00   clock source latency
                  0.09    0.06   10.06 ^ clk (in)
     1    0.02                           clk (net)
                  0.09    0.00   10.06 ^ clkbuf_0_clk/A (sky130_fd_sc_hd__clkbuf_16)
                  0.06    0.15   10.21 ^ clkbuf_0_clk/X (sky130_fd_sc_hd__clkbuf_16)
     4    0.05                           clknet_0_clk (net)
                  0.07    0.00   10.22 ^ clkbuf_2_2__f_clk/A (sky130_fd_sc_hd__clkbuf_16)
                  0.04    0.12   10.34 ^ clkbuf_2_2__f_clk/X (sky130_fd_sc_hd__clkbuf_16)
     6    0.02                           clknet_2_2__leaf_clk (net)
                  0.04    0.00   10.34 ^ _297_/CLK (sky130_fd_sc_hd__dfrtp_4)
                         -0.25   10.09   clock uncertainty
                          0.02   10.11   clock reconvergence pessimism
                         -0.11   10.00   library setup time
                                 10.00   data required time
-----------------------------------------------------------------------------
                                 10.00   data required time
                                 -2.79   data arrival time
-----------------------------------------------------------------------------
                                  7.21   slack (MET)


Startpoint: start (input port clocked by clk)
Endpoint: _312_ (rising edge-triggered flip-flop clocked by clk)
Path Group: clk
Path Type: max
Corner: Typical

Fanout     Cap    Slew   Delay    Time   Description
-----------------------------------------------------------------------------
                          0.00    0.00   clock clk (rise edge)
                          0.00    0.00   clock network delay (propagated)
                          2.00    2.00 v input external delay
                  0.01    0.01    2.01 v start (in)
     1    0.00                           start (net)
                  0.01    0.00    2.01 v input10/A (sky130_fd_sc_hd__clkbuf_2)
                  0.09    0.15    2.15 v input10/X (sky130_fd_sc_hd__clkbuf_2)
     3    0.02                           net10 (net)
                  0.09    0.00    2.15 v _148_/A (sky130_fd_sc_hd__nand2_4)
                  0.15    0.16    2.31 ^ _148_/Y (sky130_fd_sc_hd__nand2_4)
     9    0.05                           _066_ (net)
                  0.15    0.00    2.32 ^ _151_/S (sky130_fd_sc_hd__mux2_1)
                  0.06    0.35    2.67 v _151_/X (sky130_fd_sc_hd__mux2_1)
     1    0.00                           _068_ (net)
                  0.06    0.00    2.67 v _152_/A (sky130_fd_sc_hd__clkbuf_1)
                  0.03    0.10    2.76 v _152_/X (sky130_fd_sc_hd__clkbuf_1)
     1    0.00                           _064_ (net)
                  0.03    0.00    2.76 v _312_/D (sky130_fd_sc_hd__dfrtp_1)
                                  2.76   data arrival time

                         10.00   10.00   clock clk (rise edge)
                          0.00   10.00   clock source latency
                  0.09    0.06   10.06 ^ clk (in)
     1    0.02                           clk (net)
                  0.09    0.00   10.06 ^ clkbuf_0_clk/A (sky130_fd_sc_hd__clkbuf_16)
                  0.06    0.15   10.21 ^ clkbuf_0_clk/X (sky130_fd_sc_hd__clkbuf_16)
     4    0.05                           clknet_0_clk (net)
                  0.06    0.00   10.21 ^ clkbuf_2_3__f_clk/A (sky130_fd_sc_hd__clkbuf_16)
                  0.05    0.13   10.35 ^ clkbuf_2_3__f_clk/X (sky130_fd_sc_hd__clkbuf_16)
     8    0.03                           clknet_2_3__leaf_clk (net)
                  0.05    0.00   10.35 ^ _312_/CLK (sky130_fd_sc_hd__dfrtp_1)
                         -0.25   10.10   clock uncertainty
                          0.00   10.10   clock reconvergence pessimism
                         -0.11    9.99   library setup time
                                  9.99   data required time
-----------------------------------------------------------------------------
                                  9.99   data required time
                                 -2.76   data arrival time
-----------------------------------------------------------------------------
                                  7.23   slack (MET)


Startpoint: start (input port clocked by clk)
Endpoint: _311_ (rising edge-triggered flip-flop clocked by clk)
Path Group: clk
Path Type: max
Corner: Typical

Fanout     Cap    Slew   Delay    Time   Description
-----------------------------------------------------------------------------
                          0.00    0.00   clock clk (rise edge)
                          0.00    0.00   clock network delay (propagated)
                          2.00    2.00 v input external delay
                  0.01    0.01    2.01 v start (in)
     1    0.00                           start (net)
                  0.01    0.00    2.01 v input10/A (sky130_fd_sc_hd__clkbuf_2)
                  0.09    0.15    2.15 v input10/X (sky130_fd_sc_hd__clkbuf_2)
     3    0.02                           net10 (net)
                  0.09    0.00    2.15 v _148_/A (sky130_fd_sc_hd__nand2_4)
                  0.15    0.16    2.31 ^ _148_/Y (sky130_fd_sc_hd__nand2_4)
     9    0.05                           _066_ (net)
                  0.15    0.00    2.31 ^ _153_/S (sky130_fd_sc_hd__mux2_1)
                  0.06    0.35    2.67 v _153_/X (sky130_fd_sc_hd__mux2_1)
     1    0.00                           _069_ (net)
                  0.06    0.00    2.67 v _154_/A (sky130_fd_sc_hd__clkbuf_1)
                  0.02    0.09    2.77 v _154_/X (sky130_fd_sc_hd__clkbuf_1)
     1    0.00                           _063_ (net)
                  0.02    0.00    2.77 v _311_/D (sky130_fd_sc_hd__dfrtp_1)
                                  2.77   data arrival time

                         10.00   10.00   clock clk (rise edge)
                          0.00   10.00   clock source latency
                  0.09    0.06   10.06 ^ clk (in)
     1    0.02                           clk (net)
                  0.09    0.00   10.06 ^ clkbuf_0_clk/A (sky130_fd_sc_hd__clkbuf_16)
                  0.06    0.15   10.21 ^ clkbuf_0_clk/X (sky130_fd_sc_hd__clkbuf_16)
     4    0.05                           clknet_0_clk (net)
                  0.06    0.00   10.21 ^ clkbuf_2_3__f_clk/A (sky130_fd_sc_hd__clkbuf_16)
                  0.05    0.13   10.35 ^ clkbuf_2_3__f_clk/X (sky130_fd_sc_hd__clkbuf_16)
     8    0.03                           clknet_2_3__leaf_clk (net)
                  0.05    0.00   10.35 ^ _311_/CLK (sky130_fd_sc_hd__dfrtp_1)
                         -0.25   10.10   clock uncertainty
                          0.00   10.10   clock reconvergence pessimism
                         -0.10    9.99   library setup time
                                  9.99   data required time
-----------------------------------------------------------------------------
                                  9.99   data required time
                                 -2.77   data arrival time
-----------------------------------------------------------------------------
                                  7.23   slack (MET)


Startpoint: start (input port clocked by clk)
Endpoint: _310_ (rising edge-triggered flip-flop clocked by clk)
Path Group: clk
Path Type: max
Corner: Typical

Fanout     Cap    Slew   Delay    Time   Description
-----------------------------------------------------------------------------
                          0.00    0.00   clock clk (rise edge)
                          0.00    0.00   clock network delay (propagated)
                          2.00    2.00 v input external delay
                  0.01    0.01    2.01 v start (in)
     1    0.00                           start (net)
                  0.01    0.00    2.01 v input10/A (sky130_fd_sc_hd__clkbuf_2)
                  0.09    0.15    2.15 v input10/X (sky130_fd_sc_hd__clkbuf_2)
     3    0.02                           net10 (net)
                  0.09    0.00    2.15 v _148_/A (sky130_fd_sc_hd__nand2_4)
                  0.15    0.16    2.31 ^ _148_/Y (sky130_fd_sc_hd__nand2_4)
     9    0.05                           _066_ (net)
                  0.15    0.00    2.31 ^ _155_/S (sky130_fd_sc_hd__mux2_1)
                  0.05    0.35    2.66 v _155_/X (sky130_fd_sc_hd__mux2_1)
     1    0.00                           _070_ (net)
                  0.05    0.00    2.66 v _156_/A (sky130_fd_sc_hd__clkbuf_1)
                  0.03    0.10    2.76 v _156_/X (sky130_fd_sc_hd__clkbuf_1)
     1    0.00                           _062_ (net)
                  0.03    0.00    2.76 v _310_/D (sky130_fd_sc_hd__dfrtp_1)
                                  2.76   data arrival time

                         10.00   10.00   clock clk (rise edge)
                          0.00   10.00   clock source latency
                  0.09    0.06   10.06 ^ clk (in)
     1    0.02                           clk (net)
                  0.09    0.00   10.06 ^ clkbuf_0_clk/A (sky130_fd_sc_hd__clkbuf_16)
                  0.06    0.15   10.21 ^ clkbuf_0_clk/X (sky130_fd_sc_hd__clkbuf_16)
     4    0.05                           clknet_0_clk (net)
                  0.06    0.00   10.21 ^ clkbuf_2_3__f_clk/A (sky130_fd_sc_hd__clkbuf_16)
                  0.05    0.13   10.35 ^ clkbuf_2_3__f_clk/X (sky130_fd_sc_hd__clkbuf_16)
     8    0.03                           clknet_2_3__leaf_clk (net)
                  0.05    0.00   10.35 ^ _310_/CLK (sky130_fd_sc_hd__dfrtp_1)
                         -0.25   10.10   clock uncertainty
                          0.00   10.10   clock reconvergence pessimism
                         -0.11    9.99   library setup time
                                  9.99   data required time
-----------------------------------------------------------------------------
                                  9.99   data required time
                                 -2.76   data arrival time
-----------------------------------------------------------------------------
                                  7.23   slack (MET)


Startpoint: start (input port clocked by clk)
Endpoint: _306_ (rising edge-triggered flip-flop clocked by clk)
Path Group: clk
Path Type: max
Corner: Typical

Fanout     Cap    Slew   Delay    Time   Description
-----------------------------------------------------------------------------
                          0.00    0.00   clock clk (rise edge)
                          0.00    0.00   clock network delay (propagated)
                          2.00    2.00 v input external delay
                  0.01    0.01    2.01 v start (in)
     1    0.00                           start (net)
                  0.01    0.00    2.01 v input10/A (sky130_fd_sc_hd__clkbuf_2)
                  0.09    0.15    2.15 v input10/X (sky130_fd_sc_hd__clkbuf_2)
     3    0.02                           net10 (net)
                  0.09    0.00    2.15 v _148_/A (sky130_fd_sc_hd__nand2_4)
                  0.15    0.16    2.31 ^ _148_/Y (sky130_fd_sc_hd__nand2_4)
     9    0.05                           _066_ (net)
                  0.15    0.00    2.31 ^ _163_/S (sky130_fd_sc_hd__mux2_1)
                  0.06    0.35    2.66 v _163_/X (sky130_fd_sc_hd__mux2_1)
     1    0.00                           _074_ (net)
                  0.06    0.00    2.66 v _164_/A (sky130_fd_sc_hd__clkbuf_1)
                  0.03    0.10    2.77 v _164_/X (sky130_fd_sc_hd__clkbuf_1)
     1    0.00                           _058_ (net)
                  0.03    0.00    2.77 v _306_/D (sky130_fd_sc_hd__dfrtp_1)
                                  2.77   data arrival time

                         10.00   10.00   clock clk (rise edge)
                          0.00   10.00   clock source latency
                  0.09    0.06   10.06 ^ clk (in)
     1    0.02                           clk (net)
                  0.09    0.00   10.06 ^ clkbuf_0_clk/A (sky130_fd_sc_hd__clkbuf_16)
                  0.06    0.15   10.21 ^ clkbuf_0_clk/X (sky130_fd_sc_hd__clkbuf_16)
     4    0.05                           clknet_0_clk (net)
                  0.07    0.00   10.22 ^ clkbuf_2_1__f_clk/A (sky130_fd_sc_hd__clkbuf_16)
                  0.05    0.14   10.35 ^ clkbuf_2_1__f_clk/X (sky130_fd_sc_hd__clkbuf_16)
    11    0.03                           clknet_2_1__leaf_clk (net)
                  0.05    0.00   10.35 ^ _306_/CLK (sky130_fd_sc_hd__dfrtp_1)
                         -0.25   10.10   clock uncertainty
                          0.00   10.10   clock reconvergence pessimism
                         -0.11   10.00   library setup time
                                 10.00   data required time
-----------------------------------------------------------------------------
                                 10.00   data required time
                                 -2.77   data arrival time
-----------------------------------------------------------------------------
                                  7.23   slack (MET)


Startpoint: start (input port clocked by clk)
Endpoint: _308_ (rising edge-triggered flip-flop clocked by clk)
Path Group: clk
Path Type: max
Corner: Typical

Fanout     Cap    Slew   Delay    Time   Description
-----------------------------------------------------------------------------
                          0.00    0.00   clock clk (rise edge)
                          0.00    0.00   clock network delay (propagated)
                          2.00    2.00 v input external delay
                  0.01    0.01    2.01 v start (in)
     1    0.00                           start (net)
                  0.01    0.00    2.01 v input10/A (sky130_fd_sc_hd__clkbuf_2)
                  0.09    0.15    2.15 v input10/X (sky130_fd_sc_hd__clkbuf_2)
     3    0.02                           net10 (net)
                  0.09    0.00    2.15 v _148_/A (sky130_fd_sc_hd__nand2_4)
                  0.15    0.16    2.31 ^ _148_/Y (sky130_fd_sc_hd__nand2_4)
     9    0.05                           _066_ (net)
                  0.15    0.00    2.31 ^ _159_/S (sky130_fd_sc_hd__mux2_1)
                  0.05    0.35    2.66 v _159_/X (sky130_fd_sc_hd__mux2_1)
     1    0.00                           _072_ (net)
                  0.05    0.00    2.66 v _160_/A (sky130_fd_sc_hd__clkbuf_1)
                  0.03    0.10    2.76 v _160_/X (sky130_fd_sc_hd__clkbuf_1)
     1    0.00                           _060_ (net)
                  0.03    0.00    2.76 v _308_/D (sky130_fd_sc_hd__dfrtp_1)
                                  2.76   data arrival time

                         10.00   10.00   clock clk (rise edge)
                          0.00   10.00   clock source latency
                  0.09    0.06   10.06 ^ clk (in)
     1    0.02                           clk (net)
                  0.09    0.00   10.06 ^ clkbuf_0_clk/A (sky130_fd_sc_hd__clkbuf_16)
                  0.06    0.15   10.21 ^ clkbuf_0_clk/X (sky130_fd_sc_hd__clkbuf_16)
     4    0.05                           clknet_0_clk (net)
                  0.07    0.00   10.22 ^ clkbuf_2_1__f_clk/A (sky130_fd_sc_hd__clkbuf_16)
                  0.05    0.14   10.35 ^ clkbuf_2_1__f_clk/X (sky130_fd_sc_hd__clkbuf_16)
    11    0.03                           clknet_2_1__leaf_clk (net)
                  0.05    0.00   10.35 ^ _308_/CLK (sky130_fd_sc_hd__dfrtp_1)
                         -0.25   10.10   clock uncertainty
                          0.00   10.10   clock reconvergence pessimism
                         -0.10   10.00   library setup time
                                 10.00   data required time
-----------------------------------------------------------------------------
                                 10.00   data required time
                                 -2.76   data arrival time
-----------------------------------------------------------------------------
                                  7.24   slack (MET)


Startpoint: start (input port clocked by clk)
Endpoint: _309_ (rising edge-triggered flip-flop clocked by clk)
Path Group: clk
Path Type: max
Corner: Typical

Fanout     Cap    Slew   Delay    Time   Description
-----------------------------------------------------------------------------
                          0.00    0.00   clock clk (rise edge)
                          0.00    0.00   clock network delay (propagated)
                          2.00    2.00 v input external delay
                  0.01    0.01    2.01 v start (in)
     1    0.00                           start (net)
                  0.01    0.00    2.01 v input10/A (sky130_fd_sc_hd__clkbuf_2)
                  0.09    0.15    2.15 v input10/X (sky130_fd_sc_hd__clkbuf_2)
     3    0.02                           net10 (net)
                  0.09    0.00    2.15 v _148_/A (sky130_fd_sc_hd__nand2_4)
                  0.15    0.16    2.31 ^ _148_/Y (sky130_fd_sc_hd__nand2_4)
     9    0.05                           _066_ (net)
                  0.15    0.00    2.31 ^ _157_/S (sky130_fd_sc_hd__mux2_1)
                  0.05    0.35    2.66 v _157_/X (sky130_fd_sc_hd__mux2_1)
     1    0.00                           _071_ (net)
                  0.05    0.00    2.66 v _158_/A (sky130_fd_sc_hd__clkbuf_1)
                  0.02    0.09    2.76 v _158_/X (sky130_fd_sc_hd__clkbuf_1)
     1    0.00                           _061_ (net)
                  0.02    0.00    2.76 v _309_/D (sky130_fd_sc_hd__dfrtp_1)
                                  2.76   data arrival time

                         10.00   10.00   clock clk (rise edge)
                          0.00   10.00   clock source latency
                  0.09    0.06   10.06 ^ clk (in)
     1    0.02                           clk (net)
                  0.09    0.00   10.06 ^ clkbuf_0_clk/A (sky130_fd_sc_hd__clkbuf_16)
                  0.06    0.15   10.21 ^ clkbuf_0_clk/X (sky130_fd_sc_hd__clkbuf_16)
     4    0.05                           clknet_0_clk (net)
                  0.06    0.00   10.21 ^ clkbuf_2_3__f_clk/A (sky130_fd_sc_hd__clkbuf_16)
                  0.05    0.13   10.35 ^ clkbuf_2_3__f_clk/X (sky130_fd_sc_hd__clkbuf_16)
     8    0.03                           clknet_2_3__leaf_clk (net)
                  0.05    0.00   10.35 ^ _309_/CLK (sky130_fd_sc_hd__dfrtp_1)
                         -0.25   10.10   clock uncertainty
                          0.00   10.10   clock reconvergence pessimism
                         -0.10    9.99   library setup time
                                  9.99   data required time
-----------------------------------------------------------------------------
                                  9.99   data required time
                                 -2.76   data arrival time
-----------------------------------------------------------------------------
                                  7.24   slack (MET)


Startpoint: start (input port clocked by clk)
Endpoint: _313_ (rising edge-triggered flip-flop clocked by clk)
Path Group: clk
Path Type: max
Corner: Typical

Fanout     Cap    Slew   Delay    Time   Description
-----------------------------------------------------------------------------
                          0.00    0.00   clock clk (rise edge)
                          0.00    0.00   clock network delay (propagated)
                          2.00    2.00 v input external delay
                  0.01    0.01    2.01 v start (in)
     1    0.00                           start (net)
                  0.01    0.00    2.01 v input10/A (sky130_fd_sc_hd__clkbuf_2)
                  0.09    0.15    2.15 v input10/X (sky130_fd_sc_hd__clkbuf_2)
     3    0.02                           net10 (net)
                  0.09    0.00    2.15 v _148_/A (sky130_fd_sc_hd__nand2_4)
                  0.15    0.16    2.31 ^ _148_/Y (sky130_fd_sc_hd__nand2_4)
     9    0.05                           _066_ (net)
                  0.15    0.01    2.32 ^ _149_/S (sky130_fd_sc_hd__mux2_1)
                  0.05    0.35    2.66 v _149_/X (sky130_fd_sc_hd__mux2_1)
     1    0.00                           _067_ (net)
                  0.05    0.00    2.66 v _150_/A (sky130_fd_sc_hd__clkbuf_1)
                  0.03    0.09    2.76 v _150_/X (sky130_fd_sc_hd__clkbuf_1)
     1    0.00                           _065_ (net)
                  0.03    0.00    2.76 v _313_/D (sky130_fd_sc_hd__dfrtp_1)
                                  2.76   data arrival time

                         10.00   10.00   clock clk (rise edge)
                          0.00   10.00   clock source latency
                  0.09    0.06   10.06 ^ clk (in)
     1    0.02                           clk (net)
                  0.09    0.00   10.06 ^ clkbuf_0_clk/A (sky130_fd_sc_hd__clkbuf_16)
                  0.06    0.15   10.21 ^ clkbuf_0_clk/X (sky130_fd_sc_hd__clkbuf_16)
     4    0.05                           clknet_0_clk (net)
                  0.06    0.00   10.21 ^ clkbuf_2_3__f_clk/A (sky130_fd_sc_hd__clkbuf_16)
                  0.05    0.13   10.35 ^ clkbuf_2_3__f_clk/X (sky130_fd_sc_hd__clkbuf_16)
     8    0.03                           clknet_2_3__leaf_clk (net)
                  0.05    0.00   10.35 ^ _313_/CLK (sky130_fd_sc_hd__dfrtp_1)
                         -0.25   10.10   clock uncertainty
                          0.00   10.10   clock reconvergence pessimism
                         -0.10    9.99   library setup time
                                  9.99   data required time
-----------------------------------------------------------------------------
                                  9.99   data required time
                                 -2.76   data arrival time
-----------------------------------------------------------------------------
                                  7.24   slack (MET)


Startpoint: start (input port clocked by clk)
Endpoint: _307_ (rising edge-triggered flip-flop clocked by clk)
Path Group: clk
Path Type: max
Corner: Typical

Fanout     Cap    Slew   Delay    Time   Description
-----------------------------------------------------------------------------
                          0.00    0.00   clock clk (rise edge)
                          0.00    0.00   clock network delay (propagated)
                          2.00    2.00 v input external delay
                  0.01    0.01    2.01 v start (in)
     1    0.00                           start (net)
                  0.01    0.00    2.01 v input10/A (sky130_fd_sc_hd__clkbuf_2)
                  0.09    0.15    2.15 v input10/X (sky130_fd_sc_hd__clkbuf_2)
     3    0.02                           net10 (net)
                  0.09    0.00    2.15 v _148_/A (sky130_fd_sc_hd__nand2_4)
                  0.15    0.16    2.31 ^ _148_/Y (sky130_fd_sc_hd__nand2_4)
     9    0.05                           _066_ (net)
                  0.15    0.00    2.31 ^ _161_/S (sky130_fd_sc_hd__mux2_1)
                  0.05    0.35    2.66 v _161_/X (sky130_fd_sc_hd__mux2_1)
     1    0.00                           _073_ (net)
                  0.05    0.00    2.66 v _162_/A (sky130_fd_sc_hd__clkbuf_1)
                  0.03    0.10    2.76 v _162_/X (sky130_fd_sc_hd__clkbuf_1)
     1    0.00                           _059_ (net)
                  0.03    0.00    2.76 v _307_/D (sky130_fd_sc_hd__dfrtp_1)
                                  2.76   data arrival time

                         10.00   10.00   clock clk (rise edge)
                          0.00   10.00   clock source latency
                  0.09    0.06   10.06 ^ clk (in)
     1    0.02                           clk (net)
                  0.09    0.00   10.06 ^ clkbuf_0_clk/A (sky130_fd_sc_hd__clkbuf_16)
                  0.06    0.15   10.21 ^ clkbuf_0_clk/X (sky130_fd_sc_hd__clkbuf_16)
     4    0.05                           clknet_0_clk (net)
                  0.07    0.00   10.22 ^ clkbuf_2_1__f_clk/A (sky130_fd_sc_hd__clkbuf_16)
                  0.05    0.14   10.35 ^ clkbuf_2_1__f_clk/X (sky130_fd_sc_hd__clkbuf_16)
    11    0.03                           clknet_2_1__leaf_clk (net)
                  0.05    0.00   10.35 ^ _307_/CLK (sky130_fd_sc_hd__dfrtp_1)
                         -0.25   10.10   clock uncertainty
                          0.00   10.10   clock reconvergence pessimism
                         -0.10   10.00   library setup time
                                 10.00   data required time
-----------------------------------------------------------------------------
                                 10.00   data required time
                                 -2.76   data arrival time
-----------------------------------------------------------------------------
                                  7.24   slack (MET)


Startpoint: _326_ (rising edge-triggered flip-flop clocked by clk)
Endpoint: _301_ (rising edge-triggered flip-flop clocked by clk)
Path Group: clk
Path Type: max
Corner: Typical

Fanout     Cap    Slew   Delay    Time   Description
-----------------------------------------------------------------------------
                          0.00    0.00   clock clk (rise edge)
                          0.00    0.00   clock source latency
                  0.09    0.07    0.07 ^ clk (in)
     1    0.02                           clk (net)
                  0.09    0.00    0.07 ^ clkbuf_0_clk/A (sky130_fd_sc_hd__clkbuf_16)
                  0.06    0.17    0.24 ^ clkbuf_0_clk/X (sky130_fd_sc_hd__clkbuf_16)
     4    0.05                           clknet_0_clk (net)
                  0.07    0.00    0.24 ^ clkbuf_2_1__f_clk/A (sky130_fd_sc_hd__clkbuf_16)
                  0.05    0.15    0.39 ^ clkbuf_2_1__f_clk/X (sky130_fd_sc_hd__clkbuf_16)
    11    0.03                           clknet_2_1__leaf_clk (net)
                  0.05    0.00    0.39 ^ _326_/CLK (sky130_fd_sc_hd__dfrtp_1)
                  0.09    0.44    0.83 v _326_/Q (sky130_fd_sc_hd__dfrtp_1)
     6    0.02                           baud_count[12] (net)
                  0.09    0.00    0.83 v _167_/B (sky130_fd_sc_hd__or4_1)
                  0.12    0.59    1.42 v _167_/X (sky130_fd_sc_hd__or4_1)
     2    0.01                           _077_ (net)
                  0.12    0.00    1.42 v _170_/B (sky130_fd_sc_hd__nor4_1)
                  0.45    0.48    1.90 ^ _170_/Y (sky130_fd_sc_hd__nor4_1)
     2    0.01                           _080_ (net)
                  0.45    0.00    1.90 ^ max_cap13/A (sky130_fd_sc_hd__buf_1)
                  0.16    0.23    2.13 ^ max_cap13/X (sky130_fd_sc_hd__buf_1)
     3    0.01                           net13 (net)
                  0.16    0.00    2.14 ^ _171_/A1 (sky130_fd_sc_hd__mux2_2)
                  0.10    0.24    2.38 ^ _171_/X (sky130_fd_sc_hd__mux2_2)
     5    0.02                           _081_ (net)
                  0.10    0.00    2.38 ^ _180_/A2 (sky130_fd_sc_hd__a21oi_1)
                  0.05    0.08    2.46 v _180_/Y (sky130_fd_sc_hd__a21oi_1)
     1    0.00                           _088_ (net)
                  0.05    0.00    2.46 v _181_/B1 (sky130_fd_sc_hd__a21oi_1)
                  0.12    0.13    2.59 ^ _181_/Y (sky130_fd_sc_hd__a21oi_1)
     1    0.00                           _055_ (net)
                  0.12    0.00    2.59 ^ _301_/D (sky130_fd_sc_hd__dfrtp_2)
                                  2.59   data arrival time

                         10.00   10.00   clock clk (rise edge)
                          0.00   10.00   clock source latency
                  0.09    0.06   10.06 ^ clk (in)
     1    0.02                           clk (net)
                  0.09    0.00   10.06 ^ clkbuf_0_clk/A (sky130_fd_sc_hd__clkbuf_16)
                  0.06    0.15   10.21 ^ clkbuf_0_clk/X (sky130_fd_sc_hd__clkbuf_16)
     4    0.05                           clknet_0_clk (net)
                  0.06    0.00   10.21 ^ clkbuf_2_3__f_clk/A (sky130_fd_sc_hd__clkbuf_16)
                  0.05    0.13   10.35 ^ clkbuf_2_3__f_clk/X (sky130_fd_sc_hd__clkbuf_16)
     8    0.03                           clknet_2_3__leaf_clk (net)
                  0.05    0.00   10.35 ^ _301_/CLK (sky130_fd_sc_hd__dfrtp_2)
                         -0.25   10.10   clock uncertainty
                          0.02   10.12   clock reconvergence pessimism
                         -0.08   10.04   library setup time
                                 10.04   data required time
-----------------------------------------------------------------------------
                                 10.04   data required time
                                 -2.59   data arrival time
-----------------------------------------------------------------------------
                                  7.45   slack (MET)


Startpoint: start (input port clocked by clk)
Endpoint: _298_ (rising edge-triggered flip-flop clocked by clk)
Path Group: clk
Path Type: max
Corner: Typical

Fanout     Cap    Slew   Delay    Time   Description
-----------------------------------------------------------------------------
                          0.00    0.00   clock clk (rise edge)
                          0.00    0.00   clock network delay (propagated)
                          2.00    2.00 v input external delay
                  0.01    0.01    2.01 v start (in)
     1    0.00                           start (net)
                  0.01    0.00    2.01 v input10/A (sky130_fd_sc_hd__clkbuf_2)
                  0.09    0.15    2.15 v input10/X (sky130_fd_sc_hd__clkbuf_2)
     3    0.02                           net10 (net)
                  0.09    0.00    2.15 v _148_/A (sky130_fd_sc_hd__nand2_4)
                  0.15    0.16    2.31 ^ _148_/Y (sky130_fd_sc_hd__nand2_4)
     9    0.05                           _066_ (net)
                  0.15    0.00    2.31 ^ _185_/B1_N (sky130_fd_sc_hd__a21bo_1)
                  0.03    0.23    2.54 v _185_/X (sky130_fd_sc_hd__a21bo_1)
     1    0.00                           _018_ (net)
                  0.03    0.00    2.54 v _298_/D (sky130_fd_sc_hd__dfrtp_1)
                                  2.54   data arrival time

                         10.00   10.00   clock clk (rise edge)
                          0.00   10.00   clock source latency
                  0.09    0.06   10.06 ^ clk (in)
     1    0.02                           clk (net)
                  0.09    0.00   10.06 ^ clkbuf_0_clk/A (sky130_fd_sc_hd__clkbuf_16)
                  0.06    0.15   10.21 ^ clkbuf_0_clk/X (sky130_fd_sc_hd__clkbuf_16)
     4    0.05                           clknet_0_clk (net)
                  0.07    0.00   10.22 ^ clkbuf_2_0__f_clk/A (sky130_fd_sc_hd__clkbuf_16)
                  0.05    0.13   10.35 ^ clkbuf_2_0__f_clk/X (sky130_fd_sc_hd__clkbuf_16)
     9    0.03                           clknet_2_0__leaf_clk (net)
                  0.05    0.00   10.35 ^ _298_/CLK (sky130_fd_sc_hd__dfrtp_1)
                         -0.25   10.10   clock uncertainty
                          0.00   10.10   clock reconvergence pessimism
                         -0.11    9.99   library setup time
                                  9.99   data required time
-----------------------------------------------------------------------------
                                  9.99   data required time
                                 -2.54   data arrival time
-----------------------------------------------------------------------------
                                  7.45   slack (MET)


Startpoint: _297_ (rising edge-triggered flip-flop clocked by clk)
Endpoint: _320_ (rising edge-triggered flip-flop clocked by clk)
Path Group: clk
Path Type: max
Corner: Typical

Fanout     Cap    Slew   Delay    Time   Description
-----------------------------------------------------------------------------
                          0.00    0.00   clock clk (rise edge)
                          0.00    0.00   clock source latency
                  0.09    0.07    0.07 ^ clk (in)
     1    0.02                           clk (net)
                  0.09    0.00    0.07 ^ clkbuf_0_clk/A (sky130_fd_sc_hd__clkbuf_16)
                  0.06    0.17    0.24 ^ clkbuf_0_clk/X (sky130_fd_sc_hd__clkbuf_16)
     4    0.05                           clknet_0_clk (net)
                  0.07    0.00    0.24 ^ clkbuf_2_2__f_clk/A (sky130_fd_sc_hd__clkbuf_16)
                  0.04    0.14    0.37 ^ clkbuf_2_2__f_clk/X (sky130_fd_sc_hd__clkbuf_16)
     6    0.02                           clknet_2_2__leaf_clk (net)
                  0.04    0.00    0.38 ^ _297_/CLK (sky130_fd_sc_hd__dfrtp_4)
                  0.09    0.54    0.91 v _297_/Q (sky130_fd_sc_hd__dfrtp_4)
     8    0.03                           state[1] (net)
                  0.09    0.00    0.92 v _192_/B (sky130_fd_sc_hd__or3_4)
                  0.11    0.46    1.38 v _192_/X (sky130_fd_sc_hd__or3_4)
     7    0.03                           _094_ (net)
                  0.11    0.01    1.38 v _193_/A (sky130_fd_sc_hd__buf_2)
                  0.09    0.22    1.60 v _193_/X (sky130_fd_sc_hd__buf_2)
    10    0.04                           _095_ (net)
                  0.09    0.00    1.60 v _216_/B1_N (sky130_fd_sc_hd__a21boi_1)
                  0.06    0.16    1.76 v _216_/Y (sky130_fd_sc_hd__a21boi_1)
     1    0.00                           _112_ (net)
                  0.06    0.00    1.76 v _217_/B1 (sky130_fd_sc_hd__o21a_1)
                  0.04    0.12    1.88 v _217_/X (sky130_fd_sc_hd__o21a_1)
     1    0.00                           _012_ (net)
                  0.04    0.00    1.88 v hold10/A (sky130_fd_sc_hd__dlygate4sd3_1)
                  0.06    0.58    2.46 v hold10/X (sky130_fd_sc_hd__dlygate4sd3_1)
     1    0.00                           net23 (net)
                  0.06    0.00    2.46 v _320_/D (sky130_fd_sc_hd__dfrtp_1)
                                  2.46   data arrival time

                         10.00   10.00   clock clk (rise edge)
                          0.00   10.00   clock source latency
                  0.09    0.06   10.06 ^ clk (in)
     1    0.02                           clk (net)
                  0.09    0.00   10.06 ^ clkbuf_0_clk/A (sky130_fd_sc_hd__clkbuf_16)
                  0.06    0.15   10.21 ^ clkbuf_0_clk/X (sky130_fd_sc_hd__clkbuf_16)
     4    0.05                           clknet_0_clk (net)
                  0.07    0.00   10.22 ^ clkbuf_2_0__f_clk/A (sky130_fd_sc_hd__clkbuf_16)
                  0.05    0.13   10.35 ^ clkbuf_2_0__f_clk/X (sky130_fd_sc_hd__clkbuf_16)
     9    0.03                           clknet_2_0__leaf_clk (net)
                  0.05    0.00   10.35 ^ _320_/CLK (sky130_fd_sc_hd__dfrtp_1)
                         -0.25   10.10   clock uncertainty
                          0.02   10.12   clock reconvergence pessimism
                         -0.12   10.00   library setup time
                                 10.00   data required time
-----------------------------------------------------------------------------
                                 10.00   data required time
                                 -2.46   data arrival time
-----------------------------------------------------------------------------
                                  7.54   slack (MET)


Startpoint: _326_ (rising edge-triggered flip-flop clocked by clk)
Endpoint: _300_ (rising edge-triggered flip-flop clocked by clk)
Path Group: clk
Path Type: max
Corner: Typical

Fanout     Cap    Slew   Delay    Time   Description
-----------------------------------------------------------------------------
                          0.00    0.00   clock clk (rise edge)
                          0.00    0.00   clock source latency
                  0.09    0.07    0.07 ^ clk (in)
     1    0.02                           clk (net)
                  0.09    0.00    0.07 ^ clkbuf_0_clk/A (sky130_fd_sc_hd__clkbuf_16)
                  0.06    0.17    0.24 ^ clkbuf_0_clk/X (sky130_fd_sc_hd__clkbuf_16)
     4    0.05                           clknet_0_clk (net)
                  0.07    0.00    0.24 ^ clkbuf_2_1__f_clk/A (sky130_fd_sc_hd__clkbuf_16)
                  0.05    0.15    0.39 ^ clkbuf_2_1__f_clk/X (sky130_fd_sc_hd__clkbuf_16)
    11    0.03                           clknet_2_1__leaf_clk (net)
                  0.05    0.00    0.39 ^ _326_/CLK (sky130_fd_sc_hd__dfrtp_1)
                  0.09    0.44    0.83 v _326_/Q (sky130_fd_sc_hd__dfrtp_1)
     6    0.02                           baud_count[12] (net)
                  0.09    0.00    0.83 v _167_/B (sky130_fd_sc_hd__or4_1)
                  0.12    0.59    1.42 v _167_/X (sky130_fd_sc_hd__or4_1)
     2    0.01                           _077_ (net)
                  0.12    0.00    1.42 v _170_/B (sky130_fd_sc_hd__nor4_1)
                  0.45    0.48    1.90 ^ _170_/Y (sky130_fd_sc_hd__nor4_1)
     2    0.01                           _080_ (net)
                  0.45    0.00    1.90 ^ max_cap13/A (sky130_fd_sc_hd__buf_1)
                  0.16    0.23    2.13 ^ max_cap13/X (sky130_fd_sc_hd__buf_1)
     3    0.01                           net13 (net)
                  0.16    0.00    2.14 ^ _171_/A1 (sky130_fd_sc_hd__mux2_2)
                  0.10    0.24    2.38 ^ _171_/X (sky130_fd_sc_hd__mux2_2)
     5    0.02                           _081_ (net)
                  0.10    0.00    2.38 ^ _183_/A2 (sky130_fd_sc_hd__a21oi_1)
                  0.05    0.08    2.46 v _183_/Y (sky130_fd_sc_hd__a21oi_1)
     1    0.00                           _054_ (net)
                  0.05    0.00    2.46 v _300_/D (sky130_fd_sc_hd__dfrtp_4)
                                  2.46   data arrival time

                         10.00   10.00   clock clk (rise edge)
                          0.00   10.00   clock source latency
                  0.09    0.06   10.06 ^ clk (in)
     1    0.02                           clk (net)
                  0.09    0.00   10.06 ^ clkbuf_0_clk/A (sky130_fd_sc_hd__clkbuf_16)
                  0.06    0.15   10.21 ^ clkbuf_0_clk/X (sky130_fd_sc_hd__clkbuf_16)
     4    0.05                           clknet_0_clk (net)
                  0.06    0.00   10.21 ^ clkbuf_2_3__f_clk/A (sky130_fd_sc_hd__clkbuf_16)
                  0.05    0.13   10.35 ^ clkbuf_2_3__f_clk/X (sky130_fd_sc_hd__clkbuf_16)
     8    0.03                           clknet_2_3__leaf_clk (net)
                  0.05    0.00   10.35 ^ _300_/CLK (sky130_fd_sc_hd__dfrtp_4)
                         -0.25   10.10   clock uncertainty
                          0.02   10.12   clock reconvergence pessimism
                         -0.11   10.01   library setup time
                                 10.01   data required time
-----------------------------------------------------------------------------
                                 10.01   data required time
                                 -2.46   data arrival time
-----------------------------------------------------------------------------
                                  7.55   slack (MET)


Startpoint: start (input port clocked by clk)
Endpoint: _296_ (rising edge-triggered flip-flop clocked by clk)
Path Group: clk
Path Type: max
Corner: Typical

Fanout     Cap    Slew   Delay    Time   Description
-----------------------------------------------------------------------------
                          0.00    0.00   clock clk (rise edge)
                          0.00    0.00   clock network delay (propagated)
                          2.00    2.00 ^ input external delay
                  0.02    0.01    2.01 ^ start (in)
     1    0.00                           start (net)
                  0.02    0.00    2.01 ^ input10/A (sky130_fd_sc_hd__clkbuf_2)
                  0.13    0.17    2.18 ^ input10/X (sky130_fd_sc_hd__clkbuf_2)
     3    0.02                           net10 (net)
                  0.13    0.00    2.18 ^ _190_/A (sky130_fd_sc_hd__inv_2)
                  0.03    0.04    2.22 v _190_/Y (sky130_fd_sc_hd__inv_2)
     1    0.00                           _093_ (net)
                  0.03    0.00    2.22 v _191_/A1 (sky130_fd_sc_hd__a22o_1)
                  0.04    0.20    2.43 v _191_/X (sky130_fd_sc_hd__a22o_1)
     1    0.00                           _016_ (net)
                  0.04    0.00    2.43 v _296_/D (sky130_fd_sc_hd__dfstp_1)
                                  2.43   data arrival time

                         10.00   10.00   clock clk (rise edge)
                          0.00   10.00   clock source latency
                  0.09    0.06   10.06 ^ clk (in)
     1    0.02                           clk (net)
                  0.09    0.00   10.06 ^ clkbuf_0_clk/A (sky130_fd_sc_hd__clkbuf_16)
                  0.06    0.15   10.21 ^ clkbuf_0_clk/X (sky130_fd_sc_hd__clkbuf_16)
     4    0.05                           clknet_0_clk (net)
                  0.07    0.00   10.22 ^ clkbuf_2_1__f_clk/A (sky130_fd_sc_hd__clkbuf_16)
                  0.05    0.14   10.35 ^ clkbuf_2_1__f_clk/X (sky130_fd_sc_hd__clkbuf_16)
    11    0.03                           clknet_2_1__leaf_clk (net)
                  0.05    0.00   10.35 ^ _296_/CLK (sky130_fd_sc_hd__dfstp_1)
                         -0.25   10.10   clock uncertainty
                          0.00   10.10   clock reconvergence pessimism
                         -0.07   10.04   library setup time
                                 10.04   data required time
-----------------------------------------------------------------------------
                                 10.04   data required time
                                 -2.43   data arrival time
-----------------------------------------------------------------------------
                                  7.61   slack (MET)


Startpoint: _326_ (rising edge-triggered flip-flop clocked by clk)
Endpoint: _318_ (rising edge-triggered flip-flop clocked by clk)
Path Group: clk
Path Type: max
Corner: Typical

Fanout     Cap    Slew   Delay    Time   Description
-----------------------------------------------------------------------------
                          0.00    0.00   clock clk (rise edge)
                          0.00    0.00   clock source latency
                  0.09    0.07    0.07 ^ clk (in)
     1    0.02                           clk (net)
                  0.09    0.00    0.07 ^ clkbuf_0_clk/A (sky130_fd_sc_hd__clkbuf_16)
                  0.06    0.17    0.24 ^ clkbuf_0_clk/X (sky130_fd_sc_hd__clkbuf_16)
     4    0.05                           clknet_0_clk (net)
                  0.07    0.00    0.24 ^ clkbuf_2_1__f_clk/A (sky130_fd_sc_hd__clkbuf_16)
                  0.05    0.15    0.39 ^ clkbuf_2_1__f_clk/X (sky130_fd_sc_hd__clkbuf_16)
    11    0.03                           clknet_2_1__leaf_clk (net)
                  0.05    0.00    0.39 ^ _326_/CLK (sky130_fd_sc_hd__dfrtp_1)
                  0.09    0.44    0.83 v _326_/Q (sky130_fd_sc_hd__dfrtp_1)
     6    0.02                           baud_count[12] (net)
                  0.09    0.00    0.83 v _167_/B (sky130_fd_sc_hd__or4_1)
                  0.12    0.59    1.42 v _167_/X (sky130_fd_sc_hd__or4_1)
     2    0.01                           _077_ (net)
                  0.12    0.00    1.42 v _184_/B (sky130_fd_sc_hd__or4_2)
                  0.15    0.79    2.21 v _184_/X (sky130_fd_sc_hd__or4_2)
     6    0.02                           _090_ (net)
                  0.15    0.00    2.21 v _209_/B1 (sky130_fd_sc_hd__o211a_1)
                  0.04    0.17    2.38 v _209_/X (sky130_fd_sc_hd__o211a_1)
     1    0.00                           _010_ (net)
                  0.04    0.00    2.38 v _318_/D (sky130_fd_sc_hd__dfrtp_1)
                                  2.38   data arrival time

                         10.00   10.00   clock clk (rise edge)
                          0.00   10.00   clock source latency
                  0.09    0.06   10.06 ^ clk (in)
     1    0.02                           clk (net)
                  0.09    0.00   10.06 ^ clkbuf_0_clk/A (sky130_fd_sc_hd__clkbuf_16)
                  0.06    0.15   10.21 ^ clkbuf_0_clk/X (sky130_fd_sc_hd__clkbuf_16)
     4    0.05                           clknet_0_clk (net)
                  0.07    0.00   10.22 ^ clkbuf_2_0__f_clk/A (sky130_fd_sc_hd__clkbuf_16)
                  0.05    0.13   10.35 ^ clkbuf_2_0__f_clk/X (sky130_fd_sc_hd__clkbuf_16)
     9    0.03                           clknet_2_0__leaf_clk (net)
                  0.05    0.00   10.35 ^ _318_/CLK (sky130_fd_sc_hd__dfrtp_1)
                         -0.25   10.10   clock uncertainty
                          0.02   10.12   clock reconvergence pessimism
                         -0.11   10.01   library setup time
                                 10.01   data required time
-----------------------------------------------------------------------------
                                 10.01   data required time
                                 -2.38   data arrival time
-----------------------------------------------------------------------------
                                  7.63   slack (MET)


Startpoint: reset (input port clocked by clk)
Endpoint: _304_ (recovery check against rising-edge clock clk)
Path Group: asynchronous
Path Type: max
Corner: Typical

Fanout     Cap    Slew   Delay    Time   Description
-----------------------------------------------------------------------------
                          0.00    0.00   clock clk (rise edge)
                          0.00    0.00   clock network delay (propagated)
                          2.00    2.00 v input external delay
                  0.01    0.00    2.00 v reset (in)
     1    0.00                           reset (net)
                  0.01    0.00    2.00 v input9/A (sky130_fd_sc_hd__buf_2)
                  0.09    0.17    2.17 v input9/X (sky130_fd_sc_hd__buf_2)
     7    0.03                           net9 (net)
                  0.09    0.00    2.18 v _259_/A (sky130_fd_sc_hd__buf_4)
                  0.08    0.22    2.40 v _259_/X (sky130_fd_sc_hd__buf_4)
    10    0.06                           _143_ (net)
                  0.08    0.00    2.40 v _268_/A (sky130_fd_sc_hd__inv_2)
                  0.03    0.06    2.46 ^ _268_/Y (sky130_fd_sc_hd__inv_2)
     1    0.00                           _045_ (net)
                  0.03    0.00    2.46 ^ _304_/SET_B (sky130_fd_sc_hd__dfstp_1)
                                  2.46   data arrival time

                         10.00   10.00   clock clk (rise edge)
                          0.00   10.00   clock source latency
                  0.09    0.06   10.06 ^ clk (in)
     1    0.02                           clk (net)
                  0.09    0.00   10.06 ^ clkbuf_0_clk/A (sky130_fd_sc_hd__clkbuf_16)
                  0.06    0.15   10.21 ^ clkbuf_0_clk/X (sky130_fd_sc_hd__clkbuf_16)
     4    0.05                           clknet_0_clk (net)
                  0.07    0.00   10.22 ^ clkbuf_2_2__f_clk/A (sky130_fd_sc_hd__clkbuf_16)
                  0.04    0.12   10.34 ^ clkbuf_2_2__f_clk/X (sky130_fd_sc_hd__clkbuf_16)
     6    0.02                           clknet_2_2__leaf_clk (net)
                  0.04    0.00   10.34 ^ _304_/CLK (sky130_fd_sc_hd__dfstp_1)
                         -0.25   10.09   clock uncertainty
                          0.00   10.09   clock reconvergence pessimism
                          0.14   10.23   library recovery time
                                 10.23   data required time
-----------------------------------------------------------------------------
                                 10.23   data required time
                                 -2.46   data arrival time
-----------------------------------------------------------------------------
                                  7.76   slack (MET)


Startpoint: reset (input port clocked by clk)
Endpoint: _296_ (recovery check against rising-edge clock clk)
Path Group: asynchronous
Path Type: max
Corner: Typical

Fanout     Cap    Slew   Delay    Time   Description
-----------------------------------------------------------------------------
                          0.00    0.00   clock clk (rise edge)
                          0.00    0.00   clock network delay (propagated)
                          2.00    2.00 v input external delay
                  0.01    0.00    2.00 v reset (in)
     1    0.00                           reset (net)
                  0.01    0.00    2.00 v input9/A (sky130_fd_sc_hd__buf_2)
                  0.09    0.17    2.17 v input9/X (sky130_fd_sc_hd__buf_2)
     7    0.03                           net9 (net)
                  0.09    0.00    2.18 v _259_/A (sky130_fd_sc_hd__buf_4)
                  0.08    0.22    2.40 v _259_/X (sky130_fd_sc_hd__buf_4)
    10    0.06                           _143_ (net)
                  0.08    0.00    2.40 v _260_/A (sky130_fd_sc_hd__inv_2)
                  0.03    0.06    2.46 ^ _260_/Y (sky130_fd_sc_hd__inv_2)
     1    0.00                           _037_ (net)
                  0.03    0.00    2.46 ^ _296_/SET_B (sky130_fd_sc_hd__dfstp_1)
                                  2.46   data arrival time

                         10.00   10.00   clock clk (rise edge)
                          0.00   10.00   clock source latency
                  0.09    0.06   10.06 ^ clk (in)
     1    0.02                           clk (net)
                  0.09    0.00   10.06 ^ clkbuf_0_clk/A (sky130_fd_sc_hd__clkbuf_16)
                  0.06    0.15   10.21 ^ clkbuf_0_clk/X (sky130_fd_sc_hd__clkbuf_16)
     4    0.05                           clknet_0_clk (net)
                  0.07    0.00   10.22 ^ clkbuf_2_1__f_clk/A (sky130_fd_sc_hd__clkbuf_16)
                  0.05    0.14   10.35 ^ clkbuf_2_1__f_clk/X (sky130_fd_sc_hd__clkbuf_16)
    11    0.03                           clknet_2_1__leaf_clk (net)
                  0.05    0.00   10.35 ^ _296_/CLK (sky130_fd_sc_hd__dfstp_1)
                         -0.25   10.10   clock uncertainty
                          0.00   10.10   clock reconvergence pessimism
                          0.14   10.25   library recovery time
                                 10.25   data required time
-----------------------------------------------------------------------------
                                 10.25   data required time
                                 -2.46   data arrival time
-----------------------------------------------------------------------------
                                  7.79   slack (MET)


Startpoint: reset (input port clocked by clk)
Endpoint: _315_ (recovery check against rising-edge clock clk)
Path Group: asynchronous
Path Type: max
Corner: Typical

Fanout     Cap    Slew   Delay    Time   Description
-----------------------------------------------------------------------------
                          0.00    0.00   clock clk (rise edge)
                          0.00    0.00   clock network delay (propagated)
                          2.00    2.00 v input external delay
                  0.01    0.00    2.00 v reset (in)
     1    0.00                           reset (net)
                  0.01    0.00    2.00 v input9/A (sky130_fd_sc_hd__buf_2)
                  0.09    0.17    2.17 v input9/X (sky130_fd_sc_hd__buf_2)
     7    0.03                           net9 (net)
                  0.09    0.00    2.18 v _270_/A (sky130_fd_sc_hd__buf_4)
                  0.09    0.22    2.40 v _270_/X (sky130_fd_sc_hd__buf_4)
    10    0.06                           _144_ (net)
                  0.09    0.01    2.41 v _280_/A (sky130_fd_sc_hd__inv_2)
                  0.04    0.06    2.47 ^ _280_/Y (sky130_fd_sc_hd__inv_2)
     1    0.00                           _022_ (net)
                  0.04    0.00    2.47 ^ _315_/RESET_B (sky130_fd_sc_hd__dfrtp_2)
                                  2.47   data arrival time

                         10.00   10.00   clock clk (rise edge)
                          0.00   10.00   clock source latency
                  0.09    0.06   10.06 ^ clk (in)
     1    0.02                           clk (net)
                  0.09    0.00   10.06 ^ clkbuf_0_clk/A (sky130_fd_sc_hd__clkbuf_16)
                  0.06    0.15   10.21 ^ clkbuf_0_clk/X (sky130_fd_sc_hd__clkbuf_16)
     4    0.05                           clknet_0_clk (net)
                  0.07    0.00   10.22 ^ clkbuf_2_2__f_clk/A (sky130_fd_sc_hd__clkbuf_16)
                  0.04    0.12   10.34 ^ clkbuf_2_2__f_clk/X (sky130_fd_sc_hd__clkbuf_16)
     6    0.02                           clknet_2_2__leaf_clk (net)
                  0.04    0.00   10.34 ^ _315_/CLK (sky130_fd_sc_hd__dfrtp_2)
                         -0.25   10.09   clock uncertainty
                          0.00   10.09   clock reconvergence pessimism
                          0.22   10.31   library recovery time
                                 10.31   data required time
-----------------------------------------------------------------------------
                                 10.31   data required time
                                 -2.47   data arrival time
-----------------------------------------------------------------------------
                                  7.84   slack (MET)


Startpoint: reset (input port clocked by clk)
Endpoint: _297_ (recovery check against rising-edge clock clk)
Path Group: asynchronous
Path Type: max
Corner: Typical

Fanout     Cap    Slew   Delay    Time   Description
-----------------------------------------------------------------------------
                          0.00    0.00   clock clk (rise edge)
                          0.00    0.00   clock network delay (propagated)
                          2.00    2.00 v input external delay
                  0.01    0.00    2.00 v reset (in)
     1    0.00                           reset (net)
                  0.01    0.00    2.00 v input9/A (sky130_fd_sc_hd__buf_2)
                  0.09    0.17    2.17 v input9/X (sky130_fd_sc_hd__buf_2)
     7    0.03                           net9 (net)
                  0.09    0.00    2.18 v _259_/A (sky130_fd_sc_hd__buf_4)
                  0.08    0.22    2.40 v _259_/X (sky130_fd_sc_hd__buf_4)
    10    0.06                           _143_ (net)
                  0.08    0.00    2.40 v _261_/A (sky130_fd_sc_hd__inv_2)
                  0.03    0.06    2.46 ^ _261_/Y (sky130_fd_sc_hd__inv_2)
     1    0.00                           _038_ (net)
                  0.03    0.00    2.46 ^ _297_/RESET_B (sky130_fd_sc_hd__dfrtp_4)
                                  2.46   data arrival time

                         10.00   10.00   clock clk (rise edge)
                          0.00   10.00   clock source latency
                  0.09    0.06   10.06 ^ clk (in)
     1    0.02                           clk (net)
                  0.09    0.00   10.06 ^ clkbuf_0_clk/A (sky130_fd_sc_hd__clkbuf_16)
                  0.06    0.15   10.21 ^ clkbuf_0_clk/X (sky130_fd_sc_hd__clkbuf_16)
     4    0.05                           clknet_0_clk (net)
                  0.07    0.00   10.22 ^ clkbuf_2_2__f_clk/A (sky130_fd_sc_hd__clkbuf_16)
                  0.04    0.12   10.34 ^ clkbuf_2_2__f_clk/X (sky130_fd_sc_hd__clkbuf_16)
     6    0.02                           clknet_2_2__leaf_clk (net)
                  0.04    0.00   10.34 ^ _297_/CLK (sky130_fd_sc_hd__dfrtp_4)
                         -0.25   10.09   clock uncertainty
                          0.00   10.09   clock reconvergence pessimism
                          0.22   10.31   library recovery time
                                 10.31   data required time
-----------------------------------------------------------------------------
                                 10.31   data required time
                                 -2.46   data arrival time
-----------------------------------------------------------------------------
                                  7.85   slack (MET)


Startpoint: reset (input port clocked by clk)
Endpoint: _314_ (recovery check against rising-edge clock clk)
Path Group: asynchronous
Path Type: max
Corner: Typical

Fanout     Cap    Slew   Delay    Time   Description
-----------------------------------------------------------------------------
                          0.00    0.00   clock clk (rise edge)
                          0.00    0.00   clock network delay (propagated)
                          2.00    2.00 v input external delay
                  0.01    0.00    2.00 v reset (in)
     1    0.00                           reset (net)
                  0.01    0.00    2.00 v input9/A (sky130_fd_sc_hd__buf_2)
                  0.09    0.17    2.17 v input9/X (sky130_fd_sc_hd__buf_2)
     7    0.03                           net9 (net)
                  0.09    0.00    2.18 v _270_/A (sky130_fd_sc_hd__buf_4)
                  0.09    0.22    2.40 v _270_/X (sky130_fd_sc_hd__buf_4)
    10    0.06                           _144_ (net)
                  0.09    0.01    2.41 v _279_/A (sky130_fd_sc_hd__inv_2)
                  0.04    0.07    2.48 ^ _279_/Y (sky130_fd_sc_hd__inv_2)
     1    0.00                           _021_ (net)
                  0.04    0.00    2.48 ^ _314_/RESET_B (sky130_fd_sc_hd__dfrtp_4)
                                  2.48   data arrival time

                         10.00   10.00   clock clk (rise edge)
                          0.00   10.00   clock source latency
                  0.09    0.06   10.06 ^ clk (in)
     1    0.02                           clk (net)
                  0.09    0.00   10.06 ^ clkbuf_0_clk/A (sky130_fd_sc_hd__clkbuf_16)
                  0.06    0.15   10.21 ^ clkbuf_0_clk/X (sky130_fd_sc_hd__clkbuf_16)
     4    0.05                           clknet_0_clk (net)
                  0.07    0.00   10.22 ^ clkbuf_2_0__f_clk/A (sky130_fd_sc_hd__clkbuf_16)
                  0.05    0.13   10.35 ^ clkbuf_2_0__f_clk/X (sky130_fd_sc_hd__clkbuf_16)
     9    0.03                           clknet_2_0__leaf_clk (net)
                  0.05    0.00   10.35 ^ _314_/CLK (sky130_fd_sc_hd__dfrtp_4)
                         -0.25   10.10   clock uncertainty
                          0.00   10.10   clock reconvergence pessimism
                          0.22   10.32   library recovery time
                                 10.32   data required time
-----------------------------------------------------------------------------
                                 10.32   data required time
                                 -2.48   data arrival time
-----------------------------------------------------------------------------
                                  7.85   slack (MET)


Startpoint: reset (input port clocked by clk)
Endpoint: _301_ (recovery check against rising-edge clock clk)
Path Group: asynchronous
Path Type: max
Corner: Typical

Fanout     Cap    Slew   Delay    Time   Description
-----------------------------------------------------------------------------
                          0.00    0.00   clock clk (rise edge)
                          0.00    0.00   clock network delay (propagated)
                          2.00    2.00 v input external delay
                  0.01    0.00    2.00 v reset (in)
     1    0.00                           reset (net)
                  0.01    0.00    2.00 v input9/A (sky130_fd_sc_hd__buf_2)
                  0.09    0.17    2.17 v input9/X (sky130_fd_sc_hd__buf_2)
     7    0.03                           net9 (net)
                  0.09    0.00    2.18 v _259_/A (sky130_fd_sc_hd__buf_4)
                  0.08    0.22    2.40 v _259_/X (sky130_fd_sc_hd__buf_4)
    10    0.06                           _143_ (net)
                  0.08    0.00    2.40 v _265_/A (sky130_fd_sc_hd__inv_2)
                  0.04    0.06    2.46 ^ _265_/Y (sky130_fd_sc_hd__inv_2)
     1    0.00                           _042_ (net)
                  0.04    0.00    2.46 ^ _301_/RESET_B (sky130_fd_sc_hd__dfrtp_2)
                                  2.46   data arrival time

                         10.00   10.00   clock clk (rise edge)
                          0.00   10.00   clock source latency
                  0.09    0.06   10.06 ^ clk (in)
     1    0.02                           clk (net)
                  0.09    0.00   10.06 ^ clkbuf_0_clk/A (sky130_fd_sc_hd__clkbuf_16)
                  0.06    0.15   10.21 ^ clkbuf_0_clk/X (sky130_fd_sc_hd__clkbuf_16)
     4    0.05                           clknet_0_clk (net)
                  0.06    0.00   10.21 ^ clkbuf_2_3__f_clk/A (sky130_fd_sc_hd__clkbuf_16)
                  0.05    0.13   10.35 ^ clkbuf_2_3__f_clk/X (sky130_fd_sc_hd__clkbuf_16)
     8    0.03                           clknet_2_3__leaf_clk (net)
                  0.05    0.00   10.35 ^ _301_/CLK (sky130_fd_sc_hd__dfrtp_2)
                         -0.25   10.10   clock uncertainty
                          0.00   10.10   clock reconvergence pessimism
                          0.22   10.32   library recovery time
                                 10.32   data required time
-----------------------------------------------------------------------------
                                 10.32   data required time
                                 -2.46   data arrival time
-----------------------------------------------------------------------------
                                  7.86   slack (MET)


Startpoint: reset (input port clocked by clk)
Endpoint: _322_ (recovery check against rising-edge clock clk)
Path Group: asynchronous
Path Type: max
Corner: Typical

Fanout     Cap    Slew   Delay    Time   Description
-----------------------------------------------------------------------------
                          0.00    0.00   clock clk (rise edge)
                          0.00    0.00   clock network delay (propagated)
                          2.00    2.00 v input external delay
                  0.01    0.00    2.00 v reset (in)
     1    0.00                           reset (net)
                  0.01    0.00    2.00 v input9/A (sky130_fd_sc_hd__buf_2)
                  0.09    0.17    2.17 v input9/X (sky130_fd_sc_hd__buf_2)
     7    0.03                           net9 (net)
                  0.09    0.00    2.18 v _281_/A (sky130_fd_sc_hd__buf_4)
                  0.09    0.22    2.40 v _281_/X (sky130_fd_sc_hd__buf_4)
    10    0.06                           _145_ (net)
                  0.09    0.00    2.40 v _288_/A (sky130_fd_sc_hd__inv_2)
                  0.04    0.06    2.47 ^ _288_/Y (sky130_fd_sc_hd__inv_2)
     1    0.00                           _029_ (net)
                  0.04    0.00    2.47 ^ _322_/RESET_B (sky130_fd_sc_hd__dfrtp_2)
                                  2.47   data arrival time

                         10.00   10.00   clock clk (rise edge)
                          0.00   10.00   clock source latency
                  0.09    0.06   10.06 ^ clk (in)
     1    0.02                           clk (net)
                  0.09    0.00   10.06 ^ clkbuf_0_clk/A (sky130_fd_sc_hd__clkbuf_16)
                  0.06    0.15   10.21 ^ clkbuf_0_clk/X (sky130_fd_sc_hd__clkbuf_16)
     4    0.05                           clknet_0_clk (net)
                  0.07    0.00   10.22 ^ clkbuf_2_0__f_clk/A (sky130_fd_sc_hd__clkbuf_16)
                  0.05    0.13   10.35 ^ clkbuf_2_0__f_clk/X (sky130_fd_sc_hd__clkbuf_16)
     9    0.03                           clknet_2_0__leaf_clk (net)
                  0.05    0.00   10.35 ^ _322_/CLK (sky130_fd_sc_hd__dfrtp_2)
                         -0.25   10.10   clock uncertainty
                          0.00   10.10   clock reconvergence pessimism
                          0.22   10.32   library recovery time
                                 10.32   data required time
-----------------------------------------------------------------------------
                                 10.32   data required time
                                 -2.47   data arrival time
-----------------------------------------------------------------------------
                                  7.86   slack (MET)


Startpoint: reset (input port clocked by clk)
Endpoint: _300_ (recovery check against rising-edge clock clk)
Path Group: asynchronous
Path Type: max
Corner: Typical

Fanout     Cap    Slew   Delay    Time   Description
-----------------------------------------------------------------------------
                          0.00    0.00   clock clk (rise edge)
                          0.00    0.00   clock network delay (propagated)
                          2.00    2.00 v input external delay
                  0.01    0.00    2.00 v reset (in)
     1    0.00                           reset (net)
                  0.01    0.00    2.00 v input9/A (sky130_fd_sc_hd__buf_2)
                  0.09    0.17    2.17 v input9/X (sky130_fd_sc_hd__buf_2)
     7    0.03                           net9 (net)
                  0.09    0.00    2.18 v _259_/A (sky130_fd_sc_hd__buf_4)
                  0.08    0.22    2.40 v _259_/X (sky130_fd_sc_hd__buf_4)
    10    0.06                           _143_ (net)
                  0.08    0.00    2.40 v _264_/A (sky130_fd_sc_hd__inv_2)
                  0.03    0.06    2.46 ^ _264_/Y (sky130_fd_sc_hd__inv_2)
     1    0.00                           _041_ (net)
                  0.03    0.00    2.46 ^ _300_/RESET_B (sky130_fd_sc_hd__dfrtp_4)
                                  2.46   data arrival time

                         10.00   10.00   clock clk (rise edge)
                          0.00   10.00   clock source latency
                  0.09    0.06   10.06 ^ clk (in)
     1    0.02                           clk (net)
                  0.09    0.00   10.06 ^ clkbuf_0_clk/A (sky130_fd_sc_hd__clkbuf_16)
                  0.06    0.15   10.21 ^ clkbuf_0_clk/X (sky130_fd_sc_hd__clkbuf_16)
     4    0.05                           clknet_0_clk (net)
                  0.06    0.00   10.21 ^ clkbuf_2_3__f_clk/A (sky130_fd_sc_hd__clkbuf_16)
                  0.05    0.13   10.35 ^ clkbuf_2_3__f_clk/X (sky130_fd_sc_hd__clkbuf_16)
     8    0.03                           clknet_2_3__leaf_clk (net)
                  0.05    0.00   10.35 ^ _300_/CLK (sky130_fd_sc_hd__dfrtp_4)
                         -0.25   10.10   clock uncertainty
                          0.00   10.10   clock reconvergence pessimism
                          0.22   10.32   library recovery time
                                 10.32   data required time
-----------------------------------------------------------------------------
                                 10.32   data required time
                                 -2.46   data arrival time
-----------------------------------------------------------------------------
                                  7.86   slack (MET)


Startpoint: reset (input port clocked by clk)
Endpoint: _305_ (recovery check against rising-edge clock clk)
Path Group: asynchronous
Path Type: max
Corner: Typical

Fanout     Cap    Slew   Delay    Time   Description
-----------------------------------------------------------------------------
                          0.00    0.00   clock clk (rise edge)
                          0.00    0.00   clock network delay (propagated)
                          2.00    2.00 v input external delay
                  0.01    0.00    2.00 v reset (in)
     1    0.00                           reset (net)
                  0.01    0.00    2.00 v input9/A (sky130_fd_sc_hd__buf_2)
                  0.09    0.17    2.17 v input9/X (sky130_fd_sc_hd__buf_2)
     7    0.03                           net9 (net)
                  0.09    0.00    2.18 v _259_/A (sky130_fd_sc_hd__buf_4)
                  0.08    0.22    2.40 v _259_/X (sky130_fd_sc_hd__buf_4)
    10    0.06                           _143_ (net)
                  0.08    0.00    2.40 v _269_/A (sky130_fd_sc_hd__inv_2)
                  0.03    0.06    2.46 ^ _269_/Y (sky130_fd_sc_hd__inv_2)
     1    0.00                           _046_ (net)
                  0.03    0.00    2.46 ^ _305_/RESET_B (sky130_fd_sc_hd__dfrtp_1)
                                  2.46   data arrival time

                         10.00   10.00   clock clk (rise edge)
                          0.00   10.00   clock source latency
                  0.09    0.06   10.06 ^ clk (in)
     1    0.02                           clk (net)
                  0.09    0.00   10.06 ^ clkbuf_0_clk/A (sky130_fd_sc_hd__clkbuf_16)
                  0.06    0.15   10.21 ^ clkbuf_0_clk/X (sky130_fd_sc_hd__clkbuf_16)
     4    0.05                           clknet_0_clk (net)
                  0.07    0.00   10.22 ^ clkbuf_2_2__f_clk/A (sky130_fd_sc_hd__clkbuf_16)
                  0.04    0.12   10.34 ^ clkbuf_2_2__f_clk/X (sky130_fd_sc_hd__clkbuf_16)
     6    0.02                           clknet_2_2__leaf_clk (net)
                  0.04    0.00   10.34 ^ _305_/CLK (sky130_fd_sc_hd__dfrtp_1)
                         -0.25   10.09   clock uncertainty
                          0.00   10.09   clock reconvergence pessimism
                          0.23   10.32   library recovery time
                                 10.32   data required time
-----------------------------------------------------------------------------
                                 10.32   data required time
                                 -2.46   data arrival time
-----------------------------------------------------------------------------
                                  7.86   slack (MET)


Startpoint: reset (input port clocked by clk)
Endpoint: _299_ (recovery check against rising-edge clock clk)
Path Group: asynchronous
Path Type: max
Corner: Typical

Fanout     Cap    Slew   Delay    Time   Description
-----------------------------------------------------------------------------
                          0.00    0.00   clock clk (rise edge)
                          0.00    0.00   clock network delay (propagated)
                          2.00    2.00 v input external delay
                  0.01    0.00    2.00 v reset (in)
     1    0.00                           reset (net)
                  0.01    0.00    2.00 v input9/A (sky130_fd_sc_hd__buf_2)
                  0.09    0.17    2.17 v input9/X (sky130_fd_sc_hd__buf_2)
     7    0.03                           net9 (net)
                  0.09    0.00    2.18 v _259_/A (sky130_fd_sc_hd__buf_4)
                  0.08    0.22    2.40 v _259_/X (sky130_fd_sc_hd__buf_4)
    10    0.06                           _143_ (net)
                  0.08    0.00    2.40 v _263_/A (sky130_fd_sc_hd__inv_2)
                  0.03    0.06    2.46 ^ _263_/Y (sky130_fd_sc_hd__inv_2)
     1    0.00                           _040_ (net)
                  0.03    0.00    2.46 ^ _299_/RESET_B (sky130_fd_sc_hd__dfrtp_1)
                                  2.46   data arrival time

                         10.00   10.00   clock clk (rise edge)
                          0.00   10.00   clock source latency
                  0.09    0.06   10.06 ^ clk (in)
     1    0.02                           clk (net)
                  0.09    0.00   10.06 ^ clkbuf_0_clk/A (sky130_fd_sc_hd__clkbuf_16)
                  0.06    0.15   10.21 ^ clkbuf_0_clk/X (sky130_fd_sc_hd__clkbuf_16)
     4    0.05                           clknet_0_clk (net)
                  0.07    0.00   10.22 ^ clkbuf_2_2__f_clk/A (sky130_fd_sc_hd__clkbuf_16)
                  0.04    0.12   10.34 ^ clkbuf_2_2__f_clk/X (sky130_fd_sc_hd__clkbuf_16)
     6    0.02                           clknet_2_2__leaf_clk (net)
                  0.04    0.00   10.34 ^ _299_/CLK (sky130_fd_sc_hd__dfrtp_1)
                         -0.25   10.09   clock uncertainty
                          0.00   10.09   clock reconvergence pessimism
                          0.23   10.32   library recovery time
                                 10.32   data required time
-----------------------------------------------------------------------------
                                 10.32   data required time
                                 -2.46   data arrival time
-----------------------------------------------------------------------------
                                  7.86   slack (MET)


Startpoint: reset (input port clocked by clk)
Endpoint: _303_ (recovery check against rising-edge clock clk)
Path Group: asynchronous
Path Type: max
Corner: Typical

Fanout     Cap    Slew   Delay    Time   Description
-----------------------------------------------------------------------------
                          0.00    0.00   clock clk (rise edge)
                          0.00    0.00   clock network delay (propagated)
                          2.00    2.00 v input external delay
                  0.01    0.00    2.00 v reset (in)
     1    0.00                           reset (net)
                  0.01    0.00    2.00 v input9/A (sky130_fd_sc_hd__buf_2)
                  0.09    0.17    2.17 v input9/X (sky130_fd_sc_hd__buf_2)
     7    0.03                           net9 (net)
                  0.09    0.00    2.18 v _259_/A (sky130_fd_sc_hd__buf_4)
                  0.08    0.22    2.40 v _259_/X (sky130_fd_sc_hd__buf_4)
    10    0.06                           _143_ (net)
                  0.08    0.00    2.40 v _267_/A (sky130_fd_sc_hd__inv_2)
                  0.03    0.06    2.46 ^ _267_/Y (sky130_fd_sc_hd__inv_2)
     1    0.00                           _044_ (net)
                  0.03    0.00    2.46 ^ _303_/RESET_B (sky130_fd_sc_hd__dfrtp_1)
                                  2.46   data arrival time

                         10.00   10.00   clock clk (rise edge)
                          0.00   10.00   clock source latency
                  0.09    0.06   10.06 ^ clk (in)
     1    0.02                           clk (net)
                  0.09    0.00   10.06 ^ clkbuf_0_clk/A (sky130_fd_sc_hd__clkbuf_16)
                  0.06    0.15   10.21 ^ clkbuf_0_clk/X (sky130_fd_sc_hd__clkbuf_16)
     4    0.05                           clknet_0_clk (net)
                  0.07    0.00   10.22 ^ clkbuf_2_2__f_clk/A (sky130_fd_sc_hd__clkbuf_16)
                  0.04    0.12   10.34 ^ clkbuf_2_2__f_clk/X (sky130_fd_sc_hd__clkbuf_16)
     6    0.02                           clknet_2_2__leaf_clk (net)
                  0.04    0.00   10.34 ^ _303_/CLK (sky130_fd_sc_hd__dfrtp_1)
                         -0.25   10.09   clock uncertainty
                          0.00   10.09   clock reconvergence pessimism
                          0.23   10.32   library recovery time
                                 10.32   data required time
-----------------------------------------------------------------------------
                                 10.32   data required time
                                 -2.46   data arrival time
-----------------------------------------------------------------------------
                                  7.86   slack (MET)


Startpoint: reset (input port clocked by clk)
Endpoint: _312_ (recovery check against rising-edge clock clk)
Path Group: asynchronous
Path Type: max
Corner: Typical

Fanout     Cap    Slew   Delay    Time   Description
-----------------------------------------------------------------------------
                          0.00    0.00   clock clk (rise edge)
                          0.00    0.00   clock network delay (propagated)
                          2.00    2.00 v input external delay
                  0.01    0.00    2.00 v reset (in)
     1    0.00                           reset (net)
                  0.01    0.00    2.00 v input9/A (sky130_fd_sc_hd__buf_2)
                  0.09    0.17    2.17 v input9/X (sky130_fd_sc_hd__buf_2)
     7    0.03                           net9 (net)
                  0.09    0.00    2.18 v _270_/A (sky130_fd_sc_hd__buf_4)
                  0.09    0.22    2.40 v _270_/X (sky130_fd_sc_hd__buf_4)
    10    0.06                           _144_ (net)
                  0.09    0.01    2.41 v _277_/A (sky130_fd_sc_hd__inv_2)
                  0.04    0.07    2.47 ^ _277_/Y (sky130_fd_sc_hd__inv_2)
     1    0.00                           _053_ (net)
                  0.04    0.00    2.47 ^ _312_/RESET_B (sky130_fd_sc_hd__dfrtp_1)
                                  2.47   data arrival time

                         10.00   10.00   clock clk (rise edge)
                          0.00   10.00   clock source latency
                  0.09    0.06   10.06 ^ clk (in)
     1    0.02                           clk (net)
                  0.09    0.00   10.06 ^ clkbuf_0_clk/A (sky130_fd_sc_hd__clkbuf_16)
                  0.06    0.15   10.21 ^ clkbuf_0_clk/X (sky130_fd_sc_hd__clkbuf_16)
     4    0.05                           clknet_0_clk (net)
                  0.06    0.00   10.21 ^ clkbuf_2_3__f_clk/A (sky130_fd_sc_hd__clkbuf_16)
                  0.05    0.13   10.35 ^ clkbuf_2_3__f_clk/X (sky130_fd_sc_hd__clkbuf_16)
     8    0.03                           clknet_2_3__leaf_clk (net)
                  0.05    0.00   10.35 ^ _312_/CLK (sky130_fd_sc_hd__dfrtp_1)
                         -0.25   10.10   clock uncertainty
                          0.00   10.10   clock reconvergence pessimism
                          0.23   10.33   library recovery time
                                 10.33   data required time
-----------------------------------------------------------------------------
                                 10.33   data required time
                                 -2.47   data arrival time
-----------------------------------------------------------------------------
                                  7.86   slack (MET)


Startpoint: reset (input port clocked by clk)
Endpoint: _313_ (recovery check against rising-edge clock clk)
Path Group: asynchronous
Path Type: max
Corner: Typical

Fanout     Cap    Slew   Delay    Time   Description
-----------------------------------------------------------------------------
                          0.00    0.00   clock clk (rise edge)
                          0.00    0.00   clock network delay (propagated)
                          2.00    2.00 v input external delay
                  0.01    0.00    2.00 v reset (in)
     1    0.00                           reset (net)
                  0.01    0.00    2.00 v input9/A (sky130_fd_sc_hd__buf_2)
                  0.09    0.17    2.17 v input9/X (sky130_fd_sc_hd__buf_2)
     7    0.03                           net9 (net)
                  0.09    0.00    2.18 v _270_/A (sky130_fd_sc_hd__buf_4)
                  0.09    0.22    2.40 v _270_/X (sky130_fd_sc_hd__buf_4)
    10    0.06                           _144_ (net)
                  0.09    0.01    2.41 v _278_/A (sky130_fd_sc_hd__inv_2)
                  0.04    0.07    2.47 ^ _278_/Y (sky130_fd_sc_hd__inv_2)
     1    0.00                           _020_ (net)
                  0.04    0.00    2.47 ^ _313_/RESET_B (sky130_fd_sc_hd__dfrtp_1)
                                  2.47   data arrival time

                         10.00   10.00   clock clk (rise edge)
                          0.00   10.00   clock source latency
                  0.09    0.06   10.06 ^ clk (in)
     1    0.02                           clk (net)
                  0.09    0.00   10.06 ^ clkbuf_0_clk/A (sky130_fd_sc_hd__clkbuf_16)
                  0.06    0.15   10.21 ^ clkbuf_0_clk/X (sky130_fd_sc_hd__clkbuf_16)
     4    0.05                           clknet_0_clk (net)
                  0.06    0.00   10.21 ^ clkbuf_2_3__f_clk/A (sky130_fd_sc_hd__clkbuf_16)
                  0.05    0.13   10.35 ^ clkbuf_2_3__f_clk/X (sky130_fd_sc_hd__clkbuf_16)
     8    0.03                           clknet_2_3__leaf_clk (net)
                  0.05    0.00   10.35 ^ _313_/CLK (sky130_fd_sc_hd__dfrtp_1)
                         -0.25   10.10   clock uncertainty
                          0.00   10.10   clock reconvergence pessimism
                          0.23   10.33   library recovery time
                                 10.33   data required time
-----------------------------------------------------------------------------
                                 10.33   data required time
                                 -2.47   data arrival time
-----------------------------------------------------------------------------
                                  7.86   slack (MET)


Startpoint: reset (input port clocked by clk)
Endpoint: _310_ (recovery check against rising-edge clock clk)
Path Group: asynchronous
Path Type: max
Corner: Typical

Fanout     Cap    Slew   Delay    Time   Description
-----------------------------------------------------------------------------
                          0.00    0.00   clock clk (rise edge)
                          0.00    0.00   clock network delay (propagated)
                          2.00    2.00 v input external delay
                  0.01    0.00    2.00 v reset (in)
     1    0.00                           reset (net)
                  0.01    0.00    2.00 v input9/A (sky130_fd_sc_hd__buf_2)
                  0.09    0.17    2.17 v input9/X (sky130_fd_sc_hd__buf_2)
     7    0.03                           net9 (net)
                  0.09    0.00    2.18 v _270_/A (sky130_fd_sc_hd__buf_4)
                  0.09    0.22    2.40 v _270_/X (sky130_fd_sc_hd__buf_4)
    10    0.06                           _144_ (net)
                  0.09    0.01    2.41 v _275_/A (sky130_fd_sc_hd__inv_2)
                  0.04    0.06    2.47 ^ _275_/Y (sky130_fd_sc_hd__inv_2)
     1    0.00                           _051_ (net)
                  0.04    0.00    2.47 ^ _310_/RESET_B (sky130_fd_sc_hd__dfrtp_1)
                                  2.47   data arrival time

                         10.00   10.00   clock clk (rise edge)
                          0.00   10.00   clock source latency
                  0.09    0.06   10.06 ^ clk (in)
     1    0.02                           clk (net)
                  0.09    0.00   10.06 ^ clkbuf_0_clk/A (sky130_fd_sc_hd__clkbuf_16)
                  0.06    0.15   10.21 ^ clkbuf_0_clk/X (sky130_fd_sc_hd__clkbuf_16)
     4    0.05                           clknet_0_clk (net)
                  0.06    0.00   10.21 ^ clkbuf_2_3__f_clk/A (sky130_fd_sc_hd__clkbuf_16)
                  0.05    0.13   10.35 ^ clkbuf_2_3__f_clk/X (sky130_fd_sc_hd__clkbuf_16)
     8    0.03                           clknet_2_3__leaf_clk (net)
                  0.05    0.00   10.35 ^ _310_/CLK (sky130_fd_sc_hd__dfrtp_1)
                         -0.25   10.10   clock uncertainty
                          0.00   10.10   clock reconvergence pessimism
                          0.23   10.33   library recovery time
                                 10.33   data required time
-----------------------------------------------------------------------------
                                 10.33   data required time
                                 -2.47   data arrival time
-----------------------------------------------------------------------------
                                  7.86   slack (MET)


Startpoint: reset (input port clocked by clk)
Endpoint: _311_ (recovery check against rising-edge clock clk)
Path Group: asynchronous
Path Type: max
Corner: Typical

Fanout     Cap    Slew   Delay    Time   Description
-----------------------------------------------------------------------------
                          0.00    0.00   clock clk (rise edge)
                          0.00    0.00   clock network delay (propagated)
                          2.00    2.00 v input external delay
                  0.01    0.00    2.00 v reset (in)
     1    0.00                           reset (net)
                  0.01    0.00    2.00 v input9/A (sky130_fd_sc_hd__buf_2)
                  0.09    0.17    2.17 v input9/X (sky130_fd_sc_hd__buf_2)
     7    0.03                           net9 (net)
                  0.09    0.00    2.18 v _270_/A (sky130_fd_sc_hd__buf_4)
                  0.09    0.22    2.40 v _270_/X (sky130_fd_sc_hd__buf_4)
    10    0.06                           _144_ (net)
                  0.09    0.01    2.40 v _276_/A (sky130_fd_sc_hd__inv_2)
                  0.04    0.07    2.47 ^ _276_/Y (sky130_fd_sc_hd__inv_2)
     1    0.00                           _052_ (net)
                  0.04    0.00    2.47 ^ _311_/RESET_B (sky130_fd_sc_hd__dfrtp_1)
                                  2.47   data arrival time

                         10.00   10.00   clock clk (rise edge)
                          0.00   10.00   clock source latency
                  0.09    0.06   10.06 ^ clk (in)
     1    0.02                           clk (net)
                  0.09    0.00   10.06 ^ clkbuf_0_clk/A (sky130_fd_sc_hd__clkbuf_16)
                  0.06    0.15   10.21 ^ clkbuf_0_clk/X (sky130_fd_sc_hd__clkbuf_16)
     4    0.05                           clknet_0_clk (net)
                  0.06    0.00   10.21 ^ clkbuf_2_3__f_clk/A (sky130_fd_sc_hd__clkbuf_16)
                  0.05    0.13   10.35 ^ clkbuf_2_3__f_clk/X (sky130_fd_sc_hd__clkbuf_16)
     8    0.03                           clknet_2_3__leaf_clk (net)
                  0.05    0.00   10.35 ^ _311_/CLK (sky130_fd_sc_hd__dfrtp_1)
                         -0.25   10.10   clock uncertainty
                          0.00   10.10   clock reconvergence pessimism
                          0.23   10.33   library recovery time
                                 10.33   data required time
-----------------------------------------------------------------------------
                                 10.33   data required time
                                 -2.47   data arrival time
-----------------------------------------------------------------------------
                                  7.86   slack (MET)


Startpoint: reset (input port clocked by clk)
Endpoint: _317_ (recovery check against rising-edge clock clk)
Path Group: asynchronous
Path Type: max
Corner: Typical

Fanout     Cap    Slew   Delay    Time   Description
-----------------------------------------------------------------------------
                          0.00    0.00   clock clk (rise edge)
                          0.00    0.00   clock network delay (propagated)
                          2.00    2.00 v input external delay
                  0.01    0.00    2.00 v reset (in)
     1    0.00                           reset (net)
                  0.01    0.00    2.00 v input9/A (sky130_fd_sc_hd__buf_2)
                  0.09    0.17    2.17 v input9/X (sky130_fd_sc_hd__buf_2)
     7    0.03                           net9 (net)
                  0.09    0.00    2.18 v _281_/A (sky130_fd_sc_hd__buf_4)
                  0.09    0.22    2.40 v _281_/X (sky130_fd_sc_hd__buf_4)
    10    0.06                           _145_ (net)
                  0.09    0.00    2.40 v _283_/A (sky130_fd_sc_hd__inv_2)
                  0.04    0.07    2.47 ^ _283_/Y (sky130_fd_sc_hd__inv_2)
     1    0.01                           _024_ (net)
                  0.04    0.00    2.47 ^ _317_/RESET_B (sky130_fd_sc_hd__dfrtp_1)
                                  2.47   data arrival time

                         10.00   10.00   clock clk (rise edge)
                          0.00   10.00   clock source latency
                  0.09    0.06   10.06 ^ clk (in)
     1    0.02                           clk (net)
                  0.09    0.00   10.06 ^ clkbuf_0_clk/A (sky130_fd_sc_hd__clkbuf_16)
                  0.06    0.15   10.21 ^ clkbuf_0_clk/X (sky130_fd_sc_hd__clkbuf_16)
     4    0.05                           clknet_0_clk (net)
                  0.07    0.00   10.22 ^ clkbuf_2_0__f_clk/A (sky130_fd_sc_hd__clkbuf_16)
                  0.05    0.13   10.35 ^ clkbuf_2_0__f_clk/X (sky130_fd_sc_hd__clkbuf_16)
     9    0.03                           clknet_2_0__leaf_clk (net)
                  0.05    0.00   10.35 ^ _317_/CLK (sky130_fd_sc_hd__dfrtp_1)
                         -0.25   10.10   clock uncertainty
                          0.00   10.10   clock reconvergence pessimism
                          0.23   10.33   library recovery time
                                 10.33   data required time
-----------------------------------------------------------------------------
                                 10.33   data required time
                                 -2.47   data arrival time
-----------------------------------------------------------------------------
                                  7.86   slack (MET)


Startpoint: reset (input port clocked by clk)
Endpoint: _309_ (recovery check against rising-edge clock clk)
Path Group: asynchronous
Path Type: max
Corner: Typical

Fanout     Cap    Slew   Delay    Time   Description
-----------------------------------------------------------------------------
                          0.00    0.00   clock clk (rise edge)
                          0.00    0.00   clock network delay (propagated)
                          2.00    2.00 v input external delay
                  0.01    0.00    2.00 v reset (in)
     1    0.00                           reset (net)
                  0.01    0.00    2.00 v input9/A (sky130_fd_sc_hd__buf_2)
                  0.09    0.17    2.17 v input9/X (sky130_fd_sc_hd__buf_2)
     7    0.03                           net9 (net)
                  0.09    0.00    2.18 v _270_/A (sky130_fd_sc_hd__buf_4)
                  0.09    0.22    2.40 v _270_/X (sky130_fd_sc_hd__buf_4)
    10    0.06                           _144_ (net)
                  0.09    0.01    2.40 v _274_/A (sky130_fd_sc_hd__inv_2)
                  0.04    0.06    2.47 ^ _274_/Y (sky130_fd_sc_hd__inv_2)
     1    0.00                           _050_ (net)
                  0.04    0.00    2.47 ^ _309_/RESET_B (sky130_fd_sc_hd__dfrtp_1)
                                  2.47   data arrival time

                         10.00   10.00   clock clk (rise edge)
                          0.00   10.00   clock source latency
                  0.09    0.06   10.06 ^ clk (in)
     1    0.02                           clk (net)
                  0.09    0.00   10.06 ^ clkbuf_0_clk/A (sky130_fd_sc_hd__clkbuf_16)
                  0.06    0.15   10.21 ^ clkbuf_0_clk/X (sky130_fd_sc_hd__clkbuf_16)
     4    0.05                           clknet_0_clk (net)
                  0.06    0.00   10.21 ^ clkbuf_2_3__f_clk/A (sky130_fd_sc_hd__clkbuf_16)
                  0.05    0.13   10.35 ^ clkbuf_2_3__f_clk/X (sky130_fd_sc_hd__clkbuf_16)
     8    0.03                           clknet_2_3__leaf_clk (net)
                  0.05    0.00   10.35 ^ _309_/CLK (sky130_fd_sc_hd__dfrtp_1)
                         -0.25   10.10   clock uncertainty
                          0.00   10.10   clock reconvergence pessimism
                          0.23   10.33   library recovery time
                                 10.33   data required time
-----------------------------------------------------------------------------
                                 10.33   data required time
                                 -2.47   data arrival time
-----------------------------------------------------------------------------
                                  7.86   slack (MET)


Startpoint: reset (input port clocked by clk)
Endpoint: _316_ (recovery check against rising-edge clock clk)
Path Group: asynchronous
Path Type: max
Corner: Typical

Fanout     Cap    Slew   Delay    Time   Description
-----------------------------------------------------------------------------
                          0.00    0.00   clock clk (rise edge)
                          0.00    0.00   clock network delay (propagated)
                          2.00    2.00 v input external delay
                  0.01    0.00    2.00 v reset (in)
     1    0.00                           reset (net)
                  0.01    0.00    2.00 v input9/A (sky130_fd_sc_hd__buf_2)
                  0.09    0.17    2.17 v input9/X (sky130_fd_sc_hd__buf_2)
     7    0.03                           net9 (net)
                  0.09    0.00    2.18 v _281_/A (sky130_fd_sc_hd__buf_4)
                  0.09    0.22    2.40 v _281_/X (sky130_fd_sc_hd__buf_4)
    10    0.06                           _145_ (net)
                  0.09    0.01    2.40 v _282_/A (sky130_fd_sc_hd__inv_2)
                  0.04    0.07    2.47 ^ _282_/Y (sky130_fd_sc_hd__inv_2)
     1    0.00                           _023_ (net)
                  0.04    0.00    2.47 ^ _316_/RESET_B (sky130_fd_sc_hd__dfrtp_1)
                                  2.47   data arrival time

                         10.00   10.00   clock clk (rise edge)
                          0.00   10.00   clock source latency
                  0.09    0.06   10.06 ^ clk (in)
     1    0.02                           clk (net)
                  0.09    0.00   10.06 ^ clkbuf_0_clk/A (sky130_fd_sc_hd__clkbuf_16)
                  0.06    0.15   10.21 ^ clkbuf_0_clk/X (sky130_fd_sc_hd__clkbuf_16)
     4    0.05                           clknet_0_clk (net)
                  0.07    0.00   10.22 ^ clkbuf_2_0__f_clk/A (sky130_fd_sc_hd__clkbuf_16)
                  0.05    0.13   10.35 ^ clkbuf_2_0__f_clk/X (sky130_fd_sc_hd__clkbuf_16)
     9    0.03                           clknet_2_0__leaf_clk (net)
                  0.05    0.00   10.35 ^ _316_/CLK (sky130_fd_sc_hd__dfrtp_1)
                         -0.25   10.10   clock uncertainty
                          0.00   10.10   clock reconvergence pessimism
                          0.23   10.34   library recovery time
                                 10.34   data required time
-----------------------------------------------------------------------------
                                 10.34   data required time
                                 -2.47   data arrival time
-----------------------------------------------------------------------------
                                  7.87   slack (MET)


Startpoint: reset (input port clocked by clk)
Endpoint: _306_ (recovery check against rising-edge clock clk)
Path Group: asynchronous
Path Type: max
Corner: Typical

Fanout     Cap    Slew   Delay    Time   Description
-----------------------------------------------------------------------------
                          0.00    0.00   clock clk (rise edge)
                          0.00    0.00   clock network delay (propagated)
                          2.00    2.00 v input external delay
                  0.01    0.00    2.00 v reset (in)
     1    0.00                           reset (net)
                  0.01    0.00    2.00 v input9/A (sky130_fd_sc_hd__buf_2)
                  0.09    0.17    2.17 v input9/X (sky130_fd_sc_hd__buf_2)
     7    0.03                           net9 (net)
                  0.09    0.00    2.18 v _270_/A (sky130_fd_sc_hd__buf_4)
                  0.09    0.22    2.40 v _270_/X (sky130_fd_sc_hd__buf_4)
    10    0.06                           _144_ (net)
                  0.09    0.01    2.40 v _271_/A (sky130_fd_sc_hd__inv_2)
                  0.04    0.07    2.47 ^ _271_/Y (sky130_fd_sc_hd__inv_2)
     1    0.01                           _047_ (net)
                  0.04    0.00    2.47 ^ _306_/RESET_B (sky130_fd_sc_hd__dfrtp_1)
                                  2.47   data arrival time

                         10.00   10.00   clock clk (rise edge)
                          0.00   10.00   clock source latency
                  0.09    0.06   10.06 ^ clk (in)
     1    0.02                           clk (net)
                  0.09    0.00   10.06 ^ clkbuf_0_clk/A (sky130_fd_sc_hd__clkbuf_16)
                  0.06    0.15   10.21 ^ clkbuf_0_clk/X (sky130_fd_sc_hd__clkbuf_16)
     4    0.05                           clknet_0_clk (net)
                  0.07    0.00   10.22 ^ clkbuf_2_1__f_clk/A (sky130_fd_sc_hd__clkbuf_16)
                  0.05    0.14   10.35 ^ clkbuf_2_1__f_clk/X (sky130_fd_sc_hd__clkbuf_16)
    11    0.03                           clknet_2_1__leaf_clk (net)
                  0.05    0.00   10.35 ^ _306_/CLK (sky130_fd_sc_hd__dfrtp_1)
                         -0.25   10.10   clock uncertainty
                          0.00   10.10   clock reconvergence pessimism
                          0.23   10.34   library recovery time
                                 10.34   data required time
-----------------------------------------------------------------------------
                                 10.34   data required time
                                 -2.47   data arrival time
-----------------------------------------------------------------------------
                                  7.87   slack (MET)


Startpoint: reset (input port clocked by clk)
Endpoint: _319_ (recovery check against rising-edge clock clk)
Path Group: asynchronous
Path Type: max
Corner: Typical

Fanout     Cap    Slew   Delay    Time   Description
-----------------------------------------------------------------------------
                          0.00    0.00   clock clk (rise edge)
                          0.00    0.00   clock network delay (propagated)
                          2.00    2.00 v input external delay
                  0.01    0.00    2.00 v reset (in)
     1    0.00                           reset (net)
                  0.01    0.00    2.00 v input9/A (sky130_fd_sc_hd__buf_2)
                  0.09    0.17    2.17 v input9/X (sky130_fd_sc_hd__buf_2)
     7    0.03                           net9 (net)
                  0.09    0.00    2.18 v _281_/A (sky130_fd_sc_hd__buf_4)
                  0.09    0.22    2.40 v _281_/X (sky130_fd_sc_hd__buf_4)
    10    0.06                           _145_ (net)
                  0.09    0.00    2.40 v _285_/A (sky130_fd_sc_hd__inv_2)
                  0.04    0.06    2.47 ^ _285_/Y (sky130_fd_sc_hd__inv_2)
     1    0.00                           _026_ (net)
                  0.04    0.00    2.47 ^ _319_/RESET_B (sky130_fd_sc_hd__dfrtp_1)
                                  2.47   data arrival time

                         10.00   10.00   clock clk (rise edge)
                          0.00   10.00   clock source latency
                  0.09    0.06   10.06 ^ clk (in)
     1    0.02                           clk (net)
                  0.09    0.00   10.06 ^ clkbuf_0_clk/A (sky130_fd_sc_hd__clkbuf_16)
                  0.06    0.15   10.21 ^ clkbuf_0_clk/X (sky130_fd_sc_hd__clkbuf_16)
     4    0.05                           clknet_0_clk (net)
                  0.07    0.00   10.22 ^ clkbuf_2_0__f_clk/A (sky130_fd_sc_hd__clkbuf_16)
                  0.05    0.13   10.35 ^ clkbuf_2_0__f_clk/X (sky130_fd_sc_hd__clkbuf_16)
     9    0.03                           clknet_2_0__leaf_clk (net)
                  0.05    0.00   10.35 ^ _319_/CLK (sky130_fd_sc_hd__dfrtp_1)
                         -0.25   10.10   clock uncertainty
                          0.00   10.10   clock reconvergence pessimism
                          0.23   10.34   library recovery time
                                 10.34   data required time
-----------------------------------------------------------------------------
                                 10.34   data required time
                                 -2.47   data arrival time
-----------------------------------------------------------------------------
                                  7.87   slack (MET)


Startpoint: reset (input port clocked by clk)
Endpoint: _321_ (recovery check against rising-edge clock clk)
Path Group: asynchronous
Path Type: max
Corner: Typical

Fanout     Cap    Slew   Delay    Time   Description
-----------------------------------------------------------------------------
                          0.00    0.00   clock clk (rise edge)
                          0.00    0.00   clock network delay (propagated)
                          2.00    2.00 v input external delay
                  0.01    0.00    2.00 v reset (in)
     1    0.00                           reset (net)
                  0.01    0.00    2.00 v input9/A (sky130_fd_sc_hd__buf_2)
                  0.09    0.17    2.17 v input9/X (sky130_fd_sc_hd__buf_2)
     7    0.03                           net9 (net)
                  0.09    0.00    2.18 v _281_/A (sky130_fd_sc_hd__buf_4)
                  0.09    0.22    2.40 v _281_/X (sky130_fd_sc_hd__buf_4)
    10    0.06                           _145_ (net)
                  0.09    0.00    2.40 v _287_/A (sky130_fd_sc_hd__inv_2)
                  0.04    0.06    2.47 ^ _287_/Y (sky130_fd_sc_hd__inv_2)
     1    0.00                           _028_ (net)
                  0.04    0.00    2.47 ^ _321_/RESET_B (sky130_fd_sc_hd__dfrtp_1)
                                  2.47   data arrival time

                         10.00   10.00   clock clk (rise edge)
                          0.00   10.00   clock source latency
                  0.09    0.06   10.06 ^ clk (in)
     1    0.02                           clk (net)
                  0.09    0.00   10.06 ^ clkbuf_0_clk/A (sky130_fd_sc_hd__clkbuf_16)
                  0.06    0.15   10.21 ^ clkbuf_0_clk/X (sky130_fd_sc_hd__clkbuf_16)
     4    0.05                           clknet_0_clk (net)
                  0.07    0.00   10.22 ^ clkbuf_2_0__f_clk/A (sky130_fd_sc_hd__clkbuf_16)
                  0.05    0.13   10.35 ^ clkbuf_2_0__f_clk/X (sky130_fd_sc_hd__clkbuf_16)
     9    0.03                           clknet_2_0__leaf_clk (net)
                  0.05    0.00   10.35 ^ _321_/CLK (sky130_fd_sc_hd__dfrtp_1)
                         -0.25   10.10   clock uncertainty
                          0.00   10.10   clock reconvergence pessimism
                          0.23   10.34   library recovery time
                                 10.34   data required time
-----------------------------------------------------------------------------
                                 10.34   data required time
                                 -2.47   data arrival time
-----------------------------------------------------------------------------
                                  7.87   slack (MET)


Startpoint: reset (input port clocked by clk)
Endpoint: _320_ (recovery check against rising-edge clock clk)
Path Group: asynchronous
Path Type: max
Corner: Typical

Fanout     Cap    Slew   Delay    Time   Description
-----------------------------------------------------------------------------
                          0.00    0.00   clock clk (rise edge)
                          0.00    0.00   clock network delay (propagated)
                          2.00    2.00 v input external delay
                  0.01    0.00    2.00 v reset (in)
     1    0.00                           reset (net)
                  0.01    0.00    2.00 v input9/A (sky130_fd_sc_hd__buf_2)
                  0.09    0.17    2.17 v input9/X (sky130_fd_sc_hd__buf_2)
     7    0.03                           net9 (net)
                  0.09    0.00    2.18 v _281_/A (sky130_fd_sc_hd__buf_4)
                  0.09    0.22    2.40 v _281_/X (sky130_fd_sc_hd__buf_4)
    10    0.06                           _145_ (net)
                  0.09    0.00    2.40 v _286_/A (sky130_fd_sc_hd__inv_2)
                  0.03    0.06    2.47 ^ _286_/Y (sky130_fd_sc_hd__inv_2)
     1    0.00                           _027_ (net)
                  0.03    0.00    2.47 ^ _320_/RESET_B (sky130_fd_sc_hd__dfrtp_1)
                                  2.47   data arrival time

                         10.00   10.00   clock clk (rise edge)
                          0.00   10.00   clock source latency
                  0.09    0.06   10.06 ^ clk (in)
     1    0.02                           clk (net)
                  0.09    0.00   10.06 ^ clkbuf_0_clk/A (sky130_fd_sc_hd__clkbuf_16)
                  0.06    0.15   10.21 ^ clkbuf_0_clk/X (sky130_fd_sc_hd__clkbuf_16)
     4    0.05                           clknet_0_clk (net)
                  0.07    0.00   10.22 ^ clkbuf_2_0__f_clk/A (sky130_fd_sc_hd__clkbuf_16)
                  0.05    0.13   10.35 ^ clkbuf_2_0__f_clk/X (sky130_fd_sc_hd__clkbuf_16)
     9    0.03                           clknet_2_0__leaf_clk (net)
                  0.05    0.00   10.35 ^ _320_/CLK (sky130_fd_sc_hd__dfrtp_1)
                         -0.25   10.10   clock uncertainty
                          0.00   10.10   clock reconvergence pessimism
                          0.23   10.34   library recovery time
                                 10.34   data required time
-----------------------------------------------------------------------------
                                 10.34   data required time
                                 -2.47   data arrival time
-----------------------------------------------------------------------------
                                  7.87   slack (MET)


Startpoint: reset (input port clocked by clk)
Endpoint: _302_ (recovery check against rising-edge clock clk)
Path Group: asynchronous
Path Type: max
Corner: Typical

Fanout     Cap    Slew   Delay    Time   Description
-----------------------------------------------------------------------------
                          0.00    0.00   clock clk (rise edge)
                          0.00    0.00   clock network delay (propagated)
                          2.00    2.00 v input external delay
                  0.01    0.00    2.00 v reset (in)
     1    0.00                           reset (net)
                  0.01    0.00    2.00 v input9/A (sky130_fd_sc_hd__buf_2)
                  0.09    0.17    2.17 v input9/X (sky130_fd_sc_hd__buf_2)
     7    0.03                           net9 (net)
                  0.09    0.00    2.18 v _259_/A (sky130_fd_sc_hd__buf_4)
                  0.08    0.22    2.40 v _259_/X (sky130_fd_sc_hd__buf_4)
    10    0.06                           _143_ (net)
                  0.08    0.00    2.40 v _266_/A (sky130_fd_sc_hd__inv_2)
                  0.03    0.06    2.46 ^ _266_/Y (sky130_fd_sc_hd__inv_2)
     1    0.00                           _043_ (net)
                  0.03    0.00    2.46 ^ _302_/RESET_B (sky130_fd_sc_hd__dfrtp_1)
                                  2.46   data arrival time

                         10.00   10.00   clock clk (rise edge)
                          0.00   10.00   clock source latency
                  0.09    0.06   10.06 ^ clk (in)
     1    0.02                           clk (net)
                  0.09    0.00   10.06 ^ clkbuf_0_clk/A (sky130_fd_sc_hd__clkbuf_16)
                  0.06    0.15   10.21 ^ clkbuf_0_clk/X (sky130_fd_sc_hd__clkbuf_16)
     4    0.05                           clknet_0_clk (net)
                  0.06    0.00   10.21 ^ clkbuf_2_3__f_clk/A (sky130_fd_sc_hd__clkbuf_16)
                  0.05    0.13   10.35 ^ clkbuf_2_3__f_clk/X (sky130_fd_sc_hd__clkbuf_16)
     8    0.03                           clknet_2_3__leaf_clk (net)
                  0.05    0.00   10.35 ^ _302_/CLK (sky130_fd_sc_hd__dfrtp_1)
                         -0.25   10.10   clock uncertainty
                          0.00   10.10   clock reconvergence pessimism
                          0.23   10.33   library recovery time
                                 10.33   data required time
-----------------------------------------------------------------------------
                                 10.33   data required time
                                 -2.46   data arrival time
-----------------------------------------------------------------------------
                                  7.87   slack (MET)


Startpoint: reset (input port clocked by clk)
Endpoint: _307_ (recovery check against rising-edge clock clk)
Path Group: asynchronous
Path Type: max
Corner: Typical

Fanout     Cap    Slew   Delay    Time   Description
-----------------------------------------------------------------------------
                          0.00    0.00   clock clk (rise edge)
                          0.00    0.00   clock network delay (propagated)
                          2.00    2.00 v input external delay
                  0.01    0.00    2.00 v reset (in)
     1    0.00                           reset (net)
                  0.01    0.00    2.00 v input9/A (sky130_fd_sc_hd__buf_2)
                  0.09    0.17    2.17 v input9/X (sky130_fd_sc_hd__buf_2)
     7    0.03                           net9 (net)
                  0.09    0.00    2.18 v _270_/A (sky130_fd_sc_hd__buf_4)
                  0.09    0.22    2.40 v _270_/X (sky130_fd_sc_hd__buf_4)
    10    0.06                           _144_ (net)
                  0.09    0.01    2.40 v _272_/A (sky130_fd_sc_hd__inv_2)
                  0.04    0.07    2.47 ^ _272_/Y (sky130_fd_sc_hd__inv_2)
     1    0.00                           _048_ (net)
                  0.04    0.00    2.47 ^ _307_/RESET_B (sky130_fd_sc_hd__dfrtp_1)
                                  2.47   data arrival time

                         10.00   10.00   clock clk (rise edge)
                          0.00   10.00   clock source latency
                  0.09    0.06   10.06 ^ clk (in)
     1    0.02                           clk (net)
                  0.09    0.00   10.06 ^ clkbuf_0_clk/A (sky130_fd_sc_hd__clkbuf_16)
                  0.06    0.15   10.21 ^ clkbuf_0_clk/X (sky130_fd_sc_hd__clkbuf_16)
     4    0.05                           clknet_0_clk (net)
                  0.07    0.00   10.22 ^ clkbuf_2_1__f_clk/A (sky130_fd_sc_hd__clkbuf_16)
                  0.05    0.14   10.35 ^ clkbuf_2_1__f_clk/X (sky130_fd_sc_hd__clkbuf_16)
    11    0.03                           clknet_2_1__leaf_clk (net)
                  0.05    0.00   10.35 ^ _307_/CLK (sky130_fd_sc_hd__dfrtp_1)
                         -0.25   10.10   clock uncertainty
                          0.00   10.10   clock reconvergence pessimism
                          0.24   10.34   library recovery time
                                 10.34   data required time
-----------------------------------------------------------------------------
                                 10.34   data required time
                                 -2.47   data arrival time
-----------------------------------------------------------------------------
                                  7.87   slack (MET)


Startpoint: reset (input port clocked by clk)
Endpoint: _324_ (recovery check against rising-edge clock clk)
Path Group: asynchronous
Path Type: max
Corner: Typical

Fanout     Cap    Slew   Delay    Time   Description
-----------------------------------------------------------------------------
                          0.00    0.00   clock clk (rise edge)
                          0.00    0.00   clock network delay (propagated)
                          2.00    2.00 v input external delay
                  0.01    0.00    2.00 v reset (in)
     1    0.00                           reset (net)
                  0.01    0.00    2.00 v input9/A (sky130_fd_sc_hd__buf_2)
                  0.09    0.17    2.17 v input9/X (sky130_fd_sc_hd__buf_2)
     7    0.03                           net9 (net)
                  0.09    0.00    2.18 v _281_/A (sky130_fd_sc_hd__buf_4)
                  0.09    0.22    2.40 v _281_/X (sky130_fd_sc_hd__buf_4)
    10    0.06                           _145_ (net)
                  0.09    0.00    2.40 v _290_/A (sky130_fd_sc_hd__inv_2)
                  0.04    0.07    2.47 ^ _290_/Y (sky130_fd_sc_hd__inv_2)
     1    0.00                           _031_ (net)
                  0.04    0.00    2.47 ^ _324_/RESET_B (sky130_fd_sc_hd__dfrtp_1)
                                  2.47   data arrival time

                         10.00   10.00   clock clk (rise edge)
                          0.00   10.00   clock source latency
                  0.09    0.06   10.06 ^ clk (in)
     1    0.02                           clk (net)
                  0.09    0.00   10.06 ^ clkbuf_0_clk/A (sky130_fd_sc_hd__clkbuf_16)
                  0.06    0.15   10.21 ^ clkbuf_0_clk/X (sky130_fd_sc_hd__clkbuf_16)
     4    0.05                           clknet_0_clk (net)
                  0.07    0.00   10.22 ^ clkbuf_2_1__f_clk/A (sky130_fd_sc_hd__clkbuf_16)
                  0.05    0.14   10.35 ^ clkbuf_2_1__f_clk/X (sky130_fd_sc_hd__clkbuf_16)
    11    0.03                           clknet_2_1__leaf_clk (net)
                  0.05    0.00   10.35 ^ _324_/CLK (sky130_fd_sc_hd__dfrtp_1)
                         -0.25   10.10   clock uncertainty
                          0.00   10.10   clock reconvergence pessimism
                          0.24   10.34   library recovery time
                                 10.34   data required time
-----------------------------------------------------------------------------
                                 10.34   data required time
                                 -2.47   data arrival time
-----------------------------------------------------------------------------
                                  7.87   slack (MET)


Startpoint: reset (input port clocked by clk)
Endpoint: _318_ (recovery check against rising-edge clock clk)
Path Group: asynchronous
Path Type: max
Corner: Typical

Fanout     Cap    Slew   Delay    Time   Description
-----------------------------------------------------------------------------
                          0.00    0.00   clock clk (rise edge)
                          0.00    0.00   clock network delay (propagated)
                          2.00    2.00 v input external delay
                  0.01    0.00    2.00 v reset (in)
     1    0.00                           reset (net)
                  0.01    0.00    2.00 v input9/A (sky130_fd_sc_hd__buf_2)
                  0.09    0.17    2.17 v input9/X (sky130_fd_sc_hd__buf_2)
     7    0.03                           net9 (net)
                  0.09    0.00    2.18 v _281_/A (sky130_fd_sc_hd__buf_4)
                  0.09    0.22    2.40 v _281_/X (sky130_fd_sc_hd__buf_4)
    10    0.06                           _145_ (net)
                  0.09    0.00    2.40 v _284_/A (sky130_fd_sc_hd__inv_2)
                  0.03    0.06    2.46 ^ _284_/Y (sky130_fd_sc_hd__inv_2)
     1    0.00                           _025_ (net)
                  0.03    0.00    2.47 ^ _318_/RESET_B (sky130_fd_sc_hd__dfrtp_1)
                                  2.47   data arrival time

                         10.00   10.00   clock clk (rise edge)
                          0.00   10.00   clock source latency
                  0.09    0.06   10.06 ^ clk (in)
     1    0.02                           clk (net)
                  0.09    0.00   10.06 ^ clkbuf_0_clk/A (sky130_fd_sc_hd__clkbuf_16)
                  0.06    0.15   10.21 ^ clkbuf_0_clk/X (sky130_fd_sc_hd__clkbuf_16)
     4    0.05                           clknet_0_clk (net)
                  0.07    0.00   10.22 ^ clkbuf_2_0__f_clk/A (sky130_fd_sc_hd__clkbuf_16)
                  0.05    0.13   10.35 ^ clkbuf_2_0__f_clk/X (sky130_fd_sc_hd__clkbuf_16)
     9    0.03                           clknet_2_0__leaf_clk (net)
                  0.05    0.00   10.35 ^ _318_/CLK (sky130_fd_sc_hd__dfrtp_1)
                         -0.25   10.10   clock uncertainty
                          0.00   10.10   clock reconvergence pessimism
                          0.23   10.34   library recovery time
                                 10.34   data required time
-----------------------------------------------------------------------------
                                 10.34   data required time
                                 -2.47   data arrival time
-----------------------------------------------------------------------------
                                  7.87   slack (MET)


Startpoint: reset (input port clocked by clk)
Endpoint: _298_ (recovery check against rising-edge clock clk)
Path Group: asynchronous
Path Type: max
Corner: Typical

Fanout     Cap    Slew   Delay    Time   Description
-----------------------------------------------------------------------------
                          0.00    0.00   clock clk (rise edge)
                          0.00    0.00   clock network delay (propagated)
                          2.00    2.00 v input external delay
                  0.01    0.00    2.00 v reset (in)
     1    0.00                           reset (net)
                  0.01    0.00    2.00 v input9/A (sky130_fd_sc_hd__buf_2)
                  0.09    0.17    2.17 v input9/X (sky130_fd_sc_hd__buf_2)
     7    0.03                           net9 (net)
                  0.09    0.00    2.18 v _259_/A (sky130_fd_sc_hd__buf_4)
                  0.08    0.22    2.40 v _259_/X (sky130_fd_sc_hd__buf_4)
    10    0.06                           _143_ (net)
                  0.08    0.00    2.40 v _262_/A (sky130_fd_sc_hd__inv_2)
                  0.04    0.06    2.46 ^ _262_/Y (sky130_fd_sc_hd__inv_2)
     1    0.00                           _039_ (net)
                  0.04    0.00    2.46 ^ _298_/RESET_B (sky130_fd_sc_hd__dfrtp_1)
                                  2.46   data arrival time

                         10.00   10.00   clock clk (rise edge)
                          0.00   10.00   clock source latency
                  0.09    0.06   10.06 ^ clk (in)
     1    0.02                           clk (net)
                  0.09    0.00   10.06 ^ clkbuf_0_clk/A (sky130_fd_sc_hd__clkbuf_16)
                  0.06    0.15   10.21 ^ clkbuf_0_clk/X (sky130_fd_sc_hd__clkbuf_16)
     4    0.05                           clknet_0_clk (net)
                  0.07    0.00   10.22 ^ clkbuf_2_0__f_clk/A (sky130_fd_sc_hd__clkbuf_16)
                  0.05    0.13   10.35 ^ clkbuf_2_0__f_clk/X (sky130_fd_sc_hd__clkbuf_16)
     9    0.03                           clknet_2_0__leaf_clk (net)
                  0.05    0.00   10.35 ^ _298_/CLK (sky130_fd_sc_hd__dfrtp_1)
                         -0.25   10.10   clock uncertainty
                          0.00   10.10   clock reconvergence pessimism
                          0.23   10.34   library recovery time
                                 10.34   data required time
-----------------------------------------------------------------------------
                                 10.34   data required time
                                 -2.46   data arrival time
-----------------------------------------------------------------------------
                                  7.87   slack (MET)


Startpoint: reset (input port clocked by clk)
Endpoint: _325_ (recovery check against rising-edge clock clk)
Path Group: asynchronous
Path Type: max
Corner: Typical

Fanout     Cap    Slew   Delay    Time   Description
-----------------------------------------------------------------------------
                          0.00    0.00   clock clk (rise edge)
                          0.00    0.00   clock network delay (propagated)
                          2.00    2.00 v input external delay
                  0.01    0.00    2.00 v reset (in)
     1    0.00                           reset (net)
                  0.01    0.00    2.00 v input9/A (sky130_fd_sc_hd__buf_2)
                  0.09    0.17    2.17 v input9/X (sky130_fd_sc_hd__buf_2)
     7    0.03                           net9 (net)
                  0.09    0.00    2.18 v _281_/A (sky130_fd_sc_hd__buf_4)
                  0.09    0.22    2.40 v _281_/X (sky130_fd_sc_hd__buf_4)
    10    0.06                           _145_ (net)
                  0.09    0.00    2.40 v _291_/A (sky130_fd_sc_hd__inv_2)
                  0.04    0.06    2.46 ^ _291_/Y (sky130_fd_sc_hd__inv_2)
     1    0.00                           _032_ (net)
                  0.04    0.00    2.46 ^ _325_/RESET_B (sky130_fd_sc_hd__dfrtp_1)
                                  2.46   data arrival time

                         10.00   10.00   clock clk (rise edge)
                          0.00   10.00   clock source latency
                  0.09    0.06   10.06 ^ clk (in)
     1    0.02                           clk (net)
                  0.09    0.00   10.06 ^ clkbuf_0_clk/A (sky130_fd_sc_hd__clkbuf_16)
                  0.06    0.15   10.21 ^ clkbuf_0_clk/X (sky130_fd_sc_hd__clkbuf_16)
     4    0.05                           clknet_0_clk (net)
                  0.07    0.00   10.22 ^ clkbuf_2_1__f_clk/A (sky130_fd_sc_hd__clkbuf_16)
                  0.05    0.14   10.35 ^ clkbuf_2_1__f_clk/X (sky130_fd_sc_hd__clkbuf_16)
    11    0.03                           clknet_2_1__leaf_clk (net)
                  0.05    0.00   10.35 ^ _325_/CLK (sky130_fd_sc_hd__dfrtp_1)
                         -0.25   10.10   clock uncertainty
                          0.00   10.10   clock reconvergence pessimism
                          0.24   10.34   library recovery time
                                 10.34   data required time
-----------------------------------------------------------------------------
                                 10.34   data required time
                                 -2.46   data arrival time
-----------------------------------------------------------------------------
                                  7.87   slack (MET)


Startpoint: reset (input port clocked by clk)
Endpoint: _308_ (recovery check against rising-edge clock clk)
Path Group: asynchronous
Path Type: max
Corner: Typical

Fanout     Cap    Slew   Delay    Time   Description
-----------------------------------------------------------------------------
                          0.00    0.00   clock clk (rise edge)
                          0.00    0.00   clock network delay (propagated)
                          2.00    2.00 v input external delay
                  0.01    0.00    2.00 v reset (in)
     1    0.00                           reset (net)
                  0.01    0.00    2.00 v input9/A (sky130_fd_sc_hd__buf_2)
                  0.09    0.17    2.17 v input9/X (sky130_fd_sc_hd__buf_2)
     7    0.03                           net9 (net)
                  0.09    0.00    2.18 v _270_/A (sky130_fd_sc_hd__buf_4)
                  0.09    0.22    2.40 v _270_/X (sky130_fd_sc_hd__buf_4)
    10    0.06                           _144_ (net)
                  0.09    0.00    2.40 v _273_/A (sky130_fd_sc_hd__inv_2)
                  0.04    0.06    2.47 ^ _273_/Y (sky130_fd_sc_hd__inv_2)
     1    0.00                           _049_ (net)
                  0.04    0.00    2.47 ^ _308_/RESET_B (sky130_fd_sc_hd__dfrtp_1)
                                  2.47   data arrival time

                         10.00   10.00   clock clk (rise edge)
                          0.00   10.00   clock source latency
                  0.09    0.06   10.06 ^ clk (in)
     1    0.02                           clk (net)
                  0.09    0.00   10.06 ^ clkbuf_0_clk/A (sky130_fd_sc_hd__clkbuf_16)
                  0.06    0.15   10.21 ^ clkbuf_0_clk/X (sky130_fd_sc_hd__clkbuf_16)
     4    0.05                           clknet_0_clk (net)
                  0.07    0.00   10.22 ^ clkbuf_2_1__f_clk/A (sky130_fd_sc_hd__clkbuf_16)
                  0.05    0.14   10.35 ^ clkbuf_2_1__f_clk/X (sky130_fd_sc_hd__clkbuf_16)
    11    0.03                           clknet_2_1__leaf_clk (net)
                  0.05    0.00   10.35 ^ _308_/CLK (sky130_fd_sc_hd__dfrtp_1)
                         -0.25   10.10   clock uncertainty
                          0.00   10.10   clock reconvergence pessimism
                          0.24   10.34   library recovery time
                                 10.34   data required time
-----------------------------------------------------------------------------
                                 10.34   data required time
                                 -2.47   data arrival time
-----------------------------------------------------------------------------
                                  7.87   slack (MET)


Startpoint: reset (input port clocked by clk)
Endpoint: _323_ (recovery check against rising-edge clock clk)
Path Group: asynchronous
Path Type: max
Corner: Typical

Fanout     Cap    Slew   Delay    Time   Description
-----------------------------------------------------------------------------
                          0.00    0.00   clock clk (rise edge)
                          0.00    0.00   clock network delay (propagated)
                          2.00    2.00 v input external delay
                  0.01    0.00    2.00 v reset (in)
     1    0.00                           reset (net)
                  0.01    0.00    2.00 v input9/A (sky130_fd_sc_hd__buf_2)
                  0.09    0.17    2.17 v input9/X (sky130_fd_sc_hd__buf_2)
     7    0.03                           net9 (net)
                  0.09    0.00    2.18 v _281_/A (sky130_fd_sc_hd__buf_4)
                  0.09    0.22    2.40 v _281_/X (sky130_fd_sc_hd__buf_4)
    10    0.06                           _145_ (net)
                  0.09    0.00    2.40 v _289_/A (sky130_fd_sc_hd__inv_2)
                  0.03    0.06    2.46 ^ _289_/Y (sky130_fd_sc_hd__inv_2)
     1    0.00                           _030_ (net)
                  0.03    0.00    2.46 ^ _323_/RESET_B (sky130_fd_sc_hd__dfrtp_1)
                                  2.46   data arrival time

                         10.00   10.00   clock clk (rise edge)
                          0.00   10.00   clock source latency
                  0.09    0.06   10.06 ^ clk (in)
     1    0.02                           clk (net)
                  0.09    0.00   10.06 ^ clkbuf_0_clk/A (sky130_fd_sc_hd__clkbuf_16)
                  0.06    0.15   10.21 ^ clkbuf_0_clk/X (sky130_fd_sc_hd__clkbuf_16)
     4    0.05                           clknet_0_clk (net)
                  0.07    0.00   10.22 ^ clkbuf_2_1__f_clk/A (sky130_fd_sc_hd__clkbuf_16)
                  0.05    0.14   10.35 ^ clkbuf_2_1__f_clk/X (sky130_fd_sc_hd__clkbuf_16)
    11    0.03                           clknet_2_1__leaf_clk (net)
                  0.05    0.00   10.35 ^ _323_/CLK (sky130_fd_sc_hd__dfrtp_1)
                         -0.25   10.10   clock uncertainty
                          0.00   10.10   clock reconvergence pessimism
                          0.24   10.34   library recovery time
                                 10.34   data required time
-----------------------------------------------------------------------------
                                 10.34   data required time
                                 -2.46   data arrival time
-----------------------------------------------------------------------------
                                  7.88   slack (MET)


Startpoint: _300_ (rising edge-triggered flip-flop clocked by clk)
Endpoint: _304_ (rising edge-triggered flip-flop clocked by clk)
Path Group: clk
Path Type: max
Corner: Typical

Fanout     Cap    Slew   Delay    Time   Description
-----------------------------------------------------------------------------
                          0.00    0.00   clock clk (rise edge)
                          0.00    0.00   clock source latency
                  0.09    0.07    0.07 ^ clk (in)
     1    0.02                           clk (net)
                  0.09    0.00    0.07 ^ clkbuf_0_clk/A (sky130_fd_sc_hd__clkbuf_16)
                  0.06    0.17    0.24 ^ clkbuf_0_clk/X (sky130_fd_sc_hd__clkbuf_16)
     4    0.05                           clknet_0_clk (net)
                  0.06    0.00    0.24 ^ clkbuf_2_3__f_clk/A (sky130_fd_sc_hd__clkbuf_16)
                  0.05    0.15    0.38 ^ clkbuf_2_3__f_clk/X (sky130_fd_sc_hd__clkbuf_16)
     8    0.03                           clknet_2_3__leaf_clk (net)
                  0.05    0.00    0.38 ^ _300_/CLK (sky130_fd_sc_hd__dfrtp_4)
                  0.12    0.48    0.87 ^ _300_/Q (sky130_fd_sc_hd__dfrtp_4)
     8    0.03                           bit_index[0] (net)
                  0.12    0.00    0.87 ^ _256_/S0 (sky130_fd_sc_hd__mux4_1)
                  0.09    0.58    1.45 v _256_/X (sky130_fd_sc_hd__mux4_1)
     1    0.00                           _141_ (net)
                  0.09    0.00    1.45 v _257_/A (sky130_fd_sc_hd__or2b_1)
                  0.06    0.27    1.72 v _257_/X (sky130_fd_sc_hd__or2b_1)
     1    0.01                           _142_ (net)
                  0.06    0.00    1.72 v _258_/A3 (sky130_fd_sc_hd__a311o_1)
                  0.06    0.38    2.10 v _258_/X (sky130_fd_sc_hd__a311o_1)
     1    0.00                           _147_ (net)
                  0.06    0.00    2.10 v _304_/D (sky130_fd_sc_hd__dfstp_1)
                                  2.10   data arrival time

                         10.00   10.00   clock clk (rise edge)
                          0.00   10.00   clock source latency
                  0.09    0.06   10.06 ^ clk (in)
     1    0.02                           clk (net)
                  0.09    0.00   10.06 ^ clkbuf_0_clk/A (sky130_fd_sc_hd__clkbuf_16)
                  0.06    0.15   10.21 ^ clkbuf_0_clk/X (sky130_fd_sc_hd__clkbuf_16)
     4    0.05                           clknet_0_clk (net)
                  0.07    0.00   10.22 ^ clkbuf_2_2__f_clk/A (sky130_fd_sc_hd__clkbuf_16)
                  0.04    0.12   10.34 ^ clkbuf_2_2__f_clk/X (sky130_fd_sc_hd__clkbuf_16)
     6    0.02                           clknet_2_2__leaf_clk (net)
                  0.04    0.00   10.34 ^ _304_/CLK (sky130_fd_sc_hd__dfstp_1)
                         -0.25   10.09   clock uncertainty
                          0.02   10.11   clock reconvergence pessimism
                         -0.08   10.04   library setup time
                                 10.04   data required time
-----------------------------------------------------------------------------
                                 10.04   data required time
                                 -2.10   data arrival time
-----------------------------------------------------------------------------
                                  7.93   slack (MET)


Startpoint: _314_ (rising edge-triggered flip-flop clocked by clk)
Endpoint: _324_ (rising edge-triggered flip-flop clocked by clk)
Path Group: clk
Path Type: max
Corner: Typical

Fanout     Cap    Slew   Delay    Time   Description
-----------------------------------------------------------------------------
                          0.00    0.00   clock clk (rise edge)
                          0.00    0.00   clock source latency
                  0.09    0.07    0.07 ^ clk (in)
     1    0.02                           clk (net)
                  0.09    0.00    0.07 ^ clkbuf_0_clk/A (sky130_fd_sc_hd__clkbuf_16)
                  0.06    0.17    0.24 ^ clkbuf_0_clk/X (sky130_fd_sc_hd__clkbuf_16)
     4    0.05                           clknet_0_clk (net)
                  0.07    0.00    0.24 ^ clkbuf_2_0__f_clk/A (sky130_fd_sc_hd__clkbuf_16)
                  0.05    0.15    0.39 ^ clkbuf_2_0__f_clk/X (sky130_fd_sc_hd__clkbuf_16)
     9    0.03                           clknet_2_0__leaf_clk (net)
                  0.05    0.00    0.39 ^ _314_/CLK (sky130_fd_sc_hd__dfrtp_4)
                  0.10    0.47    0.86 ^ _314_/Q (sky130_fd_sc_hd__dfrtp_4)
     8    0.02                           baud_count[0] (net)
                  0.10    0.00    0.86 ^ _207_/B (sky130_fd_sc_hd__and4_2)
                  0.14    0.32    1.18 ^ _207_/X (sky130_fd_sc_hd__and4_2)
     7    0.02                           _105_ (net)
                  0.14    0.00    1.18 ^ _220_/A (sky130_fd_sc_hd__and3_2)
                  0.13    0.28    1.46 ^ _220_/X (sky130_fd_sc_hd__and3_2)
     5    0.02                           _115_ (net)
                  0.13    0.00    1.46 ^ _227_/C (sky130_fd_sc_hd__nand3_2)
                  0.09    0.13    1.58 v _227_/Y (sky130_fd_sc_hd__nand3_2)
     4    0.01                           _120_ (net)
                  0.09    0.00    1.58 v _231_/B (sky130_fd_sc_hd__or2_1)
                  0.04    0.22    1.81 v _231_/X (sky130_fd_sc_hd__or2_1)
     1    0.00                           _123_ (net)
                  0.04    0.00    1.81 v _232_/C (sky130_fd_sc_hd__and3_1)
                  0.04    0.18    1.99 v _232_/X (sky130_fd_sc_hd__and3_1)
     1    0.00                           _124_ (net)
                  0.04    0.00    1.99 v _233_/A (sky130_fd_sc_hd__clkbuf_1)
                  0.03    0.09    2.08 v _233_/X (sky130_fd_sc_hd__clkbuf_1)
     1    0.00                           _001_ (net)
                  0.03    0.00    2.08 v _324_/D (sky130_fd_sc_hd__dfrtp_1)
                                  2.08   data arrival time

                         10.00   10.00   clock clk (rise edge)
                          0.00   10.00   clock source latency
                  0.09    0.06   10.06 ^ clk (in)
     1    0.02                           clk (net)
                  0.09    0.00   10.06 ^ clkbuf_0_clk/A (sky130_fd_sc_hd__clkbuf_16)
                  0.06    0.15   10.21 ^ clkbuf_0_clk/X (sky130_fd_sc_hd__clkbuf_16)
     4    0.05                           clknet_0_clk (net)
                  0.07    0.00   10.22 ^ clkbuf_2_1__f_clk/A (sky130_fd_sc_hd__clkbuf_16)
                  0.05    0.14   10.35 ^ clkbuf_2_1__f_clk/X (sky130_fd_sc_hd__clkbuf_16)
    11    0.03                           clknet_2_1__leaf_clk (net)
                  0.05    0.00   10.35 ^ _324_/CLK (sky130_fd_sc_hd__dfrtp_1)
                         -0.25   10.10   clock uncertainty
                          0.02   10.13   clock reconvergence pessimism
                         -0.10   10.02   library setup time
                                 10.02   data required time
-----------------------------------------------------------------------------
                                 10.02   data required time
                                 -2.08   data arrival time
-----------------------------------------------------------------------------
                                  7.94   slack (MET)


Startpoint: _314_ (rising edge-triggered flip-flop clocked by clk)
Endpoint: _327_ (rising edge-triggered flip-flop clocked by clk)
Path Group: clk
Path Type: max
Corner: Typical

Fanout     Cap    Slew   Delay    Time   Description
-----------------------------------------------------------------------------
                          0.00    0.00   clock clk (rise edge)
                          0.00    0.00   clock source latency
                  0.09    0.07    0.07 ^ clk (in)
     1    0.02                           clk (net)
                  0.09    0.00    0.07 ^ clkbuf_0_clk/A (sky130_fd_sc_hd__clkbuf_16)
                  0.06    0.17    0.24 ^ clkbuf_0_clk/X (sky130_fd_sc_hd__clkbuf_16)
     4    0.05                           clknet_0_clk (net)
                  0.07    0.00    0.24 ^ clkbuf_2_0__f_clk/A (sky130_fd_sc_hd__clkbuf_16)
                  0.05    0.15    0.39 ^ clkbuf_2_0__f_clk/X (sky130_fd_sc_hd__clkbuf_16)
     9    0.03                           clknet_2_0__leaf_clk (net)
                  0.05    0.00    0.39 ^ _314_/CLK (sky130_fd_sc_hd__dfrtp_4)
                  0.10    0.47    0.86 ^ _314_/Q (sky130_fd_sc_hd__dfrtp_4)
     8    0.02                           baud_count[0] (net)
                  0.10    0.00    0.86 ^ _207_/B (sky130_fd_sc_hd__and4_2)
                  0.14    0.32    1.18 ^ _207_/X (sky130_fd_sc_hd__and4_2)
     7    0.02                           _105_ (net)
                  0.14    0.00    1.18 ^ _236_/A (sky130_fd_sc_hd__and4_2)
                  0.15    0.33    1.51 ^ _236_/X (sky130_fd_sc_hd__and4_2)
     6    0.02                           _127_ (net)
                  0.15    0.00    1.52 ^ _242_/C (sky130_fd_sc_hd__and3_1)
                  0.14    0.26    1.77 ^ _242_/X (sky130_fd_sc_hd__and3_1)
     3    0.01                           _131_ (net)
                  0.14    0.00    1.77 ^ _243_/A (sky130_fd_sc_hd__inv_2)
                  0.03    0.04    1.81 v _243_/Y (sky130_fd_sc_hd__inv_2)
     1    0.00                           _132_ (net)
                  0.03    0.00    1.81 v _244_/C (sky130_fd_sc_hd__and3_1)
                  0.04    0.18    1.99 v _244_/X (sky130_fd_sc_hd__and3_1)
     1    0.00                           _133_ (net)
                  0.04    0.00    1.99 v _245_/A (sky130_fd_sc_hd__clkbuf_1)
                  0.03    0.09    2.08 v _245_/X (sky130_fd_sc_hd__clkbuf_1)
     1    0.00                           _004_ (net)
                  0.03    0.00    2.08 v _327_/D (sky130_fd_sc_hd__dfrtp_1)
                                  2.08   data arrival time

                         10.00   10.00   clock clk (rise edge)
                          0.00   10.00   clock source latency
                  0.09    0.06   10.06 ^ clk (in)
     1    0.02                           clk (net)
                  0.09    0.00   10.06 ^ clkbuf_0_clk/A (sky130_fd_sc_hd__clkbuf_16)
                  0.06    0.15   10.21 ^ clkbuf_0_clk/X (sky130_fd_sc_hd__clkbuf_16)
     4    0.05                           clknet_0_clk (net)
                  0.07    0.00   10.22 ^ clkbuf_2_1__f_clk/A (sky130_fd_sc_hd__clkbuf_16)
                  0.05    0.14   10.35 ^ clkbuf_2_1__f_clk/X (sky130_fd_sc_hd__clkbuf_16)
    11    0.03                           clknet_2_1__leaf_clk (net)
                  0.05    0.00   10.35 ^ _327_/CLK (sky130_fd_sc_hd__dfrtp_1)
                         -0.25   10.10   clock uncertainty
                          0.02   10.13   clock reconvergence pessimism
                         -0.10   10.02   library setup time
                                 10.02   data required time
-----------------------------------------------------------------------------
                                 10.02   data required time
                                 -2.08   data arrival time
-----------------------------------------------------------------------------
                                  7.95   slack (MET)


Startpoint: _314_ (rising edge-triggered flip-flop clocked by clk)
Endpoint: _328_ (rising edge-triggered flip-flop clocked by clk)
Path Group: clk
Path Type: max
Corner: Typical

Fanout     Cap    Slew   Delay    Time   Description
-----------------------------------------------------------------------------
                          0.00    0.00   clock clk (rise edge)
                          0.00    0.00   clock source latency
                  0.09    0.07    0.07 ^ clk (in)
     1    0.02                           clk (net)
                  0.09    0.00    0.07 ^ clkbuf_0_clk/A (sky130_fd_sc_hd__clkbuf_16)
                  0.06    0.17    0.24 ^ clkbuf_0_clk/X (sky130_fd_sc_hd__clkbuf_16)
     4    0.05                           clknet_0_clk (net)
                  0.07    0.00    0.24 ^ clkbuf_2_0__f_clk/A (sky130_fd_sc_hd__clkbuf_16)
                  0.05    0.15    0.39 ^ clkbuf_2_0__f_clk/X (sky130_fd_sc_hd__clkbuf_16)
     9    0.03                           clknet_2_0__leaf_clk (net)
                  0.05    0.00    0.39 ^ _314_/CLK (sky130_fd_sc_hd__dfrtp_4)
                  0.10    0.47    0.86 ^ _314_/Q (sky130_fd_sc_hd__dfrtp_4)
     8    0.02                           baud_count[0] (net)
                  0.10    0.00    0.86 ^ _207_/B (sky130_fd_sc_hd__and4_2)
                  0.14    0.32    1.18 ^ _207_/X (sky130_fd_sc_hd__and4_2)
     7    0.02                           _105_ (net)
                  0.14    0.00    1.18 ^ _236_/A (sky130_fd_sc_hd__and4_2)
                  0.15    0.33    1.51 ^ _236_/X (sky130_fd_sc_hd__and4_2)
     6    0.02                           _127_ (net)
                  0.15    0.00    1.52 ^ _242_/C (sky130_fd_sc_hd__and3_1)
                  0.14    0.26    1.77 ^ _242_/X (sky130_fd_sc_hd__and3_1)
     3    0.01                           _131_ (net)
                  0.14    0.00    1.77 ^ _246_/A2 (sky130_fd_sc_hd__a21boi_1)
                  0.05    0.09    1.86 v _246_/Y (sky130_fd_sc_hd__a21boi_1)
     1    0.00                           _134_ (net)
                  0.05    0.00    1.86 v _247_/B1 (sky130_fd_sc_hd__o21a_1)
                  0.04    0.11    1.97 v _247_/X (sky130_fd_sc_hd__o21a_1)
     1    0.00                           _005_ (net)
                  0.04    0.00    1.97 v _328_/D (sky130_fd_sc_hd__dfrtp_1)
                                  1.97   data arrival time

                         10.00   10.00   clock clk (rise edge)
                          0.00   10.00   clock source latency
                  0.09    0.06   10.06 ^ clk (in)
     1    0.02                           clk (net)
                  0.09    0.00   10.06 ^ clkbuf_0_clk/A (sky130_fd_sc_hd__clkbuf_16)
                  0.06    0.15   10.21 ^ clkbuf_0_clk/X (sky130_fd_sc_hd__clkbuf_16)
     4    0.05                           clknet_0_clk (net)
                  0.07    0.00   10.22 ^ clkbuf_2_1__f_clk/A (sky130_fd_sc_hd__clkbuf_16)
                  0.05    0.14   10.35 ^ clkbuf_2_1__f_clk/X (sky130_fd_sc_hd__clkbuf_16)
    11    0.03                           clknet_2_1__leaf_clk (net)
                  0.05    0.00   10.35 ^ _328_/CLK (sky130_fd_sc_hd__dfrtp_1)
                         -0.25   10.10   clock uncertainty
                          0.02   10.13   clock reconvergence pessimism
                         -0.11   10.02   library setup time
                                 10.02   data required time
-----------------------------------------------------------------------------
                                 10.02   data required time
                                 -1.97   data arrival time
-----------------------------------------------------------------------------
                                  8.05   slack (MET)


Startpoint: _314_ (rising edge-triggered flip-flop clocked by clk)
Endpoint: _329_ (rising edge-triggered flip-flop clocked by clk)
Path Group: clk
Path Type: max
Corner: Typical

Fanout     Cap    Slew   Delay    Time   Description
-----------------------------------------------------------------------------
                          0.00    0.00   clock clk (rise edge)
                          0.00    0.00   clock source latency
                  0.09    0.07    0.07 ^ clk (in)
     1    0.02                           clk (net)
                  0.09    0.00    0.07 ^ clkbuf_0_clk/A (sky130_fd_sc_hd__clkbuf_16)
                  0.06    0.17    0.24 ^ clkbuf_0_clk/X (sky130_fd_sc_hd__clkbuf_16)
     4    0.05                           clknet_0_clk (net)
                  0.07    0.00    0.24 ^ clkbuf_2_0__f_clk/A (sky130_fd_sc_hd__clkbuf_16)
                  0.05    0.15    0.39 ^ clkbuf_2_0__f_clk/X (sky130_fd_sc_hd__clkbuf_16)
     9    0.03                           clknet_2_0__leaf_clk (net)
                  0.05    0.00    0.39 ^ _314_/CLK (sky130_fd_sc_hd__dfrtp_4)
                  0.10    0.47    0.86 ^ _314_/Q (sky130_fd_sc_hd__dfrtp_4)
     8    0.02                           baud_count[0] (net)
                  0.10    0.00    0.86 ^ _207_/B (sky130_fd_sc_hd__and4_2)
                  0.14    0.32    1.18 ^ _207_/X (sky130_fd_sc_hd__and4_2)
     7    0.02                           _105_ (net)
                  0.14    0.00    1.18 ^ _236_/A (sky130_fd_sc_hd__and4_2)
                  0.15    0.33    1.51 ^ _236_/X (sky130_fd_sc_hd__and4_2)
     6    0.02                           _127_ (net)
                  0.15    0.00    1.51 ^ _248_/D (sky130_fd_sc_hd__and4_1)
                  0.10    0.26    1.77 ^ _248_/X (sky130_fd_sc_hd__and4_1)
     2    0.01                           _135_ (net)
                  0.10    0.00    1.77 ^ _249_/A2 (sky130_fd_sc_hd__o21ai_1)
                  0.07    0.07    1.84 v _249_/Y (sky130_fd_sc_hd__o21ai_1)
     1    0.00                           _136_ (net)
                  0.07    0.00    1.84 v _250_/B1 (sky130_fd_sc_hd__a21oi_1)
                  0.10    0.12    1.96 ^ _250_/Y (sky130_fd_sc_hd__a21oi_1)
     1    0.00                           _006_ (net)
                  0.10    0.00    1.96 ^ _329_/D (sky130_fd_sc_hd__dfrtp_1)
                                  1.96   data arrival time

                         10.00   10.00   clock clk (rise edge)
                          0.00   10.00   clock source latency
                  0.09    0.06   10.06 ^ clk (in)
     1    0.02                           clk (net)
                  0.09    0.00   10.06 ^ clkbuf_0_clk/A (sky130_fd_sc_hd__clkbuf_16)
                  0.06    0.15   10.21 ^ clkbuf_0_clk/X (sky130_fd_sc_hd__clkbuf_16)
     4    0.05                           clknet_0_clk (net)
                  0.07    0.00   10.22 ^ clkbuf_2_1__f_clk/A (sky130_fd_sc_hd__clkbuf_16)
                  0.05    0.14   10.35 ^ clkbuf_2_1__f_clk/X (sky130_fd_sc_hd__clkbuf_16)
    11    0.03                           clknet_2_1__leaf_clk (net)
                  0.05    0.00   10.35 ^ _329_/CLK (sky130_fd_sc_hd__dfrtp_1)
                         -0.25   10.10   clock uncertainty
                          0.02   10.13   clock reconvergence pessimism
                         -0.07   10.06   library setup time
                                 10.06   data required time
-----------------------------------------------------------------------------
                                 10.06   data required time
                                 -1.96   data arrival time
-----------------------------------------------------------------------------
                                  8.09   slack (MET)


Startpoint: reset (input port clocked by clk)
Endpoint: _326_ (recovery check against rising-edge clock clk)
Path Group: asynchronous
Path Type: max
Corner: Typical

Fanout     Cap    Slew   Delay    Time   Description
-----------------------------------------------------------------------------
                          0.00    0.00   clock clk (rise edge)
                          0.00    0.00   clock network delay (propagated)
                          2.00    2.00 v input external delay
                  0.01    0.00    2.00 v reset (in)
     1    0.00                           reset (net)
                  0.01    0.00    2.00 v input9/A (sky130_fd_sc_hd__buf_2)
                  0.09    0.17    2.17 v input9/X (sky130_fd_sc_hd__buf_2)
     7    0.03                           net9 (net)
                  0.09    0.00    2.17 v _292_/A (sky130_fd_sc_hd__inv_2)
                  0.03    0.06    2.24 ^ _292_/Y (sky130_fd_sc_hd__inv_2)
     1    0.00                           _033_ (net)
                  0.03    0.00    2.24 ^ _326_/RESET_B (sky130_fd_sc_hd__dfrtp_1)
                                  2.24   data arrival time

                         10.00   10.00   clock clk (rise edge)
                          0.00   10.00   clock source latency
                  0.09    0.06   10.06 ^ clk (in)
     1    0.02                           clk (net)
                  0.09    0.00   10.06 ^ clkbuf_0_clk/A (sky130_fd_sc_hd__clkbuf_16)
                  0.06    0.15   10.21 ^ clkbuf_0_clk/X (sky130_fd_sc_hd__clkbuf_16)
     4    0.05                           clknet_0_clk (net)
                  0.07    0.00   10.22 ^ clkbuf_2_1__f_clk/A (sky130_fd_sc_hd__clkbuf_16)
                  0.05    0.14   10.35 ^ clkbuf_2_1__f_clk/X (sky130_fd_sc_hd__clkbuf_16)
    11    0.03                           clknet_2_1__leaf_clk (net)
                  0.05    0.00   10.35 ^ _326_/CLK (sky130_fd_sc_hd__dfrtp_1)
                         -0.25   10.10   clock uncertainty
                          0.00   10.10   clock reconvergence pessimism
                          0.24   10.34   library recovery time
                                 10.34   data required time
-----------------------------------------------------------------------------
                                 10.34   data required time
                                 -2.24   data arrival time
-----------------------------------------------------------------------------
                                  8.10   slack (MET)


Startpoint: reset (input port clocked by clk)
Endpoint: _327_ (recovery check against rising-edge clock clk)
Path Group: asynchronous
Path Type: max
Corner: Typical

Fanout     Cap    Slew   Delay    Time   Description
-----------------------------------------------------------------------------
                          0.00    0.00   clock clk (rise edge)
                          0.00    0.00   clock network delay (propagated)
                          2.00    2.00 v input external delay
                  0.01    0.00    2.00 v reset (in)
     1    0.00                           reset (net)
                  0.01    0.00    2.00 v input9/A (sky130_fd_sc_hd__buf_2)
                  0.09    0.17    2.17 v input9/X (sky130_fd_sc_hd__buf_2)
     7    0.03                           net9 (net)
                  0.09    0.00    2.18 v _293_/A (sky130_fd_sc_hd__inv_2)
                  0.03    0.06    2.24 ^ _293_/Y (sky130_fd_sc_hd__inv_2)
     1    0.00                           _034_ (net)
                  0.03    0.00    2.24 ^ _327_/RESET_B (sky130_fd_sc_hd__dfrtp_1)
                                  2.24   data arrival time

                         10.00   10.00   clock clk (rise edge)
                          0.00   10.00   clock source latency
                  0.09    0.06   10.06 ^ clk (in)
     1    0.02                           clk (net)
                  0.09    0.00   10.06 ^ clkbuf_0_clk/A (sky130_fd_sc_hd__clkbuf_16)
                  0.06    0.15   10.21 ^ clkbuf_0_clk/X (sky130_fd_sc_hd__clkbuf_16)
     4    0.05                           clknet_0_clk (net)
                  0.07    0.00   10.22 ^ clkbuf_2_1__f_clk/A (sky130_fd_sc_hd__clkbuf_16)
                  0.05    0.14   10.35 ^ clkbuf_2_1__f_clk/X (sky130_fd_sc_hd__clkbuf_16)
    11    0.03                           clknet_2_1__leaf_clk (net)
                  0.05    0.00   10.35 ^ _327_/CLK (sky130_fd_sc_hd__dfrtp_1)
                         -0.25   10.10   clock uncertainty
                          0.00   10.10   clock reconvergence pessimism
                          0.24   10.34   library recovery time
                                 10.34   data required time
-----------------------------------------------------------------------------
                                 10.34   data required time
                                 -2.24   data arrival time
-----------------------------------------------------------------------------
                                  8.10   slack (MET)


Startpoint: reset (input port clocked by clk)
Endpoint: _328_ (recovery check against rising-edge clock clk)
Path Group: asynchronous
Path Type: max
Corner: Typical

Fanout     Cap    Slew   Delay    Time   Description
-----------------------------------------------------------------------------
                          0.00    0.00   clock clk (rise edge)
                          0.00    0.00   clock network delay (propagated)
                          2.00    2.00 v input external delay
                  0.01    0.00    2.00 v reset (in)
     1    0.00                           reset (net)
                  0.01    0.00    2.00 v input9/A (sky130_fd_sc_hd__buf_2)
                  0.09    0.17    2.17 v input9/X (sky130_fd_sc_hd__buf_2)
     7    0.03                           net9 (net)
                  0.09    0.00    2.17 v _294_/A (sky130_fd_sc_hd__inv_2)
                  0.03    0.06    2.24 ^ _294_/Y (sky130_fd_sc_hd__inv_2)
     1    0.00                           _035_ (net)
                  0.03    0.00    2.24 ^ _328_/RESET_B (sky130_fd_sc_hd__dfrtp_1)
                                  2.24   data arrival time

                         10.00   10.00   clock clk (rise edge)
                          0.00   10.00   clock source latency
                  0.09    0.06   10.06 ^ clk (in)
     1    0.02                           clk (net)
                  0.09    0.00   10.06 ^ clkbuf_0_clk/A (sky130_fd_sc_hd__clkbuf_16)
                  0.06    0.15   10.21 ^ clkbuf_0_clk/X (sky130_fd_sc_hd__clkbuf_16)
     4    0.05                           clknet_0_clk (net)
                  0.07    0.00   10.22 ^ clkbuf_2_1__f_clk/A (sky130_fd_sc_hd__clkbuf_16)
                  0.05    0.14   10.35 ^ clkbuf_2_1__f_clk/X (sky130_fd_sc_hd__clkbuf_16)
    11    0.03                           clknet_2_1__leaf_clk (net)
                  0.05    0.00   10.35 ^ _328_/CLK (sky130_fd_sc_hd__dfrtp_1)
                         -0.25   10.10   clock uncertainty
                          0.00   10.10   clock reconvergence pessimism
                          0.24   10.34   library recovery time
                                 10.34   data required time
-----------------------------------------------------------------------------
                                 10.34   data required time
                                 -2.24   data arrival time
-----------------------------------------------------------------------------
                                  8.10   slack (MET)


Startpoint: reset (input port clocked by clk)
Endpoint: _329_ (recovery check against rising-edge clock clk)
Path Group: asynchronous
Path Type: max
Corner: Typical

Fanout     Cap    Slew   Delay    Time   Description
-----------------------------------------------------------------------------
                          0.00    0.00   clock clk (rise edge)
                          0.00    0.00   clock network delay (propagated)
                          2.00    2.00 v input external delay
                  0.01    0.00    2.00 v reset (in)
     1    0.00                           reset (net)
                  0.01    0.00    2.00 v input9/A (sky130_fd_sc_hd__buf_2)
                  0.09    0.17    2.17 v input9/X (sky130_fd_sc_hd__buf_2)
     7    0.03                           net9 (net)
                  0.09    0.00    2.17 v _295_/A (sky130_fd_sc_hd__inv_2)
                  0.03    0.06    2.24 ^ _295_/Y (sky130_fd_sc_hd__inv_2)
     1    0.00                           _036_ (net)
                  0.03    0.00    2.24 ^ _329_/RESET_B (sky130_fd_sc_hd__dfrtp_1)
                                  2.24   data arrival time

                         10.00   10.00   clock clk (rise edge)
                          0.00   10.00   clock source latency
                  0.09    0.06   10.06 ^ clk (in)
     1    0.02                           clk (net)
                  0.09    0.00   10.06 ^ clkbuf_0_clk/A (sky130_fd_sc_hd__clkbuf_16)
                  0.06    0.15   10.21 ^ clkbuf_0_clk/X (sky130_fd_sc_hd__clkbuf_16)
     4    0.05                           clknet_0_clk (net)
                  0.07    0.00   10.22 ^ clkbuf_2_1__f_clk/A (sky130_fd_sc_hd__clkbuf_16)
                  0.05    0.14   10.35 ^ clkbuf_2_1__f_clk/X (sky130_fd_sc_hd__clkbuf_16)
    11    0.03                           clknet_2_1__leaf_clk (net)
                  0.05    0.00   10.35 ^ _329_/CLK (sky130_fd_sc_hd__dfrtp_1)
                         -0.25   10.10   clock uncertainty
                          0.00   10.10   clock reconvergence pessimism
                          0.24   10.34   library recovery time
                                 10.34   data required time
-----------------------------------------------------------------------------
                                 10.34   data required time
                                 -2.24   data arrival time
-----------------------------------------------------------------------------
                                  8.10   slack (MET)


Startpoint: _297_ (rising edge-triggered flip-flop clocked by clk)
Endpoint: _326_ (rising edge-triggered flip-flop clocked by clk)
Path Group: clk
Path Type: max
Corner: Typical

Fanout     Cap    Slew   Delay    Time   Description
-----------------------------------------------------------------------------
                          0.00    0.00   clock clk (rise edge)
                          0.00    0.00   clock source latency
                  0.09    0.07    0.07 ^ clk (in)
     1    0.02                           clk (net)
                  0.09    0.00    0.07 ^ clkbuf_0_clk/A (sky130_fd_sc_hd__clkbuf_16)
                  0.06    0.17    0.24 ^ clkbuf_0_clk/X (sky130_fd_sc_hd__clkbuf_16)
     4    0.05                           clknet_0_clk (net)
                  0.07    0.00    0.24 ^ clkbuf_2_2__f_clk/A (sky130_fd_sc_hd__clkbuf_16)
                  0.04    0.14    0.37 ^ clkbuf_2_2__f_clk/X (sky130_fd_sc_hd__clkbuf_16)
     6    0.02                           clknet_2_2__leaf_clk (net)
                  0.04    0.00    0.38 ^ _297_/CLK (sky130_fd_sc_hd__dfrtp_4)
                  0.09    0.54    0.91 v _297_/Q (sky130_fd_sc_hd__dfrtp_4)
     8    0.03                           state[1] (net)
                  0.09    0.00    0.92 v _192_/B (sky130_fd_sc_hd__or3_4)
                  0.11    0.46    1.38 v _192_/X (sky130_fd_sc_hd__or3_4)
     7    0.03                           _094_ (net)
                  0.11    0.01    1.38 v _193_/A (sky130_fd_sc_hd__buf_2)
                  0.09    0.22    1.60 v _193_/X (sky130_fd_sc_hd__buf_2)
    10    0.04                           _095_ (net)
                  0.09    0.00    1.60 v _239_/B1_N (sky130_fd_sc_hd__a21boi_1)
                  0.06    0.16    1.76 v _239_/Y (sky130_fd_sc_hd__a21boi_1)
     1    0.00                           _129_ (net)
                  0.06    0.00    1.76 v _240_/B1 (sky130_fd_sc_hd__o21a_1)
                  0.04    0.12    1.88 v _240_/X (sky130_fd_sc_hd__o21a_1)
     1    0.00                           _003_ (net)
                  0.04    0.00    1.88 v _326_/D (sky130_fd_sc_hd__dfrtp_1)
                                  1.88   data arrival time

                         10.00   10.00   clock clk (rise edge)
                          0.00   10.00   clock source latency
                  0.09    0.06   10.06 ^ clk (in)
     1    0.02                           clk (net)
                  0.09    0.00   10.06 ^ clkbuf_0_clk/A (sky130_fd_sc_hd__clkbuf_16)
                  0.06    0.15   10.21 ^ clkbuf_0_clk/X (sky130_fd_sc_hd__clkbuf_16)
     4    0.05                           clknet_0_clk (net)
                  0.07    0.00   10.22 ^ clkbuf_2_1__f_clk/A (sky130_fd_sc_hd__clkbuf_16)
                  0.05    0.14   10.35 ^ clkbuf_2_1__f_clk/X (sky130_fd_sc_hd__clkbuf_16)
    11    0.03                           clknet_2_1__leaf_clk (net)
                  0.05    0.00   10.35 ^ _326_/CLK (sky130_fd_sc_hd__dfrtp_1)
                         -0.25   10.10   clock uncertainty
                          0.02   10.13   clock reconvergence pessimism
                         -0.11   10.02   library setup time
                                 10.02   data required time
-----------------------------------------------------------------------------
                                 10.02   data required time
                                 -1.88   data arrival time
-----------------------------------------------------------------------------
                                  8.14   slack (MET)


Startpoint: _297_ (rising edge-triggered flip-flop clocked by clk)
Endpoint: _314_ (rising edge-triggered flip-flop clocked by clk)
Path Group: clk
Path Type: max
Corner: Typical

Fanout     Cap    Slew   Delay    Time   Description
-----------------------------------------------------------------------------
                          0.00    0.00   clock clk (rise edge)
                          0.00    0.00   clock source latency
                  0.09    0.07    0.07 ^ clk (in)
     1    0.02                           clk (net)
                  0.09    0.00    0.07 ^ clkbuf_0_clk/A (sky130_fd_sc_hd__clkbuf_16)
                  0.06    0.17    0.24 ^ clkbuf_0_clk/X (sky130_fd_sc_hd__clkbuf_16)
     4    0.05                           clknet_0_clk (net)
                  0.07    0.00    0.24 ^ clkbuf_2_2__f_clk/A (sky130_fd_sc_hd__clkbuf_16)
                  0.04    0.14    0.37 ^ clkbuf_2_2__f_clk/X (sky130_fd_sc_hd__clkbuf_16)
     6    0.02                           clknet_2_2__leaf_clk (net)
                  0.04    0.00    0.38 ^ _297_/CLK (sky130_fd_sc_hd__dfrtp_4)
                  0.09    0.54    0.91 v _297_/Q (sky130_fd_sc_hd__dfrtp_4)
     8    0.03                           state[1] (net)
                  0.09    0.00    0.92 v _192_/B (sky130_fd_sc_hd__or3_4)
                  0.11    0.46    1.38 v _192_/X (sky130_fd_sc_hd__or3_4)
     7    0.03                           _094_ (net)
                  0.11    0.01    1.38 v _193_/A (sky130_fd_sc_hd__buf_2)
                  0.09    0.22    1.60 v _193_/X (sky130_fd_sc_hd__buf_2)
    10    0.04                           _095_ (net)
                  0.09    0.00    1.60 v _194_/B (sky130_fd_sc_hd__and2b_1)
                  0.04    0.18    1.79 v _194_/X (sky130_fd_sc_hd__and2b_1)
     1    0.00                           _096_ (net)
                  0.04    0.00    1.79 v _195_/A (sky130_fd_sc_hd__clkbuf_1)
                  0.03    0.09    1.87 v _195_/X (sky130_fd_sc_hd__clkbuf_1)
     1    0.00                           _000_ (net)
                  0.03    0.00    1.87 v _314_/D (sky130_fd_sc_hd__dfrtp_4)
                                  1.87   data arrival time

                         10.00   10.00   clock clk (rise edge)
                          0.00   10.00   clock source latency
                  0.09    0.06   10.06 ^ clk (in)
     1    0.02                           clk (net)
                  0.09    0.00   10.06 ^ clkbuf_0_clk/A (sky130_fd_sc_hd__clkbuf_16)
                  0.06    0.15   10.21 ^ clkbuf_0_clk/X (sky130_fd_sc_hd__clkbuf_16)
     4    0.05                           clknet_0_clk (net)
                  0.07    0.00   10.22 ^ clkbuf_2_0__f_clk/A (sky130_fd_sc_hd__clkbuf_16)
                  0.05    0.13   10.35 ^ clkbuf_2_0__f_clk/X (sky130_fd_sc_hd__clkbuf_16)
     9    0.03                           clknet_2_0__leaf_clk (net)
                  0.05    0.00   10.35 ^ _314_/CLK (sky130_fd_sc_hd__dfrtp_4)
                         -0.25   10.10   clock uncertainty
                          0.02   10.12   clock reconvergence pessimism
                         -0.10   10.02   library setup time
                                 10.02   data required time
-----------------------------------------------------------------------------
                                 10.02   data required time
                                 -1.87   data arrival time
-----------------------------------------------------------------------------
                                  8.14   slack (MET)


Startpoint: _297_ (rising edge-triggered flip-flop clocked by clk)
Endpoint: _319_ (rising edge-triggered flip-flop clocked by clk)
Path Group: clk
Path Type: max
Corner: Typical

Fanout     Cap    Slew   Delay    Time   Description
-----------------------------------------------------------------------------
                          0.00    0.00   clock clk (rise edge)
                          0.00    0.00   clock source latency
                  0.09    0.07    0.07 ^ clk (in)
     1    0.02                           clk (net)
                  0.09    0.00    0.07 ^ clkbuf_0_clk/A (sky130_fd_sc_hd__clkbuf_16)
                  0.06    0.17    0.24 ^ clkbuf_0_clk/X (sky130_fd_sc_hd__clkbuf_16)
     4    0.05                           clknet_0_clk (net)
                  0.07    0.00    0.24 ^ clkbuf_2_2__f_clk/A (sky130_fd_sc_hd__clkbuf_16)
                  0.04    0.14    0.37 ^ clkbuf_2_2__f_clk/X (sky130_fd_sc_hd__clkbuf_16)
     6    0.02                           clknet_2_2__leaf_clk (net)
                  0.04    0.00    0.38 ^ _297_/CLK (sky130_fd_sc_hd__dfrtp_4)
                  0.09    0.54    0.91 v _297_/Q (sky130_fd_sc_hd__dfrtp_4)
     8    0.03                           state[1] (net)
                  0.09    0.00    0.92 v _192_/B (sky130_fd_sc_hd__or3_4)
                  0.11    0.46    1.38 v _192_/X (sky130_fd_sc_hd__or3_4)
     7    0.03                           _094_ (net)
                  0.11    0.01    1.38 v _193_/A (sky130_fd_sc_hd__buf_2)
                  0.09    0.22    1.60 v _193_/X (sky130_fd_sc_hd__buf_2)
    10    0.04                           _095_ (net)
                  0.09    0.00    1.60 v _214_/A (sky130_fd_sc_hd__and3_1)
                  0.04    0.17    1.77 v _214_/X (sky130_fd_sc_hd__and3_1)
     1    0.00                           _111_ (net)
                  0.04    0.00    1.77 v _215_/A (sky130_fd_sc_hd__clkbuf_1)
                  0.03    0.09    1.86 v _215_/X (sky130_fd_sc_hd__clkbuf_1)
     1    0.00                           _011_ (net)
                  0.03    0.00    1.86 v _319_/D (sky130_fd_sc_hd__dfrtp_1)
                                  1.86   data arrival time

                         10.00   10.00   clock clk (rise edge)
                          0.00   10.00   clock source latency
                  0.09    0.06   10.06 ^ clk (in)
     1    0.02                           clk (net)
                  0.09    0.00   10.06 ^ clkbuf_0_clk/A (sky130_fd_sc_hd__clkbuf_16)
                  0.06    0.15   10.21 ^ clkbuf_0_clk/X (sky130_fd_sc_hd__clkbuf_16)
     4    0.05                           clknet_0_clk (net)
                  0.07    0.00   10.22 ^ clkbuf_2_0__f_clk/A (sky130_fd_sc_hd__clkbuf_16)
                  0.05    0.13   10.35 ^ clkbuf_2_0__f_clk/X (sky130_fd_sc_hd__clkbuf_16)
     9    0.03                           clknet_2_0__leaf_clk (net)
                  0.05    0.00   10.35 ^ _319_/CLK (sky130_fd_sc_hd__dfrtp_1)
                         -0.25   10.10   clock uncertainty
                          0.02   10.12   clock reconvergence pessimism
                         -0.11   10.02   library setup time
                                 10.02   data required time
-----------------------------------------------------------------------------
                                 10.02   data required time
                                 -1.86   data arrival time
-----------------------------------------------------------------------------
                                  8.15   slack (MET)


Startpoint: _297_ (rising edge-triggered flip-flop clocked by clk)
Endpoint: _322_ (rising edge-triggered flip-flop clocked by clk)
Path Group: clk
Path Type: max
Corner: Typical

Fanout     Cap    Slew   Delay    Time   Description
-----------------------------------------------------------------------------
                          0.00    0.00   clock clk (rise edge)
                          0.00    0.00   clock source latency
                  0.09    0.07    0.07 ^ clk (in)
     1    0.02                           clk (net)
                  0.09    0.00    0.07 ^ clkbuf_0_clk/A (sky130_fd_sc_hd__clkbuf_16)
                  0.06    0.17    0.24 ^ clkbuf_0_clk/X (sky130_fd_sc_hd__clkbuf_16)
     4    0.05                           clknet_0_clk (net)
                  0.07    0.00    0.24 ^ clkbuf_2_2__f_clk/A (sky130_fd_sc_hd__clkbuf_16)
                  0.04    0.14    0.37 ^ clkbuf_2_2__f_clk/X (sky130_fd_sc_hd__clkbuf_16)
     6    0.02                           clknet_2_2__leaf_clk (net)
                  0.04    0.00    0.38 ^ _297_/CLK (sky130_fd_sc_hd__dfrtp_4)
                  0.09    0.54    0.91 v _297_/Q (sky130_fd_sc_hd__dfrtp_4)
     8    0.03                           state[1] (net)
                  0.09    0.00    0.92 v _192_/B (sky130_fd_sc_hd__or3_4)
                  0.11    0.46    1.38 v _192_/X (sky130_fd_sc_hd__or3_4)
     7    0.03                           _094_ (net)
                  0.11    0.01    1.38 v _193_/A (sky130_fd_sc_hd__buf_2)
                  0.09    0.22    1.60 v _193_/X (sky130_fd_sc_hd__buf_2)
    10    0.04                           _095_ (net)
                  0.09    0.00    1.60 v _224_/B1_N (sky130_fd_sc_hd__a21boi_1)
                  0.05    0.15    1.76 v _224_/Y (sky130_fd_sc_hd__a21boi_1)
     1    0.00                           _118_ (net)
                  0.05    0.00    1.76 v _225_/B1 (sky130_fd_sc_hd__o21a_1)
                  0.03    0.10    1.86 v _225_/X (sky130_fd_sc_hd__o21a_1)
     1    0.00                           _014_ (net)
                  0.03    0.00    1.86 v _322_/D (sky130_fd_sc_hd__dfrtp_2)
                                  1.86   data arrival time

                         10.00   10.00   clock clk (rise edge)
                          0.00   10.00   clock source latency
                  0.09    0.06   10.06 ^ clk (in)
     1    0.02                           clk (net)
                  0.09    0.00   10.06 ^ clkbuf_0_clk/A (sky130_fd_sc_hd__clkbuf_16)
                  0.06    0.15   10.21 ^ clkbuf_0_clk/X (sky130_fd_sc_hd__clkbuf_16)
     4    0.05                           clknet_0_clk (net)
                  0.07    0.00   10.22 ^ clkbuf_2_0__f_clk/A (sky130_fd_sc_hd__clkbuf_16)
                  0.05    0.13   10.35 ^ clkbuf_2_0__f_clk/X (sky130_fd_sc_hd__clkbuf_16)
     9    0.03                           clknet_2_0__leaf_clk (net)
                  0.05    0.00   10.35 ^ _322_/CLK (sky130_fd_sc_hd__dfrtp_2)
                         -0.25   10.10   clock uncertainty
                          0.02   10.12   clock reconvergence pessimism
                         -0.11   10.01   library setup time
                                 10.01   data required time
-----------------------------------------------------------------------------
                                 10.01   data required time
                                 -1.86   data arrival time
-----------------------------------------------------------------------------
                                  8.15   slack (MET)


Startpoint: _297_ (rising edge-triggered flip-flop clocked by clk)
Endpoint: _321_ (rising edge-triggered flip-flop clocked by clk)
Path Group: clk
Path Type: max
Corner: Typical

Fanout     Cap    Slew   Delay    Time   Description
-----------------------------------------------------------------------------
                          0.00    0.00   clock clk (rise edge)
                          0.00    0.00   clock source latency
                  0.09    0.07    0.07 ^ clk (in)
     1    0.02                           clk (net)
                  0.09    0.00    0.07 ^ clkbuf_0_clk/A (sky130_fd_sc_hd__clkbuf_16)
                  0.06    0.17    0.24 ^ clkbuf_0_clk/X (sky130_fd_sc_hd__clkbuf_16)
     4    0.05                           clknet_0_clk (net)
                  0.07    0.00    0.24 ^ clkbuf_2_2__f_clk/A (sky130_fd_sc_hd__clkbuf_16)
                  0.04    0.14    0.37 ^ clkbuf_2_2__f_clk/X (sky130_fd_sc_hd__clkbuf_16)
     6    0.02                           clknet_2_2__leaf_clk (net)
                  0.04    0.00    0.38 ^ _297_/CLK (sky130_fd_sc_hd__dfrtp_4)
                  0.09    0.54    0.91 v _297_/Q (sky130_fd_sc_hd__dfrtp_4)
     8    0.03                           state[1] (net)
                  0.09    0.00    0.92 v _192_/B (sky130_fd_sc_hd__or3_4)
                  0.11    0.46    1.38 v _192_/X (sky130_fd_sc_hd__or3_4)
     7    0.03                           _094_ (net)
                  0.11    0.01    1.38 v _193_/A (sky130_fd_sc_hd__buf_2)
                  0.09    0.22    1.60 v _193_/X (sky130_fd_sc_hd__buf_2)
    10    0.04                           _095_ (net)
                  0.09    0.00    1.60 v _222_/A (sky130_fd_sc_hd__and3_1)
                  0.03    0.16    1.77 v _222_/X (sky130_fd_sc_hd__and3_1)
     1    0.00                           _117_ (net)
                  0.03    0.00    1.77 v _223_/A (sky130_fd_sc_hd__clkbuf_1)
                  0.02    0.08    1.85 v _223_/X (sky130_fd_sc_hd__clkbuf_1)
     1    0.00                           _013_ (net)
                  0.02    0.00    1.85 v _321_/D (sky130_fd_sc_hd__dfrtp_1)
                                  1.85   data arrival time

                         10.00   10.00   clock clk (rise edge)
                          0.00   10.00   clock source latency
                  0.09    0.06   10.06 ^ clk (in)
     1    0.02                           clk (net)
                  0.09    0.00   10.06 ^ clkbuf_0_clk/A (sky130_fd_sc_hd__clkbuf_16)
                  0.06    0.15   10.21 ^ clkbuf_0_clk/X (sky130_fd_sc_hd__clkbuf_16)
     4    0.05                           clknet_0_clk (net)
                  0.07    0.00   10.22 ^ clkbuf_2_0__f_clk/A (sky130_fd_sc_hd__clkbuf_16)
                  0.05    0.13   10.35 ^ clkbuf_2_0__f_clk/X (sky130_fd_sc_hd__clkbuf_16)
     9    0.03                           clknet_2_0__leaf_clk (net)
                  0.05    0.00   10.35 ^ _321_/CLK (sky130_fd_sc_hd__dfrtp_1)
                         -0.25   10.10   clock uncertainty
                          0.02   10.12   clock reconvergence pessimism
                         -0.10   10.02   library setup time
                                 10.02   data required time
-----------------------------------------------------------------------------
                                 10.02   data required time
                                 -1.85   data arrival time
-----------------------------------------------------------------------------
                                  8.17   slack (MET)


Startpoint: _314_ (rising edge-triggered flip-flop clocked by clk)
Endpoint: _325_ (rising edge-triggered flip-flop clocked by clk)
Path Group: clk
Path Type: max
Corner: Typical

Fanout     Cap    Slew   Delay    Time   Description
-----------------------------------------------------------------------------
                          0.00    0.00   clock clk (rise edge)
                          0.00    0.00   clock source latency
                  0.09    0.07    0.07 ^ clk (in)
     1    0.02                           clk (net)
                  0.09    0.00    0.07 ^ clkbuf_0_clk/A (sky130_fd_sc_hd__clkbuf_16)
                  0.06    0.17    0.24 ^ clkbuf_0_clk/X (sky130_fd_sc_hd__clkbuf_16)
     4    0.05                           clknet_0_clk (net)
                  0.07    0.00    0.24 ^ clkbuf_2_0__f_clk/A (sky130_fd_sc_hd__clkbuf_16)
                  0.05    0.15    0.39 ^ clkbuf_2_0__f_clk/X (sky130_fd_sc_hd__clkbuf_16)
     9    0.03                           clknet_2_0__leaf_clk (net)
                  0.05    0.00    0.39 ^ _314_/CLK (sky130_fd_sc_hd__dfrtp_4)
                  0.08    0.53    0.92 v _314_/Q (sky130_fd_sc_hd__dfrtp_4)
     8    0.02                           baud_count[0] (net)
                  0.08    0.00    0.92 v _207_/B (sky130_fd_sc_hd__and4_2)
                  0.08    0.28    1.21 v _207_/X (sky130_fd_sc_hd__and4_2)
     7    0.02                           _105_ (net)
                  0.08    0.00    1.21 v _220_/A (sky130_fd_sc_hd__and3_2)
                  0.08    0.24    1.45 v _220_/X (sky130_fd_sc_hd__and3_2)
     5    0.02                           _115_ (net)
                  0.08    0.00    1.45 v _227_/C (sky130_fd_sc_hd__nand3_2)
                  0.09    0.12    1.57 ^ _227_/Y (sky130_fd_sc_hd__nand3_2)
     4    0.01                           _120_ (net)
                  0.09    0.00    1.57 ^ _234_/B (sky130_fd_sc_hd__nor2_1)
                  0.03    0.05    1.62 v _234_/Y (sky130_fd_sc_hd__nor2_1)
     1    0.00                           _125_ (net)
                  0.03    0.00    1.62 v _238_/A2 (sky130_fd_sc_hd__o211a_1)
                  0.04    0.21    1.83 v _238_/X (sky130_fd_sc_hd__o211a_1)
     1    0.00                           _002_ (net)
                  0.04    0.00    1.83 v _325_/D (sky130_fd_sc_hd__dfrtp_1)
                                  1.83   data arrival time

                         10.00   10.00   clock clk (rise edge)
                          0.00   10.00   clock source latency
                  0.09    0.06   10.06 ^ clk (in)
     1    0.02                           clk (net)
                  0.09    0.00   10.06 ^ clkbuf_0_clk/A (sky130_fd_sc_hd__clkbuf_16)
                  0.06    0.15   10.21 ^ clkbuf_0_clk/X (sky130_fd_sc_hd__clkbuf_16)
     4    0.05                           clknet_0_clk (net)
                  0.07    0.00   10.22 ^ clkbuf_2_1__f_clk/A (sky130_fd_sc_hd__clkbuf_16)
                  0.05    0.14   10.35 ^ clkbuf_2_1__f_clk/X (sky130_fd_sc_hd__clkbuf_16)
    11    0.03                           clknet_2_1__leaf_clk (net)
                  0.05    0.00   10.35 ^ _325_/CLK (sky130_fd_sc_hd__dfrtp_1)
                         -0.25   10.10   clock uncertainty
                          0.02   10.13   clock reconvergence pessimism
                         -0.11   10.01   library setup time
                                 10.01   data required time
-----------------------------------------------------------------------------
                                 10.01   data required time
                                 -1.83   data arrival time
-----------------------------------------------------------------------------
                                  8.18   slack (MET)


Startpoint: _314_ (rising edge-triggered flip-flop clocked by clk)
Endpoint: _323_ (rising edge-triggered flip-flop clocked by clk)
Path Group: clk
Path Type: max
Corner: Typical

Fanout     Cap    Slew   Delay    Time   Description
-----------------------------------------------------------------------------
                          0.00    0.00   clock clk (rise edge)
                          0.00    0.00   clock source latency
                  0.09    0.07    0.07 ^ clk (in)
     1    0.02                           clk (net)
                  0.09    0.00    0.07 ^ clkbuf_0_clk/A (sky130_fd_sc_hd__clkbuf_16)
                  0.06    0.17    0.24 ^ clkbuf_0_clk/X (sky130_fd_sc_hd__clkbuf_16)
     4    0.05                           clknet_0_clk (net)
                  0.07    0.00    0.24 ^ clkbuf_2_0__f_clk/A (sky130_fd_sc_hd__clkbuf_16)
                  0.05    0.15    0.39 ^ clkbuf_2_0__f_clk/X (sky130_fd_sc_hd__clkbuf_16)
     9    0.03                           clknet_2_0__leaf_clk (net)
                  0.05    0.00    0.39 ^ _314_/CLK (sky130_fd_sc_hd__dfrtp_4)
                  0.08    0.53    0.92 v _314_/Q (sky130_fd_sc_hd__dfrtp_4)
     8    0.02                           baud_count[0] (net)
                  0.08    0.00    0.92 v _207_/B (sky130_fd_sc_hd__and4_2)
                  0.08    0.28    1.21 v _207_/X (sky130_fd_sc_hd__and4_2)
     7    0.02                           _105_ (net)
                  0.08    0.00    1.21 v _220_/A (sky130_fd_sc_hd__and3_2)
                  0.08    0.24    1.45 v _220_/X (sky130_fd_sc_hd__and3_2)
     5    0.02                           _115_ (net)
                  0.08    0.00    1.45 v _226_/B (sky130_fd_sc_hd__and2_1)
                  0.04    0.17    1.63 v _226_/X (sky130_fd_sc_hd__and2_1)
     1    0.00                           _119_ (net)
                  0.04    0.00    1.63 v _228_/A2 (sky130_fd_sc_hd__o211a_1)
                  0.04    0.20    1.83 v _228_/X (sky130_fd_sc_hd__o211a_1)
     1    0.00                           _015_ (net)
                  0.04    0.00    1.83 v _323_/D (sky130_fd_sc_hd__dfrtp_1)
                                  1.83   data arrival time

                         10.00   10.00   clock clk (rise edge)
                          0.00   10.00   clock source latency
                  0.09    0.06   10.06 ^ clk (in)
     1    0.02                           clk (net)
                  0.09    0.00   10.06 ^ clkbuf_0_clk/A (sky130_fd_sc_hd__clkbuf_16)
                  0.06    0.15   10.21 ^ clkbuf_0_clk/X (sky130_fd_sc_hd__clkbuf_16)
     4    0.05                           clknet_0_clk (net)
                  0.07    0.00   10.22 ^ clkbuf_2_1__f_clk/A (sky130_fd_sc_hd__clkbuf_16)
                  0.05    0.14   10.35 ^ clkbuf_2_1__f_clk/X (sky130_fd_sc_hd__clkbuf_16)
    11    0.03                           clknet_2_1__leaf_clk (net)
                  0.05    0.00   10.35 ^ _323_/CLK (sky130_fd_sc_hd__dfrtp_1)
                         -0.25   10.10   clock uncertainty
                          0.02   10.13   clock reconvergence pessimism
                         -0.11   10.02   library setup time
                                 10.02   data required time
-----------------------------------------------------------------------------
                                 10.02   data required time
                                 -1.83   data arrival time
-----------------------------------------------------------------------------
                                  8.19   slack (MET)


Startpoint: _297_ (rising edge-triggered flip-flop clocked by clk)
Endpoint: _316_ (rising edge-triggered flip-flop clocked by clk)
Path Group: clk
Path Type: max
Corner: Typical

Fanout     Cap    Slew   Delay    Time   Description
-----------------------------------------------------------------------------
                          0.00    0.00   clock clk (rise edge)
                          0.00    0.00   clock source latency
                  0.09    0.07    0.07 ^ clk (in)
     1    0.02                           clk (net)
                  0.09    0.00    0.07 ^ clkbuf_0_clk/A (sky130_fd_sc_hd__clkbuf_16)
                  0.06    0.17    0.24 ^ clkbuf_0_clk/X (sky130_fd_sc_hd__clkbuf_16)
     4    0.05                           clknet_0_clk (net)
                  0.07    0.00    0.24 ^ clkbuf_2_2__f_clk/A (sky130_fd_sc_hd__clkbuf_16)
                  0.04    0.14    0.37 ^ clkbuf_2_2__f_clk/X (sky130_fd_sc_hd__clkbuf_16)
     6    0.02                           clknet_2_2__leaf_clk (net)
                  0.04    0.00    0.38 ^ _297_/CLK (sky130_fd_sc_hd__dfrtp_4)
                  0.09    0.54    0.91 v _297_/Q (sky130_fd_sc_hd__dfrtp_4)
     8    0.03                           state[1] (net)
                  0.09    0.00    0.92 v _192_/B (sky130_fd_sc_hd__or3_4)
                  0.11    0.46    1.38 v _192_/X (sky130_fd_sc_hd__or3_4)
     7    0.03                           _094_ (net)
                  0.11    0.00    1.38 v _202_/B (sky130_fd_sc_hd__and3_1)
                  0.04    0.20    1.58 v _202_/X (sky130_fd_sc_hd__and3_1)
     1    0.00                           _102_ (net)
                  0.04    0.00    1.58 v _203_/A (sky130_fd_sc_hd__clkbuf_1)
                  0.03    0.10    1.68 v _203_/X (sky130_fd_sc_hd__clkbuf_1)
     1    0.00                           _008_ (net)
                  0.03    0.00    1.68 v _316_/D (sky130_fd_sc_hd__dfrtp_1)
                                  1.68   data arrival time

                         10.00   10.00   clock clk (rise edge)
                          0.00   10.00   clock source latency
                  0.09    0.06   10.06 ^ clk (in)
     1    0.02                           clk (net)
                  0.09    0.00   10.06 ^ clkbuf_0_clk/A (sky130_fd_sc_hd__clkbuf_16)
                  0.06    0.15   10.21 ^ clkbuf_0_clk/X (sky130_fd_sc_hd__clkbuf_16)
     4    0.05                           clknet_0_clk (net)
                  0.07    0.00   10.22 ^ clkbuf_2_0__f_clk/A (sky130_fd_sc_hd__clkbuf_16)
                  0.05    0.13   10.35 ^ clkbuf_2_0__f_clk/X (sky130_fd_sc_hd__clkbuf_16)
     9    0.03                           clknet_2_0__leaf_clk (net)
                  0.05    0.00   10.35 ^ _316_/CLK (sky130_fd_sc_hd__dfrtp_1)
                         -0.25   10.10   clock uncertainty
                          0.02   10.12   clock reconvergence pessimism
                         -0.11   10.02   library setup time
                                 10.02   data required time
-----------------------------------------------------------------------------
                                 10.02   data required time
                                 -1.68   data arrival time
-----------------------------------------------------------------------------
                                  8.34   slack (MET)


Startpoint: _297_ (rising edge-triggered flip-flop clocked by clk)
Endpoint: _317_ (rising edge-triggered flip-flop clocked by clk)
Path Group: clk
Path Type: max
Corner: Typical

Fanout     Cap    Slew   Delay    Time   Description
-----------------------------------------------------------------------------
                          0.00    0.00   clock clk (rise edge)
                          0.00    0.00   clock source latency
                  0.09    0.07    0.07 ^ clk (in)
     1    0.02                           clk (net)
                  0.09    0.00    0.07 ^ clkbuf_0_clk/A (sky130_fd_sc_hd__clkbuf_16)
                  0.06    0.17    0.24 ^ clkbuf_0_clk/X (sky130_fd_sc_hd__clkbuf_16)
     4    0.05                           clknet_0_clk (net)
                  0.07    0.00    0.24 ^ clkbuf_2_2__f_clk/A (sky130_fd_sc_hd__clkbuf_16)
                  0.04    0.14    0.37 ^ clkbuf_2_2__f_clk/X (sky130_fd_sc_hd__clkbuf_16)
     6    0.02                           clknet_2_2__leaf_clk (net)
                  0.04    0.00    0.38 ^ _297_/CLK (sky130_fd_sc_hd__dfrtp_4)
                  0.09    0.54    0.91 v _297_/Q (sky130_fd_sc_hd__dfrtp_4)
     8    0.03                           state[1] (net)
                  0.09    0.00    0.92 v _192_/B (sky130_fd_sc_hd__or3_4)
                  0.11    0.46    1.38 v _192_/X (sky130_fd_sc_hd__or3_4)
     7    0.03                           _094_ (net)
                  0.11    0.00    1.38 v _205_/B (sky130_fd_sc_hd__and3_1)
                  0.04    0.20    1.58 v _205_/X (sky130_fd_sc_hd__and3_1)
     1    0.00                           _104_ (net)
                  0.04    0.00    1.58 v _206_/A (sky130_fd_sc_hd__clkbuf_1)
                  0.03    0.09    1.67 v _206_/X (sky130_fd_sc_hd__clkbuf_1)
     1    0.00                           _009_ (net)
                  0.03    0.00    1.67 v _317_/D (sky130_fd_sc_hd__dfrtp_1)
                                  1.67   data arrival time

                         10.00   10.00   clock clk (rise edge)
                          0.00   10.00   clock source latency
                  0.09    0.06   10.06 ^ clk (in)
     1    0.02                           clk (net)
                  0.09    0.00   10.06 ^ clkbuf_0_clk/A (sky130_fd_sc_hd__clkbuf_16)
                  0.06    0.15   10.21 ^ clkbuf_0_clk/X (sky130_fd_sc_hd__clkbuf_16)
     4    0.05                           clknet_0_clk (net)
                  0.07    0.00   10.22 ^ clkbuf_2_0__f_clk/A (sky130_fd_sc_hd__clkbuf_16)
                  0.05    0.13   10.35 ^ clkbuf_2_0__f_clk/X (sky130_fd_sc_hd__clkbuf_16)
     9    0.03                           clknet_2_0__leaf_clk (net)
                  0.05    0.00   10.35 ^ _317_/CLK (sky130_fd_sc_hd__dfrtp_1)
                         -0.25   10.10   clock uncertainty
                          0.02   10.12   clock reconvergence pessimism
                         -0.11   10.02   library setup time
                                 10.02   data required time
-----------------------------------------------------------------------------
                                 10.02   data required time
                                 -1.67   data arrival time
-----------------------------------------------------------------------------
                                  8.34   slack (MET)


Startpoint: _297_ (rising edge-triggered flip-flop clocked by clk)
Endpoint: _315_ (rising edge-triggered flip-flop clocked by clk)
Path Group: clk
Path Type: max
Corner: Typical

Fanout     Cap    Slew   Delay    Time   Description
-----------------------------------------------------------------------------
                          0.00    0.00   clock clk (rise edge)
                          0.00    0.00   clock source latency
                  0.09    0.07    0.07 ^ clk (in)
     1    0.02                           clk (net)
                  0.09    0.00    0.07 ^ clkbuf_0_clk/A (sky130_fd_sc_hd__clkbuf_16)
                  0.06    0.17    0.24 ^ clkbuf_0_clk/X (sky130_fd_sc_hd__clkbuf_16)
     4    0.05                           clknet_0_clk (net)
                  0.07    0.00    0.24 ^ clkbuf_2_2__f_clk/A (sky130_fd_sc_hd__clkbuf_16)
                  0.04    0.14    0.37 ^ clkbuf_2_2__f_clk/X (sky130_fd_sc_hd__clkbuf_16)
     6    0.02                           clknet_2_2__leaf_clk (net)
                  0.04    0.00    0.38 ^ _297_/CLK (sky130_fd_sc_hd__dfrtp_4)
                  0.09    0.54    0.91 v _297_/Q (sky130_fd_sc_hd__dfrtp_4)
     8    0.03                           state[1] (net)
                  0.09    0.00    0.92 v _192_/B (sky130_fd_sc_hd__or3_4)
                  0.11    0.46    1.38 v _192_/X (sky130_fd_sc_hd__or3_4)
     7    0.03                           _094_ (net)
                  0.11    0.00    1.38 v _198_/B (sky130_fd_sc_hd__and3_1)
                  0.03    0.19    1.57 v _198_/X (sky130_fd_sc_hd__and3_1)
     1    0.00                           _099_ (net)
                  0.03    0.00    1.57 v _199_/A (sky130_fd_sc_hd__clkbuf_1)
                  0.02    0.08    1.66 v _199_/X (sky130_fd_sc_hd__clkbuf_1)
     1    0.00                           _007_ (net)
                  0.02    0.00    1.66 v _315_/D (sky130_fd_sc_hd__dfrtp_2)
                                  1.66   data arrival time

                         10.00   10.00   clock clk (rise edge)
                          0.00   10.00   clock source latency
                  0.09    0.06   10.06 ^ clk (in)
     1    0.02                           clk (net)
                  0.09    0.00   10.06 ^ clkbuf_0_clk/A (sky130_fd_sc_hd__clkbuf_16)
                  0.06    0.15   10.21 ^ clkbuf_0_clk/X (sky130_fd_sc_hd__clkbuf_16)
     4    0.05                           clknet_0_clk (net)
                  0.07    0.00   10.22 ^ clkbuf_2_2__f_clk/A (sky130_fd_sc_hd__clkbuf_16)
                  0.04    0.12   10.34 ^ clkbuf_2_2__f_clk/X (sky130_fd_sc_hd__clkbuf_16)
     6    0.02                           clknet_2_2__leaf_clk (net)
                  0.04    0.00   10.34 ^ _315_/CLK (sky130_fd_sc_hd__dfrtp_2)
                         -0.25   10.09   clock uncertainty
                          0.04   10.12   clock reconvergence pessimism
                         -0.11   10.02   library setup time
                                 10.02   data required time
-----------------------------------------------------------------------------
                                 10.02   data required time
                                 -1.66   data arrival time
-----------------------------------------------------------------------------
                                  8.36   slack (MET)



