
===========================================================================
report_checks -path_delay max (Setup)
============================================================================
======================= Fastest Corner ===================================

Startpoint: _304_ (rising edge-triggered flip-flop clocked by clk)
Endpoint: tx (output port clocked by clk)
Path Group: clk
Path Type: max
Corner: Fastest

Fanout     Cap    Slew   Delay    Time   Description
-----------------------------------------------------------------------------
                          0.00    0.00   clock clk (rise edge)
                          0.00    0.00   clock source latency
                  0.06    0.04    0.04 ^ clk (in)
     1    0.02                           clk (net)
                  0.06    0.00    0.04 ^ clkbuf_0_clk/A (sky130_fd_sc_hd__clkbuf_16)
                  0.05    0.11    0.16 ^ clkbuf_0_clk/X (sky130_fd_sc_hd__clkbuf_16)
     4    0.04                           clknet_0_clk (net)
                  0.05    0.00    0.16 ^ clkbuf_2_2__f_clk/A (sky130_fd_sc_hd__clkbuf_16)
                  0.03    0.09    0.25 ^ clkbuf_2_2__f_clk/X (sky130_fd_sc_hd__clkbuf_16)
     6    0.02                           clknet_2_2__leaf_clk (net)
                  0.03    0.00    0.25 ^ _304_/CLK (sky130_fd_sc_hd__dfstp_1)
                  0.05    0.33    0.58 ^ _304_/Q (sky130_fd_sc_hd__dfstp_1)
     1    0.01                           net12 (net)
                  0.05    0.00    0.58 ^ output12/A (sky130_fd_sc_hd__clkbuf_4)
                  0.08    0.14    0.72 ^ output12/X (sky130_fd_sc_hd__clkbuf_4)
     1    0.03                           tx (net)
                  0.08    0.00    0.72 ^ tx (out)
                                  0.72   data arrival time

                         10.00   10.00   clock clk (rise edge)
                          0.00   10.00   clock network delay (propagated)
                         -0.25    9.75   clock uncertainty
                          0.00    9.75   clock reconvergence pessimism
                         -2.00    7.75   output external delay
                                  7.75   data required time
-----------------------------------------------------------------------------
                                  7.75   data required time
                                 -0.72   data arrival time
-----------------------------------------------------------------------------
                                  7.03   slack (MET)


Startpoint: _305_ (rising edge-triggered flip-flop clocked by clk)
Endpoint: busy (output port clocked by clk)
Path Group: clk
Path Type: max
Corner: Fastest

Fanout     Cap    Slew   Delay    Time   Description
-----------------------------------------------------------------------------
                          0.00    0.00   clock clk (rise edge)
                          0.00    0.00   clock source latency
                  0.06    0.04    0.04 ^ clk (in)
     1    0.02                           clk (net)
                  0.06    0.00    0.04 ^ clkbuf_0_clk/A (sky130_fd_sc_hd__clkbuf_16)
                  0.05    0.11    0.16 ^ clkbuf_0_clk/X (sky130_fd_sc_hd__clkbuf_16)
     4    0.04                           clknet_0_clk (net)
                  0.05    0.00    0.16 ^ clkbuf_2_2__f_clk/A (sky130_fd_sc_hd__clkbuf_16)
                  0.03    0.09    0.25 ^ clkbuf_2_2__f_clk/X (sky130_fd_sc_hd__clkbuf_16)
     6    0.02                           clknet_2_2__leaf_clk (net)
                  0.03    0.00    0.25 ^ _305_/CLK (sky130_fd_sc_hd__dfrtp_1)
                  0.03    0.24    0.49 v _305_/Q (sky130_fd_sc_hd__dfrtp_1)
     1    0.00                           net11 (net)
                  0.03    0.00    0.49 v output11/A (sky130_fd_sc_hd__clkbuf_4)
                  0.06    0.13    0.61 v output11/X (sky130_fd_sc_hd__clkbuf_4)
     1    0.03                           busy (net)
                  0.06    0.00    0.62 v busy (out)
                                  0.62   data arrival time

                         10.00   10.00   clock clk (rise edge)
                          0.00   10.00   clock network delay (propagated)
                         -0.25    9.75   clock uncertainty
                          0.00    9.75   clock reconvergence pessimism
                         -2.00    7.75   output external delay
                                  7.75   data required time
-----------------------------------------------------------------------------
                                  7.75   data required time
                                 -0.62   data arrival time
-----------------------------------------------------------------------------
                                  7.13   slack (MET)


Startpoint: start (input port clocked by clk)
Endpoint: _305_ (rising edge-triggered flip-flop clocked by clk)
Path Group: clk
Path Type: max
Corner: Fastest

Fanout     Cap    Slew   Delay    Time   Description
-----------------------------------------------------------------------------
                          0.00    0.00   clock clk (rise edge)
                          0.00    0.00   clock network delay (propagated)
                          2.00    2.00 v input external delay
                  0.01    0.00    2.00 v start (in)
     1    0.00                           start (net)
                  0.01    0.00    2.00 v input10/A (sky130_fd_sc_hd__clkbuf_2)
                  0.06    0.10    2.10 v input10/X (sky130_fd_sc_hd__clkbuf_2)
     3    0.02                           net10 (net)
                  0.06    0.00    2.10 v _251_/A0 (sky130_fd_sc_hd__mux2_1)
                  0.04    0.15    2.25 v _251_/X (sky130_fd_sc_hd__mux2_1)
     1    0.00                           _137_ (net)
                  0.04    0.00    2.25 v _252_/C (sky130_fd_sc_hd__or3_1)
                  0.05    0.19    2.44 v _252_/X (sky130_fd_sc_hd__or3_1)
     1    0.00                           _138_ (net)
                  0.05    0.00    2.44 v _253_/A (sky130_fd_sc_hd__clkbuf_1)
                  0.02    0.07    2.51 v _253_/X (sky130_fd_sc_hd__clkbuf_1)
     1    0.00                           _146_ (net)
                  0.02    0.00    2.51 v _305_/D (sky130_fd_sc_hd__dfrtp_1)
                                  2.51   data arrival time

                         10.00   10.00   clock clk (rise edge)
                          0.00   10.00   clock source latency
                  0.06    0.04   10.04 ^ clk (in)
     1    0.02                           clk (net)
                  0.06    0.00   10.04 ^ clkbuf_0_clk/A (sky130_fd_sc_hd__clkbuf_16)
                  0.05    0.10   10.14 ^ clkbuf_0_clk/X (sky130_fd_sc_hd__clkbuf_16)
     4    0.04                           clknet_0_clk (net)
                  0.05    0.00   10.14 ^ clkbuf_2_2__f_clk/A (sky130_fd_sc_hd__clkbuf_16)
                  0.03    0.08   10.23 ^ clkbuf_2_2__f_clk/X (sky130_fd_sc_hd__clkbuf_16)
     6    0.02                           clknet_2_2__leaf_clk (net)
                  0.03    0.00   10.23 ^ _305_/CLK (sky130_fd_sc_hd__dfrtp_1)
                         -0.25    9.98   clock uncertainty
                          0.00    9.98   clock reconvergence pessimism
                         -0.07    9.91   library setup time
                                  9.91   data required time
-----------------------------------------------------------------------------
                                  9.91   data required time
                                 -2.51   data arrival time
-----------------------------------------------------------------------------
                                  7.40   slack (MET)


Startpoint: start (input port clocked by clk)
Endpoint: _312_ (rising edge-triggered flip-flop clocked by clk)
Path Group: clk
Path Type: max
Corner: Fastest

Fanout     Cap    Slew   Delay    Time   Description
-----------------------------------------------------------------------------
                          0.00    0.00   clock clk (rise edge)
                          0.00    0.00   clock network delay (propagated)
                          2.00    2.00 v input external delay
                  0.01    0.00    2.00 v start (in)
     1    0.00                           start (net)
                  0.01    0.00    2.00 v input10/A (sky130_fd_sc_hd__clkbuf_2)
                  0.06    0.10    2.10 v input10/X (sky130_fd_sc_hd__clkbuf_2)
     3    0.02                           net10 (net)
                  0.06    0.00    2.10 v _148_/A (sky130_fd_sc_hd__nand2_4)
                  0.11    0.11    2.21 ^ _148_/Y (sky130_fd_sc_hd__nand2_4)
     9    0.04                           _066_ (net)
                  0.11    0.00    2.21 ^ _151_/S (sky130_fd_sc_hd__mux2_1)
                  0.04    0.20    2.41 v _151_/X (sky130_fd_sc_hd__mux2_1)
     1    0.00                           _068_ (net)
                  0.04    0.00    2.41 v _152_/A (sky130_fd_sc_hd__clkbuf_1)
                  0.02    0.06    2.47 v _152_/X (sky130_fd_sc_hd__clkbuf_1)
     1    0.00                           _064_ (net)
                  0.02    0.00    2.47 v _312_/D (sky130_fd_sc_hd__dfrtp_1)
                                  2.47   data arrival time

                         10.00   10.00   clock clk (rise edge)
                          0.00   10.00   clock source latency
                  0.06    0.04   10.04 ^ clk (in)
     1    0.02                           clk (net)
                  0.06    0.00   10.04 ^ clkbuf_0_clk/A (sky130_fd_sc_hd__clkbuf_16)
                  0.05    0.10   10.14 ^ clkbuf_0_clk/X (sky130_fd_sc_hd__clkbuf_16)
     4    0.04                           clknet_0_clk (net)
                  0.05    0.00   10.14 ^ clkbuf_2_3__f_clk/A (sky130_fd_sc_hd__clkbuf_16)
                  0.04    0.09   10.23 ^ clkbuf_2_3__f_clk/X (sky130_fd_sc_hd__clkbuf_16)
     8    0.03                           clknet_2_3__leaf_clk (net)
                  0.04    0.00   10.23 ^ _312_/CLK (sky130_fd_sc_hd__dfrtp_1)
                         -0.25    9.98   clock uncertainty
                          0.00    9.98   clock reconvergence pessimism
                         -0.07    9.91   library setup time
                                  9.91   data required time
-----------------------------------------------------------------------------
                                  9.91   data required time
                                 -2.47   data arrival time
-----------------------------------------------------------------------------
                                  7.44   slack (MET)


Startpoint: start (input port clocked by clk)
Endpoint: _311_ (rising edge-triggered flip-flop clocked by clk)
Path Group: clk
Path Type: max
Corner: Fastest

Fanout     Cap    Slew   Delay    Time   Description
-----------------------------------------------------------------------------
                          0.00    0.00   clock clk (rise edge)
                          0.00    0.00   clock network delay (propagated)
                          2.00    2.00 v input external delay
                  0.01    0.00    2.00 v start (in)
     1    0.00                           start (net)
                  0.01    0.00    2.00 v input10/A (sky130_fd_sc_hd__clkbuf_2)
                  0.06    0.10    2.10 v input10/X (sky130_fd_sc_hd__clkbuf_2)
     3    0.02                           net10 (net)
                  0.06    0.00    2.10 v _148_/A (sky130_fd_sc_hd__nand2_4)
                  0.11    0.11    2.21 ^ _148_/Y (sky130_fd_sc_hd__nand2_4)
     9    0.04                           _066_ (net)
                  0.11    0.00    2.21 ^ _153_/S (sky130_fd_sc_hd__mux2_1)
                  0.04    0.20    2.41 v _153_/X (sky130_fd_sc_hd__mux2_1)
     1    0.00                           _069_ (net)
                  0.04    0.00    2.41 v _154_/A (sky130_fd_sc_hd__clkbuf_1)
                  0.02    0.06    2.47 v _154_/X (sky130_fd_sc_hd__clkbuf_1)
     1    0.00                           _063_ (net)
                  0.02    0.00    2.47 v _311_/D (sky130_fd_sc_hd__dfrtp_1)
                                  2.47   data arrival time

                         10.00   10.00   clock clk (rise edge)
                          0.00   10.00   clock source latency
                  0.06    0.04   10.04 ^ clk (in)
     1    0.02                           clk (net)
                  0.06    0.00   10.04 ^ clkbuf_0_clk/A (sky130_fd_sc_hd__clkbuf_16)
                  0.05    0.10   10.14 ^ clkbuf_0_clk/X (sky130_fd_sc_hd__clkbuf_16)
     4    0.04                           clknet_0_clk (net)
                  0.05    0.00   10.14 ^ clkbuf_2_3__f_clk/A (sky130_fd_sc_hd__clkbuf_16)
                  0.04    0.09   10.23 ^ clkbuf_2_3__f_clk/X (sky130_fd_sc_hd__clkbuf_16)
     8    0.03                           clknet_2_3__leaf_clk (net)
                  0.04    0.00   10.23 ^ _311_/CLK (sky130_fd_sc_hd__dfrtp_1)
                         -0.25    9.98   clock uncertainty
                          0.00    9.98   clock reconvergence pessimism
                         -0.07    9.91   library setup time
                                  9.91   data required time
-----------------------------------------------------------------------------
                                  9.91   data required time
                                 -2.47   data arrival time
-----------------------------------------------------------------------------
                                  7.44   slack (MET)


Startpoint: start (input port clocked by clk)
Endpoint: _310_ (rising edge-triggered flip-flop clocked by clk)
Path Group: clk
Path Type: max
Corner: Fastest

Fanout     Cap    Slew   Delay    Time   Description
-----------------------------------------------------------------------------
                          0.00    0.00   clock clk (rise edge)
                          0.00    0.00   clock network delay (propagated)
                          2.00    2.00 v input external delay
                  0.01    0.00    2.00 v start (in)
     1    0.00                           start (net)
                  0.01    0.00    2.00 v input10/A (sky130_fd_sc_hd__clkbuf_2)
                  0.06    0.10    2.10 v input10/X (sky130_fd_sc_hd__clkbuf_2)
     3    0.02                           net10 (net)
                  0.06    0.00    2.10 v _148_/A (sky130_fd_sc_hd__nand2_4)
                  0.11    0.11    2.21 ^ _148_/Y (sky130_fd_sc_hd__nand2_4)
     9    0.04                           _066_ (net)
                  0.11    0.00    2.21 ^ _155_/S (sky130_fd_sc_hd__mux2_1)
                  0.04    0.20    2.41 v _155_/X (sky130_fd_sc_hd__mux2_1)
     1    0.00                           _070_ (net)
                  0.04    0.00    2.41 v _156_/A (sky130_fd_sc_hd__clkbuf_1)
                  0.02    0.06    2.47 v _156_/X (sky130_fd_sc_hd__clkbuf_1)
     1    0.00                           _062_ (net)
                  0.02    0.00    2.47 v _310_/D (sky130_fd_sc_hd__dfrtp_1)
                                  2.47   data arrival time

                         10.00   10.00   clock clk (rise edge)
                          0.00   10.00   clock source latency
                  0.06    0.04   10.04 ^ clk (in)
     1    0.02                           clk (net)
                  0.06    0.00   10.04 ^ clkbuf_0_clk/A (sky130_fd_sc_hd__clkbuf_16)
                  0.05    0.10   10.14 ^ clkbuf_0_clk/X (sky130_fd_sc_hd__clkbuf_16)
     4    0.04                           clknet_0_clk (net)
                  0.05    0.00   10.14 ^ clkbuf_2_3__f_clk/A (sky130_fd_sc_hd__clkbuf_16)
                  0.04    0.09   10.23 ^ clkbuf_2_3__f_clk/X (sky130_fd_sc_hd__clkbuf_16)
     8    0.03                           clknet_2_3__leaf_clk (net)
                  0.04    0.00   10.23 ^ _310_/CLK (sky130_fd_sc_hd__dfrtp_1)
                         -0.25    9.98   clock uncertainty
                          0.00    9.98   clock reconvergence pessimism
                         -0.07    9.91   library setup time
                                  9.91   data required time
-----------------------------------------------------------------------------
                                  9.91   data required time
                                 -2.47   data arrival time
-----------------------------------------------------------------------------
                                  7.44   slack (MET)


Startpoint: start (input port clocked by clk)
Endpoint: _306_ (rising edge-triggered flip-flop clocked by clk)
Path Group: clk
Path Type: max
Corner: Fastest

Fanout     Cap    Slew   Delay    Time   Description
-----------------------------------------------------------------------------
                          0.00    0.00   clock clk (rise edge)
                          0.00    0.00   clock network delay (propagated)
                          2.00    2.00 v input external delay
                  0.01    0.00    2.00 v start (in)
     1    0.00                           start (net)
                  0.01    0.00    2.00 v input10/A (sky130_fd_sc_hd__clkbuf_2)
                  0.06    0.10    2.10 v input10/X (sky130_fd_sc_hd__clkbuf_2)
     3    0.02                           net10 (net)
                  0.06    0.00    2.10 v _148_/A (sky130_fd_sc_hd__nand2_4)
                  0.11    0.11    2.21 ^ _148_/Y (sky130_fd_sc_hd__nand2_4)
     9    0.04                           _066_ (net)
                  0.11    0.00    2.21 ^ _163_/S (sky130_fd_sc_hd__mux2_1)
                  0.04    0.20    2.41 v _163_/X (sky130_fd_sc_hd__mux2_1)
     1    0.00                           _074_ (net)
                  0.04    0.00    2.41 v _164_/A (sky130_fd_sc_hd__clkbuf_1)
                  0.02    0.06    2.47 v _164_/X (sky130_fd_sc_hd__clkbuf_1)
     1    0.00                           _058_ (net)
                  0.02    0.00    2.47 v _306_/D (sky130_fd_sc_hd__dfrtp_1)
                                  2.47   data arrival time

                         10.00   10.00   clock clk (rise edge)
                          0.00   10.00   clock source latency
                  0.06    0.04   10.04 ^ clk (in)
     1    0.02                           clk (net)
                  0.06    0.00   10.04 ^ clkbuf_0_clk/A (sky130_fd_sc_hd__clkbuf_16)
                  0.05    0.10   10.14 ^ clkbuf_0_clk/X (sky130_fd_sc_hd__clkbuf_16)
     4    0.04                           clknet_0_clk (net)
                  0.05    0.00   10.14 ^ clkbuf_2_1__f_clk/A (sky130_fd_sc_hd__clkbuf_16)
                  0.04    0.09   10.24 ^ clkbuf_2_1__f_clk/X (sky130_fd_sc_hd__clkbuf_16)
    11    0.03                           clknet_2_1__leaf_clk (net)
                  0.04    0.00   10.24 ^ _306_/CLK (sky130_fd_sc_hd__dfrtp_1)
                         -0.25    9.99   clock uncertainty
                          0.00    9.99   clock reconvergence pessimism
                         -0.07    9.92   library setup time
                                  9.92   data required time
-----------------------------------------------------------------------------
                                  9.92   data required time
                                 -2.47   data arrival time
-----------------------------------------------------------------------------
                                  7.44   slack (MET)


Startpoint: start (input port clocked by clk)
Endpoint: _309_ (rising edge-triggered flip-flop clocked by clk)
Path Group: clk
Path Type: max
Corner: Fastest

Fanout     Cap    Slew   Delay    Time   Description
-----------------------------------------------------------------------------
                          0.00    0.00   clock clk (rise edge)
                          0.00    0.00   clock network delay (propagated)
                          2.00    2.00 v input external delay
                  0.01    0.00    2.00 v start (in)
     1    0.00                           start (net)
                  0.01    0.00    2.00 v input10/A (sky130_fd_sc_hd__clkbuf_2)
                  0.06    0.10    2.10 v input10/X (sky130_fd_sc_hd__clkbuf_2)
     3    0.02                           net10 (net)
                  0.06    0.00    2.10 v _148_/A (sky130_fd_sc_hd__nand2_4)
                  0.11    0.11    2.21 ^ _148_/Y (sky130_fd_sc_hd__nand2_4)
     9    0.04                           _066_ (net)
                  0.11    0.00    2.21 ^ _157_/S (sky130_fd_sc_hd__mux2_1)
                  0.04    0.20    2.41 v _157_/X (sky130_fd_sc_hd__mux2_1)
     1    0.00                           _071_ (net)
                  0.04    0.00    2.41 v _158_/A (sky130_fd_sc_hd__clkbuf_1)
                  0.02    0.06    2.47 v _158_/X (sky130_fd_sc_hd__clkbuf_1)
     1    0.00                           _061_ (net)
                  0.02    0.00    2.47 v _309_/D (sky130_fd_sc_hd__dfrtp_1)
                                  2.47   data arrival time

                         10.00   10.00   clock clk (rise edge)
                          0.00   10.00   clock source latency
                  0.06    0.04   10.04 ^ clk (in)
     1    0.02                           clk (net)
                  0.06    0.00   10.04 ^ clkbuf_0_clk/A (sky130_fd_sc_hd__clkbuf_16)
                  0.05    0.10   10.14 ^ clkbuf_0_clk/X (sky130_fd_sc_hd__clkbuf_16)
     4    0.04                           clknet_0_clk (net)
                  0.05    0.00   10.14 ^ clkbuf_2_3__f_clk/A (sky130_fd_sc_hd__clkbuf_16)
                  0.04    0.09   10.23 ^ clkbuf_2_3__f_clk/X (sky130_fd_sc_hd__clkbuf_16)
     8    0.03                           clknet_2_3__leaf_clk (net)
                  0.04    0.00   10.23 ^ _309_/CLK (sky130_fd_sc_hd__dfrtp_1)
                         -0.25    9.98   clock uncertainty
                          0.00    9.98   clock reconvergence pessimism
                         -0.07    9.91   library setup time
                                  9.91   data required time
-----------------------------------------------------------------------------
                                  9.91   data required time
                                 -2.47   data arrival time
-----------------------------------------------------------------------------
                                  7.45   slack (MET)


Startpoint: start (input port clocked by clk)
Endpoint: _313_ (rising edge-triggered flip-flop clocked by clk)
Path Group: clk
Path Type: max
Corner: Fastest

Fanout     Cap    Slew   Delay    Time   Description
-----------------------------------------------------------------------------
                          0.00    0.00   clock clk (rise edge)
                          0.00    0.00   clock network delay (propagated)
                          2.00    2.00 v input external delay
                  0.01    0.00    2.00 v start (in)
     1    0.00                           start (net)
                  0.01    0.00    2.00 v input10/A (sky130_fd_sc_hd__clkbuf_2)
                  0.06    0.10    2.10 v input10/X (sky130_fd_sc_hd__clkbuf_2)
     3    0.02                           net10 (net)
                  0.06    0.00    2.10 v _148_/A (sky130_fd_sc_hd__nand2_4)
                  0.11    0.11    2.21 ^ _148_/Y (sky130_fd_sc_hd__nand2_4)
     9    0.04                           _066_ (net)
                  0.11    0.00    2.21 ^ _149_/S (sky130_fd_sc_hd__mux2_1)
                  0.04    0.20    2.41 v _149_/X (sky130_fd_sc_hd__mux2_1)
     1    0.00                           _067_ (net)
                  0.04    0.00    2.41 v _150_/A (sky130_fd_sc_hd__clkbuf_1)
                  0.02    0.06    2.47 v _150_/X (sky130_fd_sc_hd__clkbuf_1)
     1    0.00                           _065_ (net)
                  0.02    0.00    2.47 v _313_/D (sky130_fd_sc_hd__dfrtp_1)
                                  2.47   data arrival time

                         10.00   10.00   clock clk (rise edge)
                          0.00   10.00   clock source latency
                  0.06    0.04   10.04 ^ clk (in)
     1    0.02                           clk (net)
                  0.06    0.00   10.04 ^ clkbuf_0_clk/A (sky130_fd_sc_hd__clkbuf_16)
                  0.05    0.10   10.14 ^ clkbuf_0_clk/X (sky130_fd_sc_hd__clkbuf_16)
     4    0.04                           clknet_0_clk (net)
                  0.05    0.00   10.14 ^ clkbuf_2_3__f_clk/A (sky130_fd_sc_hd__clkbuf_16)
                  0.04    0.09   10.23 ^ clkbuf_2_3__f_clk/X (sky130_fd_sc_hd__clkbuf_16)
     8    0.03                           clknet_2_3__leaf_clk (net)
                  0.04    0.00   10.23 ^ _313_/CLK (sky130_fd_sc_hd__dfrtp_1)
                         -0.25    9.98   clock uncertainty
                          0.00    9.98   clock reconvergence pessimism
                         -0.07    9.91   library setup time
                                  9.91   data required time
-----------------------------------------------------------------------------
                                  9.91   data required time
                                 -2.47   data arrival time
-----------------------------------------------------------------------------
                                  7.45   slack (MET)


Startpoint: start (input port clocked by clk)
Endpoint: _308_ (rising edge-triggered flip-flop clocked by clk)
Path Group: clk
Path Type: max
Corner: Fastest

Fanout     Cap    Slew   Delay    Time   Description
-----------------------------------------------------------------------------
                          0.00    0.00   clock clk (rise edge)
                          0.00    0.00   clock network delay (propagated)
                          2.00    2.00 v input external delay
                  0.01    0.00    2.00 v start (in)
     1    0.00                           start (net)
                  0.01    0.00    2.00 v input10/A (sky130_fd_sc_hd__clkbuf_2)
                  0.06    0.10    2.10 v input10/X (sky130_fd_sc_hd__clkbuf_2)
     3    0.02                           net10 (net)
                  0.06    0.00    2.10 v _148_/A (sky130_fd_sc_hd__nand2_4)
                  0.11    0.11    2.21 ^ _148_/Y (sky130_fd_sc_hd__nand2_4)
     9    0.04                           _066_ (net)
                  0.11    0.00    2.21 ^ _159_/S (sky130_fd_sc_hd__mux2_1)
                  0.04    0.20    2.41 v _159_/X (sky130_fd_sc_hd__mux2_1)
     1    0.00                           _072_ (net)
                  0.04    0.00    2.41 v _160_/A (sky130_fd_sc_hd__clkbuf_1)
                  0.02    0.06    2.47 v _160_/X (sky130_fd_sc_hd__clkbuf_1)
     1    0.00                           _060_ (net)
                  0.02    0.00    2.47 v _308_/D (sky130_fd_sc_hd__dfrtp_1)
                                  2.47   data arrival time

                         10.00   10.00   clock clk (rise edge)
                          0.00   10.00   clock source latency
                  0.06    0.04   10.04 ^ clk (in)
     1    0.02                           clk (net)
                  0.06    0.00   10.04 ^ clkbuf_0_clk/A (sky130_fd_sc_hd__clkbuf_16)
                  0.05    0.10   10.14 ^ clkbuf_0_clk/X (sky130_fd_sc_hd__clkbuf_16)
     4    0.04                           clknet_0_clk (net)
                  0.05    0.00   10.14 ^ clkbuf_2_1__f_clk/A (sky130_fd_sc_hd__clkbuf_16)
                  0.04    0.09   10.24 ^ clkbuf_2_1__f_clk/X (sky130_fd_sc_hd__clkbuf_16)
    11    0.03                           clknet_2_1__leaf_clk (net)
                  0.04    0.00   10.24 ^ _308_/CLK (sky130_fd_sc_hd__dfrtp_1)
                         -0.25    9.99   clock uncertainty
                          0.00    9.99   clock reconvergence pessimism
                         -0.07    9.92   library setup time
                                  9.92   data required time
-----------------------------------------------------------------------------
                                  9.92   data required time
                                 -2.47   data arrival time
-----------------------------------------------------------------------------
                                  7.45   slack (MET)


Startpoint: start (input port clocked by clk)
Endpoint: _307_ (rising edge-triggered flip-flop clocked by clk)
Path Group: clk
Path Type: max
Corner: Fastest

Fanout     Cap    Slew   Delay    Time   Description
-----------------------------------------------------------------------------
                          0.00    0.00   clock clk (rise edge)
                          0.00    0.00   clock network delay (propagated)
                          2.00    2.00 v input external delay
                  0.01    0.00    2.00 v start (in)
     1    0.00                           start (net)
                  0.01    0.00    2.00 v input10/A (sky130_fd_sc_hd__clkbuf_2)
                  0.06    0.10    2.10 v input10/X (sky130_fd_sc_hd__clkbuf_2)
     3    0.02                           net10 (net)
                  0.06    0.00    2.10 v _148_/A (sky130_fd_sc_hd__nand2_4)
                  0.11    0.11    2.21 ^ _148_/Y (sky130_fd_sc_hd__nand2_4)
     9    0.04                           _066_ (net)
                  0.11    0.00    2.21 ^ _161_/S (sky130_fd_sc_hd__mux2_1)
                  0.04    0.20    2.41 v _161_/X (sky130_fd_sc_hd__mux2_1)
     1    0.00                           _073_ (net)
                  0.04    0.00    2.41 v _162_/A (sky130_fd_sc_hd__clkbuf_1)
                  0.02    0.06    2.47 v _162_/X (sky130_fd_sc_hd__clkbuf_1)
     1    0.00                           _059_ (net)
                  0.02    0.00    2.47 v _307_/D (sky130_fd_sc_hd__dfrtp_1)
                                  2.47   data arrival time

                         10.00   10.00   clock clk (rise edge)
                          0.00   10.00   clock source latency
                  0.06    0.04   10.04 ^ clk (in)
     1    0.02                           clk (net)
                  0.06    0.00   10.04 ^ clkbuf_0_clk/A (sky130_fd_sc_hd__clkbuf_16)
                  0.05    0.10   10.14 ^ clkbuf_0_clk/X (sky130_fd_sc_hd__clkbuf_16)
     4    0.04                           clknet_0_clk (net)
                  0.05    0.00   10.14 ^ clkbuf_2_1__f_clk/A (sky130_fd_sc_hd__clkbuf_16)
                  0.04    0.09   10.24 ^ clkbuf_2_1__f_clk/X (sky130_fd_sc_hd__clkbuf_16)
    11    0.03                           clknet_2_1__leaf_clk (net)
                  0.04    0.00   10.24 ^ _307_/CLK (sky130_fd_sc_hd__dfrtp_1)
                         -0.25    9.99   clock uncertainty
                          0.00    9.99   clock reconvergence pessimism
                         -0.07    9.92   library setup time
                                  9.92   data required time
-----------------------------------------------------------------------------
                                  9.92   data required time
                                 -2.47   data arrival time
-----------------------------------------------------------------------------
                                  7.45   slack (MET)


Startpoint: start (input port clocked by clk)
Endpoint: _298_ (rising edge-triggered flip-flop clocked by clk)
Path Group: clk
Path Type: max
Corner: Fastest

Fanout     Cap    Slew   Delay    Time   Description
-----------------------------------------------------------------------------
                          0.00    0.00   clock clk (rise edge)
                          0.00    0.00   clock network delay (propagated)
                          2.00    2.00 v input external delay
                  0.01    0.00    2.00 v start (in)
     1    0.00                           start (net)
                  0.01    0.00    2.00 v input10/A (sky130_fd_sc_hd__clkbuf_2)
                  0.06    0.10    2.10 v input10/X (sky130_fd_sc_hd__clkbuf_2)
     3    0.02                           net10 (net)
                  0.06    0.00    2.10 v _148_/A (sky130_fd_sc_hd__nand2_4)
                  0.11    0.11    2.21 ^ _148_/Y (sky130_fd_sc_hd__nand2_4)
     9    0.04                           _066_ (net)
                  0.11    0.00    2.21 ^ _185_/B1_N (sky130_fd_sc_hd__a21bo_1)
                  0.03    0.11    2.32 v _185_/X (sky130_fd_sc_hd__a21bo_1)
     1    0.00                           _018_ (net)
                  0.03    0.00    2.32 v _298_/D (sky130_fd_sc_hd__dfrtp_1)
                                  2.32   data arrival time

                         10.00   10.00   clock clk (rise edge)
                          0.00   10.00   clock source latency
                  0.06    0.04   10.04 ^ clk (in)
     1    0.02                           clk (net)
                  0.06    0.00   10.04 ^ clkbuf_0_clk/A (sky130_fd_sc_hd__clkbuf_16)
                  0.05    0.10   10.14 ^ clkbuf_0_clk/X (sky130_fd_sc_hd__clkbuf_16)
     4    0.04                           clknet_0_clk (net)
                  0.05    0.00   10.14 ^ clkbuf_2_0__f_clk/A (sky130_fd_sc_hd__clkbuf_16)
                  0.04    0.09   10.23 ^ clkbuf_2_0__f_clk/X (sky130_fd_sc_hd__clkbuf_16)
     9    0.03                           clknet_2_0__leaf_clk (net)
                  0.04    0.00   10.23 ^ _298_/CLK (sky130_fd_sc_hd__dfrtp_1)
                         -0.25    9.98   clock uncertainty
                          0.00    9.98   clock reconvergence pessimism
                         -0.07    9.91   library setup time
                                  9.91   data required time
-----------------------------------------------------------------------------
                                  9.91   data required time
                                 -2.32   data arrival time
-----------------------------------------------------------------------------
                                  7.60   slack (MET)


Startpoint: start (input port clocked by clk)
Endpoint: _296_ (rising edge-triggered flip-flop clocked by clk)
Path Group: clk
Path Type: max
Corner: Fastest

Fanout     Cap    Slew   Delay    Time   Description
-----------------------------------------------------------------------------
                          0.00    0.00   clock clk (rise edge)
                          0.00    0.00   clock network delay (propagated)
                          2.00    2.00 ^ input external delay
                  0.02    0.01    2.01 ^ start (in)
     1    0.00                           start (net)
                  0.02    0.00    2.01 ^ input10/A (sky130_fd_sc_hd__clkbuf_2)
                  0.10    0.11    2.12 ^ input10/X (sky130_fd_sc_hd__clkbuf_2)
     3    0.02                           net10 (net)
                  0.10    0.00    2.12 ^ _190_/A (sky130_fd_sc_hd__inv_2)
                  0.02    0.02    2.14 v _190_/Y (sky130_fd_sc_hd__inv_2)
     1    0.00                           _093_ (net)
                  0.02    0.00    2.14 v _191_/A1 (sky130_fd_sc_hd__a22o_1)
                  0.03    0.10    2.24 v _191_/X (sky130_fd_sc_hd__a22o_1)
     1    0.00                           _016_ (net)
                  0.03    0.00    2.24 v _296_/D (sky130_fd_sc_hd__dfstp_1)
                                  2.24   data arrival time

                         10.00   10.00   clock clk (rise edge)
                          0.00   10.00   clock source latency
                  0.06    0.04   10.04 ^ clk (in)
     1    0.02                           clk (net)
                  0.06    0.00   10.04 ^ clkbuf_0_clk/A (sky130_fd_sc_hd__clkbuf_16)
                  0.05    0.10   10.14 ^ clkbuf_0_clk/X (sky130_fd_sc_hd__clkbuf_16)
     4    0.04                           clknet_0_clk (net)
                  0.05    0.00   10.14 ^ clkbuf_2_1__f_clk/A (sky130_fd_sc_hd__clkbuf_16)
                  0.04    0.09   10.24 ^ clkbuf_2_1__f_clk/X (sky130_fd_sc_hd__clkbuf_16)
    11    0.03                           clknet_2_1__leaf_clk (net)
                  0.04    0.00   10.24 ^ _296_/CLK (sky130_fd_sc_hd__dfstp_1)
                         -0.25    9.99   clock uncertainty
                          0.00    9.99   clock reconvergence pessimism
                         -0.04    9.94   library setup time
                                  9.94   data required time
-----------------------------------------------------------------------------
                                  9.94   data required time
                                 -2.24   data arrival time
-----------------------------------------------------------------------------
                                  7.70   slack (MET)


Startpoint: reset (input port clocked by clk)
Endpoint: _304_ (recovery check against rising-edge clock clk)
Path Group: asynchronous
Path Type: max
Corner: Fastest

Fanout     Cap    Slew   Delay    Time   Description
-----------------------------------------------------------------------------
                          0.00    0.00   clock clk (rise edge)
                          0.00    0.00   clock network delay (propagated)
                          2.00    2.00 v input external delay
                  0.00    0.00    2.00 v reset (in)
     1    0.00                           reset (net)
                  0.00    0.00    2.00 v input9/A (sky130_fd_sc_hd__buf_2)
                  0.06    0.11    2.11 v input9/X (sky130_fd_sc_hd__buf_2)
     7    0.03                           net9 (net)
                  0.06    0.00    2.11 v _259_/A (sky130_fd_sc_hd__buf_4)
                  0.06    0.15    2.26 v _259_/X (sky130_fd_sc_hd__buf_4)
    10    0.06                           _143_ (net)
                  0.06    0.00    2.26 v _268_/A (sky130_fd_sc_hd__inv_2)
                  0.03    0.04    2.30 ^ _268_/Y (sky130_fd_sc_hd__inv_2)
     1    0.00                           _045_ (net)
                  0.03    0.00    2.30 ^ _304_/SET_B (sky130_fd_sc_hd__dfstp_1)
                                  2.30   data arrival time

                         10.00   10.00   clock clk (rise edge)
                          0.00   10.00   clock source latency
                  0.06    0.04   10.04 ^ clk (in)
     1    0.02                           clk (net)
                  0.06    0.00   10.04 ^ clkbuf_0_clk/A (sky130_fd_sc_hd__clkbuf_16)
                  0.05    0.10   10.14 ^ clkbuf_0_clk/X (sky130_fd_sc_hd__clkbuf_16)
     4    0.04                           clknet_0_clk (net)
                  0.05    0.00   10.14 ^ clkbuf_2_2__f_clk/A (sky130_fd_sc_hd__clkbuf_16)
                  0.03    0.08   10.23 ^ clkbuf_2_2__f_clk/X (sky130_fd_sc_hd__clkbuf_16)
     6    0.02                           clknet_2_2__leaf_clk (net)
                  0.03    0.00   10.23 ^ _304_/CLK (sky130_fd_sc_hd__dfstp_1)
                         -0.25    9.98   clock uncertainty
                          0.00    9.98   clock reconvergence pessimism
                          0.09   10.06   library recovery time
                                 10.06   data required time
-----------------------------------------------------------------------------
                                 10.06   data required time
                                 -2.30   data arrival time
-----------------------------------------------------------------------------
                                  7.76   slack (MET)


Startpoint: reset (input port clocked by clk)
Endpoint: _296_ (recovery check against rising-edge clock clk)
Path Group: asynchronous
Path Type: max
Corner: Fastest

Fanout     Cap    Slew   Delay    Time   Description
-----------------------------------------------------------------------------
                          0.00    0.00   clock clk (rise edge)
                          0.00    0.00   clock network delay (propagated)
                          2.00    2.00 v input external delay
                  0.00    0.00    2.00 v reset (in)
     1    0.00                           reset (net)
                  0.00    0.00    2.00 v input9/A (sky130_fd_sc_hd__buf_2)
                  0.06    0.11    2.11 v input9/X (sky130_fd_sc_hd__buf_2)
     7    0.03                           net9 (net)
                  0.06    0.00    2.11 v _259_/A (sky130_fd_sc_hd__buf_4)
                  0.06    0.15    2.26 v _259_/X (sky130_fd_sc_hd__buf_4)
    10    0.06                           _143_ (net)
                  0.06    0.00    2.26 v _260_/A (sky130_fd_sc_hd__inv_2)
                  0.02    0.04    2.30 ^ _260_/Y (sky130_fd_sc_hd__inv_2)
     1    0.00                           _037_ (net)
                  0.02    0.00    2.30 ^ _296_/SET_B (sky130_fd_sc_hd__dfstp_1)
                                  2.30   data arrival time

                         10.00   10.00   clock clk (rise edge)
                          0.00   10.00   clock source latency
                  0.06    0.04   10.04 ^ clk (in)
     1    0.02                           clk (net)
                  0.06    0.00   10.04 ^ clkbuf_0_clk/A (sky130_fd_sc_hd__clkbuf_16)
                  0.05    0.10   10.14 ^ clkbuf_0_clk/X (sky130_fd_sc_hd__clkbuf_16)
     4    0.04                           clknet_0_clk (net)
                  0.05    0.00   10.14 ^ clkbuf_2_1__f_clk/A (sky130_fd_sc_hd__clkbuf_16)
                  0.04    0.09   10.24 ^ clkbuf_2_1__f_clk/X (sky130_fd_sc_hd__clkbuf_16)
    11    0.03                           clknet_2_1__leaf_clk (net)
                  0.04    0.00   10.24 ^ _296_/CLK (sky130_fd_sc_hd__dfstp_1)
                         -0.25    9.99   clock uncertainty
                          0.00    9.99   clock reconvergence pessimism
                          0.09   10.07   library recovery time
                                 10.07   data required time
-----------------------------------------------------------------------------
                                 10.07   data required time
                                 -2.30   data arrival time
-----------------------------------------------------------------------------
                                  7.77   slack (MET)


Startpoint: reset (input port clocked by clk)
Endpoint: _315_ (recovery check against rising-edge clock clk)
Path Group: asynchronous
Path Type: max
Corner: Fastest

Fanout     Cap    Slew   Delay    Time   Description
-----------------------------------------------------------------------------
                          0.00    0.00   clock clk (rise edge)
                          0.00    0.00   clock network delay (propagated)
                          2.00    2.00 v input external delay
                  0.00    0.00    2.00 v reset (in)
     1    0.00                           reset (net)
                  0.00    0.00    2.00 v input9/A (sky130_fd_sc_hd__buf_2)
                  0.06    0.11    2.11 v input9/X (sky130_fd_sc_hd__buf_2)
     7    0.03                           net9 (net)
                  0.06    0.00    2.11 v _270_/A (sky130_fd_sc_hd__buf_4)
                  0.06    0.15    2.26 v _270_/X (sky130_fd_sc_hd__buf_4)
    10    0.06                           _144_ (net)
                  0.06    0.00    2.26 v _280_/A (sky130_fd_sc_hd__inv_2)
                  0.03    0.04    2.31 ^ _280_/Y (sky130_fd_sc_hd__inv_2)
     1    0.00                           _022_ (net)
                  0.03    0.00    2.31 ^ _315_/RESET_B (sky130_fd_sc_hd__dfrtp_2)
                                  2.31   data arrival time

                         10.00   10.00   clock clk (rise edge)
                          0.00   10.00   clock source latency
                  0.06    0.04   10.04 ^ clk (in)
     1    0.02                           clk (net)
                  0.06    0.00   10.04 ^ clkbuf_0_clk/A (sky130_fd_sc_hd__clkbuf_16)
                  0.05    0.10   10.14 ^ clkbuf_0_clk/X (sky130_fd_sc_hd__clkbuf_16)
     4    0.04                           clknet_0_clk (net)
                  0.05    0.00   10.14 ^ clkbuf_2_2__f_clk/A (sky130_fd_sc_hd__clkbuf_16)
                  0.03    0.08   10.23 ^ clkbuf_2_2__f_clk/X (sky130_fd_sc_hd__clkbuf_16)
     6    0.02                           clknet_2_2__leaf_clk (net)
                  0.03    0.00   10.23 ^ _315_/CLK (sky130_fd_sc_hd__dfrtp_2)
                         -0.25    9.98   clock uncertainty
                          0.00    9.98   clock reconvergence pessimism
                          0.13   10.11   library recovery time
                                 10.11   data required time
-----------------------------------------------------------------------------
                                 10.11   data required time
                                 -2.31   data arrival time
-----------------------------------------------------------------------------
                                  7.80   slack (MET)


Startpoint: reset (input port clocked by clk)
Endpoint: _297_ (recovery check against rising-edge clock clk)
Path Group: asynchronous
Path Type: max
Corner: Fastest

Fanout     Cap    Slew   Delay    Time   Description
-----------------------------------------------------------------------------
                          0.00    0.00   clock clk (rise edge)
                          0.00    0.00   clock network delay (propagated)
                          2.00    2.00 v input external delay
                  0.00    0.00    2.00 v reset (in)
     1    0.00                           reset (net)
                  0.00    0.00    2.00 v input9/A (sky130_fd_sc_hd__buf_2)
                  0.06    0.11    2.11 v input9/X (sky130_fd_sc_hd__buf_2)
     7    0.03                           net9 (net)
                  0.06    0.00    2.11 v _259_/A (sky130_fd_sc_hd__buf_4)
                  0.06    0.15    2.26 v _259_/X (sky130_fd_sc_hd__buf_4)
    10    0.06                           _143_ (net)
                  0.06    0.00    2.26 v _261_/A (sky130_fd_sc_hd__inv_2)
                  0.03    0.04    2.30 ^ _261_/Y (sky130_fd_sc_hd__inv_2)
     1    0.00                           _038_ (net)
                  0.03    0.00    2.30 ^ _297_/RESET_B (sky130_fd_sc_hd__dfrtp_4)
                                  2.30   data arrival time

                         10.00   10.00   clock clk (rise edge)
                          0.00   10.00   clock source latency
                  0.06    0.04   10.04 ^ clk (in)
     1    0.02                           clk (net)
                  0.06    0.00   10.04 ^ clkbuf_0_clk/A (sky130_fd_sc_hd__clkbuf_16)
                  0.05    0.10   10.14 ^ clkbuf_0_clk/X (sky130_fd_sc_hd__clkbuf_16)
     4    0.04                           clknet_0_clk (net)
                  0.05    0.00   10.14 ^ clkbuf_2_2__f_clk/A (sky130_fd_sc_hd__clkbuf_16)
                  0.03    0.08   10.23 ^ clkbuf_2_2__f_clk/X (sky130_fd_sc_hd__clkbuf_16)
     6    0.02                           clknet_2_2__leaf_clk (net)
                  0.03    0.00   10.23 ^ _297_/CLK (sky130_fd_sc_hd__dfrtp_4)
                         -0.25    9.98   clock uncertainty
                          0.00    9.98   clock reconvergence pessimism
                          0.13   10.11   library recovery time
                                 10.11   data required time
-----------------------------------------------------------------------------
                                 10.11   data required time
                                 -2.30   data arrival time
-----------------------------------------------------------------------------
                                  7.81   slack (MET)


Startpoint: reset (input port clocked by clk)
Endpoint: _314_ (recovery check against rising-edge clock clk)
Path Group: asynchronous
Path Type: max
Corner: Fastest

Fanout     Cap    Slew   Delay    Time   Description
-----------------------------------------------------------------------------
                          0.00    0.00   clock clk (rise edge)
                          0.00    0.00   clock network delay (propagated)
                          2.00    2.00 v input external delay
                  0.00    0.00    2.00 v reset (in)
     1    0.00                           reset (net)
                  0.00    0.00    2.00 v input9/A (sky130_fd_sc_hd__buf_2)
                  0.06    0.11    2.11 v input9/X (sky130_fd_sc_hd__buf_2)
     7    0.03                           net9 (net)
                  0.06    0.00    2.11 v _270_/A (sky130_fd_sc_hd__buf_4)
                  0.06    0.15    2.26 v _270_/X (sky130_fd_sc_hd__buf_4)
    10    0.06                           _144_ (net)
                  0.06    0.00    2.26 v _279_/A (sky130_fd_sc_hd__inv_2)
                  0.03    0.05    2.31 ^ _279_/Y (sky130_fd_sc_hd__inv_2)
     1    0.00                           _021_ (net)
                  0.03    0.00    2.31 ^ _314_/RESET_B (sky130_fd_sc_hd__dfrtp_4)
                                  2.31   data arrival time

                         10.00   10.00   clock clk (rise edge)
                          0.00   10.00   clock source latency
                  0.06    0.04   10.04 ^ clk (in)
     1    0.02                           clk (net)
                  0.06    0.00   10.04 ^ clkbuf_0_clk/A (sky130_fd_sc_hd__clkbuf_16)
                  0.05    0.10   10.14 ^ clkbuf_0_clk/X (sky130_fd_sc_hd__clkbuf_16)
     4    0.04                           clknet_0_clk (net)
                  0.05    0.00   10.14 ^ clkbuf_2_0__f_clk/A (sky130_fd_sc_hd__clkbuf_16)
                  0.04    0.09   10.23 ^ clkbuf_2_0__f_clk/X (sky130_fd_sc_hd__clkbuf_16)
     9    0.03                           clknet_2_0__leaf_clk (net)
                  0.04    0.00   10.23 ^ _314_/CLK (sky130_fd_sc_hd__dfrtp_4)
                         -0.25    9.98   clock uncertainty
                          0.00    9.98   clock reconvergence pessimism
                          0.13   10.12   library recovery time
                                 10.12   data required time
-----------------------------------------------------------------------------
                                 10.12   data required time
                                 -2.31   data arrival time
-----------------------------------------------------------------------------
                                  7.81   slack (MET)


Startpoint: reset (input port clocked by clk)
Endpoint: _300_ (recovery check against rising-edge clock clk)
Path Group: asynchronous
Path Type: max
Corner: Fastest

Fanout     Cap    Slew   Delay    Time   Description
-----------------------------------------------------------------------------
                          0.00    0.00   clock clk (rise edge)
                          0.00    0.00   clock network delay (propagated)
                          2.00    2.00 v input external delay
                  0.00    0.00    2.00 v reset (in)
     1    0.00                           reset (net)
                  0.00    0.00    2.00 v input9/A (sky130_fd_sc_hd__buf_2)
                  0.06    0.11    2.11 v input9/X (sky130_fd_sc_hd__buf_2)
     7    0.03                           net9 (net)
                  0.06    0.00    2.11 v _259_/A (sky130_fd_sc_hd__buf_4)
                  0.06    0.15    2.26 v _259_/X (sky130_fd_sc_hd__buf_4)
    10    0.06                           _143_ (net)
                  0.06    0.00    2.26 v _264_/A (sky130_fd_sc_hd__inv_2)
                  0.03    0.04    2.30 ^ _264_/Y (sky130_fd_sc_hd__inv_2)
     1    0.00                           _041_ (net)
                  0.03    0.00    2.30 ^ _300_/RESET_B (sky130_fd_sc_hd__dfrtp_4)
                                  2.30   data arrival time

                         10.00   10.00   clock clk (rise edge)
                          0.00   10.00   clock source latency
                  0.06    0.04   10.04 ^ clk (in)
     1    0.02                           clk (net)
                  0.06    0.00   10.04 ^ clkbuf_0_clk/A (sky130_fd_sc_hd__clkbuf_16)
                  0.05    0.10   10.14 ^ clkbuf_0_clk/X (sky130_fd_sc_hd__clkbuf_16)
     4    0.04                           clknet_0_clk (net)
                  0.05    0.00   10.14 ^ clkbuf_2_3__f_clk/A (sky130_fd_sc_hd__clkbuf_16)
                  0.04    0.09   10.23 ^ clkbuf_2_3__f_clk/X (sky130_fd_sc_hd__clkbuf_16)
     8    0.03                           clknet_2_3__leaf_clk (net)
                  0.04    0.00   10.23 ^ _300_/CLK (sky130_fd_sc_hd__dfrtp_4)
                         -0.25    9.98   clock uncertainty
                          0.00    9.98   clock reconvergence pessimism
                          0.13   10.12   library recovery time
                                 10.12   data required time
-----------------------------------------------------------------------------
                                 10.12   data required time
                                 -2.30   data arrival time
-----------------------------------------------------------------------------
                                  7.81   slack (MET)


Startpoint: reset (input port clocked by clk)
Endpoint: _301_ (recovery check against rising-edge clock clk)
Path Group: asynchronous
Path Type: max
Corner: Fastest

Fanout     Cap    Slew   Delay    Time   Description
-----------------------------------------------------------------------------
                          0.00    0.00   clock clk (rise edge)
                          0.00    0.00   clock network delay (propagated)
                          2.00    2.00 v input external delay
                  0.00    0.00    2.00 v reset (in)
     1    0.00                           reset (net)
                  0.00    0.00    2.00 v input9/A (sky130_fd_sc_hd__buf_2)
                  0.06    0.11    2.11 v input9/X (sky130_fd_sc_hd__buf_2)
     7    0.03                           net9 (net)
                  0.06    0.00    2.11 v _259_/A (sky130_fd_sc_hd__buf_4)
                  0.06    0.15    2.26 v _259_/X (sky130_fd_sc_hd__buf_4)
    10    0.06                           _143_ (net)
                  0.06    0.00    2.26 v _265_/A (sky130_fd_sc_hd__inv_2)
                  0.03    0.04    2.30 ^ _265_/Y (sky130_fd_sc_hd__inv_2)
     1    0.00                           _042_ (net)
                  0.03    0.00    2.30 ^ _301_/RESET_B (sky130_fd_sc_hd__dfrtp_2)
                                  2.30   data arrival time

                         10.00   10.00   clock clk (rise edge)
                          0.00   10.00   clock source latency
                  0.06    0.04   10.04 ^ clk (in)
     1    0.02                           clk (net)
                  0.06    0.00   10.04 ^ clkbuf_0_clk/A (sky130_fd_sc_hd__clkbuf_16)
                  0.05    0.10   10.14 ^ clkbuf_0_clk/X (sky130_fd_sc_hd__clkbuf_16)
     4    0.04                           clknet_0_clk (net)
                  0.05    0.00   10.14 ^ clkbuf_2_3__f_clk/A (sky130_fd_sc_hd__clkbuf_16)
                  0.04    0.09   10.23 ^ clkbuf_2_3__f_clk/X (sky130_fd_sc_hd__clkbuf_16)
     8    0.03                           clknet_2_3__leaf_clk (net)
                  0.04    0.00   10.23 ^ _301_/CLK (sky130_fd_sc_hd__dfrtp_2)
                         -0.25    9.98   clock uncertainty
                          0.00    9.98   clock reconvergence pessimism
                          0.14   10.12   library recovery time
                                 10.12   data required time
-----------------------------------------------------------------------------
                                 10.12   data required time
                                 -2.30   data arrival time
-----------------------------------------------------------------------------
                                  7.81   slack (MET)


Startpoint: reset (input port clocked by clk)
Endpoint: _322_ (recovery check against rising-edge clock clk)
Path Group: asynchronous
Path Type: max
Corner: Fastest

Fanout     Cap    Slew   Delay    Time   Description
-----------------------------------------------------------------------------
                          0.00    0.00   clock clk (rise edge)
                          0.00    0.00   clock network delay (propagated)
                          2.00    2.00 v input external delay
                  0.00    0.00    2.00 v reset (in)
     1    0.00                           reset (net)
                  0.00    0.00    2.00 v input9/A (sky130_fd_sc_hd__buf_2)
                  0.06    0.11    2.11 v input9/X (sky130_fd_sc_hd__buf_2)
     7    0.03                           net9 (net)
                  0.06    0.00    2.11 v _281_/A (sky130_fd_sc_hd__buf_4)
                  0.06    0.15    2.26 v _281_/X (sky130_fd_sc_hd__buf_4)
    10    0.06                           _145_ (net)
                  0.06    0.00    2.26 v _288_/A (sky130_fd_sc_hd__inv_2)
                  0.03    0.04    2.30 ^ _288_/Y (sky130_fd_sc_hd__inv_2)
     1    0.00                           _029_ (net)
                  0.03    0.00    2.30 ^ _322_/RESET_B (sky130_fd_sc_hd__dfrtp_2)
                                  2.30   data arrival time

                         10.00   10.00   clock clk (rise edge)
                          0.00   10.00   clock source latency
                  0.06    0.04   10.04 ^ clk (in)
     1    0.02                           clk (net)
                  0.06    0.00   10.04 ^ clkbuf_0_clk/A (sky130_fd_sc_hd__clkbuf_16)
                  0.05    0.10   10.14 ^ clkbuf_0_clk/X (sky130_fd_sc_hd__clkbuf_16)
     4    0.04                           clknet_0_clk (net)
                  0.05    0.00   10.14 ^ clkbuf_2_0__f_clk/A (sky130_fd_sc_hd__clkbuf_16)
                  0.04    0.09   10.23 ^ clkbuf_2_0__f_clk/X (sky130_fd_sc_hd__clkbuf_16)
     9    0.03                           clknet_2_0__leaf_clk (net)
                  0.04    0.00   10.23 ^ _322_/CLK (sky130_fd_sc_hd__dfrtp_2)
                         -0.25    9.98   clock uncertainty
                          0.00    9.98   clock reconvergence pessimism
                          0.14   10.12   library recovery time
                                 10.12   data required time
-----------------------------------------------------------------------------
                                 10.12   data required time
                                 -2.30   data arrival time
-----------------------------------------------------------------------------
                                  7.81   slack (MET)


Startpoint: reset (input port clocked by clk)
Endpoint: _305_ (recovery check against rising-edge clock clk)
Path Group: asynchronous
Path Type: max
Corner: Fastest

Fanout     Cap    Slew   Delay    Time   Description
-----------------------------------------------------------------------------
                          0.00    0.00   clock clk (rise edge)
                          0.00    0.00   clock network delay (propagated)
                          2.00    2.00 v input external delay
                  0.00    0.00    2.00 v reset (in)
     1    0.00                           reset (net)
                  0.00    0.00    2.00 v input9/A (sky130_fd_sc_hd__buf_2)
                  0.06    0.11    2.11 v input9/X (sky130_fd_sc_hd__buf_2)
     7    0.03                           net9 (net)
                  0.06    0.00    2.11 v _259_/A (sky130_fd_sc_hd__buf_4)
                  0.06    0.15    2.26 v _259_/X (sky130_fd_sc_hd__buf_4)
    10    0.06                           _143_ (net)
                  0.06    0.00    2.26 v _269_/A (sky130_fd_sc_hd__inv_2)
                  0.03    0.04    2.30 ^ _269_/Y (sky130_fd_sc_hd__inv_2)
     1    0.00                           _046_ (net)
                  0.03    0.00    2.30 ^ _305_/RESET_B (sky130_fd_sc_hd__dfrtp_1)
                                  2.30   data arrival time

                         10.00   10.00   clock clk (rise edge)
                          0.00   10.00   clock source latency
                  0.06    0.04   10.04 ^ clk (in)
     1    0.02                           clk (net)
                  0.06    0.00   10.04 ^ clkbuf_0_clk/A (sky130_fd_sc_hd__clkbuf_16)
                  0.05    0.10   10.14 ^ clkbuf_0_clk/X (sky130_fd_sc_hd__clkbuf_16)
     4    0.04                           clknet_0_clk (net)
                  0.05    0.00   10.14 ^ clkbuf_2_2__f_clk/A (sky130_fd_sc_hd__clkbuf_16)
                  0.03    0.08   10.23 ^ clkbuf_2_2__f_clk/X (sky130_fd_sc_hd__clkbuf_16)
     6    0.02                           clknet_2_2__leaf_clk (net)
                  0.03    0.00   10.23 ^ _305_/CLK (sky130_fd_sc_hd__dfrtp_1)
                         -0.25    9.98   clock uncertainty
                          0.00    9.98   clock reconvergence pessimism
                          0.14   10.12   library recovery time
                                 10.12   data required time
-----------------------------------------------------------------------------
                                 10.12   data required time
                                 -2.30   data arrival time
-----------------------------------------------------------------------------
                                  7.82   slack (MET)


Startpoint: reset (input port clocked by clk)
Endpoint: _299_ (recovery check against rising-edge clock clk)
Path Group: asynchronous
Path Type: max
Corner: Fastest

Fanout     Cap    Slew   Delay    Time   Description
-----------------------------------------------------------------------------
                          0.00    0.00   clock clk (rise edge)
                          0.00    0.00   clock network delay (propagated)
                          2.00    2.00 v input external delay
                  0.00    0.00    2.00 v reset (in)
     1    0.00                           reset (net)
                  0.00    0.00    2.00 v input9/A (sky130_fd_sc_hd__buf_2)
                  0.06    0.11    2.11 v input9/X (sky130_fd_sc_hd__buf_2)
     7    0.03                           net9 (net)
                  0.06    0.00    2.11 v _259_/A (sky130_fd_sc_hd__buf_4)
                  0.06    0.15    2.26 v _259_/X (sky130_fd_sc_hd__buf_4)
    10    0.06                           _143_ (net)
                  0.06    0.00    2.26 v _263_/A (sky130_fd_sc_hd__inv_2)
                  0.03    0.04    2.30 ^ _263_/Y (sky130_fd_sc_hd__inv_2)
     1    0.00                           _040_ (net)
                  0.03    0.00    2.30 ^ _299_/RESET_B (sky130_fd_sc_hd__dfrtp_1)
                                  2.30   data arrival time

                         10.00   10.00   clock clk (rise edge)
                          0.00   10.00   clock source latency
                  0.06    0.04   10.04 ^ clk (in)
     1    0.02                           clk (net)
                  0.06    0.00   10.04 ^ clkbuf_0_clk/A (sky130_fd_sc_hd__clkbuf_16)
                  0.05    0.10   10.14 ^ clkbuf_0_clk/X (sky130_fd_sc_hd__clkbuf_16)
     4    0.04                           clknet_0_clk (net)
                  0.05    0.00   10.14 ^ clkbuf_2_2__f_clk/A (sky130_fd_sc_hd__clkbuf_16)
                  0.03    0.08   10.23 ^ clkbuf_2_2__f_clk/X (sky130_fd_sc_hd__clkbuf_16)
     6    0.02                           clknet_2_2__leaf_clk (net)
                  0.03    0.00   10.23 ^ _299_/CLK (sky130_fd_sc_hd__dfrtp_1)
                         -0.25    9.98   clock uncertainty
                          0.00    9.98   clock reconvergence pessimism
                          0.14   10.12   library recovery time
                                 10.12   data required time
-----------------------------------------------------------------------------
                                 10.12   data required time
                                 -2.30   data arrival time
-----------------------------------------------------------------------------
                                  7.82   slack (MET)


Startpoint: reset (input port clocked by clk)
Endpoint: _303_ (recovery check against rising-edge clock clk)
Path Group: asynchronous
Path Type: max
Corner: Fastest

Fanout     Cap    Slew   Delay    Time   Description
-----------------------------------------------------------------------------
                          0.00    0.00   clock clk (rise edge)
                          0.00    0.00   clock network delay (propagated)
                          2.00    2.00 v input external delay
                  0.00    0.00    2.00 v reset (in)
     1    0.00                           reset (net)
                  0.00    0.00    2.00 v input9/A (sky130_fd_sc_hd__buf_2)
                  0.06    0.11    2.11 v input9/X (sky130_fd_sc_hd__buf_2)
     7    0.03                           net9 (net)
                  0.06    0.00    2.11 v _259_/A (sky130_fd_sc_hd__buf_4)
                  0.06    0.15    2.26 v _259_/X (sky130_fd_sc_hd__buf_4)
    10    0.06                           _143_ (net)
                  0.06    0.00    2.26 v _267_/A (sky130_fd_sc_hd__inv_2)
                  0.03    0.04    2.30 ^ _267_/Y (sky130_fd_sc_hd__inv_2)
     1    0.00                           _044_ (net)
                  0.03    0.00    2.30 ^ _303_/RESET_B (sky130_fd_sc_hd__dfrtp_1)
                                  2.30   data arrival time

                         10.00   10.00   clock clk (rise edge)
                          0.00   10.00   clock source latency
                  0.06    0.04   10.04 ^ clk (in)
     1    0.02                           clk (net)
                  0.06    0.00   10.04 ^ clkbuf_0_clk/A (sky130_fd_sc_hd__clkbuf_16)
                  0.05    0.10   10.14 ^ clkbuf_0_clk/X (sky130_fd_sc_hd__clkbuf_16)
     4    0.04                           clknet_0_clk (net)
                  0.05    0.00   10.14 ^ clkbuf_2_2__f_clk/A (sky130_fd_sc_hd__clkbuf_16)
                  0.03    0.08   10.23 ^ clkbuf_2_2__f_clk/X (sky130_fd_sc_hd__clkbuf_16)
     6    0.02                           clknet_2_2__leaf_clk (net)
                  0.03    0.00   10.23 ^ _303_/CLK (sky130_fd_sc_hd__dfrtp_1)
                         -0.25    9.98   clock uncertainty
                          0.00    9.98   clock reconvergence pessimism
                          0.14   10.12   library recovery time
                                 10.12   data required time
-----------------------------------------------------------------------------
                                 10.12   data required time
                                 -2.30   data arrival time
-----------------------------------------------------------------------------
                                  7.82   slack (MET)


Startpoint: reset (input port clocked by clk)
Endpoint: _312_ (recovery check against rising-edge clock clk)
Path Group: asynchronous
Path Type: max
Corner: Fastest

Fanout     Cap    Slew   Delay    Time   Description
-----------------------------------------------------------------------------
                          0.00    0.00   clock clk (rise edge)
                          0.00    0.00   clock network delay (propagated)
                          2.00    2.00 v input external delay
                  0.00    0.00    2.00 v reset (in)
     1    0.00                           reset (net)
                  0.00    0.00    2.00 v input9/A (sky130_fd_sc_hd__buf_2)
                  0.06    0.11    2.11 v input9/X (sky130_fd_sc_hd__buf_2)
     7    0.03                           net9 (net)
                  0.06    0.00    2.11 v _270_/A (sky130_fd_sc_hd__buf_4)
                  0.06    0.15    2.26 v _270_/X (sky130_fd_sc_hd__buf_4)
    10    0.06                           _144_ (net)
                  0.06    0.00    2.26 v _277_/A (sky130_fd_sc_hd__inv_2)
                  0.03    0.05    2.31 ^ _277_/Y (sky130_fd_sc_hd__inv_2)
     1    0.00                           _053_ (net)
                  0.03    0.00    2.31 ^ _312_/RESET_B (sky130_fd_sc_hd__dfrtp_1)
                                  2.31   data arrival time

                         10.00   10.00   clock clk (rise edge)
                          0.00   10.00   clock source latency
                  0.06    0.04   10.04 ^ clk (in)
     1    0.02                           clk (net)
                  0.06    0.00   10.04 ^ clkbuf_0_clk/A (sky130_fd_sc_hd__clkbuf_16)
                  0.05    0.10   10.14 ^ clkbuf_0_clk/X (sky130_fd_sc_hd__clkbuf_16)
     4    0.04                           clknet_0_clk (net)
                  0.05    0.00   10.14 ^ clkbuf_2_3__f_clk/A (sky130_fd_sc_hd__clkbuf_16)
                  0.04    0.09   10.23 ^ clkbuf_2_3__f_clk/X (sky130_fd_sc_hd__clkbuf_16)
     8    0.03                           clknet_2_3__leaf_clk (net)
                  0.04    0.00   10.23 ^ _312_/CLK (sky130_fd_sc_hd__dfrtp_1)
                         -0.25    9.98   clock uncertainty
                          0.00    9.98   clock reconvergence pessimism
                          0.15   10.13   library recovery time
                                 10.13   data required time
-----------------------------------------------------------------------------
                                 10.13   data required time
                                 -2.31   data arrival time
-----------------------------------------------------------------------------
                                  7.82   slack (MET)


Startpoint: reset (input port clocked by clk)
Endpoint: _313_ (recovery check against rising-edge clock clk)
Path Group: asynchronous
Path Type: max
Corner: Fastest

Fanout     Cap    Slew   Delay    Time   Description
-----------------------------------------------------------------------------
                          0.00    0.00   clock clk (rise edge)
                          0.00    0.00   clock network delay (propagated)
                          2.00    2.00 v input external delay
                  0.00    0.00    2.00 v reset (in)
     1    0.00                           reset (net)
                  0.00    0.00    2.00 v input9/A (sky130_fd_sc_hd__buf_2)
                  0.06    0.11    2.11 v input9/X (sky130_fd_sc_hd__buf_2)
     7    0.03                           net9 (net)
                  0.06    0.00    2.11 v _270_/A (sky130_fd_sc_hd__buf_4)
                  0.06    0.15    2.26 v _270_/X (sky130_fd_sc_hd__buf_4)
    10    0.06                           _144_ (net)
                  0.06    0.00    2.26 v _278_/A (sky130_fd_sc_hd__inv_2)
                  0.03    0.04    2.31 ^ _278_/Y (sky130_fd_sc_hd__inv_2)
     1    0.00                           _020_ (net)
                  0.03    0.00    2.31 ^ _313_/RESET_B (sky130_fd_sc_hd__dfrtp_1)
                                  2.31   data arrival time

                         10.00   10.00   clock clk (rise edge)
                          0.00   10.00   clock source latency
                  0.06    0.04   10.04 ^ clk (in)
     1    0.02                           clk (net)
                  0.06    0.00   10.04 ^ clkbuf_0_clk/A (sky130_fd_sc_hd__clkbuf_16)
                  0.05    0.10   10.14 ^ clkbuf_0_clk/X (sky130_fd_sc_hd__clkbuf_16)
     4    0.04                           clknet_0_clk (net)
                  0.05    0.00   10.14 ^ clkbuf_2_3__f_clk/A (sky130_fd_sc_hd__clkbuf_16)
                  0.04    0.09   10.23 ^ clkbuf_2_3__f_clk/X (sky130_fd_sc_hd__clkbuf_16)
     8    0.03                           clknet_2_3__leaf_clk (net)
                  0.04    0.00   10.23 ^ _313_/CLK (sky130_fd_sc_hd__dfrtp_1)
                         -0.25    9.98   clock uncertainty
                          0.00    9.98   clock reconvergence pessimism
                          0.15   10.13   library recovery time
                                 10.13   data required time
-----------------------------------------------------------------------------
                                 10.13   data required time
                                 -2.31   data arrival time
-----------------------------------------------------------------------------
                                  7.82   slack (MET)


Startpoint: reset (input port clocked by clk)
Endpoint: _317_ (recovery check against rising-edge clock clk)
Path Group: asynchronous
Path Type: max
Corner: Fastest

Fanout     Cap    Slew   Delay    Time   Description
-----------------------------------------------------------------------------
                          0.00    0.00   clock clk (rise edge)
                          0.00    0.00   clock network delay (propagated)
                          2.00    2.00 v input external delay
                  0.00    0.00    2.00 v reset (in)
     1    0.00                           reset (net)
                  0.00    0.00    2.00 v input9/A (sky130_fd_sc_hd__buf_2)
                  0.06    0.11    2.11 v input9/X (sky130_fd_sc_hd__buf_2)
     7    0.03                           net9 (net)
                  0.06    0.00    2.11 v _281_/A (sky130_fd_sc_hd__buf_4)
                  0.06    0.15    2.26 v _281_/X (sky130_fd_sc_hd__buf_4)
    10    0.06                           _145_ (net)
                  0.06    0.00    2.26 v _283_/A (sky130_fd_sc_hd__inv_2)
                  0.03    0.05    2.31 ^ _283_/Y (sky130_fd_sc_hd__inv_2)
     1    0.00                           _024_ (net)
                  0.03    0.00    2.31 ^ _317_/RESET_B (sky130_fd_sc_hd__dfrtp_1)
                                  2.31   data arrival time

                         10.00   10.00   clock clk (rise edge)
                          0.00   10.00   clock source latency
                  0.06    0.04   10.04 ^ clk (in)
     1    0.02                           clk (net)
                  0.06    0.00   10.04 ^ clkbuf_0_clk/A (sky130_fd_sc_hd__clkbuf_16)
                  0.05    0.10   10.14 ^ clkbuf_0_clk/X (sky130_fd_sc_hd__clkbuf_16)
     4    0.04                           clknet_0_clk (net)
                  0.05    0.00   10.14 ^ clkbuf_2_0__f_clk/A (sky130_fd_sc_hd__clkbuf_16)
                  0.04    0.09   10.23 ^ clkbuf_2_0__f_clk/X (sky130_fd_sc_hd__clkbuf_16)
     9    0.03                           clknet_2_0__leaf_clk (net)
                  0.04    0.00   10.23 ^ _317_/CLK (sky130_fd_sc_hd__dfrtp_1)
                         -0.25    9.98   clock uncertainty
                          0.00    9.98   clock reconvergence pessimism
                          0.15   10.13   library recovery time
                                 10.13   data required time
-----------------------------------------------------------------------------
                                 10.13   data required time
                                 -2.31   data arrival time
-----------------------------------------------------------------------------
                                  7.82   slack (MET)


Startpoint: reset (input port clocked by clk)
Endpoint: _310_ (recovery check against rising-edge clock clk)
Path Group: asynchronous
Path Type: max
Corner: Fastest

Fanout     Cap    Slew   Delay    Time   Description
-----------------------------------------------------------------------------
                          0.00    0.00   clock clk (rise edge)
                          0.00    0.00   clock network delay (propagated)
                          2.00    2.00 v input external delay
                  0.00    0.00    2.00 v reset (in)
     1    0.00                           reset (net)
                  0.00    0.00    2.00 v input9/A (sky130_fd_sc_hd__buf_2)
                  0.06    0.11    2.11 v input9/X (sky130_fd_sc_hd__buf_2)
     7    0.03                           net9 (net)
                  0.06    0.00    2.11 v _270_/A (sky130_fd_sc_hd__buf_4)
                  0.06    0.15    2.26 v _270_/X (sky130_fd_sc_hd__buf_4)
    10    0.06                           _144_ (net)
                  0.06    0.00    2.26 v _275_/A (sky130_fd_sc_hd__inv_2)
                  0.03    0.04    2.31 ^ _275_/Y (sky130_fd_sc_hd__inv_2)
     1    0.00                           _051_ (net)
                  0.03    0.00    2.31 ^ _310_/RESET_B (sky130_fd_sc_hd__dfrtp_1)
                                  2.31   data arrival time

                         10.00   10.00   clock clk (rise edge)
                          0.00   10.00   clock source latency
                  0.06    0.04   10.04 ^ clk (in)
     1    0.02                           clk (net)
                  0.06    0.00   10.04 ^ clkbuf_0_clk/A (sky130_fd_sc_hd__clkbuf_16)
                  0.05    0.10   10.14 ^ clkbuf_0_clk/X (sky130_fd_sc_hd__clkbuf_16)
     4    0.04                           clknet_0_clk (net)
                  0.05    0.00   10.14 ^ clkbuf_2_3__f_clk/A (sky130_fd_sc_hd__clkbuf_16)
                  0.04    0.09   10.23 ^ clkbuf_2_3__f_clk/X (sky130_fd_sc_hd__clkbuf_16)
     8    0.03                           clknet_2_3__leaf_clk (net)
                  0.04    0.00   10.23 ^ _310_/CLK (sky130_fd_sc_hd__dfrtp_1)
                         -0.25    9.98   clock uncertainty
                          0.00    9.98   clock reconvergence pessimism
                          0.15   10.13   library recovery time
                                 10.13   data required time
-----------------------------------------------------------------------------
                                 10.13   data required time
                                 -2.31   data arrival time
-----------------------------------------------------------------------------
                                  7.82   slack (MET)


Startpoint: reset (input port clocked by clk)
Endpoint: _311_ (recovery check against rising-edge clock clk)
Path Group: asynchronous
Path Type: max
Corner: Fastest

Fanout     Cap    Slew   Delay    Time   Description
-----------------------------------------------------------------------------
                          0.00    0.00   clock clk (rise edge)
                          0.00    0.00   clock network delay (propagated)
                          2.00    2.00 v input external delay
                  0.00    0.00    2.00 v reset (in)
     1    0.00                           reset (net)
                  0.00    0.00    2.00 v input9/A (sky130_fd_sc_hd__buf_2)
                  0.06    0.11    2.11 v input9/X (sky130_fd_sc_hd__buf_2)
     7    0.03                           net9 (net)
                  0.06    0.00    2.11 v _270_/A (sky130_fd_sc_hd__buf_4)
                  0.06    0.15    2.26 v _270_/X (sky130_fd_sc_hd__buf_4)
    10    0.06                           _144_ (net)
                  0.06    0.00    2.26 v _276_/A (sky130_fd_sc_hd__inv_2)
                  0.03    0.04    2.31 ^ _276_/Y (sky130_fd_sc_hd__inv_2)
     1    0.00                           _052_ (net)
                  0.03    0.00    2.31 ^ _311_/RESET_B (sky130_fd_sc_hd__dfrtp_1)
                                  2.31   data arrival time

                         10.00   10.00   clock clk (rise edge)
                          0.00   10.00   clock source latency
                  0.06    0.04   10.04 ^ clk (in)
     1    0.02                           clk (net)
                  0.06    0.00   10.04 ^ clkbuf_0_clk/A (sky130_fd_sc_hd__clkbuf_16)
                  0.05    0.10   10.14 ^ clkbuf_0_clk/X (sky130_fd_sc_hd__clkbuf_16)
     4    0.04                           clknet_0_clk (net)
                  0.05    0.00   10.14 ^ clkbuf_2_3__f_clk/A (sky130_fd_sc_hd__clkbuf_16)
                  0.04    0.09   10.23 ^ clkbuf_2_3__f_clk/X (sky130_fd_sc_hd__clkbuf_16)
     8    0.03                           clknet_2_3__leaf_clk (net)
                  0.04    0.00   10.23 ^ _311_/CLK (sky130_fd_sc_hd__dfrtp_1)
                         -0.25    9.98   clock uncertainty
                          0.00    9.98   clock reconvergence pessimism
                          0.15   10.13   library recovery time
                                 10.13   data required time
-----------------------------------------------------------------------------
                                 10.13   data required time
                                 -2.31   data arrival time
-----------------------------------------------------------------------------
                                  7.82   slack (MET)


Startpoint: reset (input port clocked by clk)
Endpoint: _309_ (recovery check against rising-edge clock clk)
Path Group: asynchronous
Path Type: max
Corner: Fastest

Fanout     Cap    Slew   Delay    Time   Description
-----------------------------------------------------------------------------
                          0.00    0.00   clock clk (rise edge)
                          0.00    0.00   clock network delay (propagated)
                          2.00    2.00 v input external delay
                  0.00    0.00    2.00 v reset (in)
     1    0.00                           reset (net)
                  0.00    0.00    2.00 v input9/A (sky130_fd_sc_hd__buf_2)
                  0.06    0.11    2.11 v input9/X (sky130_fd_sc_hd__buf_2)
     7    0.03                           net9 (net)
                  0.06    0.00    2.11 v _270_/A (sky130_fd_sc_hd__buf_4)
                  0.06    0.15    2.26 v _270_/X (sky130_fd_sc_hd__buf_4)
    10    0.06                           _144_ (net)
                  0.06    0.00    2.26 v _274_/A (sky130_fd_sc_hd__inv_2)
                  0.03    0.04    2.31 ^ _274_/Y (sky130_fd_sc_hd__inv_2)
     1    0.00                           _050_ (net)
                  0.03    0.00    2.31 ^ _309_/RESET_B (sky130_fd_sc_hd__dfrtp_1)
                                  2.31   data arrival time

                         10.00   10.00   clock clk (rise edge)
                          0.00   10.00   clock source latency
                  0.06    0.04   10.04 ^ clk (in)
     1    0.02                           clk (net)
                  0.06    0.00   10.04 ^ clkbuf_0_clk/A (sky130_fd_sc_hd__clkbuf_16)
                  0.05    0.10   10.14 ^ clkbuf_0_clk/X (sky130_fd_sc_hd__clkbuf_16)
     4    0.04                           clknet_0_clk (net)
                  0.05    0.00   10.14 ^ clkbuf_2_3__f_clk/A (sky130_fd_sc_hd__clkbuf_16)
                  0.04    0.09   10.23 ^ clkbuf_2_3__f_clk/X (sky130_fd_sc_hd__clkbuf_16)
     8    0.03                           clknet_2_3__leaf_clk (net)
                  0.04    0.00   10.23 ^ _309_/CLK (sky130_fd_sc_hd__dfrtp_1)
                         -0.25    9.98   clock uncertainty
                          0.00    9.98   clock reconvergence pessimism
                          0.15   10.13   library recovery time
                                 10.13   data required time
-----------------------------------------------------------------------------
                                 10.13   data required time
                                 -2.31   data arrival time
-----------------------------------------------------------------------------
                                  7.82   slack (MET)


Startpoint: reset (input port clocked by clk)
Endpoint: _316_ (recovery check against rising-edge clock clk)
Path Group: asynchronous
Path Type: max
Corner: Fastest

Fanout     Cap    Slew   Delay    Time   Description
-----------------------------------------------------------------------------
                          0.00    0.00   clock clk (rise edge)
                          0.00    0.00   clock network delay (propagated)
                          2.00    2.00 v input external delay
                  0.00    0.00    2.00 v reset (in)
     1    0.00                           reset (net)
                  0.00    0.00    2.00 v input9/A (sky130_fd_sc_hd__buf_2)
                  0.06    0.11    2.11 v input9/X (sky130_fd_sc_hd__buf_2)
     7    0.03                           net9 (net)
                  0.06    0.00    2.11 v _281_/A (sky130_fd_sc_hd__buf_4)
                  0.06    0.15    2.26 v _281_/X (sky130_fd_sc_hd__buf_4)
    10    0.06                           _145_ (net)
                  0.06    0.00    2.26 v _282_/A (sky130_fd_sc_hd__inv_2)
                  0.03    0.05    2.31 ^ _282_/Y (sky130_fd_sc_hd__inv_2)
     1    0.00                           _023_ (net)
                  0.03    0.00    2.31 ^ _316_/RESET_B (sky130_fd_sc_hd__dfrtp_1)
                                  2.31   data arrival time

                         10.00   10.00   clock clk (rise edge)
                          0.00   10.00   clock source latency
                  0.06    0.04   10.04 ^ clk (in)
     1    0.02                           clk (net)
                  0.06    0.00   10.04 ^ clkbuf_0_clk/A (sky130_fd_sc_hd__clkbuf_16)
                  0.05    0.10   10.14 ^ clkbuf_0_clk/X (sky130_fd_sc_hd__clkbuf_16)
     4    0.04                           clknet_0_clk (net)
                  0.05    0.00   10.14 ^ clkbuf_2_0__f_clk/A (sky130_fd_sc_hd__clkbuf_16)
                  0.04    0.09   10.23 ^ clkbuf_2_0__f_clk/X (sky130_fd_sc_hd__clkbuf_16)
     9    0.03                           clknet_2_0__leaf_clk (net)
                  0.04    0.00   10.23 ^ _316_/CLK (sky130_fd_sc_hd__dfrtp_1)
                         -0.25    9.98   clock uncertainty
                          0.00    9.98   clock reconvergence pessimism
                          0.15   10.13   library recovery time
                                 10.13   data required time
-----------------------------------------------------------------------------
                                 10.13   data required time
                                 -2.31   data arrival time
-----------------------------------------------------------------------------
                                  7.82   slack (MET)


Startpoint: reset (input port clocked by clk)
Endpoint: _306_ (recovery check against rising-edge clock clk)
Path Group: asynchronous
Path Type: max
Corner: Fastest

Fanout     Cap    Slew   Delay    Time   Description
-----------------------------------------------------------------------------
                          0.00    0.00   clock clk (rise edge)
                          0.00    0.00   clock network delay (propagated)
                          2.00    2.00 v input external delay
                  0.00    0.00    2.00 v reset (in)
     1    0.00                           reset (net)
                  0.00    0.00    2.00 v input9/A (sky130_fd_sc_hd__buf_2)
                  0.06    0.11    2.11 v input9/X (sky130_fd_sc_hd__buf_2)
     7    0.03                           net9 (net)
                  0.06    0.00    2.11 v _270_/A (sky130_fd_sc_hd__buf_4)
                  0.06    0.15    2.26 v _270_/X (sky130_fd_sc_hd__buf_4)
    10    0.06                           _144_ (net)
                  0.06    0.00    2.26 v _271_/A (sky130_fd_sc_hd__inv_2)
                  0.03    0.05    2.31 ^ _271_/Y (sky130_fd_sc_hd__inv_2)
     1    0.00                           _047_ (net)
                  0.03    0.00    2.31 ^ _306_/RESET_B (sky130_fd_sc_hd__dfrtp_1)
                                  2.31   data arrival time

                         10.00   10.00   clock clk (rise edge)
                          0.00   10.00   clock source latency
                  0.06    0.04   10.04 ^ clk (in)
     1    0.02                           clk (net)
                  0.06    0.00   10.04 ^ clkbuf_0_clk/A (sky130_fd_sc_hd__clkbuf_16)
                  0.05    0.10   10.14 ^ clkbuf_0_clk/X (sky130_fd_sc_hd__clkbuf_16)
     4    0.04                           clknet_0_clk (net)
                  0.05    0.00   10.14 ^ clkbuf_2_1__f_clk/A (sky130_fd_sc_hd__clkbuf_16)
                  0.04    0.09   10.24 ^ clkbuf_2_1__f_clk/X (sky130_fd_sc_hd__clkbuf_16)
    11    0.03                           clknet_2_1__leaf_clk (net)
                  0.04    0.00   10.24 ^ _306_/CLK (sky130_fd_sc_hd__dfrtp_1)
                         -0.25    9.99   clock uncertainty
                          0.00    9.99   clock reconvergence pessimism
                          0.15   10.13   library recovery time
                                 10.13   data required time
-----------------------------------------------------------------------------
                                 10.13   data required time
                                 -2.31   data arrival time
-----------------------------------------------------------------------------
                                  7.82   slack (MET)


Startpoint: reset (input port clocked by clk)
Endpoint: _319_ (recovery check against rising-edge clock clk)
Path Group: asynchronous
Path Type: max
Corner: Fastest

Fanout     Cap    Slew   Delay    Time   Description
-----------------------------------------------------------------------------
                          0.00    0.00   clock clk (rise edge)
                          0.00    0.00   clock network delay (propagated)
                          2.00    2.00 v input external delay
                  0.00    0.00    2.00 v reset (in)
     1    0.00                           reset (net)
                  0.00    0.00    2.00 v input9/A (sky130_fd_sc_hd__buf_2)
                  0.06    0.11    2.11 v input9/X (sky130_fd_sc_hd__buf_2)
     7    0.03                           net9 (net)
                  0.06    0.00    2.11 v _281_/A (sky130_fd_sc_hd__buf_4)
                  0.06    0.15    2.26 v _281_/X (sky130_fd_sc_hd__buf_4)
    10    0.06                           _145_ (net)
                  0.06    0.00    2.26 v _285_/A (sky130_fd_sc_hd__inv_2)
                  0.03    0.04    2.30 ^ _285_/Y (sky130_fd_sc_hd__inv_2)
     1    0.00                           _026_ (net)
                  0.03    0.00    2.30 ^ _319_/RESET_B (sky130_fd_sc_hd__dfrtp_1)
                                  2.30   data arrival time

                         10.00   10.00   clock clk (rise edge)
                          0.00   10.00   clock source latency
                  0.06    0.04   10.04 ^ clk (in)
     1    0.02                           clk (net)
                  0.06    0.00   10.04 ^ clkbuf_0_clk/A (sky130_fd_sc_hd__clkbuf_16)
                  0.05    0.10   10.14 ^ clkbuf_0_clk/X (sky130_fd_sc_hd__clkbuf_16)
     4    0.04                           clknet_0_clk (net)
                  0.05    0.00   10.14 ^ clkbuf_2_0__f_clk/A (sky130_fd_sc_hd__clkbuf_16)
                  0.04    0.09   10.23 ^ clkbuf_2_0__f_clk/X (sky130_fd_sc_hd__clkbuf_16)
     9    0.03                           clknet_2_0__leaf_clk (net)
                  0.04    0.00   10.23 ^ _319_/CLK (sky130_fd_sc_hd__dfrtp_1)
                         -0.25    9.98   clock uncertainty
                          0.00    9.98   clock reconvergence pessimism
                          0.15   10.13   library recovery time
                                 10.13   data required time
-----------------------------------------------------------------------------
                                 10.13   data required time
                                 -2.30   data arrival time
-----------------------------------------------------------------------------
                                  7.82   slack (MET)


Startpoint: reset (input port clocked by clk)
Endpoint: _321_ (recovery check against rising-edge clock clk)
Path Group: asynchronous
Path Type: max
Corner: Fastest

Fanout     Cap    Slew   Delay    Time   Description
-----------------------------------------------------------------------------
                          0.00    0.00   clock clk (rise edge)
                          0.00    0.00   clock network delay (propagated)
                          2.00    2.00 v input external delay
                  0.00    0.00    2.00 v reset (in)
     1    0.00                           reset (net)
                  0.00    0.00    2.00 v input9/A (sky130_fd_sc_hd__buf_2)
                  0.06    0.11    2.11 v input9/X (sky130_fd_sc_hd__buf_2)
     7    0.03                           net9 (net)
                  0.06    0.00    2.11 v _281_/A (sky130_fd_sc_hd__buf_4)
                  0.06    0.15    2.26 v _281_/X (sky130_fd_sc_hd__buf_4)
    10    0.06                           _145_ (net)
                  0.06    0.00    2.26 v _287_/A (sky130_fd_sc_hd__inv_2)
                  0.03    0.04    2.30 ^ _287_/Y (sky130_fd_sc_hd__inv_2)
     1    0.00                           _028_ (net)
                  0.03    0.00    2.30 ^ _321_/RESET_B (sky130_fd_sc_hd__dfrtp_1)
                                  2.30   data arrival time

                         10.00   10.00   clock clk (rise edge)
                          0.00   10.00   clock source latency
                  0.06    0.04   10.04 ^ clk (in)
     1    0.02                           clk (net)
                  0.06    0.00   10.04 ^ clkbuf_0_clk/A (sky130_fd_sc_hd__clkbuf_16)
                  0.05    0.10   10.14 ^ clkbuf_0_clk/X (sky130_fd_sc_hd__clkbuf_16)
     4    0.04                           clknet_0_clk (net)
                  0.05    0.00   10.14 ^ clkbuf_2_0__f_clk/A (sky130_fd_sc_hd__clkbuf_16)
                  0.04    0.09   10.23 ^ clkbuf_2_0__f_clk/X (sky130_fd_sc_hd__clkbuf_16)
     9    0.03                           clknet_2_0__leaf_clk (net)
                  0.04    0.00   10.23 ^ _321_/CLK (sky130_fd_sc_hd__dfrtp_1)
                         -0.25    9.98   clock uncertainty
                          0.00    9.98   clock reconvergence pessimism
                          0.15   10.13   library recovery time
                                 10.13   data required time
-----------------------------------------------------------------------------
                                 10.13   data required time
                                 -2.30   data arrival time
-----------------------------------------------------------------------------
                                  7.82   slack (MET)


Startpoint: reset (input port clocked by clk)
Endpoint: _320_ (recovery check against rising-edge clock clk)
Path Group: asynchronous
Path Type: max
Corner: Fastest

Fanout     Cap    Slew   Delay    Time   Description
-----------------------------------------------------------------------------
                          0.00    0.00   clock clk (rise edge)
                          0.00    0.00   clock network delay (propagated)
                          2.00    2.00 v input external delay
                  0.00    0.00    2.00 v reset (in)
     1    0.00                           reset (net)
                  0.00    0.00    2.00 v input9/A (sky130_fd_sc_hd__buf_2)
                  0.06    0.11    2.11 v input9/X (sky130_fd_sc_hd__buf_2)
     7    0.03                           net9 (net)
                  0.06    0.00    2.11 v _281_/A (sky130_fd_sc_hd__buf_4)
                  0.06    0.15    2.26 v _281_/X (sky130_fd_sc_hd__buf_4)
    10    0.06                           _145_ (net)
                  0.06    0.00    2.26 v _286_/A (sky130_fd_sc_hd__inv_2)
                  0.03    0.04    2.30 ^ _286_/Y (sky130_fd_sc_hd__inv_2)
     1    0.00                           _027_ (net)
                  0.03    0.00    2.30 ^ _320_/RESET_B (sky130_fd_sc_hd__dfrtp_1)
                                  2.30   data arrival time

                         10.00   10.00   clock clk (rise edge)
                          0.00   10.00   clock source latency
                  0.06    0.04   10.04 ^ clk (in)
     1    0.02                           clk (net)
                  0.06    0.00   10.04 ^ clkbuf_0_clk/A (sky130_fd_sc_hd__clkbuf_16)
                  0.05    0.10   10.14 ^ clkbuf_0_clk/X (sky130_fd_sc_hd__clkbuf_16)
     4    0.04                           clknet_0_clk (net)
                  0.05    0.00   10.14 ^ clkbuf_2_0__f_clk/A (sky130_fd_sc_hd__clkbuf_16)
                  0.04    0.09   10.23 ^ clkbuf_2_0__f_clk/X (sky130_fd_sc_hd__clkbuf_16)
     9    0.03                           clknet_2_0__leaf_clk (net)
                  0.04    0.00   10.23 ^ _320_/CLK (sky130_fd_sc_hd__dfrtp_1)
                         -0.25    9.98   clock uncertainty
                          0.00    9.98   clock reconvergence pessimism
                          0.15   10.13   library recovery time
                                 10.13   data required time
-----------------------------------------------------------------------------
                                 10.13   data required time
                                 -2.30   data arrival time
-----------------------------------------------------------------------------
                                  7.82   slack (MET)


Startpoint: reset (input port clocked by clk)
Endpoint: _302_ (recovery check against rising-edge clock clk)
Path Group: asynchronous
Path Type: max
Corner: Fastest

Fanout     Cap    Slew   Delay    Time   Description
-----------------------------------------------------------------------------
                          0.00    0.00   clock clk (rise edge)
                          0.00    0.00   clock network delay (propagated)
                          2.00    2.00 v input external delay
                  0.00    0.00    2.00 v reset (in)
     1    0.00                           reset (net)
                  0.00    0.00    2.00 v input9/A (sky130_fd_sc_hd__buf_2)
                  0.06    0.11    2.11 v input9/X (sky130_fd_sc_hd__buf_2)
     7    0.03                           net9 (net)
                  0.06    0.00    2.11 v _259_/A (sky130_fd_sc_hd__buf_4)
                  0.06    0.15    2.26 v _259_/X (sky130_fd_sc_hd__buf_4)
    10    0.06                           _143_ (net)
                  0.06    0.00    2.26 v _266_/A (sky130_fd_sc_hd__inv_2)
                  0.03    0.04    2.30 ^ _266_/Y (sky130_fd_sc_hd__inv_2)
     1    0.00                           _043_ (net)
                  0.03    0.00    2.30 ^ _302_/RESET_B (sky130_fd_sc_hd__dfrtp_1)
                                  2.30   data arrival time

                         10.00   10.00   clock clk (rise edge)
                          0.00   10.00   clock source latency
                  0.06    0.04   10.04 ^ clk (in)
     1    0.02                           clk (net)
                  0.06    0.00   10.04 ^ clkbuf_0_clk/A (sky130_fd_sc_hd__clkbuf_16)
                  0.05    0.10   10.14 ^ clkbuf_0_clk/X (sky130_fd_sc_hd__clkbuf_16)
     4    0.04                           clknet_0_clk (net)
                  0.05    0.00   10.14 ^ clkbuf_2_3__f_clk/A (sky130_fd_sc_hd__clkbuf_16)
                  0.04    0.09   10.23 ^ clkbuf_2_3__f_clk/X (sky130_fd_sc_hd__clkbuf_16)
     8    0.03                           clknet_2_3__leaf_clk (net)
                  0.04    0.00   10.23 ^ _302_/CLK (sky130_fd_sc_hd__dfrtp_1)
                         -0.25    9.98   clock uncertainty
                          0.00    9.98   clock reconvergence pessimism
                          0.15   10.13   library recovery time
                                 10.13   data required time
-----------------------------------------------------------------------------
                                 10.13   data required time
                                 -2.30   data arrival time
-----------------------------------------------------------------------------
                                  7.82   slack (MET)


Startpoint: reset (input port clocked by clk)
Endpoint: _318_ (recovery check against rising-edge clock clk)
Path Group: asynchronous
Path Type: max
Corner: Fastest

Fanout     Cap    Slew   Delay    Time   Description
-----------------------------------------------------------------------------
                          0.00    0.00   clock clk (rise edge)
                          0.00    0.00   clock network delay (propagated)
                          2.00    2.00 v input external delay
                  0.00    0.00    2.00 v reset (in)
     1    0.00                           reset (net)
                  0.00    0.00    2.00 v input9/A (sky130_fd_sc_hd__buf_2)
                  0.06    0.11    2.11 v input9/X (sky130_fd_sc_hd__buf_2)
     7    0.03                           net9 (net)
                  0.06    0.00    2.11 v _281_/A (sky130_fd_sc_hd__buf_4)
                  0.06    0.15    2.26 v _281_/X (sky130_fd_sc_hd__buf_4)
    10    0.06                           _145_ (net)
                  0.06    0.00    2.26 v _284_/A (sky130_fd_sc_hd__inv_2)
                  0.03    0.04    2.30 ^ _284_/Y (sky130_fd_sc_hd__inv_2)
     1    0.00                           _025_ (net)
                  0.03    0.00    2.30 ^ _318_/RESET_B (sky130_fd_sc_hd__dfrtp_1)
                                  2.30   data arrival time

                         10.00   10.00   clock clk (rise edge)
                          0.00   10.00   clock source latency
                  0.06    0.04   10.04 ^ clk (in)
     1    0.02                           clk (net)
                  0.06    0.00   10.04 ^ clkbuf_0_clk/A (sky130_fd_sc_hd__clkbuf_16)
                  0.05    0.10   10.14 ^ clkbuf_0_clk/X (sky130_fd_sc_hd__clkbuf_16)
     4    0.04                           clknet_0_clk (net)
                  0.05    0.00   10.14 ^ clkbuf_2_0__f_clk/A (sky130_fd_sc_hd__clkbuf_16)
                  0.04    0.09   10.23 ^ clkbuf_2_0__f_clk/X (sky130_fd_sc_hd__clkbuf_16)
     9    0.03                           clknet_2_0__leaf_clk (net)
                  0.04    0.00   10.23 ^ _318_/CLK (sky130_fd_sc_hd__dfrtp_1)
                         -0.25    9.98   clock uncertainty
                          0.00    9.98   clock reconvergence pessimism
                          0.15   10.13   library recovery time
                                 10.13   data required time
-----------------------------------------------------------------------------
                                 10.13   data required time
                                 -2.30   data arrival time
-----------------------------------------------------------------------------
                                  7.83   slack (MET)


Startpoint: reset (input port clocked by clk)
Endpoint: _324_ (recovery check against rising-edge clock clk)
Path Group: asynchronous
Path Type: max
Corner: Fastest

Fanout     Cap    Slew   Delay    Time   Description
-----------------------------------------------------------------------------
                          0.00    0.00   clock clk (rise edge)
                          0.00    0.00   clock network delay (propagated)
                          2.00    2.00 v input external delay
                  0.00    0.00    2.00 v reset (in)
     1    0.00                           reset (net)
                  0.00    0.00    2.00 v input9/A (sky130_fd_sc_hd__buf_2)
                  0.06    0.11    2.11 v input9/X (sky130_fd_sc_hd__buf_2)
     7    0.03                           net9 (net)
                  0.06    0.00    2.11 v _281_/A (sky130_fd_sc_hd__buf_4)
                  0.06    0.15    2.26 v _281_/X (sky130_fd_sc_hd__buf_4)
    10    0.06                           _145_ (net)
                  0.06    0.00    2.26 v _290_/A (sky130_fd_sc_hd__inv_2)
                  0.03    0.05    2.31 ^ _290_/Y (sky130_fd_sc_hd__inv_2)
     1    0.00                           _031_ (net)
                  0.03    0.00    2.31 ^ _324_/RESET_B (sky130_fd_sc_hd__dfrtp_1)
                                  2.31   data arrival time

                         10.00   10.00   clock clk (rise edge)
                          0.00   10.00   clock source latency
                  0.06    0.04   10.04 ^ clk (in)
     1    0.02                           clk (net)
                  0.06    0.00   10.04 ^ clkbuf_0_clk/A (sky130_fd_sc_hd__clkbuf_16)
                  0.05    0.10   10.14 ^ clkbuf_0_clk/X (sky130_fd_sc_hd__clkbuf_16)
     4    0.04                           clknet_0_clk (net)
                  0.05    0.00   10.14 ^ clkbuf_2_1__f_clk/A (sky130_fd_sc_hd__clkbuf_16)
                  0.04    0.09   10.24 ^ clkbuf_2_1__f_clk/X (sky130_fd_sc_hd__clkbuf_16)
    11    0.03                           clknet_2_1__leaf_clk (net)
                  0.04    0.00   10.24 ^ _324_/CLK (sky130_fd_sc_hd__dfrtp_1)
                         -0.25    9.99   clock uncertainty
                          0.00    9.99   clock reconvergence pessimism
                          0.15   10.13   library recovery time
                                 10.13   data required time
-----------------------------------------------------------------------------
                                 10.13   data required time
                                 -2.31   data arrival time
-----------------------------------------------------------------------------
                                  7.83   slack (MET)


Startpoint: reset (input port clocked by clk)
Endpoint: _298_ (recovery check against rising-edge clock clk)
Path Group: asynchronous
Path Type: max
Corner: Fastest

Fanout     Cap    Slew   Delay    Time   Description
-----------------------------------------------------------------------------
                          0.00    0.00   clock clk (rise edge)
                          0.00    0.00   clock network delay (propagated)
                          2.00    2.00 v input external delay
                  0.00    0.00    2.00 v reset (in)
     1    0.00                           reset (net)
                  0.00    0.00    2.00 v input9/A (sky130_fd_sc_hd__buf_2)
                  0.06    0.11    2.11 v input9/X (sky130_fd_sc_hd__buf_2)
     7    0.03                           net9 (net)
                  0.06    0.00    2.11 v _259_/A (sky130_fd_sc_hd__buf_4)
                  0.06    0.15    2.26 v _259_/X (sky130_fd_sc_hd__buf_4)
    10    0.06                           _143_ (net)
                  0.06    0.00    2.26 v _262_/A (sky130_fd_sc_hd__inv_2)
                  0.03    0.04    2.30 ^ _262_/Y (sky130_fd_sc_hd__inv_2)
     1    0.00                           _039_ (net)
                  0.03    0.00    2.30 ^ _298_/RESET_B (sky130_fd_sc_hd__dfrtp_1)
                                  2.30   data arrival time

                         10.00   10.00   clock clk (rise edge)
                          0.00   10.00   clock source latency
                  0.06    0.04   10.04 ^ clk (in)
     1    0.02                           clk (net)
                  0.06    0.00   10.04 ^ clkbuf_0_clk/A (sky130_fd_sc_hd__clkbuf_16)
                  0.05    0.10   10.14 ^ clkbuf_0_clk/X (sky130_fd_sc_hd__clkbuf_16)
     4    0.04                           clknet_0_clk (net)
                  0.05    0.00   10.14 ^ clkbuf_2_0__f_clk/A (sky130_fd_sc_hd__clkbuf_16)
                  0.04    0.09   10.23 ^ clkbuf_2_0__f_clk/X (sky130_fd_sc_hd__clkbuf_16)
     9    0.03                           clknet_2_0__leaf_clk (net)
                  0.04    0.00   10.23 ^ _298_/CLK (sky130_fd_sc_hd__dfrtp_1)
                         -0.25    9.98   clock uncertainty
                          0.00    9.98   clock reconvergence pessimism
                          0.15   10.13   library recovery time
                                 10.13   data required time
-----------------------------------------------------------------------------
                                 10.13   data required time
                                 -2.30   data arrival time
-----------------------------------------------------------------------------
                                  7.83   slack (MET)


Startpoint: reset (input port clocked by clk)
Endpoint: _307_ (recovery check against rising-edge clock clk)
Path Group: asynchronous
Path Type: max
Corner: Fastest

Fanout     Cap    Slew   Delay    Time   Description
-----------------------------------------------------------------------------
                          0.00    0.00   clock clk (rise edge)
                          0.00    0.00   clock network delay (propagated)
                          2.00    2.00 v input external delay
                  0.00    0.00    2.00 v reset (in)
     1    0.00                           reset (net)
                  0.00    0.00    2.00 v input9/A (sky130_fd_sc_hd__buf_2)
                  0.06    0.11    2.11 v input9/X (sky130_fd_sc_hd__buf_2)
     7    0.03                           net9 (net)
                  0.06    0.00    2.11 v _270_/A (sky130_fd_sc_hd__buf_4)
                  0.06    0.15    2.26 v _270_/X (sky130_fd_sc_hd__buf_4)
    10    0.06                           _144_ (net)
                  0.06    0.00    2.26 v _272_/A (sky130_fd_sc_hd__inv_2)
                  0.03    0.05    2.31 ^ _272_/Y (sky130_fd_sc_hd__inv_2)
     1    0.00                           _048_ (net)
                  0.03    0.00    2.31 ^ _307_/RESET_B (sky130_fd_sc_hd__dfrtp_1)
                                  2.31   data arrival time

                         10.00   10.00   clock clk (rise edge)
                          0.00   10.00   clock source latency
                  0.06    0.04   10.04 ^ clk (in)
     1    0.02                           clk (net)
                  0.06    0.00   10.04 ^ clkbuf_0_clk/A (sky130_fd_sc_hd__clkbuf_16)
                  0.05    0.10   10.14 ^ clkbuf_0_clk/X (sky130_fd_sc_hd__clkbuf_16)
     4    0.04                           clknet_0_clk (net)
                  0.05    0.00   10.14 ^ clkbuf_2_1__f_clk/A (sky130_fd_sc_hd__clkbuf_16)
                  0.04    0.09   10.24 ^ clkbuf_2_1__f_clk/X (sky130_fd_sc_hd__clkbuf_16)
    11    0.03                           clknet_2_1__leaf_clk (net)
                  0.04    0.00   10.24 ^ _307_/CLK (sky130_fd_sc_hd__dfrtp_1)
                         -0.25    9.99   clock uncertainty
                          0.00    9.99   clock reconvergence pessimism
                          0.15   10.13   library recovery time
                                 10.13   data required time
-----------------------------------------------------------------------------
                                 10.13   data required time
                                 -2.31   data arrival time
-----------------------------------------------------------------------------
                                  7.83   slack (MET)


Startpoint: reset (input port clocked by clk)
Endpoint: _308_ (recovery check against rising-edge clock clk)
Path Group: asynchronous
Path Type: max
Corner: Fastest

Fanout     Cap    Slew   Delay    Time   Description
-----------------------------------------------------------------------------
                          0.00    0.00   clock clk (rise edge)
                          0.00    0.00   clock network delay (propagated)
                          2.00    2.00 v input external delay
                  0.00    0.00    2.00 v reset (in)
     1    0.00                           reset (net)
                  0.00    0.00    2.00 v input9/A (sky130_fd_sc_hd__buf_2)
                  0.06    0.11    2.11 v input9/X (sky130_fd_sc_hd__buf_2)
     7    0.03                           net9 (net)
                  0.06    0.00    2.11 v _270_/A (sky130_fd_sc_hd__buf_4)
                  0.06    0.15    2.26 v _270_/X (sky130_fd_sc_hd__buf_4)
    10    0.06                           _144_ (net)
                  0.06    0.00    2.26 v _273_/A (sky130_fd_sc_hd__inv_2)
                  0.03    0.04    2.30 ^ _273_/Y (sky130_fd_sc_hd__inv_2)
     1    0.00                           _049_ (net)
                  0.03    0.00    2.30 ^ _308_/RESET_B (sky130_fd_sc_hd__dfrtp_1)
                                  2.30   data arrival time

                         10.00   10.00   clock clk (rise edge)
                          0.00   10.00   clock source latency
                  0.06    0.04   10.04 ^ clk (in)
     1    0.02                           clk (net)
                  0.06    0.00   10.04 ^ clkbuf_0_clk/A (sky130_fd_sc_hd__clkbuf_16)
                  0.05    0.10   10.14 ^ clkbuf_0_clk/X (sky130_fd_sc_hd__clkbuf_16)
     4    0.04                           clknet_0_clk (net)
                  0.05    0.00   10.14 ^ clkbuf_2_1__f_clk/A (sky130_fd_sc_hd__clkbuf_16)
                  0.04    0.09   10.24 ^ clkbuf_2_1__f_clk/X (sky130_fd_sc_hd__clkbuf_16)
    11    0.03                           clknet_2_1__leaf_clk (net)
                  0.04    0.00   10.24 ^ _308_/CLK (sky130_fd_sc_hd__dfrtp_1)
                         -0.25    9.99   clock uncertainty
                          0.00    9.99   clock reconvergence pessimism
                          0.15   10.13   library recovery time
                                 10.13   data required time
-----------------------------------------------------------------------------
                                 10.13   data required time
                                 -2.30   data arrival time
-----------------------------------------------------------------------------
                                  7.83   slack (MET)


Startpoint: reset (input port clocked by clk)
Endpoint: _325_ (recovery check against rising-edge clock clk)
Path Group: asynchronous
Path Type: max
Corner: Fastest

Fanout     Cap    Slew   Delay    Time   Description
-----------------------------------------------------------------------------
                          0.00    0.00   clock clk (rise edge)
                          0.00    0.00   clock network delay (propagated)
                          2.00    2.00 v input external delay
                  0.00    0.00    2.00 v reset (in)
     1    0.00                           reset (net)
                  0.00    0.00    2.00 v input9/A (sky130_fd_sc_hd__buf_2)
                  0.06    0.11    2.11 v input9/X (sky130_fd_sc_hd__buf_2)
     7    0.03                           net9 (net)
                  0.06    0.00    2.11 v _281_/A (sky130_fd_sc_hd__buf_4)
                  0.06    0.15    2.26 v _281_/X (sky130_fd_sc_hd__buf_4)
    10    0.06                           _145_ (net)
                  0.06    0.00    2.26 v _291_/A (sky130_fd_sc_hd__inv_2)
                  0.03    0.04    2.30 ^ _291_/Y (sky130_fd_sc_hd__inv_2)
     1    0.00                           _032_ (net)
                  0.03    0.00    2.30 ^ _325_/RESET_B (sky130_fd_sc_hd__dfrtp_1)
                                  2.30   data arrival time

                         10.00   10.00   clock clk (rise edge)
                          0.00   10.00   clock source latency
                  0.06    0.04   10.04 ^ clk (in)
     1    0.02                           clk (net)
                  0.06    0.00   10.04 ^ clkbuf_0_clk/A (sky130_fd_sc_hd__clkbuf_16)
                  0.05    0.10   10.14 ^ clkbuf_0_clk/X (sky130_fd_sc_hd__clkbuf_16)
     4    0.04                           clknet_0_clk (net)
                  0.05    0.00   10.14 ^ clkbuf_2_1__f_clk/A (sky130_fd_sc_hd__clkbuf_16)
                  0.04    0.09   10.24 ^ clkbuf_2_1__f_clk/X (sky130_fd_sc_hd__clkbuf_16)
    11    0.03                           clknet_2_1__leaf_clk (net)
                  0.04    0.00   10.24 ^ _325_/CLK (sky130_fd_sc_hd__dfrtp_1)
                         -0.25    9.99   clock uncertainty
                          0.00    9.99   clock reconvergence pessimism
                          0.15   10.13   library recovery time
                                 10.13   data required time
-----------------------------------------------------------------------------
                                 10.13   data required time
                                 -2.30   data arrival time
-----------------------------------------------------------------------------
                                  7.83   slack (MET)


Startpoint: reset (input port clocked by clk)
Endpoint: _323_ (recovery check against rising-edge clock clk)
Path Group: asynchronous
Path Type: max
Corner: Fastest

Fanout     Cap    Slew   Delay    Time   Description
-----------------------------------------------------------------------------
                          0.00    0.00   clock clk (rise edge)
                          0.00    0.00   clock network delay (propagated)
                          2.00    2.00 v input external delay
                  0.00    0.00    2.00 v reset (in)
     1    0.00                           reset (net)
                  0.00    0.00    2.00 v input9/A (sky130_fd_sc_hd__buf_2)
                  0.06    0.11    2.11 v input9/X (sky130_fd_sc_hd__buf_2)
     7    0.03                           net9 (net)
                  0.06    0.00    2.11 v _281_/A (sky130_fd_sc_hd__buf_4)
                  0.06    0.15    2.26 v _281_/X (sky130_fd_sc_hd__buf_4)
    10    0.06                           _145_ (net)
                  0.06    0.00    2.26 v _289_/A (sky130_fd_sc_hd__inv_2)
                  0.03    0.04    2.30 ^ _289_/Y (sky130_fd_sc_hd__inv_2)
     1    0.00                           _030_ (net)
                  0.03    0.00    2.30 ^ _323_/RESET_B (sky130_fd_sc_hd__dfrtp_1)
                                  2.30   data arrival time

                         10.00   10.00   clock clk (rise edge)
                          0.00   10.00   clock source latency
                  0.06    0.04   10.04 ^ clk (in)
     1    0.02                           clk (net)
                  0.06    0.00   10.04 ^ clkbuf_0_clk/A (sky130_fd_sc_hd__clkbuf_16)
                  0.05    0.10   10.14 ^ clkbuf_0_clk/X (sky130_fd_sc_hd__clkbuf_16)
     4    0.04                           clknet_0_clk (net)
                  0.05    0.00   10.14 ^ clkbuf_2_1__f_clk/A (sky130_fd_sc_hd__clkbuf_16)
                  0.04    0.09   10.24 ^ clkbuf_2_1__f_clk/X (sky130_fd_sc_hd__clkbuf_16)
    11    0.03                           clknet_2_1__leaf_clk (net)
                  0.04    0.00   10.24 ^ _323_/CLK (sky130_fd_sc_hd__dfrtp_1)
                         -0.25    9.99   clock uncertainty
                          0.00    9.99   clock reconvergence pessimism
                          0.15   10.13   library recovery time
                                 10.13   data required time
-----------------------------------------------------------------------------
                                 10.13   data required time
                                 -2.30   data arrival time
-----------------------------------------------------------------------------
                                  7.83   slack (MET)


Startpoint: reset (input port clocked by clk)
Endpoint: _328_ (recovery check against rising-edge clock clk)
Path Group: asynchronous
Path Type: max
Corner: Fastest

Fanout     Cap    Slew   Delay    Time   Description
-----------------------------------------------------------------------------
                          0.00    0.00   clock clk (rise edge)
                          0.00    0.00   clock network delay (propagated)
                          2.00    2.00 v input external delay
                  0.00    0.00    2.00 v reset (in)
     1    0.00                           reset (net)
                  0.00    0.00    2.00 v input9/A (sky130_fd_sc_hd__buf_2)
                  0.06    0.11    2.11 v input9/X (sky130_fd_sc_hd__buf_2)
     7    0.03                           net9 (net)
                  0.06    0.00    2.11 v _294_/A (sky130_fd_sc_hd__inv_2)
                  0.02    0.04    2.15 ^ _294_/Y (sky130_fd_sc_hd__inv_2)
     1    0.00                           _035_ (net)
                  0.02    0.00    2.15 ^ _328_/RESET_B (sky130_fd_sc_hd__dfrtp_1)
                                  2.15   data arrival time

                         10.00   10.00   clock clk (rise edge)
                          0.00   10.00   clock source latency
                  0.06    0.04   10.04 ^ clk (in)
     1    0.02                           clk (net)
                  0.06    0.00   10.04 ^ clkbuf_0_clk/A (sky130_fd_sc_hd__clkbuf_16)
                  0.05    0.10   10.14 ^ clkbuf_0_clk/X (sky130_fd_sc_hd__clkbuf_16)
     4    0.04                           clknet_0_clk (net)
                  0.05    0.00   10.14 ^ clkbuf_2_1__f_clk/A (sky130_fd_sc_hd__clkbuf_16)
                  0.04    0.09   10.24 ^ clkbuf_2_1__f_clk/X (sky130_fd_sc_hd__clkbuf_16)
    11    0.03                           clknet_2_1__leaf_clk (net)
                  0.04    0.00   10.24 ^ _328_/CLK (sky130_fd_sc_hd__dfrtp_1)
                         -0.25    9.99   clock uncertainty
                          0.00    9.99   clock reconvergence pessimism
                          0.15   10.13   library recovery time
                                 10.13   data required time
-----------------------------------------------------------------------------
                                 10.13   data required time
                                 -2.15   data arrival time
-----------------------------------------------------------------------------
                                  7.98   slack (MET)


Startpoint: reset (input port clocked by clk)
Endpoint: _326_ (recovery check against rising-edge clock clk)
Path Group: asynchronous
Path Type: max
Corner: Fastest

Fanout     Cap    Slew   Delay    Time   Description
-----------------------------------------------------------------------------
                          0.00    0.00   clock clk (rise edge)
                          0.00    0.00   clock network delay (propagated)
                          2.00    2.00 v input external delay
                  0.00    0.00    2.00 v reset (in)
     1    0.00                           reset (net)
                  0.00    0.00    2.00 v input9/A (sky130_fd_sc_hd__buf_2)
                  0.06    0.11    2.11 v input9/X (sky130_fd_sc_hd__buf_2)
     7    0.03                           net9 (net)
                  0.06    0.00    2.11 v _292_/A (sky130_fd_sc_hd__inv_2)
                  0.02    0.04    2.15 ^ _292_/Y (sky130_fd_sc_hd__inv_2)
     1    0.00                           _033_ (net)
                  0.02    0.00    2.15 ^ _326_/RESET_B (sky130_fd_sc_hd__dfrtp_1)
                                  2.15   data arrival time

                         10.00   10.00   clock clk (rise edge)
                          0.00   10.00   clock source latency
                  0.06    0.04   10.04 ^ clk (in)
     1    0.02                           clk (net)
                  0.06    0.00   10.04 ^ clkbuf_0_clk/A (sky130_fd_sc_hd__clkbuf_16)
                  0.05    0.10   10.14 ^ clkbuf_0_clk/X (sky130_fd_sc_hd__clkbuf_16)
     4    0.04                           clknet_0_clk (net)
                  0.05    0.00   10.14 ^ clkbuf_2_1__f_clk/A (sky130_fd_sc_hd__clkbuf_16)
                  0.04    0.09   10.24 ^ clkbuf_2_1__f_clk/X (sky130_fd_sc_hd__clkbuf_16)
    11    0.03                           clknet_2_1__leaf_clk (net)
                  0.04    0.00   10.24 ^ _326_/CLK (sky130_fd_sc_hd__dfrtp_1)
                         -0.25    9.99   clock uncertainty
                          0.00    9.99   clock reconvergence pessimism
                          0.15   10.13   library recovery time
                                 10.13   data required time
-----------------------------------------------------------------------------
                                 10.13   data required time
                                 -2.15   data arrival time
-----------------------------------------------------------------------------
                                  7.98   slack (MET)


Startpoint: reset (input port clocked by clk)
Endpoint: _327_ (recovery check against rising-edge clock clk)
Path Group: asynchronous
Path Type: max
Corner: Fastest

Fanout     Cap    Slew   Delay    Time   Description
-----------------------------------------------------------------------------
                          0.00    0.00   clock clk (rise edge)
                          0.00    0.00   clock network delay (propagated)
                          2.00    2.00 v input external delay
                  0.00    0.00    2.00 v reset (in)
     1    0.00                           reset (net)
                  0.00    0.00    2.00 v input9/A (sky130_fd_sc_hd__buf_2)
                  0.06    0.11    2.11 v input9/X (sky130_fd_sc_hd__buf_2)
     7    0.03                           net9 (net)
                  0.06    0.00    2.11 v _293_/A (sky130_fd_sc_hd__inv_2)
                  0.02    0.04    2.15 ^ _293_/Y (sky130_fd_sc_hd__inv_2)
     1    0.00                           _034_ (net)
                  0.02    0.00    2.15 ^ _327_/RESET_B (sky130_fd_sc_hd__dfrtp_1)
                                  2.15   data arrival time

                         10.00   10.00   clock clk (rise edge)
                          0.00   10.00   clock source latency
                  0.06    0.04   10.04 ^ clk (in)
     1    0.02                           clk (net)
                  0.06    0.00   10.04 ^ clkbuf_0_clk/A (sky130_fd_sc_hd__clkbuf_16)
                  0.05    0.10   10.14 ^ clkbuf_0_clk/X (sky130_fd_sc_hd__clkbuf_16)
     4    0.04                           clknet_0_clk (net)
                  0.05    0.00   10.14 ^ clkbuf_2_1__f_clk/A (sky130_fd_sc_hd__clkbuf_16)
                  0.04    0.09   10.24 ^ clkbuf_2_1__f_clk/X (sky130_fd_sc_hd__clkbuf_16)
    11    0.03                           clknet_2_1__leaf_clk (net)
                  0.04    0.00   10.24 ^ _327_/CLK (sky130_fd_sc_hd__dfrtp_1)
                         -0.25    9.99   clock uncertainty
                          0.00    9.99   clock reconvergence pessimism
                          0.15   10.13   library recovery time
                                 10.13   data required time
-----------------------------------------------------------------------------
                                 10.13   data required time
                                 -2.15   data arrival time
-----------------------------------------------------------------------------
                                  7.98   slack (MET)


Startpoint: reset (input port clocked by clk)
Endpoint: _329_ (recovery check against rising-edge clock clk)
Path Group: asynchronous
Path Type: max
Corner: Fastest

Fanout     Cap    Slew   Delay    Time   Description
-----------------------------------------------------------------------------
                          0.00    0.00   clock clk (rise edge)
                          0.00    0.00   clock network delay (propagated)
                          2.00    2.00 v input external delay
                  0.00    0.00    2.00 v reset (in)
     1    0.00                           reset (net)
                  0.00    0.00    2.00 v input9/A (sky130_fd_sc_hd__buf_2)
                  0.06    0.11    2.11 v input9/X (sky130_fd_sc_hd__buf_2)
     7    0.03                           net9 (net)
                  0.06    0.00    2.11 v _295_/A (sky130_fd_sc_hd__inv_2)
                  0.02    0.04    2.15 ^ _295_/Y (sky130_fd_sc_hd__inv_2)
     1    0.00                           _036_ (net)
                  0.02    0.00    2.15 ^ _329_/RESET_B (sky130_fd_sc_hd__dfrtp_1)
                                  2.15   data arrival time

                         10.00   10.00   clock clk (rise edge)
                          0.00   10.00   clock source latency
                  0.06    0.04   10.04 ^ clk (in)
     1    0.02                           clk (net)
                  0.06    0.00   10.04 ^ clkbuf_0_clk/A (sky130_fd_sc_hd__clkbuf_16)
                  0.05    0.10   10.14 ^ clkbuf_0_clk/X (sky130_fd_sc_hd__clkbuf_16)
     4    0.04                           clknet_0_clk (net)
                  0.05    0.00   10.14 ^ clkbuf_2_1__f_clk/A (sky130_fd_sc_hd__clkbuf_16)
                  0.04    0.09   10.24 ^ clkbuf_2_1__f_clk/X (sky130_fd_sc_hd__clkbuf_16)
    11    0.03                           clknet_2_1__leaf_clk (net)
                  0.04    0.00   10.24 ^ _329_/CLK (sky130_fd_sc_hd__dfrtp_1)
                         -0.25    9.99   clock uncertainty
                          0.00    9.99   clock reconvergence pessimism
                          0.15   10.13   library recovery time
                                 10.13   data required time
-----------------------------------------------------------------------------
                                 10.13   data required time
                                 -2.15   data arrival time
-----------------------------------------------------------------------------
                                  7.98   slack (MET)


Startpoint: _326_ (rising edge-triggered flip-flop clocked by clk)
Endpoint: _303_ (rising edge-triggered flip-flop clocked by clk)
Path Group: clk
Path Type: max
Corner: Fastest

Fanout     Cap    Slew   Delay    Time   Description
-----------------------------------------------------------------------------
                          0.00    0.00   clock clk (rise edge)
                          0.00    0.00   clock source latency
                  0.06    0.04    0.04 ^ clk (in)
     1    0.02                           clk (net)
                  0.06    0.00    0.04 ^ clkbuf_0_clk/A (sky130_fd_sc_hd__clkbuf_16)
                  0.05    0.11    0.16 ^ clkbuf_0_clk/X (sky130_fd_sc_hd__clkbuf_16)
     4    0.04                           clknet_0_clk (net)
                  0.05    0.00    0.16 ^ clkbuf_2_1__f_clk/A (sky130_fd_sc_hd__clkbuf_16)
                  0.04    0.10    0.26 ^ clkbuf_2_1__f_clk/X (sky130_fd_sc_hd__clkbuf_16)
    11    0.03                           clknet_2_1__leaf_clk (net)
                  0.04    0.00    0.26 ^ _326_/CLK (sky130_fd_sc_hd__dfrtp_1)
                  0.06    0.28    0.54 v _326_/Q (sky130_fd_sc_hd__dfrtp_1)
     6    0.01                           baud_count[12] (net)
                  0.06    0.00    0.54 v _167_/B (sky130_fd_sc_hd__or4_1)
                  0.08    0.33    0.87 v _167_/X (sky130_fd_sc_hd__or4_1)
     2    0.01                           _077_ (net)
                  0.08    0.00    0.87 v _170_/B (sky130_fd_sc_hd__nor4_1)
                  0.29    0.30    1.17 ^ _170_/Y (sky130_fd_sc_hd__nor4_1)
     2    0.01                           _080_ (net)
                  0.29    0.00    1.18 ^ max_cap13/A (sky130_fd_sc_hd__buf_1)
                  0.11    0.12    1.30 ^ max_cap13/X (sky130_fd_sc_hd__buf_1)
     3    0.01                           net13 (net)
                  0.11    0.00    1.30 ^ _171_/A1 (sky130_fd_sc_hd__mux2_2)
                  0.07    0.15    1.45 ^ _171_/X (sky130_fd_sc_hd__mux2_2)
     5    0.02                           _081_ (net)
                  0.07    0.00    1.45 ^ _172_/B1_N (sky130_fd_sc_hd__a21bo_1)
                  0.03    0.11    1.56 v _172_/X (sky130_fd_sc_hd__a21bo_1)
     2    0.00                           _082_ (net)
                  0.03    0.00    1.56 v _173_/B (sky130_fd_sc_hd__and2_1)
                  0.02    0.10    1.65 v _173_/X (sky130_fd_sc_hd__and2_1)
     1    0.00                           _083_ (net)
                  0.02    0.00    1.65 v _174_/A (sky130_fd_sc_hd__clkbuf_1)
                  0.02    0.06    1.71 v _174_/X (sky130_fd_sc_hd__clkbuf_1)
     1    0.00                           _057_ (net)
                  0.02    0.00    1.71 v _303_/D (sky130_fd_sc_hd__dfrtp_1)
                                  1.71   data arrival time

                         10.00   10.00   clock clk (rise edge)
                          0.00   10.00   clock source latency
                  0.06    0.04   10.04 ^ clk (in)
     1    0.02                           clk (net)
                  0.06    0.00   10.04 ^ clkbuf_0_clk/A (sky130_fd_sc_hd__clkbuf_16)
                  0.05    0.10   10.14 ^ clkbuf_0_clk/X (sky130_fd_sc_hd__clkbuf_16)
     4    0.04                           clknet_0_clk (net)
                  0.05    0.00   10.14 ^ clkbuf_2_2__f_clk/A (sky130_fd_sc_hd__clkbuf_16)
                  0.03    0.08   10.23 ^ clkbuf_2_2__f_clk/X (sky130_fd_sc_hd__clkbuf_16)
     6    0.02                           clknet_2_2__leaf_clk (net)
                  0.03    0.00   10.23 ^ _303_/CLK (sky130_fd_sc_hd__dfrtp_1)
                         -0.25    9.98   clock uncertainty
                          0.01    9.99   clock reconvergence pessimism
                         -0.07    9.92   library setup time
                                  9.92   data required time
-----------------------------------------------------------------------------
                                  9.92   data required time
                                 -1.71   data arrival time
-----------------------------------------------------------------------------
                                  8.21   slack (MET)


Startpoint: _326_ (rising edge-triggered flip-flop clocked by clk)
Endpoint: _302_ (rising edge-triggered flip-flop clocked by clk)
Path Group: clk
Path Type: max
Corner: Fastest

Fanout     Cap    Slew   Delay    Time   Description
-----------------------------------------------------------------------------
                          0.00    0.00   clock clk (rise edge)
                          0.00    0.00   clock source latency
                  0.06    0.04    0.04 ^ clk (in)
     1    0.02                           clk (net)
                  0.06    0.00    0.04 ^ clkbuf_0_clk/A (sky130_fd_sc_hd__clkbuf_16)
                  0.05    0.11    0.16 ^ clkbuf_0_clk/X (sky130_fd_sc_hd__clkbuf_16)
     4    0.04                           clknet_0_clk (net)
                  0.05    0.00    0.16 ^ clkbuf_2_1__f_clk/A (sky130_fd_sc_hd__clkbuf_16)
                  0.04    0.10    0.26 ^ clkbuf_2_1__f_clk/X (sky130_fd_sc_hd__clkbuf_16)
    11    0.03                           clknet_2_1__leaf_clk (net)
                  0.04    0.00    0.26 ^ _326_/CLK (sky130_fd_sc_hd__dfrtp_1)
                  0.06    0.28    0.54 v _326_/Q (sky130_fd_sc_hd__dfrtp_1)
     6    0.01                           baud_count[12] (net)
                  0.06    0.00    0.54 v _167_/B (sky130_fd_sc_hd__or4_1)
                  0.08    0.33    0.87 v _167_/X (sky130_fd_sc_hd__or4_1)
     2    0.01                           _077_ (net)
                  0.08    0.00    0.87 v _170_/B (sky130_fd_sc_hd__nor4_1)
                  0.29    0.30    1.17 ^ _170_/Y (sky130_fd_sc_hd__nor4_1)
     2    0.01                           _080_ (net)
                  0.29    0.00    1.18 ^ max_cap13/A (sky130_fd_sc_hd__buf_1)
                  0.11    0.12    1.30 ^ max_cap13/X (sky130_fd_sc_hd__buf_1)
     3    0.01                           net13 (net)
                  0.11    0.00    1.30 ^ _171_/A1 (sky130_fd_sc_hd__mux2_2)
                  0.07    0.15    1.45 ^ _171_/X (sky130_fd_sc_hd__mux2_2)
     5    0.02                           _081_ (net)
                  0.07    0.00    1.45 ^ _172_/B1_N (sky130_fd_sc_hd__a21bo_1)
                  0.03    0.11    1.56 v _172_/X (sky130_fd_sc_hd__a21bo_1)
     2    0.00                           _082_ (net)
                  0.03    0.00    1.56 v _176_/A (sky130_fd_sc_hd__and2_1)
                  0.03    0.09    1.65 v _176_/X (sky130_fd_sc_hd__and2_1)
     1    0.00                           _085_ (net)
                  0.03    0.00    1.65 v _177_/A (sky130_fd_sc_hd__clkbuf_1)
                  0.02    0.06    1.71 v _177_/X (sky130_fd_sc_hd__clkbuf_1)
     1    0.00                           _056_ (net)
                  0.02    0.00    1.71 v _302_/D (sky130_fd_sc_hd__dfrtp_1)
                                  1.71   data arrival time

                         10.00   10.00   clock clk (rise edge)
                          0.00   10.00   clock source latency
                  0.06    0.04   10.04 ^ clk (in)
     1    0.02                           clk (net)
                  0.06    0.00   10.04 ^ clkbuf_0_clk/A (sky130_fd_sc_hd__clkbuf_16)
                  0.05    0.10   10.14 ^ clkbuf_0_clk/X (sky130_fd_sc_hd__clkbuf_16)
     4    0.04                           clknet_0_clk (net)
                  0.05    0.00   10.14 ^ clkbuf_2_3__f_clk/A (sky130_fd_sc_hd__clkbuf_16)
                  0.04    0.09   10.23 ^ clkbuf_2_3__f_clk/X (sky130_fd_sc_hd__clkbuf_16)
     8    0.03                           clknet_2_3__leaf_clk (net)
                  0.04    0.00   10.23 ^ _302_/CLK (sky130_fd_sc_hd__dfrtp_1)
                         -0.25    9.98   clock uncertainty
                          0.01   10.00   clock reconvergence pessimism
                         -0.07    9.93   library setup time
                                  9.93   data required time
-----------------------------------------------------------------------------
                                  9.93   data required time
                                 -1.71   data arrival time
-----------------------------------------------------------------------------
                                  8.22   slack (MET)


Startpoint: _326_ (rising edge-triggered flip-flop clocked by clk)
Endpoint: _299_ (rising edge-triggered flip-flop clocked by clk)
Path Group: clk
Path Type: max
Corner: Fastest

Fanout     Cap    Slew   Delay    Time   Description
-----------------------------------------------------------------------------
                          0.00    0.00   clock clk (rise edge)
                          0.00    0.00   clock source latency
                  0.06    0.04    0.04 ^ clk (in)
     1    0.02                           clk (net)
                  0.06    0.00    0.04 ^ clkbuf_0_clk/A (sky130_fd_sc_hd__clkbuf_16)
                  0.05    0.11    0.16 ^ clkbuf_0_clk/X (sky130_fd_sc_hd__clkbuf_16)
     4    0.04                           clknet_0_clk (net)
                  0.05    0.00    0.16 ^ clkbuf_2_1__f_clk/A (sky130_fd_sc_hd__clkbuf_16)
                  0.04    0.10    0.26 ^ clkbuf_2_1__f_clk/X (sky130_fd_sc_hd__clkbuf_16)
    11    0.03                           clknet_2_1__leaf_clk (net)
                  0.04    0.00    0.26 ^ _326_/CLK (sky130_fd_sc_hd__dfrtp_1)
                  0.06    0.28    0.54 v _326_/Q (sky130_fd_sc_hd__dfrtp_1)
     6    0.01                           baud_count[12] (net)
                  0.06    0.00    0.54 v _167_/B (sky130_fd_sc_hd__or4_1)
                  0.08    0.33    0.87 v _167_/X (sky130_fd_sc_hd__or4_1)
     2    0.01                           _077_ (net)
                  0.08    0.00    0.87 v _184_/B (sky130_fd_sc_hd__or4_2)
                  0.10    0.44    1.32 v _184_/X (sky130_fd_sc_hd__or4_2)
     6    0.02                           _090_ (net)
                  0.10    0.00    1.32 v _186_/C (sky130_fd_sc_hd__or4_1)
                  0.05    0.29    1.60 v _186_/X (sky130_fd_sc_hd__or4_1)
     1    0.00                           _091_ (net)
                  0.05    0.00    1.60 v _187_/B1_N (sky130_fd_sc_hd__a21bo_1)
                  0.03    0.12    1.72 ^ _187_/X (sky130_fd_sc_hd__a21bo_1)
     1    0.00                           _019_ (net)
                  0.03    0.00    1.72 ^ _299_/D (sky130_fd_sc_hd__dfrtp_1)
                                  1.72   data arrival time

                         10.00   10.00   clock clk (rise edge)
                          0.00   10.00   clock source latency
                  0.06    0.04   10.04 ^ clk (in)
     1    0.02                           clk (net)
                  0.06    0.00   10.04 ^ clkbuf_0_clk/A (sky130_fd_sc_hd__clkbuf_16)
                  0.05    0.10   10.14 ^ clkbuf_0_clk/X (sky130_fd_sc_hd__clkbuf_16)
     4    0.04                           clknet_0_clk (net)
                  0.05    0.00   10.14 ^ clkbuf_2_2__f_clk/A (sky130_fd_sc_hd__clkbuf_16)
                  0.03    0.08   10.23 ^ clkbuf_2_2__f_clk/X (sky130_fd_sc_hd__clkbuf_16)
     6    0.02                           clknet_2_2__leaf_clk (net)
                  0.03    0.00   10.23 ^ _299_/CLK (sky130_fd_sc_hd__dfrtp_1)
                         -0.25    9.98   clock uncertainty
                          0.01    9.99   clock reconvergence pessimism
                         -0.03    9.96   library setup time
                                  9.96   data required time
-----------------------------------------------------------------------------
                                  9.96   data required time
                                 -1.72   data arrival time
-----------------------------------------------------------------------------
                                  8.23   slack (MET)


Startpoint: _326_ (rising edge-triggered flip-flop clocked by clk)
Endpoint: _297_ (rising edge-triggered flip-flop clocked by clk)
Path Group: clk
Path Type: max
Corner: Fastest

Fanout     Cap    Slew   Delay    Time   Description
-----------------------------------------------------------------------------
                          0.00    0.00   clock clk (rise edge)
                          0.00    0.00   clock source latency
                  0.06    0.04    0.04 ^ clk (in)
     1    0.02                           clk (net)
                  0.06    0.00    0.04 ^ clkbuf_0_clk/A (sky130_fd_sc_hd__clkbuf_16)
                  0.05    0.11    0.16 ^ clkbuf_0_clk/X (sky130_fd_sc_hd__clkbuf_16)
     4    0.04                           clknet_0_clk (net)
                  0.05    0.00    0.16 ^ clkbuf_2_1__f_clk/A (sky130_fd_sc_hd__clkbuf_16)
                  0.04    0.10    0.26 ^ clkbuf_2_1__f_clk/X (sky130_fd_sc_hd__clkbuf_16)
    11    0.03                           clknet_2_1__leaf_clk (net)
                  0.04    0.00    0.26 ^ _326_/CLK (sky130_fd_sc_hd__dfrtp_1)
                  0.06    0.28    0.54 v _326_/Q (sky130_fd_sc_hd__dfrtp_1)
     6    0.01                           baud_count[12] (net)
                  0.06    0.00    0.54 v _167_/B (sky130_fd_sc_hd__or4_1)
                  0.08    0.33    0.87 v _167_/X (sky130_fd_sc_hd__or4_1)
     2    0.01                           _077_ (net)
                  0.08    0.00    0.87 v _184_/B (sky130_fd_sc_hd__or4_2)
                  0.10    0.44    1.32 v _184_/X (sky130_fd_sc_hd__or4_2)
     6    0.02                           _090_ (net)
                  0.10    0.00    1.32 v _188_/B (sky130_fd_sc_hd__or3_1)
                  0.04    0.22    1.54 v _188_/X (sky130_fd_sc_hd__or3_1)
     1    0.00                           _092_ (net)
                  0.04    0.00    1.54 v _189_/B1 (sky130_fd_sc_hd__a22o_1)
                  0.03    0.09    1.63 v _189_/X (sky130_fd_sc_hd__a22o_1)
     1    0.00                           _017_ (net)
                  0.03    0.00    1.63 v _297_/D (sky130_fd_sc_hd__dfrtp_4)
                                  1.63   data arrival time

                         10.00   10.00   clock clk (rise edge)
                          0.00   10.00   clock source latency
                  0.06    0.04   10.04 ^ clk (in)
     1    0.02                           clk (net)
                  0.06    0.00   10.04 ^ clkbuf_0_clk/A (sky130_fd_sc_hd__clkbuf_16)
                  0.05    0.10   10.14 ^ clkbuf_0_clk/X (sky130_fd_sc_hd__clkbuf_16)
     4    0.04                           clknet_0_clk (net)
                  0.05    0.00   10.14 ^ clkbuf_2_2__f_clk/A (sky130_fd_sc_hd__clkbuf_16)
                  0.03    0.08   10.23 ^ clkbuf_2_2__f_clk/X (sky130_fd_sc_hd__clkbuf_16)
     6    0.02                           clknet_2_2__leaf_clk (net)
                  0.03    0.00   10.23 ^ _297_/CLK (sky130_fd_sc_hd__dfrtp_4)
                         -0.25    9.98   clock uncertainty
                          0.01    9.99   clock reconvergence pessimism
                         -0.07    9.92   library setup time
                                  9.92   data required time
-----------------------------------------------------------------------------
                                  9.92   data required time
                                 -1.63   data arrival time
-----------------------------------------------------------------------------
                                  8.29   slack (MET)


Startpoint: _297_ (rising edge-triggered flip-flop clocked by clk)
Endpoint: _320_ (rising edge-triggered flip-flop clocked by clk)
Path Group: clk
Path Type: max
Corner: Fastest

Fanout     Cap    Slew   Delay    Time   Description
-----------------------------------------------------------------------------
                          0.00    0.00   clock clk (rise edge)
                          0.00    0.00   clock source latency
                  0.06    0.04    0.04 ^ clk (in)
     1    0.02                           clk (net)
                  0.06    0.00    0.04 ^ clkbuf_0_clk/A (sky130_fd_sc_hd__clkbuf_16)
                  0.05    0.11    0.16 ^ clkbuf_0_clk/X (sky130_fd_sc_hd__clkbuf_16)
     4    0.04                           clknet_0_clk (net)
                  0.05    0.00    0.16 ^ clkbuf_2_2__f_clk/A (sky130_fd_sc_hd__clkbuf_16)
                  0.03    0.09    0.25 ^ clkbuf_2_2__f_clk/X (sky130_fd_sc_hd__clkbuf_16)
     6    0.02                           clknet_2_2__leaf_clk (net)
                  0.03    0.00    0.25 ^ _297_/CLK (sky130_fd_sc_hd__dfrtp_4)
                  0.07    0.34    0.59 v _297_/Q (sky130_fd_sc_hd__dfrtp_4)
     8    0.03                           state[1] (net)
                  0.07    0.00    0.59 v _192_/B (sky130_fd_sc_hd__or3_4)
                  0.07    0.28    0.87 v _192_/X (sky130_fd_sc_hd__or3_4)
     7    0.03                           _094_ (net)
                  0.07    0.00    0.87 v _193_/A (sky130_fd_sc_hd__buf_2)
                  0.06    0.14    1.01 v _193_/X (sky130_fd_sc_hd__buf_2)
    10    0.03                           _095_ (net)
                  0.06    0.00    1.01 v _216_/B1_N (sky130_fd_sc_hd__a21boi_1)
                  0.04    0.10    1.10 v _216_/Y (sky130_fd_sc_hd__a21boi_1)
     1    0.00                           _112_ (net)
                  0.04    0.00    1.10 v _217_/B1 (sky130_fd_sc_hd__o21a_1)
                  0.03    0.07    1.17 v _217_/X (sky130_fd_sc_hd__o21a_1)
     1    0.00                           _012_ (net)
                  0.03    0.00    1.17 v hold10/A (sky130_fd_sc_hd__dlygate4sd3_1)
                  0.04    0.38    1.55 v hold10/X (sky130_fd_sc_hd__dlygate4sd3_1)
     1    0.00                           net23 (net)
                  0.04    0.00    1.55 v _320_/D (sky130_fd_sc_hd__dfrtp_1)
                                  1.55   data arrival time

                         10.00   10.00   clock clk (rise edge)
                          0.00   10.00   clock source latency
                  0.06    0.04   10.04 ^ clk (in)
     1    0.02                           clk (net)
                  0.06    0.00   10.04 ^ clkbuf_0_clk/A (sky130_fd_sc_hd__clkbuf_16)
                  0.05    0.10   10.14 ^ clkbuf_0_clk/X (sky130_fd_sc_hd__clkbuf_16)
     4    0.04                           clknet_0_clk (net)
                  0.05    0.00   10.14 ^ clkbuf_2_0__f_clk/A (sky130_fd_sc_hd__clkbuf_16)
                  0.04    0.09   10.23 ^ clkbuf_2_0__f_clk/X (sky130_fd_sc_hd__clkbuf_16)
     9    0.03                           clknet_2_0__leaf_clk (net)
                  0.04    0.00   10.23 ^ _320_/CLK (sky130_fd_sc_hd__dfrtp_1)
                         -0.25    9.98   clock uncertainty
                          0.01   10.00   clock reconvergence pessimism
                         -0.08    9.92   library setup time
                                  9.92   data required time
-----------------------------------------------------------------------------
                                  9.92   data required time
                                 -1.55   data arrival time
-----------------------------------------------------------------------------
                                  8.37   slack (MET)


Startpoint: _326_ (rising edge-triggered flip-flop clocked by clk)
Endpoint: _301_ (rising edge-triggered flip-flop clocked by clk)
Path Group: clk
Path Type: max
Corner: Fastest

Fanout     Cap    Slew   Delay    Time   Description
-----------------------------------------------------------------------------
                          0.00    0.00   clock clk (rise edge)
                          0.00    0.00   clock source latency
                  0.06    0.04    0.04 ^ clk (in)
     1    0.02                           clk (net)
                  0.06    0.00    0.04 ^ clkbuf_0_clk/A (sky130_fd_sc_hd__clkbuf_16)
                  0.05    0.11    0.16 ^ clkbuf_0_clk/X (sky130_fd_sc_hd__clkbuf_16)
     4    0.04                           clknet_0_clk (net)
                  0.05    0.00    0.16 ^ clkbuf_2_1__f_clk/A (sky130_fd_sc_hd__clkbuf_16)
                  0.04    0.10    0.26 ^ clkbuf_2_1__f_clk/X (sky130_fd_sc_hd__clkbuf_16)
    11    0.03                           clknet_2_1__leaf_clk (net)
                  0.04    0.00    0.26 ^ _326_/CLK (sky130_fd_sc_hd__dfrtp_1)
                  0.06    0.28    0.54 v _326_/Q (sky130_fd_sc_hd__dfrtp_1)
     6    0.01                           baud_count[12] (net)
                  0.06    0.00    0.54 v _167_/B (sky130_fd_sc_hd__or4_1)
                  0.08    0.33    0.87 v _167_/X (sky130_fd_sc_hd__or4_1)
     2    0.01                           _077_ (net)
                  0.08    0.00    0.87 v _170_/B (sky130_fd_sc_hd__nor4_1)
                  0.29    0.30    1.17 ^ _170_/Y (sky130_fd_sc_hd__nor4_1)
     2    0.01                           _080_ (net)
                  0.29    0.00    1.18 ^ max_cap13/A (sky130_fd_sc_hd__buf_1)
                  0.11    0.12    1.30 ^ max_cap13/X (sky130_fd_sc_hd__buf_1)
     3    0.01                           net13 (net)
                  0.11    0.00    1.30 ^ _171_/A1 (sky130_fd_sc_hd__mux2_2)
                  0.07    0.15    1.45 ^ _171_/X (sky130_fd_sc_hd__mux2_2)
     5    0.02                           _081_ (net)
                  0.07    0.00    1.45 ^ _180_/A2 (sky130_fd_sc_hd__a21oi_1)
                  0.03    0.04    1.49 v _180_/Y (sky130_fd_sc_hd__a21oi_1)
     1    0.00                           _088_ (net)
                  0.03    0.00    1.49 v _181_/B1 (sky130_fd_sc_hd__a21oi_1)
                  0.08    0.06    1.55 ^ _181_/Y (sky130_fd_sc_hd__a21oi_1)
     1    0.00                           _055_ (net)
                  0.08    0.00    1.55 ^ _301_/D (sky130_fd_sc_hd__dfrtp_2)
                                  1.55   data arrival time

                         10.00   10.00   clock clk (rise edge)
                          0.00   10.00   clock source latency
                  0.06    0.04   10.04 ^ clk (in)
     1    0.02                           clk (net)
                  0.06    0.00   10.04 ^ clkbuf_0_clk/A (sky130_fd_sc_hd__clkbuf_16)
                  0.05    0.10   10.14 ^ clkbuf_0_clk/X (sky130_fd_sc_hd__clkbuf_16)
     4    0.04                           clknet_0_clk (net)
                  0.05    0.00   10.14 ^ clkbuf_2_3__f_clk/A (sky130_fd_sc_hd__clkbuf_16)
                  0.04    0.09   10.23 ^ clkbuf_2_3__f_clk/X (sky130_fd_sc_hd__clkbuf_16)
     8    0.03                           clknet_2_3__leaf_clk (net)
                  0.04    0.00   10.23 ^ _301_/CLK (sky130_fd_sc_hd__dfrtp_2)
                         -0.25    9.98   clock uncertainty
                          0.01   10.00   clock reconvergence pessimism
                         -0.04    9.95   library setup time
                                  9.95   data required time
-----------------------------------------------------------------------------
                                  9.95   data required time
                                 -1.55   data arrival time
-----------------------------------------------------------------------------
                                  8.40   slack (MET)


Startpoint: _326_ (rising edge-triggered flip-flop clocked by clk)
Endpoint: _300_ (rising edge-triggered flip-flop clocked by clk)
Path Group: clk
Path Type: max
Corner: Fastest

Fanout     Cap    Slew   Delay    Time   Description
-----------------------------------------------------------------------------
                          0.00    0.00   clock clk (rise edge)
                          0.00    0.00   clock source latency
                  0.06    0.04    0.04 ^ clk (in)
     1    0.02                           clk (net)
                  0.06    0.00    0.04 ^ clkbuf_0_clk/A (sky130_fd_sc_hd__clkbuf_16)
                  0.05    0.11    0.16 ^ clkbuf_0_clk/X (sky130_fd_sc_hd__clkbuf_16)
     4    0.04                           clknet_0_clk (net)
                  0.05    0.00    0.16 ^ clkbuf_2_1__f_clk/A (sky130_fd_sc_hd__clkbuf_16)
                  0.04    0.10    0.26 ^ clkbuf_2_1__f_clk/X (sky130_fd_sc_hd__clkbuf_16)
    11    0.03                           clknet_2_1__leaf_clk (net)
                  0.04    0.00    0.26 ^ _326_/CLK (sky130_fd_sc_hd__dfrtp_1)
                  0.06    0.28    0.54 v _326_/Q (sky130_fd_sc_hd__dfrtp_1)
     6    0.01                           baud_count[12] (net)
                  0.06    0.00    0.54 v _167_/B (sky130_fd_sc_hd__or4_1)
                  0.08    0.33    0.87 v _167_/X (sky130_fd_sc_hd__or4_1)
     2    0.01                           _077_ (net)
                  0.08    0.00    0.87 v _170_/B (sky130_fd_sc_hd__nor4_1)
                  0.29    0.30    1.17 ^ _170_/Y (sky130_fd_sc_hd__nor4_1)
     2    0.01                           _080_ (net)
                  0.29    0.00    1.18 ^ max_cap13/A (sky130_fd_sc_hd__buf_1)
                  0.11    0.12    1.30 ^ max_cap13/X (sky130_fd_sc_hd__buf_1)
     3    0.01                           net13 (net)
                  0.11    0.00    1.30 ^ _171_/A1 (sky130_fd_sc_hd__mux2_2)
                  0.07    0.15    1.45 ^ _171_/X (sky130_fd_sc_hd__mux2_2)
     5    0.02                           _081_ (net)
                  0.07    0.00    1.45 ^ _183_/A2 (sky130_fd_sc_hd__a21oi_1)
                  0.03    0.04    1.49 v _183_/Y (sky130_fd_sc_hd__a21oi_1)
     1    0.00                           _054_ (net)
                  0.03    0.00    1.49 v _300_/D (sky130_fd_sc_hd__dfrtp_4)
                                  1.49   data arrival time

                         10.00   10.00   clock clk (rise edge)
                          0.00   10.00   clock source latency
                  0.06    0.04   10.04 ^ clk (in)
     1    0.02                           clk (net)
                  0.06    0.00   10.04 ^ clkbuf_0_clk/A (sky130_fd_sc_hd__clkbuf_16)
                  0.05    0.10   10.14 ^ clkbuf_0_clk/X (sky130_fd_sc_hd__clkbuf_16)
     4    0.04                           clknet_0_clk (net)
                  0.05    0.00   10.14 ^ clkbuf_2_3__f_clk/A (sky130_fd_sc_hd__clkbuf_16)
                  0.04    0.09   10.23 ^ clkbuf_2_3__f_clk/X (sky130_fd_sc_hd__clkbuf_16)
     8    0.03                           clknet_2_3__leaf_clk (net)
                  0.04    0.00   10.23 ^ _300_/CLK (sky130_fd_sc_hd__dfrtp_4)
                         -0.25    9.98   clock uncertainty
                          0.01   10.00   clock reconvergence pessimism
                         -0.07    9.93   library setup time
                                  9.93   data required time
-----------------------------------------------------------------------------
                                  9.93   data required time
                                 -1.49   data arrival time
-----------------------------------------------------------------------------
                                  8.43   slack (MET)


Startpoint: _326_ (rising edge-triggered flip-flop clocked by clk)
Endpoint: _318_ (rising edge-triggered flip-flop clocked by clk)
Path Group: clk
Path Type: max
Corner: Fastest

Fanout     Cap    Slew   Delay    Time   Description
-----------------------------------------------------------------------------
                          0.00    0.00   clock clk (rise edge)
                          0.00    0.00   clock source latency
                  0.06    0.04    0.04 ^ clk (in)
     1    0.02                           clk (net)
                  0.06    0.00    0.04 ^ clkbuf_0_clk/A (sky130_fd_sc_hd__clkbuf_16)
                  0.05    0.11    0.16 ^ clkbuf_0_clk/X (sky130_fd_sc_hd__clkbuf_16)
     4    0.04                           clknet_0_clk (net)
                  0.05    0.00    0.16 ^ clkbuf_2_1__f_clk/A (sky130_fd_sc_hd__clkbuf_16)
                  0.04    0.10    0.26 ^ clkbuf_2_1__f_clk/X (sky130_fd_sc_hd__clkbuf_16)
    11    0.03                           clknet_2_1__leaf_clk (net)
                  0.04    0.00    0.26 ^ _326_/CLK (sky130_fd_sc_hd__dfrtp_1)
                  0.06    0.28    0.54 v _326_/Q (sky130_fd_sc_hd__dfrtp_1)
     6    0.01                           baud_count[12] (net)
                  0.06    0.00    0.54 v _167_/B (sky130_fd_sc_hd__or4_1)
                  0.08    0.33    0.87 v _167_/X (sky130_fd_sc_hd__or4_1)
     2    0.01                           _077_ (net)
                  0.08    0.00    0.87 v _184_/B (sky130_fd_sc_hd__or4_2)
                  0.10    0.44    1.32 v _184_/X (sky130_fd_sc_hd__or4_2)
     6    0.02                           _090_ (net)
                  0.10    0.00    1.32 v _209_/B1 (sky130_fd_sc_hd__o211a_1)
                  0.03    0.11    1.42 v _209_/X (sky130_fd_sc_hd__o211a_1)
     1    0.00                           _010_ (net)
                  0.03    0.00    1.42 v _318_/D (sky130_fd_sc_hd__dfrtp_1)
                                  1.42   data arrival time

                         10.00   10.00   clock clk (rise edge)
                          0.00   10.00   clock source latency
                  0.06    0.04   10.04 ^ clk (in)
     1    0.02                           clk (net)
                  0.06    0.00   10.04 ^ clkbuf_0_clk/A (sky130_fd_sc_hd__clkbuf_16)
                  0.05    0.10   10.14 ^ clkbuf_0_clk/X (sky130_fd_sc_hd__clkbuf_16)
     4    0.04                           clknet_0_clk (net)
                  0.05    0.00   10.14 ^ clkbuf_2_0__f_clk/A (sky130_fd_sc_hd__clkbuf_16)
                  0.04    0.09   10.23 ^ clkbuf_2_0__f_clk/X (sky130_fd_sc_hd__clkbuf_16)
     9    0.03                           clknet_2_0__leaf_clk (net)
                  0.04    0.00   10.23 ^ _318_/CLK (sky130_fd_sc_hd__dfrtp_1)
                         -0.25    9.98   clock uncertainty
                          0.01   10.00   clock reconvergence pessimism
                         -0.07    9.93   library setup time
                                  9.93   data required time
-----------------------------------------------------------------------------
                                  9.93   data required time
                                 -1.42   data arrival time
-----------------------------------------------------------------------------
                                  8.50   slack (MET)


Startpoint: _314_ (rising edge-triggered flip-flop clocked by clk)
Endpoint: _324_ (rising edge-triggered flip-flop clocked by clk)
Path Group: clk
Path Type: max
Corner: Fastest

Fanout     Cap    Slew   Delay    Time   Description
-----------------------------------------------------------------------------
                          0.00    0.00   clock clk (rise edge)
                          0.00    0.00   clock source latency
                  0.06    0.04    0.04 ^ clk (in)
     1    0.02                           clk (net)
                  0.06    0.00    0.04 ^ clkbuf_0_clk/A (sky130_fd_sc_hd__clkbuf_16)
                  0.05    0.11    0.16 ^ clkbuf_0_clk/X (sky130_fd_sc_hd__clkbuf_16)
     4    0.04                           clknet_0_clk (net)
                  0.05    0.00    0.16 ^ clkbuf_2_0__f_clk/A (sky130_fd_sc_hd__clkbuf_16)
                  0.04    0.10    0.26 ^ clkbuf_2_0__f_clk/X (sky130_fd_sc_hd__clkbuf_16)
     9    0.03                           clknet_2_0__leaf_clk (net)
                  0.04    0.00    0.26 ^ _314_/CLK (sky130_fd_sc_hd__dfrtp_4)
                  0.07    0.30    0.55 ^ _314_/Q (sky130_fd_sc_hd__dfrtp_4)
     8    0.02                           baud_count[0] (net)
                  0.07    0.00    0.55 ^ _207_/B (sky130_fd_sc_hd__and4_2)
                  0.09    0.19    0.74 ^ _207_/X (sky130_fd_sc_hd__and4_2)
     7    0.02                           _105_ (net)
                  0.09    0.00    0.74 ^ _220_/A (sky130_fd_sc_hd__and3_2)
                  0.09    0.17    0.91 ^ _220_/X (sky130_fd_sc_hd__and3_2)
     5    0.02                           _115_ (net)
                  0.09    0.00    0.91 ^ _227_/C (sky130_fd_sc_hd__nand3_2)
                  0.06    0.07    0.98 v _227_/Y (sky130_fd_sc_hd__nand3_2)
     4    0.01                           _120_ (net)
                  0.06    0.00    0.98 v _231_/B (sky130_fd_sc_hd__or2_1)
                  0.03    0.13    1.11 v _231_/X (sky130_fd_sc_hd__or2_1)
     1    0.00                           _123_ (net)
                  0.03    0.00    1.11 v _232_/C (sky130_fd_sc_hd__and3_1)
                  0.03    0.11    1.22 v _232_/X (sky130_fd_sc_hd__and3_1)
     1    0.00                           _124_ (net)
                  0.03    0.00    1.22 v _233_/A (sky130_fd_sc_hd__clkbuf_1)
                  0.02    0.06    1.28 v _233_/X (sky130_fd_sc_hd__clkbuf_1)
     1    0.00                           _001_ (net)
                  0.02    0.00    1.28 v _324_/D (sky130_fd_sc_hd__dfrtp_1)
                                  1.28   data arrival time

                         10.00   10.00   clock clk (rise edge)
                          0.00   10.00   clock source latency
                  0.06    0.04   10.04 ^ clk (in)
     1    0.02                           clk (net)
                  0.06    0.00   10.04 ^ clkbuf_0_clk/A (sky130_fd_sc_hd__clkbuf_16)
                  0.05    0.10   10.14 ^ clkbuf_0_clk/X (sky130_fd_sc_hd__clkbuf_16)
     4    0.04                           clknet_0_clk (net)
                  0.05    0.00   10.14 ^ clkbuf_2_1__f_clk/A (sky130_fd_sc_hd__clkbuf_16)
                  0.04    0.09   10.24 ^ clkbuf_2_1__f_clk/X (sky130_fd_sc_hd__clkbuf_16)
    11    0.03                           clknet_2_1__leaf_clk (net)
                  0.04    0.00   10.24 ^ _324_/CLK (sky130_fd_sc_hd__dfrtp_1)
                         -0.25    9.99   clock uncertainty
                          0.01   10.00   clock reconvergence pessimism
                         -0.07    9.93   library setup time
                                  9.93   data required time
-----------------------------------------------------------------------------
                                  9.93   data required time
                                 -1.28   data arrival time
-----------------------------------------------------------------------------
                                  8.65   slack (MET)


Startpoint: _314_ (rising edge-triggered flip-flop clocked by clk)
Endpoint: _327_ (rising edge-triggered flip-flop clocked by clk)
Path Group: clk
Path Type: max
Corner: Fastest

Fanout     Cap    Slew   Delay    Time   Description
-----------------------------------------------------------------------------
                          0.00    0.00   clock clk (rise edge)
                          0.00    0.00   clock source latency
                  0.06    0.04    0.04 ^ clk (in)
     1    0.02                           clk (net)
                  0.06    0.00    0.04 ^ clkbuf_0_clk/A (sky130_fd_sc_hd__clkbuf_16)
                  0.05    0.11    0.16 ^ clkbuf_0_clk/X (sky130_fd_sc_hd__clkbuf_16)
     4    0.04                           clknet_0_clk (net)
                  0.05    0.00    0.16 ^ clkbuf_2_0__f_clk/A (sky130_fd_sc_hd__clkbuf_16)
                  0.04    0.10    0.26 ^ clkbuf_2_0__f_clk/X (sky130_fd_sc_hd__clkbuf_16)
     9    0.03                           clknet_2_0__leaf_clk (net)
                  0.04    0.00    0.26 ^ _314_/CLK (sky130_fd_sc_hd__dfrtp_4)
                  0.07    0.30    0.55 ^ _314_/Q (sky130_fd_sc_hd__dfrtp_4)
     8    0.02                           baud_count[0] (net)
                  0.07    0.00    0.55 ^ _207_/B (sky130_fd_sc_hd__and4_2)
                  0.09    0.19    0.74 ^ _207_/X (sky130_fd_sc_hd__and4_2)
     7    0.02                           _105_ (net)
                  0.09    0.00    0.74 ^ _236_/A (sky130_fd_sc_hd__and4_2)
                  0.10    0.19    0.94 ^ _236_/X (sky130_fd_sc_hd__and4_2)
     6    0.02                           _127_ (net)
                  0.10    0.00    0.94 ^ _242_/C (sky130_fd_sc_hd__and3_1)
                  0.10    0.16    1.10 ^ _242_/X (sky130_fd_sc_hd__and3_1)
     3    0.01                           _131_ (net)
                  0.10    0.00    1.10 ^ _243_/A (sky130_fd_sc_hd__inv_2)
                  0.02    0.01    1.11 v _243_/Y (sky130_fd_sc_hd__inv_2)
     1    0.00                           _132_ (net)
                  0.02    0.00    1.11 v _244_/C (sky130_fd_sc_hd__and3_1)
                  0.03    0.11    1.22 v _244_/X (sky130_fd_sc_hd__and3_1)
     1    0.00                           _133_ (net)
                  0.03    0.00    1.22 v _245_/A (sky130_fd_sc_hd__clkbuf_1)
                  0.02    0.06    1.28 v _245_/X (sky130_fd_sc_hd__clkbuf_1)
     1    0.00                           _004_ (net)
                  0.02    0.00    1.28 v _327_/D (sky130_fd_sc_hd__dfrtp_1)
                                  1.28   data arrival time

                         10.00   10.00   clock clk (rise edge)
                          0.00   10.00   clock source latency
                  0.06    0.04   10.04 ^ clk (in)
     1    0.02                           clk (net)
                  0.06    0.00   10.04 ^ clkbuf_0_clk/A (sky130_fd_sc_hd__clkbuf_16)
                  0.05    0.10   10.14 ^ clkbuf_0_clk/X (sky130_fd_sc_hd__clkbuf_16)
     4    0.04                           clknet_0_clk (net)
                  0.05    0.00   10.14 ^ clkbuf_2_1__f_clk/A (sky130_fd_sc_hd__clkbuf_16)
                  0.04    0.09   10.24 ^ clkbuf_2_1__f_clk/X (sky130_fd_sc_hd__clkbuf_16)
    11    0.03                           clknet_2_1__leaf_clk (net)
                  0.04    0.00   10.24 ^ _327_/CLK (sky130_fd_sc_hd__dfrtp_1)
                         -0.25    9.99   clock uncertainty
                          0.01   10.00   clock reconvergence pessimism
                         -0.07    9.93   library setup time
                                  9.93   data required time
-----------------------------------------------------------------------------
                                  9.93   data required time
                                 -1.28   data arrival time
-----------------------------------------------------------------------------
                                  8.65   slack (MET)


Startpoint: _300_ (rising edge-triggered flip-flop clocked by clk)
Endpoint: _304_ (rising edge-triggered flip-flop clocked by clk)
Path Group: clk
Path Type: max
Corner: Fastest

Fanout     Cap    Slew   Delay    Time   Description
-----------------------------------------------------------------------------
                          0.00    0.00   clock clk (rise edge)
                          0.00    0.00   clock source latency
                  0.06    0.04    0.04 ^ clk (in)
     1    0.02                           clk (net)
                  0.06    0.00    0.04 ^ clkbuf_0_clk/A (sky130_fd_sc_hd__clkbuf_16)
                  0.05    0.11    0.16 ^ clkbuf_0_clk/X (sky130_fd_sc_hd__clkbuf_16)
     4    0.04                           clknet_0_clk (net)
                  0.05    0.00    0.16 ^ clkbuf_2_3__f_clk/A (sky130_fd_sc_hd__clkbuf_16)
                  0.04    0.10    0.26 ^ clkbuf_2_3__f_clk/X (sky130_fd_sc_hd__clkbuf_16)
     8    0.03                           clknet_2_3__leaf_clk (net)
                  0.04    0.00    0.26 ^ _300_/CLK (sky130_fd_sc_hd__dfrtp_4)
                  0.08    0.30    0.56 ^ _300_/Q (sky130_fd_sc_hd__dfrtp_4)
     8    0.03                           bit_index[0] (net)
                  0.08    0.00    0.56 ^ _256_/S0 (sky130_fd_sc_hd__mux4_1)
                  0.06    0.29    0.85 v _256_/X (sky130_fd_sc_hd__mux4_1)
     1    0.00                           _141_ (net)
                  0.06    0.00    0.85 v _257_/A (sky130_fd_sc_hd__or2b_1)
                  0.04    0.16    1.01 v _257_/X (sky130_fd_sc_hd__or2b_1)
     1    0.01                           _142_ (net)
                  0.04    0.00    1.01 v _258_/A3 (sky130_fd_sc_hd__a311o_1)
                  0.05    0.23    1.24 v _258_/X (sky130_fd_sc_hd__a311o_1)
     1    0.00                           _147_ (net)
                  0.05    0.00    1.24 v _304_/D (sky130_fd_sc_hd__dfstp_1)
                                  1.24   data arrival time

                         10.00   10.00   clock clk (rise edge)
                          0.00   10.00   clock source latency
                  0.06    0.04   10.04 ^ clk (in)
     1    0.02                           clk (net)
                  0.06    0.00   10.04 ^ clkbuf_0_clk/A (sky130_fd_sc_hd__clkbuf_16)
                  0.05    0.10   10.14 ^ clkbuf_0_clk/X (sky130_fd_sc_hd__clkbuf_16)
     4    0.04                           clknet_0_clk (net)
                  0.05    0.00   10.14 ^ clkbuf_2_2__f_clk/A (sky130_fd_sc_hd__clkbuf_16)
                  0.03    0.08   10.23 ^ clkbuf_2_2__f_clk/X (sky130_fd_sc_hd__clkbuf_16)
     6    0.02                           clknet_2_2__leaf_clk (net)
                  0.03    0.00   10.23 ^ _304_/CLK (sky130_fd_sc_hd__dfstp_1)
                         -0.25    9.98   clock uncertainty
                          0.01    9.99   clock reconvergence pessimism
                         -0.05    9.94   library setup time
                                  9.94   data required time
-----------------------------------------------------------------------------
                                  9.94   data required time
                                 -1.24   data arrival time
-----------------------------------------------------------------------------
                                  8.70   slack (MET)


Startpoint: _314_ (rising edge-triggered flip-flop clocked by clk)
Endpoint: _328_ (rising edge-triggered flip-flop clocked by clk)
Path Group: clk
Path Type: max
Corner: Fastest

Fanout     Cap    Slew   Delay    Time   Description
-----------------------------------------------------------------------------
                          0.00    0.00   clock clk (rise edge)
                          0.00    0.00   clock source latency
                  0.06    0.04    0.04 ^ clk (in)
     1    0.02                           clk (net)
                  0.06    0.00    0.04 ^ clkbuf_0_clk/A (sky130_fd_sc_hd__clkbuf_16)
                  0.05    0.11    0.16 ^ clkbuf_0_clk/X (sky130_fd_sc_hd__clkbuf_16)
     4    0.04                           clknet_0_clk (net)
                  0.05    0.00    0.16 ^ clkbuf_2_0__f_clk/A (sky130_fd_sc_hd__clkbuf_16)
                  0.04    0.10    0.26 ^ clkbuf_2_0__f_clk/X (sky130_fd_sc_hd__clkbuf_16)
     9    0.03                           clknet_2_0__leaf_clk (net)
                  0.04    0.00    0.26 ^ _314_/CLK (sky130_fd_sc_hd__dfrtp_4)
                  0.06    0.33    0.59 v _314_/Q (sky130_fd_sc_hd__dfrtp_4)
     8    0.02                           baud_count[0] (net)
                  0.06    0.00    0.59 v _207_/B (sky130_fd_sc_hd__and4_2)
                  0.06    0.18    0.77 v _207_/X (sky130_fd_sc_hd__and4_2)
     7    0.02                           _105_ (net)
                  0.06    0.00    0.77 v _236_/A (sky130_fd_sc_hd__and4_2)
                  0.06    0.16    0.93 v _236_/X (sky130_fd_sc_hd__and4_2)
     6    0.02                           _127_ (net)
                  0.06    0.00    0.93 v _242_/C (sky130_fd_sc_hd__and3_1)
                  0.05    0.16    1.09 v _242_/X (sky130_fd_sc_hd__and3_1)
     3    0.01                           _131_ (net)
                  0.05    0.00    1.09 v _246_/A2 (sky130_fd_sc_hd__a21boi_1)
                  0.09    0.11    1.20 ^ _246_/Y (sky130_fd_sc_hd__a21boi_1)
     1    0.00                           _134_ (net)
                  0.09    0.00    1.20 ^ _247_/B1 (sky130_fd_sc_hd__o21a_1)
                  0.03    0.06    1.27 ^ _247_/X (sky130_fd_sc_hd__o21a_1)
     1    0.00                           _005_ (net)
                  0.03    0.00    1.27 ^ _328_/D (sky130_fd_sc_hd__dfrtp_1)
                                  1.27   data arrival time

                         10.00   10.00   clock clk (rise edge)
                          0.00   10.00   clock source latency
                  0.06    0.04   10.04 ^ clk (in)
     1    0.02                           clk (net)
                  0.06    0.00   10.04 ^ clkbuf_0_clk/A (sky130_fd_sc_hd__clkbuf_16)
                  0.05    0.10   10.14 ^ clkbuf_0_clk/X (sky130_fd_sc_hd__clkbuf_16)
     4    0.04                           clknet_0_clk (net)
                  0.05    0.00   10.14 ^ clkbuf_2_1__f_clk/A (sky130_fd_sc_hd__clkbuf_16)
                  0.04    0.09   10.24 ^ clkbuf_2_1__f_clk/X (sky130_fd_sc_hd__clkbuf_16)
    11    0.03                           clknet_2_1__leaf_clk (net)
                  0.04    0.00   10.24 ^ _328_/CLK (sky130_fd_sc_hd__dfrtp_1)
                         -0.25    9.99   clock uncertainty
                          0.01   10.00   clock reconvergence pessimism
                         -0.03    9.97   library setup time
                                  9.97   data required time
-----------------------------------------------------------------------------
                                  9.97   data required time
                                 -1.27   data arrival time
-----------------------------------------------------------------------------
                                  8.70   slack (MET)


Startpoint: _314_ (rising edge-triggered flip-flop clocked by clk)
Endpoint: _329_ (rising edge-triggered flip-flop clocked by clk)
Path Group: clk
Path Type: max
Corner: Fastest

Fanout     Cap    Slew   Delay    Time   Description
-----------------------------------------------------------------------------
                          0.00    0.00   clock clk (rise edge)
                          0.00    0.00   clock source latency
                  0.06    0.04    0.04 ^ clk (in)
     1    0.02                           clk (net)
                  0.06    0.00    0.04 ^ clkbuf_0_clk/A (sky130_fd_sc_hd__clkbuf_16)
                  0.05    0.11    0.16 ^ clkbuf_0_clk/X (sky130_fd_sc_hd__clkbuf_16)
     4    0.04                           clknet_0_clk (net)
                  0.05    0.00    0.16 ^ clkbuf_2_0__f_clk/A (sky130_fd_sc_hd__clkbuf_16)
                  0.04    0.10    0.26 ^ clkbuf_2_0__f_clk/X (sky130_fd_sc_hd__clkbuf_16)
     9    0.03                           clknet_2_0__leaf_clk (net)
                  0.04    0.00    0.26 ^ _314_/CLK (sky130_fd_sc_hd__dfrtp_4)
                  0.06    0.33    0.59 v _314_/Q (sky130_fd_sc_hd__dfrtp_4)
     8    0.02                           baud_count[0] (net)
                  0.06    0.00    0.59 v _207_/B (sky130_fd_sc_hd__and4_2)
                  0.06    0.18    0.77 v _207_/X (sky130_fd_sc_hd__and4_2)
     7    0.02                           _105_ (net)
                  0.06    0.00    0.77 v _236_/A (sky130_fd_sc_hd__and4_2)
                  0.06    0.16    0.93 v _236_/X (sky130_fd_sc_hd__and4_2)
     6    0.02                           _127_ (net)
                  0.06    0.00    0.93 v _248_/D (sky130_fd_sc_hd__and4_1)
                  0.04    0.16    1.09 v _248_/X (sky130_fd_sc_hd__and4_1)
     2    0.01                           _135_ (net)
                  0.04    0.00    1.09 v _249_/A2 (sky130_fd_sc_hd__o21ai_1)
                  0.08    0.09    1.18 ^ _249_/Y (sky130_fd_sc_hd__o21ai_1)
     1    0.00                           _136_ (net)
                  0.08    0.00    1.18 ^ _250_/B1 (sky130_fd_sc_hd__a21oi_1)
                  0.03    0.03    1.20 v _250_/Y (sky130_fd_sc_hd__a21oi_1)
     1    0.00                           _006_ (net)
                  0.03    0.00    1.20 v _329_/D (sky130_fd_sc_hd__dfrtp_1)
                                  1.20   data arrival time

                         10.00   10.00   clock clk (rise edge)
                          0.00   10.00   clock source latency
                  0.06    0.04   10.04 ^ clk (in)
     1    0.02                           clk (net)
                  0.06    0.00   10.04 ^ clkbuf_0_clk/A (sky130_fd_sc_hd__clkbuf_16)
                  0.05    0.10   10.14 ^ clkbuf_0_clk/X (sky130_fd_sc_hd__clkbuf_16)
     4    0.04                           clknet_0_clk (net)
                  0.05    0.00   10.14 ^ clkbuf_2_1__f_clk/A (sky130_fd_sc_hd__clkbuf_16)
                  0.04    0.09   10.24 ^ clkbuf_2_1__f_clk/X (sky130_fd_sc_hd__clkbuf_16)
    11    0.03                           clknet_2_1__leaf_clk (net)
                  0.04    0.00   10.24 ^ _329_/CLK (sky130_fd_sc_hd__dfrtp_1)
                         -0.25    9.99   clock uncertainty
                          0.01   10.00   clock reconvergence pessimism
                         -0.07    9.93   library setup time
                                  9.93   data required time
-----------------------------------------------------------------------------
                                  9.93   data required time
                                 -1.20   data arrival time
-----------------------------------------------------------------------------
                                  8.73   slack (MET)


Startpoint: _297_ (rising edge-triggered flip-flop clocked by clk)
Endpoint: _314_ (rising edge-triggered flip-flop clocked by clk)
Path Group: clk
Path Type: max
Corner: Fastest

Fanout     Cap    Slew   Delay    Time   Description
-----------------------------------------------------------------------------
                          0.00    0.00   clock clk (rise edge)
                          0.00    0.00   clock source latency
                  0.06    0.04    0.04 ^ clk (in)
     1    0.02                           clk (net)
                  0.06    0.00    0.04 ^ clkbuf_0_clk/A (sky130_fd_sc_hd__clkbuf_16)
                  0.05    0.11    0.16 ^ clkbuf_0_clk/X (sky130_fd_sc_hd__clkbuf_16)
     4    0.04                           clknet_0_clk (net)
                  0.05    0.00    0.16 ^ clkbuf_2_2__f_clk/A (sky130_fd_sc_hd__clkbuf_16)
                  0.03    0.09    0.25 ^ clkbuf_2_2__f_clk/X (sky130_fd_sc_hd__clkbuf_16)
     6    0.02                           clknet_2_2__leaf_clk (net)
                  0.03    0.00    0.25 ^ _297_/CLK (sky130_fd_sc_hd__dfrtp_4)
                  0.07    0.34    0.59 v _297_/Q (sky130_fd_sc_hd__dfrtp_4)
     8    0.03                           state[1] (net)
                  0.07    0.00    0.59 v _192_/B (sky130_fd_sc_hd__or3_4)
                  0.07    0.28    0.87 v _192_/X (sky130_fd_sc_hd__or3_4)
     7    0.03                           _094_ (net)
                  0.07    0.00    0.87 v _193_/A (sky130_fd_sc_hd__buf_2)
                  0.06    0.14    1.01 v _193_/X (sky130_fd_sc_hd__buf_2)
    10    0.03                           _095_ (net)
                  0.06    0.00    1.01 v _194_/B (sky130_fd_sc_hd__and2b_1)
                  0.03    0.11    1.12 v _194_/X (sky130_fd_sc_hd__and2b_1)
     1    0.00                           _096_ (net)
                  0.03    0.00    1.12 v _195_/A (sky130_fd_sc_hd__clkbuf_1)
                  0.02    0.06    1.18 v _195_/X (sky130_fd_sc_hd__clkbuf_1)
     1    0.00                           _000_ (net)
                  0.02    0.00    1.18 v _314_/D (sky130_fd_sc_hd__dfrtp_4)
                                  1.18   data arrival time

                         10.00   10.00   clock clk (rise edge)
                          0.00   10.00   clock source latency
                  0.06    0.04   10.04 ^ clk (in)
     1    0.02                           clk (net)
                  0.06    0.00   10.04 ^ clkbuf_0_clk/A (sky130_fd_sc_hd__clkbuf_16)
                  0.05    0.10   10.14 ^ clkbuf_0_clk/X (sky130_fd_sc_hd__clkbuf_16)
     4    0.04                           clknet_0_clk (net)
                  0.05    0.00   10.14 ^ clkbuf_2_0__f_clk/A (sky130_fd_sc_hd__clkbuf_16)
                  0.04    0.09   10.23 ^ clkbuf_2_0__f_clk/X (sky130_fd_sc_hd__clkbuf_16)
     9    0.03                           clknet_2_0__leaf_clk (net)
                  0.04    0.00   10.23 ^ _314_/CLK (sky130_fd_sc_hd__dfrtp_4)
                         -0.25    9.98   clock uncertainty
                          0.01   10.00   clock reconvergence pessimism
                         -0.07    9.93   library setup time
                                  9.93   data required time
-----------------------------------------------------------------------------
                                  9.93   data required time
                                 -1.18   data arrival time
-----------------------------------------------------------------------------
                                  8.76   slack (MET)


Startpoint: _297_ (rising edge-triggered flip-flop clocked by clk)
Endpoint: _326_ (rising edge-triggered flip-flop clocked by clk)
Path Group: clk
Path Type: max
Corner: Fastest

Fanout     Cap    Slew   Delay    Time   Description
-----------------------------------------------------------------------------
                          0.00    0.00   clock clk (rise edge)
                          0.00    0.00   clock source latency
                  0.06    0.04    0.04 ^ clk (in)
     1    0.02                           clk (net)
                  0.06    0.00    0.04 ^ clkbuf_0_clk/A (sky130_fd_sc_hd__clkbuf_16)
                  0.05    0.11    0.16 ^ clkbuf_0_clk/X (sky130_fd_sc_hd__clkbuf_16)
     4    0.04                           clknet_0_clk (net)
                  0.05    0.00    0.16 ^ clkbuf_2_2__f_clk/A (sky130_fd_sc_hd__clkbuf_16)
                  0.03    0.09    0.25 ^ clkbuf_2_2__f_clk/X (sky130_fd_sc_hd__clkbuf_16)
     6    0.02                           clknet_2_2__leaf_clk (net)
                  0.03    0.00    0.25 ^ _297_/CLK (sky130_fd_sc_hd__dfrtp_4)
                  0.07    0.34    0.59 v _297_/Q (sky130_fd_sc_hd__dfrtp_4)
     8    0.03                           state[1] (net)
                  0.07    0.00    0.59 v _192_/B (sky130_fd_sc_hd__or3_4)
                  0.07    0.28    0.87 v _192_/X (sky130_fd_sc_hd__or3_4)
     7    0.03                           _094_ (net)
                  0.07    0.00    0.87 v _193_/A (sky130_fd_sc_hd__buf_2)
                  0.06    0.14    1.01 v _193_/X (sky130_fd_sc_hd__buf_2)
    10    0.03                           _095_ (net)
                  0.06    0.00    1.01 v _239_/B1_N (sky130_fd_sc_hd__a21boi_1)
                  0.04    0.10    1.10 v _239_/Y (sky130_fd_sc_hd__a21boi_1)
     1    0.00                           _129_ (net)
                  0.04    0.00    1.10 v _240_/B1 (sky130_fd_sc_hd__o21a_1)
                  0.03    0.07    1.17 v _240_/X (sky130_fd_sc_hd__o21a_1)
     1    0.00                           _003_ (net)
                  0.03    0.00    1.17 v _326_/D (sky130_fd_sc_hd__dfrtp_1)
                                  1.17   data arrival time

                         10.00   10.00   clock clk (rise edge)
                          0.00   10.00   clock source latency
                  0.06    0.04   10.04 ^ clk (in)
     1    0.02                           clk (net)
                  0.06    0.00   10.04 ^ clkbuf_0_clk/A (sky130_fd_sc_hd__clkbuf_16)
                  0.05    0.10   10.14 ^ clkbuf_0_clk/X (sky130_fd_sc_hd__clkbuf_16)
     4    0.04                           clknet_0_clk (net)
                  0.05    0.00   10.14 ^ clkbuf_2_1__f_clk/A (sky130_fd_sc_hd__clkbuf_16)
                  0.04    0.09   10.24 ^ clkbuf_2_1__f_clk/X (sky130_fd_sc_hd__clkbuf_16)
    11    0.03                           clknet_2_1__leaf_clk (net)
                  0.04    0.00   10.24 ^ _326_/CLK (sky130_fd_sc_hd__dfrtp_1)
                         -0.25    9.99   clock uncertainty
                          0.01   10.00   clock reconvergence pessimism
                         -0.07    9.93   library setup time
                                  9.93   data required time
-----------------------------------------------------------------------------
                                  9.93   data required time
                                 -1.17   data arrival time
-----------------------------------------------------------------------------
                                  8.76   slack (MET)


Startpoint: _297_ (rising edge-triggered flip-flop clocked by clk)
Endpoint: _319_ (rising edge-triggered flip-flop clocked by clk)
Path Group: clk
Path Type: max
Corner: Fastest

Fanout     Cap    Slew   Delay    Time   Description
-----------------------------------------------------------------------------
                          0.00    0.00   clock clk (rise edge)
                          0.00    0.00   clock source latency
                  0.06    0.04    0.04 ^ clk (in)
     1    0.02                           clk (net)
                  0.06    0.00    0.04 ^ clkbuf_0_clk/A (sky130_fd_sc_hd__clkbuf_16)
                  0.05    0.11    0.16 ^ clkbuf_0_clk/X (sky130_fd_sc_hd__clkbuf_16)
     4    0.04                           clknet_0_clk (net)
                  0.05    0.00    0.16 ^ clkbuf_2_2__f_clk/A (sky130_fd_sc_hd__clkbuf_16)
                  0.03    0.09    0.25 ^ clkbuf_2_2__f_clk/X (sky130_fd_sc_hd__clkbuf_16)
     6    0.02                           clknet_2_2__leaf_clk (net)
                  0.03    0.00    0.25 ^ _297_/CLK (sky130_fd_sc_hd__dfrtp_4)
                  0.07    0.34    0.59 v _297_/Q (sky130_fd_sc_hd__dfrtp_4)
     8    0.03                           state[1] (net)
                  0.07    0.00    0.59 v _192_/B (sky130_fd_sc_hd__or3_4)
                  0.07    0.28    0.87 v _192_/X (sky130_fd_sc_hd__or3_4)
     7    0.03                           _094_ (net)
                  0.07    0.00    0.87 v _193_/A (sky130_fd_sc_hd__buf_2)
                  0.06    0.14    1.01 v _193_/X (sky130_fd_sc_hd__buf_2)
    10    0.03                           _095_ (net)
                  0.06    0.00    1.01 v _214_/A (sky130_fd_sc_hd__and3_1)
                  0.03    0.10    1.11 v _214_/X (sky130_fd_sc_hd__and3_1)
     1    0.00                           _111_ (net)
                  0.03    0.00    1.11 v _215_/A (sky130_fd_sc_hd__clkbuf_1)
                  0.02    0.06    1.17 v _215_/X (sky130_fd_sc_hd__clkbuf_1)
     1    0.00                           _011_ (net)
                  0.02    0.00    1.17 v _319_/D (sky130_fd_sc_hd__dfrtp_1)
                                  1.17   data arrival time

                         10.00   10.00   clock clk (rise edge)
                          0.00   10.00   clock source latency
                  0.06    0.04   10.04 ^ clk (in)
     1    0.02                           clk (net)
                  0.06    0.00   10.04 ^ clkbuf_0_clk/A (sky130_fd_sc_hd__clkbuf_16)
                  0.05    0.10   10.14 ^ clkbuf_0_clk/X (sky130_fd_sc_hd__clkbuf_16)
     4    0.04                           clknet_0_clk (net)
                  0.05    0.00   10.14 ^ clkbuf_2_0__f_clk/A (sky130_fd_sc_hd__clkbuf_16)
                  0.04    0.09   10.23 ^ clkbuf_2_0__f_clk/X (sky130_fd_sc_hd__clkbuf_16)
     9    0.03                           clknet_2_0__leaf_clk (net)
                  0.04    0.00   10.23 ^ _319_/CLK (sky130_fd_sc_hd__dfrtp_1)
                         -0.25    9.98   clock uncertainty
                          0.01   10.00   clock reconvergence pessimism
                         -0.07    9.93   library setup time
                                  9.93   data required time
-----------------------------------------------------------------------------
                                  9.93   data required time
                                 -1.17   data arrival time
-----------------------------------------------------------------------------
                                  8.76   slack (MET)


Startpoint: _314_ (rising edge-triggered flip-flop clocked by clk)
Endpoint: _325_ (rising edge-triggered flip-flop clocked by clk)
Path Group: clk
Path Type: max
Corner: Fastest

Fanout     Cap    Slew   Delay    Time   Description
-----------------------------------------------------------------------------
                          0.00    0.00   clock clk (rise edge)
                          0.00    0.00   clock source latency
                  0.06    0.04    0.04 ^ clk (in)
     1    0.02                           clk (net)
                  0.06    0.00    0.04 ^ clkbuf_0_clk/A (sky130_fd_sc_hd__clkbuf_16)
                  0.05    0.11    0.16 ^ clkbuf_0_clk/X (sky130_fd_sc_hd__clkbuf_16)
     4    0.04                           clknet_0_clk (net)
                  0.05    0.00    0.16 ^ clkbuf_2_0__f_clk/A (sky130_fd_sc_hd__clkbuf_16)
                  0.04    0.10    0.26 ^ clkbuf_2_0__f_clk/X (sky130_fd_sc_hd__clkbuf_16)
     9    0.03                           clknet_2_0__leaf_clk (net)
                  0.04    0.00    0.26 ^ _314_/CLK (sky130_fd_sc_hd__dfrtp_4)
                  0.06    0.33    0.59 v _314_/Q (sky130_fd_sc_hd__dfrtp_4)
     8    0.02                           baud_count[0] (net)
                  0.06    0.00    0.59 v _207_/B (sky130_fd_sc_hd__and4_2)
                  0.06    0.18    0.77 v _207_/X (sky130_fd_sc_hd__and4_2)
     7    0.02                           _105_ (net)
                  0.06    0.00    0.77 v _220_/A (sky130_fd_sc_hd__and3_2)
                  0.05    0.15    0.93 v _220_/X (sky130_fd_sc_hd__and3_2)
     5    0.02                           _115_ (net)
                  0.05    0.00    0.93 v _227_/C (sky130_fd_sc_hd__nand3_2)
                  0.07    0.08    1.01 ^ _227_/Y (sky130_fd_sc_hd__nand3_2)
     4    0.01                           _120_ (net)
                  0.07    0.00    1.01 ^ _234_/B (sky130_fd_sc_hd__nor2_1)
                  0.02    0.03    1.04 v _234_/Y (sky130_fd_sc_hd__nor2_1)
     1    0.00                           _125_ (net)
                  0.02    0.00    1.04 v _238_/A2 (sky130_fd_sc_hd__o211a_1)
                  0.03    0.13    1.17 v _238_/X (sky130_fd_sc_hd__o211a_1)
     1    0.00                           _002_ (net)
                  0.03    0.00    1.17 v _325_/D (sky130_fd_sc_hd__dfrtp_1)
                                  1.17   data arrival time

                         10.00   10.00   clock clk (rise edge)
                          0.00   10.00   clock source latency
                  0.06    0.04   10.04 ^ clk (in)
     1    0.02                           clk (net)
                  0.06    0.00   10.04 ^ clkbuf_0_clk/A (sky130_fd_sc_hd__clkbuf_16)
                  0.05    0.10   10.14 ^ clkbuf_0_clk/X (sky130_fd_sc_hd__clkbuf_16)
     4    0.04                           clknet_0_clk (net)
                  0.05    0.00   10.14 ^ clkbuf_2_1__f_clk/A (sky130_fd_sc_hd__clkbuf_16)
                  0.04    0.09   10.24 ^ clkbuf_2_1__f_clk/X (sky130_fd_sc_hd__clkbuf_16)
    11    0.03                           clknet_2_1__leaf_clk (net)
                  0.04    0.00   10.24 ^ _325_/CLK (sky130_fd_sc_hd__dfrtp_1)
                         -0.25    9.99   clock uncertainty
                          0.01   10.00   clock reconvergence pessimism
                         -0.07    9.93   library setup time
                                  9.93   data required time
-----------------------------------------------------------------------------
                                  9.93   data required time
                                 -1.17   data arrival time
-----------------------------------------------------------------------------
                                  8.76   slack (MET)


Startpoint: _297_ (rising edge-triggered flip-flop clocked by clk)
Endpoint: _322_ (rising edge-triggered flip-flop clocked by clk)
Path Group: clk
Path Type: max
Corner: Fastest

Fanout     Cap    Slew   Delay    Time   Description
-----------------------------------------------------------------------------
                          0.00    0.00   clock clk (rise edge)
                          0.00    0.00   clock source latency
                  0.06    0.04    0.04 ^ clk (in)
     1    0.02                           clk (net)
                  0.06    0.00    0.04 ^ clkbuf_0_clk/A (sky130_fd_sc_hd__clkbuf_16)
                  0.05    0.11    0.16 ^ clkbuf_0_clk/X (sky130_fd_sc_hd__clkbuf_16)
     4    0.04                           clknet_0_clk (net)
                  0.05    0.00    0.16 ^ clkbuf_2_2__f_clk/A (sky130_fd_sc_hd__clkbuf_16)
                  0.03    0.09    0.25 ^ clkbuf_2_2__f_clk/X (sky130_fd_sc_hd__clkbuf_16)
     6    0.02                           clknet_2_2__leaf_clk (net)
                  0.03    0.00    0.25 ^ _297_/CLK (sky130_fd_sc_hd__dfrtp_4)
                  0.07    0.34    0.59 v _297_/Q (sky130_fd_sc_hd__dfrtp_4)
     8    0.03                           state[1] (net)
                  0.07    0.00    0.59 v _192_/B (sky130_fd_sc_hd__or3_4)
                  0.07    0.28    0.87 v _192_/X (sky130_fd_sc_hd__or3_4)
     7    0.03                           _094_ (net)
                  0.07    0.00    0.87 v _193_/A (sky130_fd_sc_hd__buf_2)
                  0.06    0.14    1.01 v _193_/X (sky130_fd_sc_hd__buf_2)
    10    0.03                           _095_ (net)
                  0.06    0.00    1.01 v _224_/B1_N (sky130_fd_sc_hd__a21boi_1)
                  0.03    0.09    1.10 v _224_/Y (sky130_fd_sc_hd__a21boi_1)
     1    0.00                           _118_ (net)
                  0.03    0.00    1.10 v _225_/B1 (sky130_fd_sc_hd__o21a_1)
                  0.02    0.06    1.16 v _225_/X (sky130_fd_sc_hd__o21a_1)
     1    0.00                           _014_ (net)
                  0.02    0.00    1.16 v _322_/D (sky130_fd_sc_hd__dfrtp_2)
                                  1.16   data arrival time

                         10.00   10.00   clock clk (rise edge)
                          0.00   10.00   clock source latency
                  0.06    0.04   10.04 ^ clk (in)
     1    0.02                           clk (net)
                  0.06    0.00   10.04 ^ clkbuf_0_clk/A (sky130_fd_sc_hd__clkbuf_16)
                  0.05    0.10   10.14 ^ clkbuf_0_clk/X (sky130_fd_sc_hd__clkbuf_16)
     4    0.04                           clknet_0_clk (net)
                  0.05    0.00   10.14 ^ clkbuf_2_0__f_clk/A (sky130_fd_sc_hd__clkbuf_16)
                  0.04    0.09   10.23 ^ clkbuf_2_0__f_clk/X (sky130_fd_sc_hd__clkbuf_16)
     9    0.03                           clknet_2_0__leaf_clk (net)
                  0.04    0.00   10.23 ^ _322_/CLK (sky130_fd_sc_hd__dfrtp_2)
                         -0.25    9.98   clock uncertainty
                          0.01   10.00   clock reconvergence pessimism
                         -0.07    9.93   library setup time
                                  9.93   data required time
-----------------------------------------------------------------------------
                                  9.93   data required time
                                 -1.16   data arrival time
-----------------------------------------------------------------------------
                                  8.76   slack (MET)


Startpoint: _314_ (rising edge-triggered flip-flop clocked by clk)
Endpoint: _323_ (rising edge-triggered flip-flop clocked by clk)
Path Group: clk
Path Type: max
Corner: Fastest

Fanout     Cap    Slew   Delay    Time   Description
-----------------------------------------------------------------------------
                          0.00    0.00   clock clk (rise edge)
                          0.00    0.00   clock source latency
                  0.06    0.04    0.04 ^ clk (in)
     1    0.02                           clk (net)
                  0.06    0.00    0.04 ^ clkbuf_0_clk/A (sky130_fd_sc_hd__clkbuf_16)
                  0.05    0.11    0.16 ^ clkbuf_0_clk/X (sky130_fd_sc_hd__clkbuf_16)
     4    0.04                           clknet_0_clk (net)
                  0.05    0.00    0.16 ^ clkbuf_2_0__f_clk/A (sky130_fd_sc_hd__clkbuf_16)
                  0.04    0.10    0.26 ^ clkbuf_2_0__f_clk/X (sky130_fd_sc_hd__clkbuf_16)
     9    0.03                           clknet_2_0__leaf_clk (net)
                  0.04    0.00    0.26 ^ _314_/CLK (sky130_fd_sc_hd__dfrtp_4)
                  0.06    0.33    0.59 v _314_/Q (sky130_fd_sc_hd__dfrtp_4)
     8    0.02                           baud_count[0] (net)
                  0.06    0.00    0.59 v _207_/B (sky130_fd_sc_hd__and4_2)
                  0.06    0.18    0.77 v _207_/X (sky130_fd_sc_hd__and4_2)
     7    0.02                           _105_ (net)
                  0.06    0.00    0.77 v _220_/A (sky130_fd_sc_hd__and3_2)
                  0.05    0.15    0.93 v _220_/X (sky130_fd_sc_hd__and3_2)
     5    0.02                           _115_ (net)
                  0.05    0.00    0.93 v _226_/B (sky130_fd_sc_hd__and2_1)
                  0.03    0.11    1.03 v _226_/X (sky130_fd_sc_hd__and2_1)
     1    0.00                           _119_ (net)
                  0.03    0.00    1.03 v _228_/A2 (sky130_fd_sc_hd__o211a_1)
                  0.03    0.13    1.16 v _228_/X (sky130_fd_sc_hd__o211a_1)
     1    0.00                           _015_ (net)
                  0.03    0.00    1.16 v _323_/D (sky130_fd_sc_hd__dfrtp_1)
                                  1.16   data arrival time

                         10.00   10.00   clock clk (rise edge)
                          0.00   10.00   clock source latency
                  0.06    0.04   10.04 ^ clk (in)
     1    0.02                           clk (net)
                  0.06    0.00   10.04 ^ clkbuf_0_clk/A (sky130_fd_sc_hd__clkbuf_16)
                  0.05    0.10   10.14 ^ clkbuf_0_clk/X (sky130_fd_sc_hd__clkbuf_16)
     4    0.04                           clknet_0_clk (net)
                  0.05    0.00   10.14 ^ clkbuf_2_1__f_clk/A (sky130_fd_sc_hd__clkbuf_16)
                  0.04    0.09   10.24 ^ clkbuf_2_1__f_clk/X (sky130_fd_sc_hd__clkbuf_16)
    11    0.03                           clknet_2_1__leaf_clk (net)
                  0.04    0.00   10.24 ^ _323_/CLK (sky130_fd_sc_hd__dfrtp_1)
                         -0.25    9.99   clock uncertainty
                          0.01   10.00   clock reconvergence pessimism
                         -0.07    9.93   library setup time
                                  9.93   data required time
-----------------------------------------------------------------------------
                                  9.93   data required time
                                 -1.16   data arrival time
-----------------------------------------------------------------------------
                                  8.77   slack (MET)


Startpoint: _297_ (rising edge-triggered flip-flop clocked by clk)
Endpoint: _321_ (rising edge-triggered flip-flop clocked by clk)
Path Group: clk
Path Type: max
Corner: Fastest

Fanout     Cap    Slew   Delay    Time   Description
-----------------------------------------------------------------------------
                          0.00    0.00   clock clk (rise edge)
                          0.00    0.00   clock source latency
                  0.06    0.04    0.04 ^ clk (in)
     1    0.02                           clk (net)
                  0.06    0.00    0.04 ^ clkbuf_0_clk/A (sky130_fd_sc_hd__clkbuf_16)
                  0.05    0.11    0.16 ^ clkbuf_0_clk/X (sky130_fd_sc_hd__clkbuf_16)
     4    0.04                           clknet_0_clk (net)
                  0.05    0.00    0.16 ^ clkbuf_2_2__f_clk/A (sky130_fd_sc_hd__clkbuf_16)
                  0.03    0.09    0.25 ^ clkbuf_2_2__f_clk/X (sky130_fd_sc_hd__clkbuf_16)
     6    0.02                           clknet_2_2__leaf_clk (net)
                  0.03    0.00    0.25 ^ _297_/CLK (sky130_fd_sc_hd__dfrtp_4)
                  0.07    0.34    0.59 v _297_/Q (sky130_fd_sc_hd__dfrtp_4)
     8    0.03                           state[1] (net)
                  0.07    0.00    0.59 v _192_/B (sky130_fd_sc_hd__or3_4)
                  0.07    0.28    0.87 v _192_/X (sky130_fd_sc_hd__or3_4)
     7    0.03                           _094_ (net)
                  0.07    0.00    0.87 v _193_/A (sky130_fd_sc_hd__buf_2)
                  0.06    0.14    1.01 v _193_/X (sky130_fd_sc_hd__buf_2)
    10    0.03                           _095_ (net)
                  0.06    0.00    1.01 v _222_/A (sky130_fd_sc_hd__and3_1)
                  0.03    0.10    1.11 v _222_/X (sky130_fd_sc_hd__and3_1)
     1    0.00                           _117_ (net)
                  0.03    0.00    1.11 v _223_/A (sky130_fd_sc_hd__clkbuf_1)
                  0.02    0.06    1.16 v _223_/X (sky130_fd_sc_hd__clkbuf_1)
     1    0.00                           _013_ (net)
                  0.02    0.00    1.16 v _321_/D (sky130_fd_sc_hd__dfrtp_1)
                                  1.16   data arrival time

                         10.00   10.00   clock clk (rise edge)
                          0.00   10.00   clock source latency
                  0.06    0.04   10.04 ^ clk (in)
     1    0.02                           clk (net)
                  0.06    0.00   10.04 ^ clkbuf_0_clk/A (sky130_fd_sc_hd__clkbuf_16)
                  0.05    0.10   10.14 ^ clkbuf_0_clk/X (sky130_fd_sc_hd__clkbuf_16)
     4    0.04                           clknet_0_clk (net)
                  0.05    0.00   10.14 ^ clkbuf_2_0__f_clk/A (sky130_fd_sc_hd__clkbuf_16)
                  0.04    0.09   10.23 ^ clkbuf_2_0__f_clk/X (sky130_fd_sc_hd__clkbuf_16)
     9    0.03                           clknet_2_0__leaf_clk (net)
                  0.04    0.00   10.23 ^ _321_/CLK (sky130_fd_sc_hd__dfrtp_1)
                         -0.25    9.98   clock uncertainty
                          0.01   10.00   clock reconvergence pessimism
                         -0.07    9.93   library setup time
                                  9.93   data required time
-----------------------------------------------------------------------------
                                  9.93   data required time
                                 -1.16   data arrival time
-----------------------------------------------------------------------------
                                  8.77   slack (MET)


Startpoint: _297_ (rising edge-triggered flip-flop clocked by clk)
Endpoint: _316_ (rising edge-triggered flip-flop clocked by clk)
Path Group: clk
Path Type: max
Corner: Fastest

Fanout     Cap    Slew   Delay    Time   Description
-----------------------------------------------------------------------------
                          0.00    0.00   clock clk (rise edge)
                          0.00    0.00   clock source latency
                  0.06    0.04    0.04 ^ clk (in)
     1    0.02                           clk (net)
                  0.06    0.00    0.04 ^ clkbuf_0_clk/A (sky130_fd_sc_hd__clkbuf_16)
                  0.05    0.11    0.16 ^ clkbuf_0_clk/X (sky130_fd_sc_hd__clkbuf_16)
     4    0.04                           clknet_0_clk (net)
                  0.05    0.00    0.16 ^ clkbuf_2_2__f_clk/A (sky130_fd_sc_hd__clkbuf_16)
                  0.03    0.09    0.25 ^ clkbuf_2_2__f_clk/X (sky130_fd_sc_hd__clkbuf_16)
     6    0.02                           clknet_2_2__leaf_clk (net)
                  0.03    0.00    0.25 ^ _297_/CLK (sky130_fd_sc_hd__dfrtp_4)
                  0.07    0.34    0.59 v _297_/Q (sky130_fd_sc_hd__dfrtp_4)
     8    0.03                           state[1] (net)
                  0.07    0.00    0.59 v _192_/B (sky130_fd_sc_hd__or3_4)
                  0.07    0.28    0.87 v _192_/X (sky130_fd_sc_hd__or3_4)
     7    0.03                           _094_ (net)
                  0.07    0.00    0.87 v _202_/B (sky130_fd_sc_hd__and3_1)
                  0.03    0.12    0.99 v _202_/X (sky130_fd_sc_hd__and3_1)
     1    0.00                           _102_ (net)
                  0.03    0.00    0.99 v _203_/A (sky130_fd_sc_hd__clkbuf_1)
                  0.02    0.06    1.05 v _203_/X (sky130_fd_sc_hd__clkbuf_1)
     1    0.00                           _008_ (net)
                  0.02    0.00    1.05 v _316_/D (sky130_fd_sc_hd__dfrtp_1)
                                  1.05   data arrival time

                         10.00   10.00   clock clk (rise edge)
                          0.00   10.00   clock source latency
                  0.06    0.04   10.04 ^ clk (in)
     1    0.02                           clk (net)
                  0.06    0.00   10.04 ^ clkbuf_0_clk/A (sky130_fd_sc_hd__clkbuf_16)
                  0.05    0.10   10.14 ^ clkbuf_0_clk/X (sky130_fd_sc_hd__clkbuf_16)
     4    0.04                           clknet_0_clk (net)
                  0.05    0.00   10.14 ^ clkbuf_2_0__f_clk/A (sky130_fd_sc_hd__clkbuf_16)
                  0.04    0.09   10.23 ^ clkbuf_2_0__f_clk/X (sky130_fd_sc_hd__clkbuf_16)
     9    0.03                           clknet_2_0__leaf_clk (net)
                  0.04    0.00   10.23 ^ _316_/CLK (sky130_fd_sc_hd__dfrtp_1)
                         -0.25    9.98   clock uncertainty
                          0.01   10.00   clock reconvergence pessimism
                         -0.07    9.93   library setup time
                                  9.93   data required time
-----------------------------------------------------------------------------
                                  9.93   data required time
                                 -1.05   data arrival time
-----------------------------------------------------------------------------
                                  8.88   slack (MET)


Startpoint: _297_ (rising edge-triggered flip-flop clocked by clk)
Endpoint: _317_ (rising edge-triggered flip-flop clocked by clk)
Path Group: clk
Path Type: max
Corner: Fastest

Fanout     Cap    Slew   Delay    Time   Description
-----------------------------------------------------------------------------
                          0.00    0.00   clock clk (rise edge)
                          0.00    0.00   clock source latency
                  0.06    0.04    0.04 ^ clk (in)
     1    0.02                           clk (net)
                  0.06    0.00    0.04 ^ clkbuf_0_clk/A (sky130_fd_sc_hd__clkbuf_16)
                  0.05    0.11    0.16 ^ clkbuf_0_clk/X (sky130_fd_sc_hd__clkbuf_16)
     4    0.04                           clknet_0_clk (net)
                  0.05    0.00    0.16 ^ clkbuf_2_2__f_clk/A (sky130_fd_sc_hd__clkbuf_16)
                  0.03    0.09    0.25 ^ clkbuf_2_2__f_clk/X (sky130_fd_sc_hd__clkbuf_16)
     6    0.02                           clknet_2_2__leaf_clk (net)
                  0.03    0.00    0.25 ^ _297_/CLK (sky130_fd_sc_hd__dfrtp_4)
                  0.07    0.34    0.59 v _297_/Q (sky130_fd_sc_hd__dfrtp_4)
     8    0.03                           state[1] (net)
                  0.07    0.00    0.59 v _192_/B (sky130_fd_sc_hd__or3_4)
                  0.07    0.28    0.87 v _192_/X (sky130_fd_sc_hd__or3_4)
     7    0.03                           _094_ (net)
                  0.07    0.00    0.87 v _205_/B (sky130_fd_sc_hd__and3_1)
                  0.03    0.12    0.99 v _205_/X (sky130_fd_sc_hd__and3_1)
     1    0.00                           _104_ (net)
                  0.03    0.00    0.99 v _206_/A (sky130_fd_sc_hd__clkbuf_1)
                  0.02    0.06    1.05 v _206_/X (sky130_fd_sc_hd__clkbuf_1)
     1    0.00                           _009_ (net)
                  0.02    0.00    1.05 v _317_/D (sky130_fd_sc_hd__dfrtp_1)
                                  1.05   data arrival time

                         10.00   10.00   clock clk (rise edge)
                          0.00   10.00   clock source latency
                  0.06    0.04   10.04 ^ clk (in)
     1    0.02                           clk (net)
                  0.06    0.00   10.04 ^ clkbuf_0_clk/A (sky130_fd_sc_hd__clkbuf_16)
                  0.05    0.10   10.14 ^ clkbuf_0_clk/X (sky130_fd_sc_hd__clkbuf_16)
     4    0.04                           clknet_0_clk (net)
                  0.05    0.00   10.14 ^ clkbuf_2_0__f_clk/A (sky130_fd_sc_hd__clkbuf_16)
                  0.04    0.09   10.23 ^ clkbuf_2_0__f_clk/X (sky130_fd_sc_hd__clkbuf_16)
     9    0.03                           clknet_2_0__leaf_clk (net)
                  0.04    0.00   10.23 ^ _317_/CLK (sky130_fd_sc_hd__dfrtp_1)
                         -0.25    9.98   clock uncertainty
                          0.01   10.00   clock reconvergence pessimism
                         -0.07    9.93   library setup time
                                  9.93   data required time
-----------------------------------------------------------------------------
                                  9.93   data required time
                                 -1.05   data arrival time
-----------------------------------------------------------------------------
                                  8.88   slack (MET)


Startpoint: _297_ (rising edge-triggered flip-flop clocked by clk)
Endpoint: _315_ (rising edge-triggered flip-flop clocked by clk)
Path Group: clk
Path Type: max
Corner: Fastest

Fanout     Cap    Slew   Delay    Time   Description
-----------------------------------------------------------------------------
                          0.00    0.00   clock clk (rise edge)
                          0.00    0.00   clock source latency
                  0.06    0.04    0.04 ^ clk (in)
     1    0.02                           clk (net)
                  0.06    0.00    0.04 ^ clkbuf_0_clk/A (sky130_fd_sc_hd__clkbuf_16)
                  0.05    0.11    0.16 ^ clkbuf_0_clk/X (sky130_fd_sc_hd__clkbuf_16)
     4    0.04                           clknet_0_clk (net)
                  0.05    0.00    0.16 ^ clkbuf_2_2__f_clk/A (sky130_fd_sc_hd__clkbuf_16)
                  0.03    0.09    0.25 ^ clkbuf_2_2__f_clk/X (sky130_fd_sc_hd__clkbuf_16)
     6    0.02                           clknet_2_2__leaf_clk (net)
                  0.03    0.00    0.25 ^ _297_/CLK (sky130_fd_sc_hd__dfrtp_4)
                  0.07    0.34    0.59 v _297_/Q (sky130_fd_sc_hd__dfrtp_4)
     8    0.03                           state[1] (net)
                  0.07    0.00    0.59 v _192_/B (sky130_fd_sc_hd__or3_4)
                  0.07    0.28    0.87 v _192_/X (sky130_fd_sc_hd__or3_4)
     7    0.03                           _094_ (net)
                  0.07    0.00    0.87 v _198_/B (sky130_fd_sc_hd__and3_1)
                  0.03    0.12    0.99 v _198_/X (sky130_fd_sc_hd__and3_1)
     1    0.00                           _099_ (net)
                  0.03    0.00    0.99 v _199_/A (sky130_fd_sc_hd__clkbuf_1)
                  0.02    0.06    1.04 v _199_/X (sky130_fd_sc_hd__clkbuf_1)
     1    0.00                           _007_ (net)
                  0.02    0.00    1.04 v _315_/D (sky130_fd_sc_hd__dfrtp_2)
                                  1.04   data arrival time

                         10.00   10.00   clock clk (rise edge)
                          0.00   10.00   clock source latency
                  0.06    0.04   10.04 ^ clk (in)
     1    0.02                           clk (net)
                  0.06    0.00   10.04 ^ clkbuf_0_clk/A (sky130_fd_sc_hd__clkbuf_16)
                  0.05    0.10   10.14 ^ clkbuf_0_clk/X (sky130_fd_sc_hd__clkbuf_16)
     4    0.04                           clknet_0_clk (net)
                  0.05    0.00   10.14 ^ clkbuf_2_2__f_clk/A (sky130_fd_sc_hd__clkbuf_16)
                  0.03    0.08   10.23 ^ clkbuf_2_2__f_clk/X (sky130_fd_sc_hd__clkbuf_16)
     6    0.02                           clknet_2_2__leaf_clk (net)
                  0.03    0.00   10.23 ^ _315_/CLK (sky130_fd_sc_hd__dfrtp_2)
                         -0.25    9.98   clock uncertainty
                          0.02   10.00   clock reconvergence pessimism
                         -0.07    9.93   library setup time
                                  9.93   data required time
-----------------------------------------------------------------------------
                                  9.93   data required time
                                 -1.04   data arrival time
-----------------------------------------------------------------------------
                                  8.89   slack (MET)



======================= Slowest Corner ===================================

Startpoint: _326_ (rising edge-triggered flip-flop clocked by clk)
Endpoint: _305_ (rising edge-triggered flip-flop clocked by clk)
Path Group: clk
Path Type: max
Corner: Slowest

Fanout     Cap    Slew   Delay    Time   Description
-----------------------------------------------------------------------------
                          0.00    0.00   clock clk (rise edge)
                          0.00    0.00   clock source latency
                  0.13    0.09    0.09 ^ clk (in)
     1    0.02                           clk (net)
                  0.13    0.00    0.09 ^ clkbuf_0_clk/A (sky130_fd_sc_hd__clkbuf_16)
                  0.10    0.29    0.39 ^ clkbuf_0_clk/X (sky130_fd_sc_hd__clkbuf_16)
     4    0.04                           clknet_0_clk (net)
                  0.10    0.00    0.39 ^ clkbuf_2_1__f_clk/A (sky130_fd_sc_hd__clkbuf_16)
                  0.08    0.26    0.65 ^ clkbuf_2_1__f_clk/X (sky130_fd_sc_hd__clkbuf_16)
    11    0.03                           clknet_2_1__leaf_clk (net)
                  0.08    0.00    0.65 ^ _326_/CLK (sky130_fd_sc_hd__dfrtp_1)
                  0.17    0.89    1.54 v _326_/Q (sky130_fd_sc_hd__dfrtp_1)
     6    0.01                           baud_count[12] (net)
                  0.17    0.00    1.54 v _167_/B (sky130_fd_sc_hd__or4_1)
                  0.24    1.36    2.90 v _167_/X (sky130_fd_sc_hd__or4_1)
     2    0.01                           _077_ (net)
                  0.24    0.00    2.90 v _184_/B (sky130_fd_sc_hd__or4_2)
                  0.32    1.86    4.76 v _184_/X (sky130_fd_sc_hd__or4_2)
     6    0.02                           _090_ (net)
                  0.32    0.00    4.76 v _251_/A1 (sky130_fd_sc_hd__mux2_1)
                  0.11    0.78    5.54 v _251_/X (sky130_fd_sc_hd__mux2_1)
     1    0.00                           _137_ (net)
                  0.11    0.00    5.54 v _252_/C (sky130_fd_sc_hd__or3_1)
                  0.14    0.78    6.32 v _252_/X (sky130_fd_sc_hd__or3_1)
     1    0.00                           _138_ (net)
                  0.14    0.00    6.32 v _253_/A (sky130_fd_sc_hd__clkbuf_1)
                  0.05    0.21    6.52 v _253_/X (sky130_fd_sc_hd__clkbuf_1)
     1    0.00                           _146_ (net)
                  0.05    0.00    6.52 v _305_/D (sky130_fd_sc_hd__dfrtp_1)
                                  6.52   data arrival time

                         10.00   10.00   clock clk (rise edge)
                          0.00   10.00   clock source latency
                  0.13    0.08   10.08 ^ clk (in)
     1    0.02                           clk (net)
                  0.13    0.00   10.08 ^ clkbuf_0_clk/A (sky130_fd_sc_hd__clkbuf_16)
                  0.10    0.27   10.35 ^ clkbuf_0_clk/X (sky130_fd_sc_hd__clkbuf_16)
     4    0.04                           clknet_0_clk (net)
                  0.10    0.00   10.35 ^ clkbuf_2_2__f_clk/A (sky130_fd_sc_hd__clkbuf_16)
                  0.06    0.22   10.57 ^ clkbuf_2_2__f_clk/X (sky130_fd_sc_hd__clkbuf_16)
     6    0.02                           clknet_2_2__leaf_clk (net)
                  0.06    0.00   10.57 ^ _305_/CLK (sky130_fd_sc_hd__dfrtp_1)
                         -0.25   10.32   clock uncertainty
                          0.04   10.35   clock reconvergence pessimism
                         -0.27   10.08   library setup time
                                 10.08   data required time
-----------------------------------------------------------------------------
                                 10.08   data required time
                                 -6.52   data arrival time
-----------------------------------------------------------------------------
                                  3.56   slack (MET)


Startpoint: _326_ (rising edge-triggered flip-flop clocked by clk)
Endpoint: _299_ (rising edge-triggered flip-flop clocked by clk)
Path Group: clk
Path Type: max
Corner: Slowest

Fanout     Cap    Slew   Delay    Time   Description
-----------------------------------------------------------------------------
                          0.00    0.00   clock clk (rise edge)
                          0.00    0.00   clock source latency
                  0.13    0.09    0.09 ^ clk (in)
     1    0.02                           clk (net)
                  0.13    0.00    0.09 ^ clkbuf_0_clk/A (sky130_fd_sc_hd__clkbuf_16)
                  0.10    0.29    0.39 ^ clkbuf_0_clk/X (sky130_fd_sc_hd__clkbuf_16)
     4    0.04                           clknet_0_clk (net)
                  0.10    0.00    0.39 ^ clkbuf_2_1__f_clk/A (sky130_fd_sc_hd__clkbuf_16)
                  0.08    0.26    0.65 ^ clkbuf_2_1__f_clk/X (sky130_fd_sc_hd__clkbuf_16)
    11    0.03                           clknet_2_1__leaf_clk (net)
                  0.08    0.00    0.65 ^ _326_/CLK (sky130_fd_sc_hd__dfrtp_1)
                  0.17    0.89    1.54 v _326_/Q (sky130_fd_sc_hd__dfrtp_1)
     6    0.01                           baud_count[12] (net)
                  0.17    0.00    1.54 v _167_/B (sky130_fd_sc_hd__or4_1)
                  0.24    1.36    2.90 v _167_/X (sky130_fd_sc_hd__or4_1)
     2    0.01                           _077_ (net)
                  0.24    0.00    2.90 v _184_/B (sky130_fd_sc_hd__or4_2)
                  0.32    1.86    4.76 v _184_/X (sky130_fd_sc_hd__or4_2)
     6    0.02                           _090_ (net)
                  0.32    0.00    4.76 v _186_/C (sky130_fd_sc_hd__or4_1)
                  0.17    1.22    5.98 v _186_/X (sky130_fd_sc_hd__or4_1)
     1    0.00                           _091_ (net)
                  0.17    0.00    5.98 v _187_/B1_N (sky130_fd_sc_hd__a21bo_1)
                  0.06    0.40    6.38 ^ _187_/X (sky130_fd_sc_hd__a21bo_1)
     1    0.00                           _019_ (net)
                  0.06    0.00    6.38 ^ _299_/D (sky130_fd_sc_hd__dfrtp_1)
                                  6.38   data arrival time

                         10.00   10.00   clock clk (rise edge)
                          0.00   10.00   clock source latency
                  0.13    0.08   10.08 ^ clk (in)
     1    0.02                           clk (net)
                  0.13    0.00   10.08 ^ clkbuf_0_clk/A (sky130_fd_sc_hd__clkbuf_16)
                  0.10    0.27   10.35 ^ clkbuf_0_clk/X (sky130_fd_sc_hd__clkbuf_16)
     4    0.04                           clknet_0_clk (net)
                  0.10    0.00   10.35 ^ clkbuf_2_2__f_clk/A (sky130_fd_sc_hd__clkbuf_16)
                  0.06    0.22   10.57 ^ clkbuf_2_2__f_clk/X (sky130_fd_sc_hd__clkbuf_16)
     6    0.02                           clknet_2_2__leaf_clk (net)
                  0.06    0.00   10.57 ^ _299_/CLK (sky130_fd_sc_hd__dfrtp_1)
                         -0.25   10.32   clock uncertainty
                          0.04   10.35   clock reconvergence pessimism
                         -0.13   10.22   library setup time
                                 10.22   data required time
-----------------------------------------------------------------------------
                                 10.22   data required time
                                 -6.38   data arrival time
-----------------------------------------------------------------------------
                                  3.85   slack (MET)


Startpoint: _326_ (rising edge-triggered flip-flop clocked by clk)
Endpoint: _297_ (rising edge-triggered flip-flop clocked by clk)
Path Group: clk
Path Type: max
Corner: Slowest

Fanout     Cap    Slew   Delay    Time   Description
-----------------------------------------------------------------------------
                          0.00    0.00   clock clk (rise edge)
                          0.00    0.00   clock source latency
                  0.13    0.09    0.09 ^ clk (in)
     1    0.02                           clk (net)
                  0.13    0.00    0.09 ^ clkbuf_0_clk/A (sky130_fd_sc_hd__clkbuf_16)
                  0.10    0.29    0.39 ^ clkbuf_0_clk/X (sky130_fd_sc_hd__clkbuf_16)
     4    0.04                           clknet_0_clk (net)
                  0.10    0.00    0.39 ^ clkbuf_2_1__f_clk/A (sky130_fd_sc_hd__clkbuf_16)
                  0.08    0.26    0.65 ^ clkbuf_2_1__f_clk/X (sky130_fd_sc_hd__clkbuf_16)
    11    0.03                           clknet_2_1__leaf_clk (net)
                  0.08    0.00    0.65 ^ _326_/CLK (sky130_fd_sc_hd__dfrtp_1)
                  0.17    0.89    1.54 v _326_/Q (sky130_fd_sc_hd__dfrtp_1)
     6    0.01                           baud_count[12] (net)
                  0.17    0.00    1.54 v _167_/B (sky130_fd_sc_hd__or4_1)
                  0.24    1.36    2.90 v _167_/X (sky130_fd_sc_hd__or4_1)
     2    0.01                           _077_ (net)
                  0.24    0.00    2.90 v _184_/B (sky130_fd_sc_hd__or4_2)
                  0.32    1.86    4.76 v _184_/X (sky130_fd_sc_hd__or4_2)
     6    0.02                           _090_ (net)
                  0.32    0.00    4.76 v _188_/B (sky130_fd_sc_hd__or3_1)
                  0.14    0.92    5.68 v _188_/X (sky130_fd_sc_hd__or3_1)
     1    0.00                           _092_ (net)
                  0.14    0.00    5.68 v _189_/B1 (sky130_fd_sc_hd__a22o_1)
                  0.07    0.36    6.04 v _189_/X (sky130_fd_sc_hd__a22o_1)
     1    0.00                           _017_ (net)
                  0.07    0.00    6.04 v _297_/D (sky130_fd_sc_hd__dfrtp_4)
                                  6.04   data arrival time

                         10.00   10.00   clock clk (rise edge)
                          0.00   10.00   clock source latency
                  0.13    0.08   10.08 ^ clk (in)
     1    0.02                           clk (net)
                  0.13    0.00   10.08 ^ clkbuf_0_clk/A (sky130_fd_sc_hd__clkbuf_16)
                  0.10    0.27   10.35 ^ clkbuf_0_clk/X (sky130_fd_sc_hd__clkbuf_16)
     4    0.04                           clknet_0_clk (net)
                  0.10    0.00   10.35 ^ clkbuf_2_2__f_clk/A (sky130_fd_sc_hd__clkbuf_16)
                  0.06    0.22   10.57 ^ clkbuf_2_2__f_clk/X (sky130_fd_sc_hd__clkbuf_16)
     6    0.02                           clknet_2_2__leaf_clk (net)
                  0.06    0.00   10.57 ^ _297_/CLK (sky130_fd_sc_hd__dfrtp_4)
                         -0.25   10.32   clock uncertainty
                          0.04   10.35   clock reconvergence pessimism
                         -0.28   10.08   library setup time
                                 10.08   data required time
-----------------------------------------------------------------------------
                                 10.08   data required time
                                 -6.04   data arrival time
-----------------------------------------------------------------------------
                                  4.04   slack (MET)


Startpoint: _326_ (rising edge-triggered flip-flop clocked by clk)
Endpoint: _303_ (rising edge-triggered flip-flop clocked by clk)
Path Group: clk
Path Type: max
Corner: Slowest

Fanout     Cap    Slew   Delay    Time   Description
-----------------------------------------------------------------------------
                          0.00    0.00   clock clk (rise edge)
                          0.00    0.00   clock source latency
                  0.13    0.09    0.09 ^ clk (in)
     1    0.02                           clk (net)
                  0.13    0.00    0.09 ^ clkbuf_0_clk/A (sky130_fd_sc_hd__clkbuf_16)
                  0.10    0.29    0.39 ^ clkbuf_0_clk/X (sky130_fd_sc_hd__clkbuf_16)
     4    0.04                           clknet_0_clk (net)
                  0.10    0.00    0.39 ^ clkbuf_2_1__f_clk/A (sky130_fd_sc_hd__clkbuf_16)
                  0.08    0.26    0.65 ^ clkbuf_2_1__f_clk/X (sky130_fd_sc_hd__clkbuf_16)
    11    0.03                           clknet_2_1__leaf_clk (net)
                  0.08    0.00    0.65 ^ _326_/CLK (sky130_fd_sc_hd__dfrtp_1)
                  0.17    0.89    1.54 v _326_/Q (sky130_fd_sc_hd__dfrtp_1)
     6    0.01                           baud_count[12] (net)
                  0.17    0.00    1.54 v _167_/B (sky130_fd_sc_hd__or4_1)
                  0.24    1.36    2.90 v _167_/X (sky130_fd_sc_hd__or4_1)
     2    0.01                           _077_ (net)
                  0.24    0.00    2.90 v _170_/B (sky130_fd_sc_hd__nor4_1)
                  0.75    0.83    3.73 ^ _170_/Y (sky130_fd_sc_hd__nor4_1)
     2    0.01                           _080_ (net)
                  0.75    0.00    3.73 ^ max_cap13/A (sky130_fd_sc_hd__buf_1)
                  0.24    0.49    4.23 ^ max_cap13/X (sky130_fd_sc_hd__buf_1)
     3    0.01                           net13 (net)
                  0.24    0.00    4.23 ^ _171_/A1 (sky130_fd_sc_hd__mux2_2)
                  0.16    0.46    4.69 ^ _171_/X (sky130_fd_sc_hd__mux2_2)
     5    0.02                           _081_ (net)
                  0.16    0.00    4.69 ^ _172_/B1_N (sky130_fd_sc_hd__a21bo_1)
                  0.07    0.43    5.12 v _172_/X (sky130_fd_sc_hd__a21bo_1)
     2    0.00                           _082_ (net)
                  0.07    0.00    5.12 v _173_/B (sky130_fd_sc_hd__and2_1)
                  0.07    0.33    5.45 v _173_/X (sky130_fd_sc_hd__and2_1)
     1    0.00                           _083_ (net)
                  0.07    0.00    5.45 v _174_/A (sky130_fd_sc_hd__clkbuf_1)
                  0.05    0.16    5.61 v _174_/X (sky130_fd_sc_hd__clkbuf_1)
     1    0.00                           _057_ (net)
                  0.05    0.00    5.61 v _303_/D (sky130_fd_sc_hd__dfrtp_1)
                                  5.61   data arrival time

                         10.00   10.00   clock clk (rise edge)
                          0.00   10.00   clock source latency
                  0.13    0.08   10.08 ^ clk (in)
     1    0.02                           clk (net)
                  0.13    0.00   10.08 ^ clkbuf_0_clk/A (sky130_fd_sc_hd__clkbuf_16)
                  0.10    0.27   10.35 ^ clkbuf_0_clk/X (sky130_fd_sc_hd__clkbuf_16)
     4    0.04                           clknet_0_clk (net)
                  0.10    0.00   10.35 ^ clkbuf_2_2__f_clk/A (sky130_fd_sc_hd__clkbuf_16)
                  0.06    0.22   10.57 ^ clkbuf_2_2__f_clk/X (sky130_fd_sc_hd__clkbuf_16)
     6    0.02                           clknet_2_2__leaf_clk (net)
                  0.06    0.00   10.57 ^ _303_/CLK (sky130_fd_sc_hd__dfrtp_1)
                         -0.25   10.32   clock uncertainty
                          0.04   10.35   clock reconvergence pessimism
                         -0.27   10.08   library setup time
                                 10.08   data required time
-----------------------------------------------------------------------------
                                 10.08   data required time
                                 -5.61   data arrival time
-----------------------------------------------------------------------------
                                  4.47   slack (MET)


Startpoint: _326_ (rising edge-triggered flip-flop clocked by clk)
Endpoint: _302_ (rising edge-triggered flip-flop clocked by clk)
Path Group: clk
Path Type: max
Corner: Slowest

Fanout     Cap    Slew   Delay    Time   Description
-----------------------------------------------------------------------------
                          0.00    0.00   clock clk (rise edge)
                          0.00    0.00   clock source latency
                  0.13    0.09    0.09 ^ clk (in)
     1    0.02                           clk (net)
                  0.13    0.00    0.09 ^ clkbuf_0_clk/A (sky130_fd_sc_hd__clkbuf_16)
                  0.10    0.29    0.39 ^ clkbuf_0_clk/X (sky130_fd_sc_hd__clkbuf_16)
     4    0.04                           clknet_0_clk (net)
                  0.10    0.00    0.39 ^ clkbuf_2_1__f_clk/A (sky130_fd_sc_hd__clkbuf_16)
                  0.08    0.26    0.65 ^ clkbuf_2_1__f_clk/X (sky130_fd_sc_hd__clkbuf_16)
    11    0.03                           clknet_2_1__leaf_clk (net)
                  0.08    0.00    0.65 ^ _326_/CLK (sky130_fd_sc_hd__dfrtp_1)
                  0.17    0.89    1.54 v _326_/Q (sky130_fd_sc_hd__dfrtp_1)
     6    0.01                           baud_count[12] (net)
                  0.17    0.00    1.54 v _167_/B (sky130_fd_sc_hd__or4_1)
                  0.24    1.36    2.90 v _167_/X (sky130_fd_sc_hd__or4_1)
     2    0.01                           _077_ (net)
                  0.24    0.00    2.90 v _170_/B (sky130_fd_sc_hd__nor4_1)
                  0.75    0.83    3.73 ^ _170_/Y (sky130_fd_sc_hd__nor4_1)
     2    0.01                           _080_ (net)
                  0.75    0.00    3.73 ^ max_cap13/A (sky130_fd_sc_hd__buf_1)
                  0.24    0.49    4.23 ^ max_cap13/X (sky130_fd_sc_hd__buf_1)
     3    0.01                           net13 (net)
                  0.24    0.00    4.23 ^ _171_/A1 (sky130_fd_sc_hd__mux2_2)
                  0.16    0.46    4.69 ^ _171_/X (sky130_fd_sc_hd__mux2_2)
     5    0.02                           _081_ (net)
                  0.16    0.00    4.69 ^ _172_/B1_N (sky130_fd_sc_hd__a21bo_1)
                  0.07    0.43    5.12 v _172_/X (sky130_fd_sc_hd__a21bo_1)
     2    0.00                           _082_ (net)
                  0.07    0.00    5.12 v _176_/A (sky130_fd_sc_hd__and2_1)
                  0.07    0.30    5.42 v _176_/X (sky130_fd_sc_hd__and2_1)
     1    0.00                           _085_ (net)
                  0.07    0.00    5.42 v _177_/A (sky130_fd_sc_hd__clkbuf_1)
                  0.05    0.17    5.59 v _177_/X (sky130_fd_sc_hd__clkbuf_1)
     1    0.00                           _056_ (net)
                  0.05    0.00    5.59 v _302_/D (sky130_fd_sc_hd__dfrtp_1)
                                  5.59   data arrival time

                         10.00   10.00   clock clk (rise edge)
                          0.00   10.00   clock source latency
                  0.13    0.08   10.08 ^ clk (in)
     1    0.02                           clk (net)
                  0.13    0.00   10.08 ^ clkbuf_0_clk/A (sky130_fd_sc_hd__clkbuf_16)
                  0.10    0.27   10.35 ^ clkbuf_0_clk/X (sky130_fd_sc_hd__clkbuf_16)
     4    0.04                           clknet_0_clk (net)
                  0.10    0.00   10.35 ^ clkbuf_2_3__f_clk/A (sky130_fd_sc_hd__clkbuf_16)
                  0.07    0.23   10.58 ^ clkbuf_2_3__f_clk/X (sky130_fd_sc_hd__clkbuf_16)
     8    0.02                           clknet_2_3__leaf_clk (net)
                  0.07    0.00   10.58 ^ _302_/CLK (sky130_fd_sc_hd__dfrtp_1)
                         -0.25   10.33   clock uncertainty
                          0.04   10.37   clock reconvergence pessimism
                         -0.27   10.10   library setup time
                                 10.10   data required time
-----------------------------------------------------------------------------
                                 10.10   data required time
                                 -5.59   data arrival time
-----------------------------------------------------------------------------
                                  4.51   slack (MET)


Startpoint: _326_ (rising edge-triggered flip-flop clocked by clk)
Endpoint: _298_ (rising edge-triggered flip-flop clocked by clk)
Path Group: clk
Path Type: max
Corner: Slowest

Fanout     Cap    Slew   Delay    Time   Description
-----------------------------------------------------------------------------
                          0.00    0.00   clock clk (rise edge)
                          0.00    0.00   clock source latency
                  0.13    0.09    0.09 ^ clk (in)
     1    0.02                           clk (net)
                  0.13    0.00    0.09 ^ clkbuf_0_clk/A (sky130_fd_sc_hd__clkbuf_16)
                  0.10    0.29    0.39 ^ clkbuf_0_clk/X (sky130_fd_sc_hd__clkbuf_16)
     4    0.04                           clknet_0_clk (net)
                  0.10    0.00    0.39 ^ clkbuf_2_1__f_clk/A (sky130_fd_sc_hd__clkbuf_16)
                  0.08    0.26    0.65 ^ clkbuf_2_1__f_clk/X (sky130_fd_sc_hd__clkbuf_16)
    11    0.03                           clknet_2_1__leaf_clk (net)
                  0.08    0.00    0.65 ^ _326_/CLK (sky130_fd_sc_hd__dfrtp_1)
                  0.17    0.89    1.54 v _326_/Q (sky130_fd_sc_hd__dfrtp_1)
     6    0.01                           baud_count[12] (net)
                  0.17    0.00    1.54 v _167_/B (sky130_fd_sc_hd__or4_1)
                  0.24    1.36    2.90 v _167_/X (sky130_fd_sc_hd__or4_1)
     2    0.01                           _077_ (net)
                  0.24    0.00    2.90 v _184_/B (sky130_fd_sc_hd__or4_2)
                  0.32    1.86    4.76 v _184_/X (sky130_fd_sc_hd__or4_2)
     6    0.02                           _090_ (net)
                  0.32    0.00    4.76 v _185_/A2 (sky130_fd_sc_hd__a21bo_1)
                  0.06    0.45    5.21 v _185_/X (sky130_fd_sc_hd__a21bo_1)
     1    0.00                           _018_ (net)
                  0.06    0.00    5.21 v _298_/D (sky130_fd_sc_hd__dfrtp_1)
                                  5.21   data arrival time

                         10.00   10.00   clock clk (rise edge)
                          0.00   10.00   clock source latency
                  0.13    0.08   10.08 ^ clk (in)
     1    0.02                           clk (net)
                  0.13    0.00   10.08 ^ clkbuf_0_clk/A (sky130_fd_sc_hd__clkbuf_16)
                  0.10    0.27   10.35 ^ clkbuf_0_clk/X (sky130_fd_sc_hd__clkbuf_16)
     4    0.04                           clknet_0_clk (net)
                  0.10    0.00   10.35 ^ clkbuf_2_0__f_clk/A (sky130_fd_sc_hd__clkbuf_16)
                  0.08    0.23   10.58 ^ clkbuf_2_0__f_clk/X (sky130_fd_sc_hd__clkbuf_16)
     9    0.03                           clknet_2_0__leaf_clk (net)
                  0.08    0.00   10.58 ^ _298_/CLK (sky130_fd_sc_hd__dfrtp_1)
                         -0.25   10.33   clock uncertainty
                          0.04   10.37   clock reconvergence pessimism
                         -0.27   10.10   library setup time
                                 10.10   data required time
-----------------------------------------------------------------------------
                                 10.10   data required time
                                 -5.21   data arrival time
-----------------------------------------------------------------------------
                                  4.89   slack (MET)


Startpoint: _326_ (rising edge-triggered flip-flop clocked by clk)
Endpoint: _318_ (rising edge-triggered flip-flop clocked by clk)
Path Group: clk
Path Type: max
Corner: Slowest

Fanout     Cap    Slew   Delay    Time   Description
-----------------------------------------------------------------------------
                          0.00    0.00   clock clk (rise edge)
                          0.00    0.00   clock source latency
                  0.13    0.09    0.09 ^ clk (in)
     1    0.02                           clk (net)
                  0.13    0.00    0.09 ^ clkbuf_0_clk/A (sky130_fd_sc_hd__clkbuf_16)
                  0.10    0.29    0.39 ^ clkbuf_0_clk/X (sky130_fd_sc_hd__clkbuf_16)
     4    0.04                           clknet_0_clk (net)
                  0.10    0.00    0.39 ^ clkbuf_2_1__f_clk/A (sky130_fd_sc_hd__clkbuf_16)
                  0.08    0.26    0.65 ^ clkbuf_2_1__f_clk/X (sky130_fd_sc_hd__clkbuf_16)
    11    0.03                           clknet_2_1__leaf_clk (net)
                  0.08    0.00    0.65 ^ _326_/CLK (sky130_fd_sc_hd__dfrtp_1)
                  0.17    0.89    1.54 v _326_/Q (sky130_fd_sc_hd__dfrtp_1)
     6    0.01                           baud_count[12] (net)
                  0.17    0.00    1.54 v _167_/B (sky130_fd_sc_hd__or4_1)
                  0.24    1.36    2.90 v _167_/X (sky130_fd_sc_hd__or4_1)
     2    0.01                           _077_ (net)
                  0.24    0.00    2.90 v _184_/B (sky130_fd_sc_hd__or4_2)
                  0.32    1.86    4.76 v _184_/X (sky130_fd_sc_hd__or4_2)
     6    0.02                           _090_ (net)
                  0.32    0.00    4.76 v _209_/B1 (sky130_fd_sc_hd__o211a_1)
                  0.07    0.35    5.11 v _209_/X (sky130_fd_sc_hd__o211a_1)
     1    0.00                           _010_ (net)
                  0.07    0.00    5.11 v _318_/D (sky130_fd_sc_hd__dfrtp_1)
                                  5.11   data arrival time

                         10.00   10.00   clock clk (rise edge)
                          0.00   10.00   clock source latency
                  0.13    0.08   10.08 ^ clk (in)
     1    0.02                           clk (net)
                  0.13    0.00   10.08 ^ clkbuf_0_clk/A (sky130_fd_sc_hd__clkbuf_16)
                  0.10    0.27   10.35 ^ clkbuf_0_clk/X (sky130_fd_sc_hd__clkbuf_16)
     4    0.04                           clknet_0_clk (net)
                  0.10    0.00   10.35 ^ clkbuf_2_0__f_clk/A (sky130_fd_sc_hd__clkbuf_16)
                  0.08    0.23   10.58 ^ clkbuf_2_0__f_clk/X (sky130_fd_sc_hd__clkbuf_16)
     9    0.03                           clknet_2_0__leaf_clk (net)
                  0.08    0.00   10.58 ^ _318_/CLK (sky130_fd_sc_hd__dfrtp_1)
                         -0.25   10.33   clock uncertainty
                          0.04   10.37   clock reconvergence pessimism
                         -0.27   10.10   library setup time
                                 10.10   data required time
-----------------------------------------------------------------------------
                                 10.10   data required time
                                 -5.11   data arrival time
-----------------------------------------------------------------------------
                                  4.98   slack (MET)


Startpoint: _326_ (rising edge-triggered flip-flop clocked by clk)
Endpoint: _301_ (rising edge-triggered flip-flop clocked by clk)
Path Group: clk
Path Type: max
Corner: Slowest

Fanout     Cap    Slew   Delay    Time   Description
-----------------------------------------------------------------------------
                          0.00    0.00   clock clk (rise edge)
                          0.00    0.00   clock source latency
                  0.13    0.09    0.09 ^ clk (in)
     1    0.02                           clk (net)
                  0.13    0.00    0.09 ^ clkbuf_0_clk/A (sky130_fd_sc_hd__clkbuf_16)
                  0.10    0.29    0.39 ^ clkbuf_0_clk/X (sky130_fd_sc_hd__clkbuf_16)
     4    0.04                           clknet_0_clk (net)
                  0.10    0.00    0.39 ^ clkbuf_2_1__f_clk/A (sky130_fd_sc_hd__clkbuf_16)
                  0.08    0.26    0.65 ^ clkbuf_2_1__f_clk/X (sky130_fd_sc_hd__clkbuf_16)
    11    0.03                           clknet_2_1__leaf_clk (net)
                  0.08    0.00    0.65 ^ _326_/CLK (sky130_fd_sc_hd__dfrtp_1)
                  0.17    0.89    1.54 v _326_/Q (sky130_fd_sc_hd__dfrtp_1)
     6    0.01                           baud_count[12] (net)
                  0.17    0.00    1.54 v _167_/B (sky130_fd_sc_hd__or4_1)
                  0.24    1.36    2.90 v _167_/X (sky130_fd_sc_hd__or4_1)
     2    0.01                           _077_ (net)
                  0.24    0.00    2.90 v _170_/B (sky130_fd_sc_hd__nor4_1)
                  0.75    0.83    3.73 ^ _170_/Y (sky130_fd_sc_hd__nor4_1)
     2    0.01                           _080_ (net)
                  0.75    0.00    3.73 ^ max_cap13/A (sky130_fd_sc_hd__buf_1)
                  0.24    0.49    4.23 ^ max_cap13/X (sky130_fd_sc_hd__buf_1)
     3    0.01                           net13 (net)
                  0.24    0.00    4.23 ^ _171_/A1 (sky130_fd_sc_hd__mux2_2)
                  0.16    0.46    4.69 ^ _171_/X (sky130_fd_sc_hd__mux2_2)
     5    0.02                           _081_ (net)
                  0.16    0.00    4.69 ^ _180_/A2 (sky130_fd_sc_hd__a21oi_1)
                  0.10    0.17    4.86 v _180_/Y (sky130_fd_sc_hd__a21oi_1)
     1    0.00                           _088_ (net)
                  0.10    0.00    4.86 v _181_/B1 (sky130_fd_sc_hd__a21oi_1)
                  0.18    0.21    5.08 ^ _181_/Y (sky130_fd_sc_hd__a21oi_1)
     1    0.00                           _055_ (net)
                  0.18    0.00    5.08 ^ _301_/D (sky130_fd_sc_hd__dfrtp_2)
                                  5.08   data arrival time

                         10.00   10.00   clock clk (rise edge)
                          0.00   10.00   clock source latency
                  0.13    0.08   10.08 ^ clk (in)
     1    0.02                           clk (net)
                  0.13    0.00   10.08 ^ clkbuf_0_clk/A (sky130_fd_sc_hd__clkbuf_16)
                  0.10    0.27   10.35 ^ clkbuf_0_clk/X (sky130_fd_sc_hd__clkbuf_16)
     4    0.04                           clknet_0_clk (net)
                  0.10    0.00   10.35 ^ clkbuf_2_3__f_clk/A (sky130_fd_sc_hd__clkbuf_16)
                  0.07    0.23   10.58 ^ clkbuf_2_3__f_clk/X (sky130_fd_sc_hd__clkbuf_16)
     8    0.02                           clknet_2_3__leaf_clk (net)
                  0.07    0.00   10.58 ^ _301_/CLK (sky130_fd_sc_hd__dfrtp_2)
                         -0.25   10.33   clock uncertainty
                          0.04   10.37   clock reconvergence pessimism
                         -0.17   10.20   library setup time
                                 10.20   data required time
-----------------------------------------------------------------------------
                                 10.20   data required time
                                 -5.08   data arrival time
-----------------------------------------------------------------------------
                                  5.12   slack (MET)


Startpoint: _326_ (rising edge-triggered flip-flop clocked by clk)
Endpoint: _300_ (rising edge-triggered flip-flop clocked by clk)
Path Group: clk
Path Type: max
Corner: Slowest

Fanout     Cap    Slew   Delay    Time   Description
-----------------------------------------------------------------------------
                          0.00    0.00   clock clk (rise edge)
                          0.00    0.00   clock source latency
                  0.13    0.09    0.09 ^ clk (in)
     1    0.02                           clk (net)
                  0.13    0.00    0.09 ^ clkbuf_0_clk/A (sky130_fd_sc_hd__clkbuf_16)
                  0.10    0.29    0.39 ^ clkbuf_0_clk/X (sky130_fd_sc_hd__clkbuf_16)
     4    0.04                           clknet_0_clk (net)
                  0.10    0.00    0.39 ^ clkbuf_2_1__f_clk/A (sky130_fd_sc_hd__clkbuf_16)
                  0.08    0.26    0.65 ^ clkbuf_2_1__f_clk/X (sky130_fd_sc_hd__clkbuf_16)
    11    0.03                           clknet_2_1__leaf_clk (net)
                  0.08    0.00    0.65 ^ _326_/CLK (sky130_fd_sc_hd__dfrtp_1)
                  0.17    0.89    1.54 v _326_/Q (sky130_fd_sc_hd__dfrtp_1)
     6    0.01                           baud_count[12] (net)
                  0.17    0.00    1.54 v _167_/B (sky130_fd_sc_hd__or4_1)
                  0.24    1.36    2.90 v _167_/X (sky130_fd_sc_hd__or4_1)
     2    0.01                           _077_ (net)
                  0.24    0.00    2.90 v _170_/B (sky130_fd_sc_hd__nor4_1)
                  0.75    0.83    3.73 ^ _170_/Y (sky130_fd_sc_hd__nor4_1)
     2    0.01                           _080_ (net)
                  0.75    0.00    3.73 ^ max_cap13/A (sky130_fd_sc_hd__buf_1)
                  0.24    0.49    4.23 ^ max_cap13/X (sky130_fd_sc_hd__buf_1)
     3    0.01                           net13 (net)
                  0.24    0.00    4.23 ^ _171_/A1 (sky130_fd_sc_hd__mux2_2)
                  0.16    0.46    4.69 ^ _171_/X (sky130_fd_sc_hd__mux2_2)
     5    0.02                           _081_ (net)
                  0.16    0.00    4.69 ^ _183_/A2 (sky130_fd_sc_hd__a21oi_1)
                  0.09    0.17    4.86 v _183_/Y (sky130_fd_sc_hd__a21oi_1)
     1    0.00                           _054_ (net)
                  0.09    0.00    4.86 v _300_/D (sky130_fd_sc_hd__dfrtp_4)
                                  4.86   data arrival time

                         10.00   10.00   clock clk (rise edge)
                          0.00   10.00   clock source latency
                  0.13    0.08   10.08 ^ clk (in)
     1    0.02                           clk (net)
                  0.13    0.00   10.08 ^ clkbuf_0_clk/A (sky130_fd_sc_hd__clkbuf_16)
                  0.10    0.27   10.35 ^ clkbuf_0_clk/X (sky130_fd_sc_hd__clkbuf_16)
     4    0.04                           clknet_0_clk (net)
                  0.10    0.00   10.35 ^ clkbuf_2_3__f_clk/A (sky130_fd_sc_hd__clkbuf_16)
                  0.07    0.23   10.58 ^ clkbuf_2_3__f_clk/X (sky130_fd_sc_hd__clkbuf_16)
     8    0.02                           clknet_2_3__leaf_clk (net)
                  0.07    0.00   10.58 ^ _300_/CLK (sky130_fd_sc_hd__dfrtp_4)
                         -0.25   10.33   clock uncertainty
                          0.04   10.37   clock reconvergence pessimism
                         -0.28   10.08   library setup time
                                 10.08   data required time
-----------------------------------------------------------------------------
                                 10.08   data required time
                                 -4.86   data arrival time
-----------------------------------------------------------------------------
                                  5.23   slack (MET)


Startpoint: _297_ (rising edge-triggered flip-flop clocked by clk)
Endpoint: _320_ (rising edge-triggered flip-flop clocked by clk)
Path Group: clk
Path Type: max
Corner: Slowest

Fanout     Cap    Slew   Delay    Time   Description
-----------------------------------------------------------------------------
                          0.00    0.00   clock clk (rise edge)
                          0.00    0.00   clock source latency
                  0.13    0.09    0.09 ^ clk (in)
     1    0.02                           clk (net)
                  0.13    0.00    0.09 ^ clkbuf_0_clk/A (sky130_fd_sc_hd__clkbuf_16)
                  0.10    0.29    0.39 ^ clkbuf_0_clk/X (sky130_fd_sc_hd__clkbuf_16)
     4    0.04                           clknet_0_clk (net)
                  0.10    0.00    0.39 ^ clkbuf_2_2__f_clk/A (sky130_fd_sc_hd__clkbuf_16)
                  0.06    0.24    0.63 ^ clkbuf_2_2__f_clk/X (sky130_fd_sc_hd__clkbuf_16)
     6    0.02                           clknet_2_2__leaf_clk (net)
                  0.06    0.00    0.63 ^ _297_/CLK (sky130_fd_sc_hd__dfrtp_4)
                  0.17    1.13    1.75 v _297_/Q (sky130_fd_sc_hd__dfrtp_4)
     8    0.03                           state[1] (net)
                  0.17    0.00    1.75 v _192_/B (sky130_fd_sc_hd__or3_4)
                  0.18    0.90    2.66 v _192_/X (sky130_fd_sc_hd__or3_4)
     7    0.03                           _094_ (net)
                  0.18    0.00    2.66 v _193_/A (sky130_fd_sc_hd__buf_2)
                  0.16    0.41    3.07 v _193_/X (sky130_fd_sc_hd__buf_2)
    10    0.03                           _095_ (net)
                  0.16    0.00    3.07 v _216_/B1_N (sky130_fd_sc_hd__a21boi_1)
                  0.11    0.32    3.39 v _216_/Y (sky130_fd_sc_hd__a21boi_1)
     1    0.00                           _112_ (net)
                  0.11    0.00    3.39 v _217_/B1 (sky130_fd_sc_hd__o21a_1)
                  0.07    0.22    3.61 v _217_/X (sky130_fd_sc_hd__o21a_1)
     1    0.00                           _012_ (net)
                  0.07    0.00    3.61 v hold10/A (sky130_fd_sc_hd__dlygate4sd3_1)
                  0.11    1.19    4.80 v hold10/X (sky130_fd_sc_hd__dlygate4sd3_1)
     1    0.00                           net23 (net)
                  0.11    0.00    4.80 v _320_/D (sky130_fd_sc_hd__dfrtp_1)
                                  4.80   data arrival time

                         10.00   10.00   clock clk (rise edge)
                          0.00   10.00   clock source latency
                  0.13    0.08   10.08 ^ clk (in)
     1    0.02                           clk (net)
                  0.13    0.00   10.08 ^ clkbuf_0_clk/A (sky130_fd_sc_hd__clkbuf_16)
                  0.10    0.27   10.35 ^ clkbuf_0_clk/X (sky130_fd_sc_hd__clkbuf_16)
     4    0.04                           clknet_0_clk (net)
                  0.10    0.00   10.35 ^ clkbuf_2_0__f_clk/A (sky130_fd_sc_hd__clkbuf_16)
                  0.08    0.23   10.58 ^ clkbuf_2_0__f_clk/X (sky130_fd_sc_hd__clkbuf_16)
     9    0.03                           clknet_2_0__leaf_clk (net)
                  0.08    0.00   10.58 ^ _320_/CLK (sky130_fd_sc_hd__dfrtp_1)
                         -0.25   10.33   clock uncertainty
                          0.04   10.37   clock reconvergence pessimism
                         -0.29   10.08   library setup time
                                 10.08   data required time
-----------------------------------------------------------------------------
                                 10.08   data required time
                                 -4.80   data arrival time
-----------------------------------------------------------------------------
                                  5.28   slack (MET)


Startpoint: _304_ (rising edge-triggered flip-flop clocked by clk)
Endpoint: tx (output port clocked by clk)
Path Group: clk
Path Type: max
Corner: Slowest

Fanout     Cap    Slew   Delay    Time   Description
-----------------------------------------------------------------------------
                          0.00    0.00   clock clk (rise edge)
                          0.00    0.00   clock source latency
                  0.13    0.09    0.09 ^ clk (in)
     1    0.02                           clk (net)
                  0.13    0.00    0.09 ^ clkbuf_0_clk/A (sky130_fd_sc_hd__clkbuf_16)
                  0.10    0.29    0.39 ^ clkbuf_0_clk/X (sky130_fd_sc_hd__clkbuf_16)
     4    0.04                           clknet_0_clk (net)
                  0.10    0.00    0.39 ^ clkbuf_2_2__f_clk/A (sky130_fd_sc_hd__clkbuf_16)
                  0.06    0.24    0.63 ^ clkbuf_2_2__f_clk/X (sky130_fd_sc_hd__clkbuf_16)
     6    0.02                           clknet_2_2__leaf_clk (net)
                  0.06    0.00    0.63 ^ _304_/CLK (sky130_fd_sc_hd__dfstp_1)
                  0.12    1.16    1.78 ^ _304_/Q (sky130_fd_sc_hd__dfstp_1)
     1    0.01                           net12 (net)
                  0.12    0.00    1.78 ^ output12/A (sky130_fd_sc_hd__clkbuf_4)
                  0.18    0.37    2.15 ^ output12/X (sky130_fd_sc_hd__clkbuf_4)
     1    0.03                           tx (net)
                  0.18    0.00    2.15 ^ tx (out)
                                  2.15   data arrival time

                         10.00   10.00   clock clk (rise edge)
                          0.00   10.00   clock network delay (propagated)
                         -0.25    9.75   clock uncertainty
                          0.00    9.75   clock reconvergence pessimism
                         -2.00    7.75   output external delay
                                  7.75   data required time
-----------------------------------------------------------------------------
                                  7.75   data required time
                                 -2.15   data arrival time
-----------------------------------------------------------------------------
                                  5.60   slack (MET)


Startpoint: _326_ (rising edge-triggered flip-flop clocked by clk)
Endpoint: _296_ (rising edge-triggered flip-flop clocked by clk)
Path Group: clk
Path Type: max
Corner: Slowest

Fanout     Cap    Slew   Delay    Time   Description
-----------------------------------------------------------------------------
                          0.00    0.00   clock clk (rise edge)
                          0.00    0.00   clock source latency
                  0.13    0.09    0.09 ^ clk (in)
     1    0.02                           clk (net)
                  0.13    0.00    0.09 ^ clkbuf_0_clk/A (sky130_fd_sc_hd__clkbuf_16)
                  0.10    0.29    0.39 ^ clkbuf_0_clk/X (sky130_fd_sc_hd__clkbuf_16)
     4    0.04                           clknet_0_clk (net)
                  0.10    0.00    0.39 ^ clkbuf_2_1__f_clk/A (sky130_fd_sc_hd__clkbuf_16)
                  0.08    0.26    0.65 ^ clkbuf_2_1__f_clk/X (sky130_fd_sc_hd__clkbuf_16)
    11    0.03                           clknet_2_1__leaf_clk (net)
                  0.08    0.00    0.65 ^ _326_/CLK (sky130_fd_sc_hd__dfrtp_1)
                  0.17    0.89    1.54 v _326_/Q (sky130_fd_sc_hd__dfrtp_1)
     6    0.01                           baud_count[12] (net)
                  0.17    0.00    1.54 v _167_/B (sky130_fd_sc_hd__or4_1)
                  0.24    1.36    2.90 v _167_/X (sky130_fd_sc_hd__or4_1)
     2    0.01                           _077_ (net)
                  0.24    0.00    2.90 v _170_/B (sky130_fd_sc_hd__nor4_1)
                  0.75    0.83    3.73 ^ _170_/Y (sky130_fd_sc_hd__nor4_1)
     2    0.01                           _080_ (net)
                  0.75    0.00    3.73 ^ max_cap13/A (sky130_fd_sc_hd__buf_1)
                  0.24    0.49    4.23 ^ max_cap13/X (sky130_fd_sc_hd__buf_1)
     3    0.01                           net13 (net)
                  0.24    0.00    4.23 ^ _191_/B2 (sky130_fd_sc_hd__a22o_1)
                  0.08    0.32    4.55 ^ _191_/X (sky130_fd_sc_hd__a22o_1)
     1    0.00                           _016_ (net)
                  0.08    0.00    4.55 ^ _296_/D (sky130_fd_sc_hd__dfstp_1)
                                  4.55   data arrival time

                         10.00   10.00   clock clk (rise edge)
                          0.00   10.00   clock source latency
                  0.13    0.08   10.08 ^ clk (in)
     1    0.02                           clk (net)
                  0.13    0.00   10.08 ^ clkbuf_0_clk/A (sky130_fd_sc_hd__clkbuf_16)
                  0.10    0.27   10.35 ^ clkbuf_0_clk/X (sky130_fd_sc_hd__clkbuf_16)
     4    0.04                           clknet_0_clk (net)
                  0.10    0.00   10.35 ^ clkbuf_2_1__f_clk/A (sky130_fd_sc_hd__clkbuf_16)
                  0.08    0.24   10.59 ^ clkbuf_2_1__f_clk/X (sky130_fd_sc_hd__clkbuf_16)
    11    0.03                           clknet_2_1__leaf_clk (net)
                  0.08    0.00   10.59 ^ _296_/CLK (sky130_fd_sc_hd__dfstp_1)
                         -0.25   10.34   clock uncertainty
                          0.06   10.40   clock reconvergence pessimism
                         -0.12   10.28   library setup time
                                 10.28   data required time
-----------------------------------------------------------------------------
                                 10.28   data required time
                                 -4.55   data arrival time
-----------------------------------------------------------------------------
                                  5.73   slack (MET)


Startpoint: _314_ (rising edge-triggered flip-flop clocked by clk)
Endpoint: _324_ (rising edge-triggered flip-flop clocked by clk)
Path Group: clk
Path Type: max
Corner: Slowest

Fanout     Cap    Slew   Delay    Time   Description
-----------------------------------------------------------------------------
                          0.00    0.00   clock clk (rise edge)
                          0.00    0.00   clock source latency
                  0.13    0.09    0.09 ^ clk (in)
     1    0.02                           clk (net)
                  0.13    0.00    0.09 ^ clkbuf_0_clk/A (sky130_fd_sc_hd__clkbuf_16)
                  0.10    0.29    0.39 ^ clkbuf_0_clk/X (sky130_fd_sc_hd__clkbuf_16)
     4    0.04                           clknet_0_clk (net)
                  0.10    0.00    0.39 ^ clkbuf_2_0__f_clk/A (sky130_fd_sc_hd__clkbuf_16)
                  0.08    0.26    0.64 ^ clkbuf_2_0__f_clk/X (sky130_fd_sc_hd__clkbuf_16)
     9    0.03                           clknet_2_0__leaf_clk (net)
                  0.08    0.00    0.64 ^ _314_/CLK (sky130_fd_sc_hd__dfrtp_4)
                  0.17    0.94    1.58 ^ _314_/Q (sky130_fd_sc_hd__dfrtp_4)
     8    0.02                           baud_count[0] (net)
                  0.17    0.00    1.58 ^ _207_/B (sky130_fd_sc_hd__and4_2)
                  0.23    0.66    2.24 ^ _207_/X (sky130_fd_sc_hd__and4_2)
     7    0.02                           _105_ (net)
                  0.23    0.00    2.24 ^ _220_/A (sky130_fd_sc_hd__and3_2)
                  0.20    0.55    2.79 ^ _220_/X (sky130_fd_sc_hd__and3_2)
     5    0.02                           _115_ (net)
                  0.20    0.00    2.79 ^ _227_/C (sky130_fd_sc_hd__nand3_2)
                  0.19    0.28    3.07 v _227_/Y (sky130_fd_sc_hd__nand3_2)
     4    0.01                           _120_ (net)
                  0.19    0.00    3.07 v _231_/B (sky130_fd_sc_hd__or2_1)
                  0.09    0.51    3.59 v _231_/X (sky130_fd_sc_hd__or2_1)
     1    0.00                           _123_ (net)
                  0.09    0.00    3.59 v _232_/C (sky130_fd_sc_hd__and3_1)
                  0.07    0.38    3.97 v _232_/X (sky130_fd_sc_hd__and3_1)
     1    0.00                           _124_ (net)
                  0.07    0.00    3.97 v _233_/A (sky130_fd_sc_hd__clkbuf_1)
                  0.05    0.17    4.14 v _233_/X (sky130_fd_sc_hd__clkbuf_1)
     1    0.00                           _001_ (net)
                  0.05    0.00    4.14 v _324_/D (sky130_fd_sc_hd__dfrtp_1)
                                  4.14   data arrival time

                         10.00   10.00   clock clk (rise edge)
                          0.00   10.00   clock source latency
                  0.13    0.08   10.08 ^ clk (in)
     1    0.02                           clk (net)
                  0.13    0.00   10.08 ^ clkbuf_0_clk/A (sky130_fd_sc_hd__clkbuf_16)
                  0.10    0.27   10.35 ^ clkbuf_0_clk/X (sky130_fd_sc_hd__clkbuf_16)
     4    0.04                           clknet_0_clk (net)
                  0.10    0.00   10.35 ^ clkbuf_2_1__f_clk/A (sky130_fd_sc_hd__clkbuf_16)
                  0.08    0.24   10.59 ^ clkbuf_2_1__f_clk/X (sky130_fd_sc_hd__clkbuf_16)
    11    0.03                           clknet_2_1__leaf_clk (net)
                  0.08    0.00   10.59 ^ _324_/CLK (sky130_fd_sc_hd__dfrtp_1)
                         -0.25   10.34   clock uncertainty
                          0.04   10.37   clock reconvergence pessimism
                         -0.26   10.11   library setup time
                                 10.11   data required time
-----------------------------------------------------------------------------
                                 10.11   data required time
                                 -4.14   data arrival time
-----------------------------------------------------------------------------
                                  5.97   slack (MET)


Startpoint: _300_ (rising edge-triggered flip-flop clocked by clk)
Endpoint: _304_ (rising edge-triggered flip-flop clocked by clk)
Path Group: clk
Path Type: max
Corner: Slowest

Fanout     Cap    Slew   Delay    Time   Description
-----------------------------------------------------------------------------
                          0.00    0.00   clock clk (rise edge)
                          0.00    0.00   clock source latency
                  0.13    0.09    0.09 ^ clk (in)
     1    0.02                           clk (net)
                  0.13    0.00    0.09 ^ clkbuf_0_clk/A (sky130_fd_sc_hd__clkbuf_16)
                  0.10    0.29    0.39 ^ clkbuf_0_clk/X (sky130_fd_sc_hd__clkbuf_16)
     4    0.04                           clknet_0_clk (net)
                  0.10    0.00    0.39 ^ clkbuf_2_3__f_clk/A (sky130_fd_sc_hd__clkbuf_16)
                  0.07    0.25    0.64 ^ clkbuf_2_3__f_clk/X (sky130_fd_sc_hd__clkbuf_16)
     8    0.02                           clknet_2_3__leaf_clk (net)
                  0.07    0.00    0.64 ^ _300_/CLK (sky130_fd_sc_hd__dfrtp_4)
                  0.19    0.96    1.60 ^ _300_/Q (sky130_fd_sc_hd__dfrtp_4)
     8    0.03                           bit_index[0] (net)
                  0.19    0.00    1.60 ^ _256_/S0 (sky130_fd_sc_hd__mux4_1)
                  0.16    1.32    2.92 v _256_/X (sky130_fd_sc_hd__mux4_1)
     1    0.00                           _141_ (net)
                  0.16    0.00    2.92 v _257_/A (sky130_fd_sc_hd__or2b_1)
                  0.12    0.58    3.50 v _257_/X (sky130_fd_sc_hd__or2b_1)
     1    0.01                           _142_ (net)
                  0.12    0.00    3.50 v _258_/A3 (sky130_fd_sc_hd__a311o_1)
                  0.11    0.72    4.22 v _258_/X (sky130_fd_sc_hd__a311o_1)
     1    0.00                           _147_ (net)
                  0.11    0.00    4.22 v _304_/D (sky130_fd_sc_hd__dfstp_1)
                                  4.22   data arrival time

                         10.00   10.00   clock clk (rise edge)
                          0.00   10.00   clock source latency
                  0.13    0.08   10.08 ^ clk (in)
     1    0.02                           clk (net)
                  0.13    0.00   10.08 ^ clkbuf_0_clk/A (sky130_fd_sc_hd__clkbuf_16)
                  0.10    0.27   10.35 ^ clkbuf_0_clk/X (sky130_fd_sc_hd__clkbuf_16)
     4    0.04                           clknet_0_clk (net)
                  0.10    0.00   10.35 ^ clkbuf_2_2__f_clk/A (sky130_fd_sc_hd__clkbuf_16)
                  0.06    0.22   10.57 ^ clkbuf_2_2__f_clk/X (sky130_fd_sc_hd__clkbuf_16)
     6    0.02                           clknet_2_2__leaf_clk (net)
                  0.06    0.00   10.57 ^ _304_/CLK (sky130_fd_sc_hd__dfstp_1)
                         -0.25   10.32   clock uncertainty
                          0.04   10.35   clock reconvergence pessimism
                         -0.16   10.19   library setup time
                                 10.19   data required time
-----------------------------------------------------------------------------
                                 10.19   data required time
                                 -4.22   data arrival time
-----------------------------------------------------------------------------
                                  5.97   slack (MET)


Startpoint: _305_ (rising edge-triggered flip-flop clocked by clk)
Endpoint: busy (output port clocked by clk)
Path Group: clk
Path Type: max
Corner: Slowest

Fanout     Cap    Slew   Delay    Time   Description
-----------------------------------------------------------------------------
                          0.00    0.00   clock clk (rise edge)
                          0.00    0.00   clock source latency
                  0.13    0.09    0.09 ^ clk (in)
     1    0.02                           clk (net)
                  0.13    0.00    0.09 ^ clkbuf_0_clk/A (sky130_fd_sc_hd__clkbuf_16)
                  0.10    0.29    0.39 ^ clkbuf_0_clk/X (sky130_fd_sc_hd__clkbuf_16)
     4    0.04                           clknet_0_clk (net)
                  0.10    0.00    0.39 ^ clkbuf_2_2__f_clk/A (sky130_fd_sc_hd__clkbuf_16)
                  0.06    0.24    0.63 ^ clkbuf_2_2__f_clk/X (sky130_fd_sc_hd__clkbuf_16)
     6    0.02                           clknet_2_2__leaf_clk (net)
                  0.06    0.00    0.63 ^ _305_/CLK (sky130_fd_sc_hd__dfrtp_1)
                  0.08    0.78    1.40 v _305_/Q (sky130_fd_sc_hd__dfrtp_1)
     1    0.00                           net11 (net)
                  0.08    0.00    1.40 v output11/A (sky130_fd_sc_hd__clkbuf_4)
                  0.14    0.35    1.75 v output11/X (sky130_fd_sc_hd__clkbuf_4)
     1    0.03                           busy (net)
                  0.14    0.00    1.75 v busy (out)
                                  1.75   data arrival time

                         10.00   10.00   clock clk (rise edge)
                          0.00   10.00   clock network delay (propagated)
                         -0.25    9.75   clock uncertainty
                          0.00    9.75   clock reconvergence pessimism
                         -2.00    7.75   output external delay
                                  7.75   data required time
-----------------------------------------------------------------------------
                                  7.75   data required time
                                 -1.75   data arrival time
-----------------------------------------------------------------------------
                                  6.00   slack (MET)


Startpoint: _314_ (rising edge-triggered flip-flop clocked by clk)
Endpoint: _327_ (rising edge-triggered flip-flop clocked by clk)
Path Group: clk
Path Type: max
Corner: Slowest

Fanout     Cap    Slew   Delay    Time   Description
-----------------------------------------------------------------------------
                          0.00    0.00   clock clk (rise edge)
                          0.00    0.00   clock source latency
                  0.13    0.09    0.09 ^ clk (in)
     1    0.02                           clk (net)
                  0.13    0.00    0.09 ^ clkbuf_0_clk/A (sky130_fd_sc_hd__clkbuf_16)
                  0.10    0.29    0.39 ^ clkbuf_0_clk/X (sky130_fd_sc_hd__clkbuf_16)
     4    0.04                           clknet_0_clk (net)
                  0.10    0.00    0.39 ^ clkbuf_2_0__f_clk/A (sky130_fd_sc_hd__clkbuf_16)
                  0.08    0.26    0.64 ^ clkbuf_2_0__f_clk/X (sky130_fd_sc_hd__clkbuf_16)
     9    0.03                           clknet_2_0__leaf_clk (net)
                  0.08    0.00    0.64 ^ _314_/CLK (sky130_fd_sc_hd__dfrtp_4)
                  0.17    0.94    1.58 ^ _314_/Q (sky130_fd_sc_hd__dfrtp_4)
     8    0.02                           baud_count[0] (net)
                  0.17    0.00    1.58 ^ _207_/B (sky130_fd_sc_hd__and4_2)
                  0.23    0.66    2.24 ^ _207_/X (sky130_fd_sc_hd__and4_2)
     7    0.02                           _105_ (net)
                  0.23    0.00    2.24 ^ _236_/A (sky130_fd_sc_hd__and4_2)
                  0.24    0.67    2.91 ^ _236_/X (sky130_fd_sc_hd__and4_2)
     6    0.02                           _127_ (net)
                  0.24    0.00    2.91 ^ _242_/C (sky130_fd_sc_hd__and3_1)
                  0.21    0.50    3.41 ^ _242_/X (sky130_fd_sc_hd__and3_1)
     3    0.01                           _131_ (net)
                  0.21    0.00    3.41 ^ _243_/A (sky130_fd_sc_hd__inv_2)
                  0.04    0.10    3.51 v _243_/Y (sky130_fd_sc_hd__inv_2)
     1    0.00                           _132_ (net)
                  0.04    0.00    3.51 v _244_/C (sky130_fd_sc_hd__and3_1)
                  0.07    0.36    3.87 v _244_/X (sky130_fd_sc_hd__and3_1)
     1    0.00                           _133_ (net)
                  0.07    0.00    3.87 v _245_/A (sky130_fd_sc_hd__clkbuf_1)
                  0.05    0.17    4.04 v _245_/X (sky130_fd_sc_hd__clkbuf_1)
     1    0.00                           _004_ (net)
                  0.05    0.00    4.04 v _327_/D (sky130_fd_sc_hd__dfrtp_1)
                                  4.04   data arrival time

                         10.00   10.00   clock clk (rise edge)
                          0.00   10.00   clock source latency
                  0.13    0.08   10.08 ^ clk (in)
     1    0.02                           clk (net)
                  0.13    0.00   10.08 ^ clkbuf_0_clk/A (sky130_fd_sc_hd__clkbuf_16)
                  0.10    0.27   10.35 ^ clkbuf_0_clk/X (sky130_fd_sc_hd__clkbuf_16)
     4    0.04                           clknet_0_clk (net)
                  0.10    0.00   10.35 ^ clkbuf_2_1__f_clk/A (sky130_fd_sc_hd__clkbuf_16)
                  0.08    0.24   10.59 ^ clkbuf_2_1__f_clk/X (sky130_fd_sc_hd__clkbuf_16)
    11    0.03                           clknet_2_1__leaf_clk (net)
                  0.08    0.00   10.59 ^ _327_/CLK (sky130_fd_sc_hd__dfrtp_1)
                         -0.25   10.34   clock uncertainty
                          0.04   10.37   clock reconvergence pessimism
                         -0.27   10.11   library setup time
                                 10.11   data required time
-----------------------------------------------------------------------------
                                 10.11   data required time
                                 -4.04   data arrival time
-----------------------------------------------------------------------------
                                  6.07   slack (MET)


Startpoint: _314_ (rising edge-triggered flip-flop clocked by clk)
Endpoint: _328_ (rising edge-triggered flip-flop clocked by clk)
Path Group: clk
Path Type: max
Corner: Slowest

Fanout     Cap    Slew   Delay    Time   Description
-----------------------------------------------------------------------------
                          0.00    0.00   clock clk (rise edge)
                          0.00    0.00   clock source latency
                  0.13    0.09    0.09 ^ clk (in)
     1    0.02                           clk (net)
                  0.13    0.00    0.09 ^ clkbuf_0_clk/A (sky130_fd_sc_hd__clkbuf_16)
                  0.10    0.29    0.39 ^ clkbuf_0_clk/X (sky130_fd_sc_hd__clkbuf_16)
     4    0.04                           clknet_0_clk (net)
                  0.10    0.00    0.39 ^ clkbuf_2_0__f_clk/A (sky130_fd_sc_hd__clkbuf_16)
                  0.08    0.26    0.64 ^ clkbuf_2_0__f_clk/X (sky130_fd_sc_hd__clkbuf_16)
     9    0.03                           clknet_2_0__leaf_clk (net)
                  0.08    0.00    0.64 ^ _314_/CLK (sky130_fd_sc_hd__dfrtp_4)
                  0.17    0.94    1.58 ^ _314_/Q (sky130_fd_sc_hd__dfrtp_4)
     8    0.02                           baud_count[0] (net)
                  0.17    0.00    1.58 ^ _207_/B (sky130_fd_sc_hd__and4_2)
                  0.23    0.66    2.24 ^ _207_/X (sky130_fd_sc_hd__and4_2)
     7    0.02                           _105_ (net)
                  0.23    0.00    2.24 ^ _236_/A (sky130_fd_sc_hd__and4_2)
                  0.24    0.67    2.91 ^ _236_/X (sky130_fd_sc_hd__and4_2)
     6    0.02                           _127_ (net)
                  0.24    0.00    2.91 ^ _242_/C (sky130_fd_sc_hd__and3_1)
                  0.21    0.50    3.41 ^ _242_/X (sky130_fd_sc_hd__and3_1)
     3    0.01                           _131_ (net)
                  0.21    0.00    3.41 ^ _246_/A2 (sky130_fd_sc_hd__a21boi_1)
                  0.10    0.20    3.61 v _246_/Y (sky130_fd_sc_hd__a21boi_1)
     1    0.00                           _134_ (net)
                  0.10    0.00    3.61 v _247_/B1 (sky130_fd_sc_hd__o21a_1)
                  0.06    0.21    3.82 v _247_/X (sky130_fd_sc_hd__o21a_1)
     1    0.00                           _005_ (net)
                  0.06    0.00    3.82 v _328_/D (sky130_fd_sc_hd__dfrtp_1)
                                  3.82   data arrival time

                         10.00   10.00   clock clk (rise edge)
                          0.00   10.00   clock source latency
                  0.13    0.08   10.08 ^ clk (in)
     1    0.02                           clk (net)
                  0.13    0.00   10.08 ^ clkbuf_0_clk/A (sky130_fd_sc_hd__clkbuf_16)
                  0.10    0.27   10.35 ^ clkbuf_0_clk/X (sky130_fd_sc_hd__clkbuf_16)
     4    0.04                           clknet_0_clk (net)
                  0.10    0.00   10.35 ^ clkbuf_2_1__f_clk/A (sky130_fd_sc_hd__clkbuf_16)
                  0.08    0.24   10.59 ^ clkbuf_2_1__f_clk/X (sky130_fd_sc_hd__clkbuf_16)
    11    0.03                           clknet_2_1__leaf_clk (net)
                  0.08    0.00   10.59 ^ _328_/CLK (sky130_fd_sc_hd__dfrtp_1)
                         -0.25   10.34   clock uncertainty
                          0.04   10.37   clock reconvergence pessimism
                         -0.27   10.10   library setup time
                                 10.10   data required time
-----------------------------------------------------------------------------
                                 10.10   data required time
                                 -3.82   data arrival time
-----------------------------------------------------------------------------
                                  6.28   slack (MET)


Startpoint: _314_ (rising edge-triggered flip-flop clocked by clk)
Endpoint: _329_ (rising edge-triggered flip-flop clocked by clk)
Path Group: clk
Path Type: max
Corner: Slowest

Fanout     Cap    Slew   Delay    Time   Description
-----------------------------------------------------------------------------
                          0.00    0.00   clock clk (rise edge)
                          0.00    0.00   clock source latency
                  0.13    0.09    0.09 ^ clk (in)
     1    0.02                           clk (net)
                  0.13    0.00    0.09 ^ clkbuf_0_clk/A (sky130_fd_sc_hd__clkbuf_16)
                  0.10    0.29    0.39 ^ clkbuf_0_clk/X (sky130_fd_sc_hd__clkbuf_16)
     4    0.04                           clknet_0_clk (net)
                  0.10    0.00    0.39 ^ clkbuf_2_0__f_clk/A (sky130_fd_sc_hd__clkbuf_16)
                  0.08    0.26    0.64 ^ clkbuf_2_0__f_clk/X (sky130_fd_sc_hd__clkbuf_16)
     9    0.03                           clknet_2_0__leaf_clk (net)
                  0.08    0.00    0.64 ^ _314_/CLK (sky130_fd_sc_hd__dfrtp_4)
                  0.16    1.11    1.75 v _314_/Q (sky130_fd_sc_hd__dfrtp_4)
     8    0.02                           baud_count[0] (net)
                  0.16    0.00    1.75 v _207_/B (sky130_fd_sc_hd__and4_2)
                  0.15    0.60    2.35 v _207_/X (sky130_fd_sc_hd__and4_2)
     7    0.02                           _105_ (net)
                  0.15    0.00    2.35 v _236_/A (sky130_fd_sc_hd__and4_2)
                  0.15    0.53    2.88 v _236_/X (sky130_fd_sc_hd__and4_2)
     6    0.02                           _127_ (net)
                  0.15    0.00    2.88 v _248_/D (sky130_fd_sc_hd__and4_1)
                  0.10    0.50    3.38 v _248_/X (sky130_fd_sc_hd__and4_1)
     2    0.01                           _135_ (net)
                  0.10    0.00    3.38 v _249_/A2 (sky130_fd_sc_hd__o21ai_1)
                  0.19    0.23    3.61 ^ _249_/Y (sky130_fd_sc_hd__o21ai_1)
     1    0.00                           _136_ (net)
                  0.19    0.00    3.61 ^ _250_/B1 (sky130_fd_sc_hd__a21oi_1)
                  0.08    0.11    3.73 v _250_/Y (sky130_fd_sc_hd__a21oi_1)
     1    0.00                           _006_ (net)
                  0.08    0.00    3.73 v _329_/D (sky130_fd_sc_hd__dfrtp_1)
                                  3.73   data arrival time

                         10.00   10.00   clock clk (rise edge)
                          0.00   10.00   clock source latency
                  0.13    0.08   10.08 ^ clk (in)
     1    0.02                           clk (net)
                  0.13    0.00   10.08 ^ clkbuf_0_clk/A (sky130_fd_sc_hd__clkbuf_16)
                  0.10    0.27   10.35 ^ clkbuf_0_clk/X (sky130_fd_sc_hd__clkbuf_16)
     4    0.04                           clknet_0_clk (net)
                  0.10    0.00   10.35 ^ clkbuf_2_1__f_clk/A (sky130_fd_sc_hd__clkbuf_16)
                  0.08    0.24   10.59 ^ clkbuf_2_1__f_clk/X (sky130_fd_sc_hd__clkbuf_16)
    11    0.03                           clknet_2_1__leaf_clk (net)
                  0.08    0.00   10.59 ^ _329_/CLK (sky130_fd_sc_hd__dfrtp_1)
                         -0.25   10.34   clock uncertainty
                          0.04   10.37   clock reconvergence pessimism
                         -0.28   10.09   library setup time
                                 10.09   data required time
-----------------------------------------------------------------------------
                                 10.09   data required time
                                 -3.73   data arrival time
-----------------------------------------------------------------------------
                                  6.37   slack (MET)


Startpoint: _314_ (rising edge-triggered flip-flop clocked by clk)
Endpoint: _323_ (rising edge-triggered flip-flop clocked by clk)
Path Group: clk
Path Type: max
Corner: Slowest

Fanout     Cap    Slew   Delay    Time   Description
-----------------------------------------------------------------------------
                          0.00    0.00   clock clk (rise edge)
                          0.00    0.00   clock source latency
                  0.13    0.09    0.09 ^ clk (in)
     1    0.02                           clk (net)
                  0.13    0.00    0.09 ^ clkbuf_0_clk/A (sky130_fd_sc_hd__clkbuf_16)
                  0.10    0.29    0.39 ^ clkbuf_0_clk/X (sky130_fd_sc_hd__clkbuf_16)
     4    0.04                           clknet_0_clk (net)
                  0.10    0.00    0.39 ^ clkbuf_2_0__f_clk/A (sky130_fd_sc_hd__clkbuf_16)
                  0.08    0.26    0.64 ^ clkbuf_2_0__f_clk/X (sky130_fd_sc_hd__clkbuf_16)
     9    0.03                           clknet_2_0__leaf_clk (net)
                  0.08    0.00    0.64 ^ _314_/CLK (sky130_fd_sc_hd__dfrtp_4)
                  0.16    1.11    1.75 v _314_/Q (sky130_fd_sc_hd__dfrtp_4)
     8    0.02                           baud_count[0] (net)
                  0.16    0.00    1.75 v _207_/B (sky130_fd_sc_hd__and4_2)
                  0.15    0.60    2.35 v _207_/X (sky130_fd_sc_hd__and4_2)
     7    0.02                           _105_ (net)
                  0.15    0.00    2.35 v _220_/A (sky130_fd_sc_hd__and3_2)
                  0.14    0.51    2.86 v _220_/X (sky130_fd_sc_hd__and3_2)
     5    0.02                           _115_ (net)
                  0.14    0.00    2.86 v _226_/B (sky130_fd_sc_hd__and2_1)
                  0.07    0.37    3.23 v _226_/X (sky130_fd_sc_hd__and2_1)
     1    0.00                           _119_ (net)
                  0.07    0.00    3.23 v _228_/A2 (sky130_fd_sc_hd__o211a_1)
                  0.07    0.38    3.61 v _228_/X (sky130_fd_sc_hd__o211a_1)
     1    0.00                           _015_ (net)
                  0.07    0.00    3.61 v _323_/D (sky130_fd_sc_hd__dfrtp_1)
                                  3.61   data arrival time

                         10.00   10.00   clock clk (rise edge)
                          0.00   10.00   clock source latency
                  0.13    0.08   10.08 ^ clk (in)
     1    0.02                           clk (net)
                  0.13    0.00   10.08 ^ clkbuf_0_clk/A (sky130_fd_sc_hd__clkbuf_16)
                  0.10    0.27   10.35 ^ clkbuf_0_clk/X (sky130_fd_sc_hd__clkbuf_16)
     4    0.04                           clknet_0_clk (net)
                  0.10    0.00   10.35 ^ clkbuf_2_1__f_clk/A (sky130_fd_sc_hd__clkbuf_16)
                  0.08    0.24   10.59 ^ clkbuf_2_1__f_clk/X (sky130_fd_sc_hd__clkbuf_16)
    11    0.03                           clknet_2_1__leaf_clk (net)
                  0.08    0.00   10.59 ^ _323_/CLK (sky130_fd_sc_hd__dfrtp_1)
                         -0.25   10.34   clock uncertainty
                          0.04   10.37   clock reconvergence pessimism
                         -0.27   10.10   library setup time
                                 10.10   data required time
-----------------------------------------------------------------------------
                                 10.10   data required time
                                 -3.61   data arrival time
-----------------------------------------------------------------------------
                                  6.49   slack (MET)


Startpoint: _297_ (rising edge-triggered flip-flop clocked by clk)
Endpoint: _326_ (rising edge-triggered flip-flop clocked by clk)
Path Group: clk
Path Type: max
Corner: Slowest

Fanout     Cap    Slew   Delay    Time   Description
-----------------------------------------------------------------------------
                          0.00    0.00   clock clk (rise edge)
                          0.00    0.00   clock source latency
                  0.13    0.09    0.09 ^ clk (in)
     1    0.02                           clk (net)
                  0.13    0.00    0.09 ^ clkbuf_0_clk/A (sky130_fd_sc_hd__clkbuf_16)
                  0.10    0.29    0.39 ^ clkbuf_0_clk/X (sky130_fd_sc_hd__clkbuf_16)
     4    0.04                           clknet_0_clk (net)
                  0.10    0.00    0.39 ^ clkbuf_2_2__f_clk/A (sky130_fd_sc_hd__clkbuf_16)
                  0.06    0.24    0.63 ^ clkbuf_2_2__f_clk/X (sky130_fd_sc_hd__clkbuf_16)
     6    0.02                           clknet_2_2__leaf_clk (net)
                  0.06    0.00    0.63 ^ _297_/CLK (sky130_fd_sc_hd__dfrtp_4)
                  0.17    1.13    1.75 v _297_/Q (sky130_fd_sc_hd__dfrtp_4)
     8    0.03                           state[1] (net)
                  0.17    0.00    1.75 v _192_/B (sky130_fd_sc_hd__or3_4)
                  0.18    0.90    2.66 v _192_/X (sky130_fd_sc_hd__or3_4)
     7    0.03                           _094_ (net)
                  0.18    0.00    2.66 v _193_/A (sky130_fd_sc_hd__buf_2)
                  0.16    0.41    3.07 v _193_/X (sky130_fd_sc_hd__buf_2)
    10    0.03                           _095_ (net)
                  0.16    0.00    3.07 v _239_/B1_N (sky130_fd_sc_hd__a21boi_1)
                  0.11    0.32    3.39 v _239_/Y (sky130_fd_sc_hd__a21boi_1)
     1    0.00                           _129_ (net)
                  0.11    0.00    3.39 v _240_/B1 (sky130_fd_sc_hd__o21a_1)
                  0.07    0.22    3.61 v _240_/X (sky130_fd_sc_hd__o21a_1)
     1    0.00                           _003_ (net)
                  0.07    0.00    3.61 v _326_/D (sky130_fd_sc_hd__dfrtp_1)
                                  3.61   data arrival time

                         10.00   10.00   clock clk (rise edge)
                          0.00   10.00   clock source latency
                  0.13    0.08   10.08 ^ clk (in)
     1    0.02                           clk (net)
                  0.13    0.00   10.08 ^ clkbuf_0_clk/A (sky130_fd_sc_hd__clkbuf_16)
                  0.10    0.27   10.35 ^ clkbuf_0_clk/X (sky130_fd_sc_hd__clkbuf_16)
     4    0.04                           clknet_0_clk (net)
                  0.10    0.00   10.35 ^ clkbuf_2_1__f_clk/A (sky130_fd_sc_hd__clkbuf_16)
                  0.08    0.24   10.59 ^ clkbuf_2_1__f_clk/X (sky130_fd_sc_hd__clkbuf_16)
    11    0.03                           clknet_2_1__leaf_clk (net)
                  0.08    0.00   10.59 ^ _326_/CLK (sky130_fd_sc_hd__dfrtp_1)
                         -0.25   10.34   clock uncertainty
                          0.04   10.37   clock reconvergence pessimism
                         -0.27   10.10   library setup time
                                 10.10   data required time
-----------------------------------------------------------------------------
                                 10.10   data required time
                                 -3.61   data arrival time
-----------------------------------------------------------------------------
                                  6.49   slack (MET)


Startpoint: _297_ (rising edge-triggered flip-flop clocked by clk)
Endpoint: _314_ (rising edge-triggered flip-flop clocked by clk)
Path Group: clk
Path Type: max
Corner: Slowest

Fanout     Cap    Slew   Delay    Time   Description
-----------------------------------------------------------------------------
                          0.00    0.00   clock clk (rise edge)
                          0.00    0.00   clock source latency
                  0.13    0.09    0.09 ^ clk (in)
     1    0.02                           clk (net)
                  0.13    0.00    0.09 ^ clkbuf_0_clk/A (sky130_fd_sc_hd__clkbuf_16)
                  0.10    0.29    0.39 ^ clkbuf_0_clk/X (sky130_fd_sc_hd__clkbuf_16)
     4    0.04                           clknet_0_clk (net)
                  0.10    0.00    0.39 ^ clkbuf_2_2__f_clk/A (sky130_fd_sc_hd__clkbuf_16)
                  0.06    0.24    0.63 ^ clkbuf_2_2__f_clk/X (sky130_fd_sc_hd__clkbuf_16)
     6    0.02                           clknet_2_2__leaf_clk (net)
                  0.06    0.00    0.63 ^ _297_/CLK (sky130_fd_sc_hd__dfrtp_4)
                  0.17    1.13    1.75 v _297_/Q (sky130_fd_sc_hd__dfrtp_4)
     8    0.03                           state[1] (net)
                  0.17    0.00    1.75 v _192_/B (sky130_fd_sc_hd__or3_4)
                  0.18    0.90    2.66 v _192_/X (sky130_fd_sc_hd__or3_4)
     7    0.03                           _094_ (net)
                  0.18    0.00    2.66 v _193_/A (sky130_fd_sc_hd__buf_2)
                  0.16    0.41    3.07 v _193_/X (sky130_fd_sc_hd__buf_2)
    10    0.03                           _095_ (net)
                  0.16    0.00    3.07 v _194_/B (sky130_fd_sc_hd__and2b_1)
                  0.07    0.38    3.45 v _194_/X (sky130_fd_sc_hd__and2b_1)
     1    0.00                           _096_ (net)
                  0.07    0.00    3.45 v _195_/A (sky130_fd_sc_hd__clkbuf_1)
                  0.05    0.16    3.61 v _195_/X (sky130_fd_sc_hd__clkbuf_1)
     1    0.00                           _000_ (net)
                  0.05    0.00    3.61 v _314_/D (sky130_fd_sc_hd__dfrtp_4)
                                  3.61   data arrival time

                         10.00   10.00   clock clk (rise edge)
                          0.00   10.00   clock source latency
                  0.13    0.08   10.08 ^ clk (in)
     1    0.02                           clk (net)
                  0.13    0.00   10.08 ^ clkbuf_0_clk/A (sky130_fd_sc_hd__clkbuf_16)
                  0.10    0.27   10.35 ^ clkbuf_0_clk/X (sky130_fd_sc_hd__clkbuf_16)
     4    0.04                           clknet_0_clk (net)
                  0.10    0.00   10.35 ^ clkbuf_2_0__f_clk/A (sky130_fd_sc_hd__clkbuf_16)
                  0.08    0.23   10.58 ^ clkbuf_2_0__f_clk/X (sky130_fd_sc_hd__clkbuf_16)
     9    0.03                           clknet_2_0__leaf_clk (net)
                  0.08    0.00   10.58 ^ _314_/CLK (sky130_fd_sc_hd__dfrtp_4)
                         -0.25   10.33   clock uncertainty
                          0.04   10.37   clock reconvergence pessimism
                         -0.26   10.11   library setup time
                                 10.11   data required time
-----------------------------------------------------------------------------
                                 10.11   data required time
                                 -3.61   data arrival time
-----------------------------------------------------------------------------
                                  6.50   slack (MET)


Startpoint: _297_ (rising edge-triggered flip-flop clocked by clk)
Endpoint: _319_ (rising edge-triggered flip-flop clocked by clk)
Path Group: clk
Path Type: max
Corner: Slowest

Fanout     Cap    Slew   Delay    Time   Description
-----------------------------------------------------------------------------
                          0.00    0.00   clock clk (rise edge)
                          0.00    0.00   clock source latency
                  0.13    0.09    0.09 ^ clk (in)
     1    0.02                           clk (net)
                  0.13    0.00    0.09 ^ clkbuf_0_clk/A (sky130_fd_sc_hd__clkbuf_16)
                  0.10    0.29    0.39 ^ clkbuf_0_clk/X (sky130_fd_sc_hd__clkbuf_16)
     4    0.04                           clknet_0_clk (net)
                  0.10    0.00    0.39 ^ clkbuf_2_2__f_clk/A (sky130_fd_sc_hd__clkbuf_16)
                  0.06    0.24    0.63 ^ clkbuf_2_2__f_clk/X (sky130_fd_sc_hd__clkbuf_16)
     6    0.02                           clknet_2_2__leaf_clk (net)
                  0.06    0.00    0.63 ^ _297_/CLK (sky130_fd_sc_hd__dfrtp_4)
                  0.17    1.13    1.75 v _297_/Q (sky130_fd_sc_hd__dfrtp_4)
     8    0.03                           state[1] (net)
                  0.17    0.00    1.75 v _192_/B (sky130_fd_sc_hd__or3_4)
                  0.18    0.90    2.66 v _192_/X (sky130_fd_sc_hd__or3_4)
     7    0.03                           _094_ (net)
                  0.18    0.00    2.66 v _193_/A (sky130_fd_sc_hd__buf_2)
                  0.16    0.41    3.07 v _193_/X (sky130_fd_sc_hd__buf_2)
    10    0.03                           _095_ (net)
                  0.16    0.00    3.07 v _214_/A (sky130_fd_sc_hd__and3_1)
                  0.07    0.34    3.41 v _214_/X (sky130_fd_sc_hd__and3_1)
     1    0.00                           _111_ (net)
                  0.07    0.00    3.41 v _215_/A (sky130_fd_sc_hd__clkbuf_1)
                  0.06    0.17    3.59 v _215_/X (sky130_fd_sc_hd__clkbuf_1)
     1    0.00                           _011_ (net)
                  0.06    0.00    3.59 v _319_/D (sky130_fd_sc_hd__dfrtp_1)
                                  3.59   data arrival time

                         10.00   10.00   clock clk (rise edge)
                          0.00   10.00   clock source latency
                  0.13    0.08   10.08 ^ clk (in)
     1    0.02                           clk (net)
                  0.13    0.00   10.08 ^ clkbuf_0_clk/A (sky130_fd_sc_hd__clkbuf_16)
                  0.10    0.27   10.35 ^ clkbuf_0_clk/X (sky130_fd_sc_hd__clkbuf_16)
     4    0.04                           clknet_0_clk (net)
                  0.10    0.00   10.35 ^ clkbuf_2_0__f_clk/A (sky130_fd_sc_hd__clkbuf_16)
                  0.08    0.23   10.58 ^ clkbuf_2_0__f_clk/X (sky130_fd_sc_hd__clkbuf_16)
     9    0.03                           clknet_2_0__leaf_clk (net)
                  0.08    0.00   10.58 ^ _319_/CLK (sky130_fd_sc_hd__dfrtp_1)
                         -0.25   10.33   clock uncertainty
                          0.04   10.37   clock reconvergence pessimism
                         -0.27   10.10   library setup time
                                 10.10   data required time
-----------------------------------------------------------------------------
                                 10.10   data required time
                                 -3.59   data arrival time
-----------------------------------------------------------------------------
                                  6.51   slack (MET)


Startpoint: _297_ (rising edge-triggered flip-flop clocked by clk)
Endpoint: _322_ (rising edge-triggered flip-flop clocked by clk)
Path Group: clk
Path Type: max
Corner: Slowest

Fanout     Cap    Slew   Delay    Time   Description
-----------------------------------------------------------------------------
                          0.00    0.00   clock clk (rise edge)
                          0.00    0.00   clock source latency
                  0.13    0.09    0.09 ^ clk (in)
     1    0.02                           clk (net)
                  0.13    0.00    0.09 ^ clkbuf_0_clk/A (sky130_fd_sc_hd__clkbuf_16)
                  0.10    0.29    0.39 ^ clkbuf_0_clk/X (sky130_fd_sc_hd__clkbuf_16)
     4    0.04                           clknet_0_clk (net)
                  0.10    0.00    0.39 ^ clkbuf_2_2__f_clk/A (sky130_fd_sc_hd__clkbuf_16)
                  0.06    0.24    0.63 ^ clkbuf_2_2__f_clk/X (sky130_fd_sc_hd__clkbuf_16)
     6    0.02                           clknet_2_2__leaf_clk (net)
                  0.06    0.00    0.63 ^ _297_/CLK (sky130_fd_sc_hd__dfrtp_4)
                  0.17    1.13    1.75 v _297_/Q (sky130_fd_sc_hd__dfrtp_4)
     8    0.03                           state[1] (net)
                  0.17    0.00    1.75 v _192_/B (sky130_fd_sc_hd__or3_4)
                  0.18    0.90    2.66 v _192_/X (sky130_fd_sc_hd__or3_4)
     7    0.03                           _094_ (net)
                  0.18    0.00    2.66 v _193_/A (sky130_fd_sc_hd__buf_2)
                  0.16    0.41    3.07 v _193_/X (sky130_fd_sc_hd__buf_2)
    10    0.03                           _095_ (net)
                  0.16    0.00    3.07 v _224_/B1_N (sky130_fd_sc_hd__a21boi_1)
                  0.10    0.31    3.38 v _224_/Y (sky130_fd_sc_hd__a21boi_1)
     1    0.00                           _118_ (net)
                  0.10    0.00    3.38 v _225_/B1 (sky130_fd_sc_hd__o21a_1)
                  0.06    0.20    3.58 v _225_/X (sky130_fd_sc_hd__o21a_1)
     1    0.00                           _014_ (net)
                  0.06    0.00    3.58 v _322_/D (sky130_fd_sc_hd__dfrtp_2)
                                  3.58   data arrival time

                         10.00   10.00   clock clk (rise edge)
                          0.00   10.00   clock source latency
                  0.13    0.08   10.08 ^ clk (in)
     1    0.02                           clk (net)
                  0.13    0.00   10.08 ^ clkbuf_0_clk/A (sky130_fd_sc_hd__clkbuf_16)
                  0.10    0.27   10.35 ^ clkbuf_0_clk/X (sky130_fd_sc_hd__clkbuf_16)
     4    0.04                           clknet_0_clk (net)
                  0.10    0.00   10.35 ^ clkbuf_2_0__f_clk/A (sky130_fd_sc_hd__clkbuf_16)
                  0.08    0.23   10.58 ^ clkbuf_2_0__f_clk/X (sky130_fd_sc_hd__clkbuf_16)
     9    0.03                           clknet_2_0__leaf_clk (net)
                  0.08    0.00   10.58 ^ _322_/CLK (sky130_fd_sc_hd__dfrtp_2)
                         -0.25   10.33   clock uncertainty
                          0.04   10.37   clock reconvergence pessimism
                         -0.27   10.10   library setup time
                                 10.10   data required time
-----------------------------------------------------------------------------
                                 10.10   data required time
                                 -3.58   data arrival time
-----------------------------------------------------------------------------
                                  6.51   slack (MET)


Startpoint: _297_ (rising edge-triggered flip-flop clocked by clk)
Endpoint: _321_ (rising edge-triggered flip-flop clocked by clk)
Path Group: clk
Path Type: max
Corner: Slowest

Fanout     Cap    Slew   Delay    Time   Description
-----------------------------------------------------------------------------
                          0.00    0.00   clock clk (rise edge)
                          0.00    0.00   clock source latency
                  0.13    0.09    0.09 ^ clk (in)
     1    0.02                           clk (net)
                  0.13    0.00    0.09 ^ clkbuf_0_clk/A (sky130_fd_sc_hd__clkbuf_16)
                  0.10    0.29    0.39 ^ clkbuf_0_clk/X (sky130_fd_sc_hd__clkbuf_16)
     4    0.04                           clknet_0_clk (net)
                  0.10    0.00    0.39 ^ clkbuf_2_2__f_clk/A (sky130_fd_sc_hd__clkbuf_16)
                  0.06    0.24    0.63 ^ clkbuf_2_2__f_clk/X (sky130_fd_sc_hd__clkbuf_16)
     6    0.02                           clknet_2_2__leaf_clk (net)
                  0.06    0.00    0.63 ^ _297_/CLK (sky130_fd_sc_hd__dfrtp_4)
                  0.17    1.13    1.75 v _297_/Q (sky130_fd_sc_hd__dfrtp_4)
     8    0.03                           state[1] (net)
                  0.17    0.00    1.75 v _192_/B (sky130_fd_sc_hd__or3_4)
                  0.18    0.90    2.66 v _192_/X (sky130_fd_sc_hd__or3_4)
     7    0.03                           _094_ (net)
                  0.18    0.00    2.66 v _193_/A (sky130_fd_sc_hd__buf_2)
                  0.16    0.41    3.07 v _193_/X (sky130_fd_sc_hd__buf_2)
    10    0.03                           _095_ (net)
                  0.16    0.00    3.07 v _222_/A (sky130_fd_sc_hd__and3_1)
                  0.07    0.34    3.41 v _222_/X (sky130_fd_sc_hd__and3_1)
     1    0.00                           _117_ (net)
                  0.07    0.00    3.41 v _223_/A (sky130_fd_sc_hd__clkbuf_1)
                  0.04    0.16    3.57 v _223_/X (sky130_fd_sc_hd__clkbuf_1)
     1    0.00                           _013_ (net)
                  0.04    0.00    3.57 v _321_/D (sky130_fd_sc_hd__dfrtp_1)
                                  3.57   data arrival time

                         10.00   10.00   clock clk (rise edge)
                          0.00   10.00   clock source latency
                  0.13    0.08   10.08 ^ clk (in)
     1    0.02                           clk (net)
                  0.13    0.00   10.08 ^ clkbuf_0_clk/A (sky130_fd_sc_hd__clkbuf_16)
                  0.10    0.27   10.35 ^ clkbuf_0_clk/X (sky130_fd_sc_hd__clkbuf_16)
     4    0.04                           clknet_0_clk (net)
                  0.10    0.00   10.35 ^ clkbuf_2_0__f_clk/A (sky130_fd_sc_hd__clkbuf_16)
                  0.08    0.23   10.58 ^ clkbuf_2_0__f_clk/X (sky130_fd_sc_hd__clkbuf_16)
     9    0.03                           clknet_2_0__leaf_clk (net)
                  0.08    0.00   10.58 ^ _321_/CLK (sky130_fd_sc_hd__dfrtp_1)
                         -0.25   10.33   clock uncertainty
                          0.04   10.37   clock reconvergence pessimism
                         -0.26   10.10   library setup time
                                 10.10   data required time
-----------------------------------------------------------------------------
                                 10.10   data required time
                                 -3.57   data arrival time
-----------------------------------------------------------------------------
                                  6.53   slack (MET)


Startpoint: _314_ (rising edge-triggered flip-flop clocked by clk)
Endpoint: _325_ (rising edge-triggered flip-flop clocked by clk)
Path Group: clk
Path Type: max
Corner: Slowest

Fanout     Cap    Slew   Delay    Time   Description
-----------------------------------------------------------------------------
                          0.00    0.00   clock clk (rise edge)
                          0.00    0.00   clock source latency
                  0.13    0.09    0.09 ^ clk (in)
     1    0.02                           clk (net)
                  0.13    0.00    0.09 ^ clkbuf_0_clk/A (sky130_fd_sc_hd__clkbuf_16)
                  0.10    0.29    0.39 ^ clkbuf_0_clk/X (sky130_fd_sc_hd__clkbuf_16)
     4    0.04                           clknet_0_clk (net)
                  0.10    0.00    0.39 ^ clkbuf_2_0__f_clk/A (sky130_fd_sc_hd__clkbuf_16)
                  0.08    0.26    0.64 ^ clkbuf_2_0__f_clk/X (sky130_fd_sc_hd__clkbuf_16)
     9    0.03                           clknet_2_0__leaf_clk (net)
                  0.08    0.00    0.64 ^ _314_/CLK (sky130_fd_sc_hd__dfrtp_4)
                  0.16    1.11    1.75 v _314_/Q (sky130_fd_sc_hd__dfrtp_4)
     8    0.02                           baud_count[0] (net)
                  0.16    0.00    1.75 v _207_/B (sky130_fd_sc_hd__and4_2)
                  0.15    0.60    2.35 v _207_/X (sky130_fd_sc_hd__and4_2)
     7    0.02                           _105_ (net)
                  0.15    0.00    2.35 v _220_/A (sky130_fd_sc_hd__and3_2)
                  0.14    0.51    2.86 v _220_/X (sky130_fd_sc_hd__and3_2)
     5    0.02                           _115_ (net)
                  0.14    0.00    2.86 v _227_/C (sky130_fd_sc_hd__nand3_2)
                  0.14    0.19    3.06 ^ _227_/Y (sky130_fd_sc_hd__nand3_2)
     4    0.01                           _120_ (net)
                  0.14    0.00    3.06 ^ _234_/B (sky130_fd_sc_hd__nor2_1)
                  0.05    0.11    3.16 v _234_/Y (sky130_fd_sc_hd__nor2_1)
     1    0.00                           _125_ (net)
                  0.05    0.00    3.16 v _238_/A2 (sky130_fd_sc_hd__o211a_1)
                  0.07    0.38    3.55 v _238_/X (sky130_fd_sc_hd__o211a_1)
     1    0.00                           _002_ (net)
                  0.07    0.00    3.55 v _325_/D (sky130_fd_sc_hd__dfrtp_1)
                                  3.55   data arrival time

                         10.00   10.00   clock clk (rise edge)
                          0.00   10.00   clock source latency
                  0.13    0.08   10.08 ^ clk (in)
     1    0.02                           clk (net)
                  0.13    0.00   10.08 ^ clkbuf_0_clk/A (sky130_fd_sc_hd__clkbuf_16)
                  0.10    0.27   10.35 ^ clkbuf_0_clk/X (sky130_fd_sc_hd__clkbuf_16)
     4    0.04                           clknet_0_clk (net)
                  0.10    0.00   10.35 ^ clkbuf_2_1__f_clk/A (sky130_fd_sc_hd__clkbuf_16)
                  0.08    0.24   10.59 ^ clkbuf_2_1__f_clk/X (sky130_fd_sc_hd__clkbuf_16)
    11    0.03                           clknet_2_1__leaf_clk (net)
                  0.08    0.00   10.59 ^ _325_/CLK (sky130_fd_sc_hd__dfrtp_1)
                         -0.25   10.34   clock uncertainty
                          0.04   10.37   clock reconvergence pessimism
                         -0.27   10.10   library setup time
                                 10.10   data required time
-----------------------------------------------------------------------------
                                 10.10   data required time
                                 -3.55   data arrival time
-----------------------------------------------------------------------------
                                  6.55   slack (MET)


Startpoint: start (input port clocked by clk)
Endpoint: _312_ (rising edge-triggered flip-flop clocked by clk)
Path Group: clk
Path Type: max
Corner: Slowest

Fanout     Cap    Slew   Delay    Time   Description
-----------------------------------------------------------------------------
                          0.00    0.00   clock clk (rise edge)
                          0.00    0.00   clock network delay (propagated)
                          2.00    2.00 ^ input external delay
                  0.04    0.02    2.02 ^ start (in)
     1    0.00                           start (net)
                  0.04    0.00    2.02 ^ input10/A (sky130_fd_sc_hd__clkbuf_2)
                  0.19    0.28    2.30 ^ input10/X (sky130_fd_sc_hd__clkbuf_2)
     3    0.02                           net10 (net)
                  0.19    0.00    2.30 ^ _148_/A (sky130_fd_sc_hd__nand2_4)
                  0.19    0.25    2.55 v _148_/Y (sky130_fd_sc_hd__nand2_4)
     9    0.04                           _066_ (net)
                  0.19    0.00    2.55 v _151_/S (sky130_fd_sc_hd__mux2_1)
                  0.11    0.78    3.32 v _151_/X (sky130_fd_sc_hd__mux2_1)
     1    0.00                           _068_ (net)
                  0.11    0.00    3.32 v _152_/A (sky130_fd_sc_hd__clkbuf_1)
                  0.05    0.19    3.51 v _152_/X (sky130_fd_sc_hd__clkbuf_1)
     1    0.00                           _064_ (net)
                  0.05    0.00    3.51 v _312_/D (sky130_fd_sc_hd__dfrtp_1)
                                  3.51   data arrival time

                         10.00   10.00   clock clk (rise edge)
                          0.00   10.00   clock source latency
                  0.13    0.08   10.08 ^ clk (in)
     1    0.02                           clk (net)
                  0.13    0.00   10.08 ^ clkbuf_0_clk/A (sky130_fd_sc_hd__clkbuf_16)
                  0.10    0.27   10.35 ^ clkbuf_0_clk/X (sky130_fd_sc_hd__clkbuf_16)
     4    0.04                           clknet_0_clk (net)
                  0.10    0.00   10.35 ^ clkbuf_2_3__f_clk/A (sky130_fd_sc_hd__clkbuf_16)
                  0.07    0.23   10.58 ^ clkbuf_2_3__f_clk/X (sky130_fd_sc_hd__clkbuf_16)
     8    0.02                           clknet_2_3__leaf_clk (net)
                  0.07    0.00   10.58 ^ _312_/CLK (sky130_fd_sc_hd__dfrtp_1)
                         -0.25   10.33   clock uncertainty
                          0.00   10.33   clock reconvergence pessimism
                         -0.27   10.06   library setup time
                                 10.06   data required time
-----------------------------------------------------------------------------
                                 10.06   data required time
                                 -3.51   data arrival time
-----------------------------------------------------------------------------
                                  6.55   slack (MET)


Startpoint: start (input port clocked by clk)
Endpoint: _311_ (rising edge-triggered flip-flop clocked by clk)
Path Group: clk
Path Type: max
Corner: Slowest

Fanout     Cap    Slew   Delay    Time   Description
-----------------------------------------------------------------------------
                          0.00    0.00   clock clk (rise edge)
                          0.00    0.00   clock network delay (propagated)
                          2.00    2.00 ^ input external delay
                  0.04    0.02    2.02 ^ start (in)
     1    0.00                           start (net)
                  0.04    0.00    2.02 ^ input10/A (sky130_fd_sc_hd__clkbuf_2)
                  0.19    0.28    2.30 ^ input10/X (sky130_fd_sc_hd__clkbuf_2)
     3    0.02                           net10 (net)
                  0.19    0.00    2.30 ^ _148_/A (sky130_fd_sc_hd__nand2_4)
                  0.19    0.25    2.55 v _148_/Y (sky130_fd_sc_hd__nand2_4)
     9    0.04                           _066_ (net)
                  0.19    0.00    2.55 v _153_/S (sky130_fd_sc_hd__mux2_1)
                  0.11    0.78    3.33 v _153_/X (sky130_fd_sc_hd__mux2_1)
     1    0.00                           _069_ (net)
                  0.11    0.00    3.33 v _154_/A (sky130_fd_sc_hd__clkbuf_1)
                  0.05    0.18    3.51 v _154_/X (sky130_fd_sc_hd__clkbuf_1)
     1    0.00                           _063_ (net)
                  0.05    0.00    3.51 v _311_/D (sky130_fd_sc_hd__dfrtp_1)
                                  3.51   data arrival time

                         10.00   10.00   clock clk (rise edge)
                          0.00   10.00   clock source latency
                  0.13    0.08   10.08 ^ clk (in)
     1    0.02                           clk (net)
                  0.13    0.00   10.08 ^ clkbuf_0_clk/A (sky130_fd_sc_hd__clkbuf_16)
                  0.10    0.27   10.35 ^ clkbuf_0_clk/X (sky130_fd_sc_hd__clkbuf_16)
     4    0.04                           clknet_0_clk (net)
                  0.10    0.00   10.35 ^ clkbuf_2_3__f_clk/A (sky130_fd_sc_hd__clkbuf_16)
                  0.07    0.23   10.58 ^ clkbuf_2_3__f_clk/X (sky130_fd_sc_hd__clkbuf_16)
     8    0.02                           clknet_2_3__leaf_clk (net)
                  0.07    0.00   10.58 ^ _311_/CLK (sky130_fd_sc_hd__dfrtp_1)
                         -0.25   10.33   clock uncertainty
                          0.00   10.33   clock reconvergence pessimism
                         -0.27   10.06   library setup time
                                 10.06   data required time
-----------------------------------------------------------------------------
                                 10.06   data required time
                                 -3.51   data arrival time
-----------------------------------------------------------------------------
                                  6.56   slack (MET)


Startpoint: start (input port clocked by clk)
Endpoint: _310_ (rising edge-triggered flip-flop clocked by clk)
Path Group: clk
Path Type: max
Corner: Slowest

Fanout     Cap    Slew   Delay    Time   Description
-----------------------------------------------------------------------------
                          0.00    0.00   clock clk (rise edge)
                          0.00    0.00   clock network delay (propagated)
                          2.00    2.00 ^ input external delay
                  0.04    0.02    2.02 ^ start (in)
     1    0.00                           start (net)
                  0.04    0.00    2.02 ^ input10/A (sky130_fd_sc_hd__clkbuf_2)
                  0.19    0.28    2.30 ^ input10/X (sky130_fd_sc_hd__clkbuf_2)
     3    0.02                           net10 (net)
                  0.19    0.00    2.30 ^ _148_/A (sky130_fd_sc_hd__nand2_4)
                  0.19    0.25    2.55 v _148_/Y (sky130_fd_sc_hd__nand2_4)
     9    0.04                           _066_ (net)
                  0.19    0.00    2.55 v _155_/S (sky130_fd_sc_hd__mux2_1)
                  0.11    0.77    3.31 v _155_/X (sky130_fd_sc_hd__mux2_1)
     1    0.00                           _070_ (net)
                  0.11    0.00    3.31 v _156_/A (sky130_fd_sc_hd__clkbuf_1)
                  0.05    0.19    3.50 v _156_/X (sky130_fd_sc_hd__clkbuf_1)
     1    0.00                           _062_ (net)
                  0.05    0.00    3.50 v _310_/D (sky130_fd_sc_hd__dfrtp_1)
                                  3.50   data arrival time

                         10.00   10.00   clock clk (rise edge)
                          0.00   10.00   clock source latency
                  0.13    0.08   10.08 ^ clk (in)
     1    0.02                           clk (net)
                  0.13    0.00   10.08 ^ clkbuf_0_clk/A (sky130_fd_sc_hd__clkbuf_16)
                  0.10    0.27   10.35 ^ clkbuf_0_clk/X (sky130_fd_sc_hd__clkbuf_16)
     4    0.04                           clknet_0_clk (net)
                  0.10    0.00   10.35 ^ clkbuf_2_3__f_clk/A (sky130_fd_sc_hd__clkbuf_16)
                  0.07    0.23   10.58 ^ clkbuf_2_3__f_clk/X (sky130_fd_sc_hd__clkbuf_16)
     8    0.02                           clknet_2_3__leaf_clk (net)
                  0.07    0.00   10.58 ^ _310_/CLK (sky130_fd_sc_hd__dfrtp_1)
                         -0.25   10.33   clock uncertainty
                          0.00   10.33   clock reconvergence pessimism
                         -0.27   10.06   library setup time
                                 10.06   data required time
-----------------------------------------------------------------------------
                                 10.06   data required time
                                 -3.50   data arrival time
-----------------------------------------------------------------------------
                                  6.56   slack (MET)


Startpoint: start (input port clocked by clk)
Endpoint: _306_ (rising edge-triggered flip-flop clocked by clk)
Path Group: clk
Path Type: max
Corner: Slowest

Fanout     Cap    Slew   Delay    Time   Description
-----------------------------------------------------------------------------
                          0.00    0.00   clock clk (rise edge)
                          0.00    0.00   clock network delay (propagated)
                          2.00    2.00 ^ input external delay
                  0.04    0.02    2.02 ^ start (in)
     1    0.00                           start (net)
                  0.04    0.00    2.02 ^ input10/A (sky130_fd_sc_hd__clkbuf_2)
                  0.19    0.28    2.30 ^ input10/X (sky130_fd_sc_hd__clkbuf_2)
     3    0.02                           net10 (net)
                  0.19    0.00    2.30 ^ _148_/A (sky130_fd_sc_hd__nand2_4)
                  0.19    0.25    2.55 v _148_/Y (sky130_fd_sc_hd__nand2_4)
     9    0.04                           _066_ (net)
                  0.19    0.00    2.55 v _163_/S (sky130_fd_sc_hd__mux2_1)
                  0.11    0.77    3.32 v _163_/X (sky130_fd_sc_hd__mux2_1)
     1    0.00                           _074_ (net)
                  0.11    0.00    3.32 v _164_/A (sky130_fd_sc_hd__clkbuf_1)
                  0.05    0.19    3.51 v _164_/X (sky130_fd_sc_hd__clkbuf_1)
     1    0.00                           _058_ (net)
                  0.05    0.00    3.51 v _306_/D (sky130_fd_sc_hd__dfrtp_1)
                                  3.51   data arrival time

                         10.00   10.00   clock clk (rise edge)
                          0.00   10.00   clock source latency
                  0.13    0.08   10.08 ^ clk (in)
     1    0.02                           clk (net)
                  0.13    0.00   10.08 ^ clkbuf_0_clk/A (sky130_fd_sc_hd__clkbuf_16)
                  0.10    0.27   10.35 ^ clkbuf_0_clk/X (sky130_fd_sc_hd__clkbuf_16)
     4    0.04                           clknet_0_clk (net)
                  0.10    0.00   10.35 ^ clkbuf_2_1__f_clk/A (sky130_fd_sc_hd__clkbuf_16)
                  0.08    0.24   10.59 ^ clkbuf_2_1__f_clk/X (sky130_fd_sc_hd__clkbuf_16)
    11    0.03                           clknet_2_1__leaf_clk (net)
                  0.08    0.00   10.59 ^ _306_/CLK (sky130_fd_sc_hd__dfrtp_1)
                         -0.25   10.34   clock uncertainty
                          0.00   10.34   clock reconvergence pessimism
                         -0.27   10.07   library setup time
                                 10.07   data required time
-----------------------------------------------------------------------------
                                 10.07   data required time
                                 -3.51   data arrival time
-----------------------------------------------------------------------------
                                  6.56   slack (MET)


Startpoint: start (input port clocked by clk)
Endpoint: _309_ (rising edge-triggered flip-flop clocked by clk)
Path Group: clk
Path Type: max
Corner: Slowest

Fanout     Cap    Slew   Delay    Time   Description
-----------------------------------------------------------------------------
                          0.00    0.00   clock clk (rise edge)
                          0.00    0.00   clock network delay (propagated)
                          2.00    2.00 ^ input external delay
                  0.04    0.02    2.02 ^ start (in)
     1    0.00                           start (net)
                  0.04    0.00    2.02 ^ input10/A (sky130_fd_sc_hd__clkbuf_2)
                  0.19    0.28    2.30 ^ input10/X (sky130_fd_sc_hd__clkbuf_2)
     3    0.02                           net10 (net)
                  0.19    0.00    2.30 ^ _148_/A (sky130_fd_sc_hd__nand2_4)
                  0.19    0.25    2.55 v _148_/Y (sky130_fd_sc_hd__nand2_4)
     9    0.04                           _066_ (net)
                  0.19    0.00    2.55 v _157_/S (sky130_fd_sc_hd__mux2_1)
                  0.11    0.77    3.31 v _157_/X (sky130_fd_sc_hd__mux2_1)
     1    0.00                           _071_ (net)
                  0.11    0.00    3.31 v _158_/A (sky130_fd_sc_hd__clkbuf_1)
                  0.05    0.18    3.50 v _158_/X (sky130_fd_sc_hd__clkbuf_1)
     1    0.00                           _061_ (net)
                  0.05    0.00    3.50 v _309_/D (sky130_fd_sc_hd__dfrtp_1)
                                  3.50   data arrival time

                         10.00   10.00   clock clk (rise edge)
                          0.00   10.00   clock source latency
                  0.13    0.08   10.08 ^ clk (in)
     1    0.02                           clk (net)
                  0.13    0.00   10.08 ^ clkbuf_0_clk/A (sky130_fd_sc_hd__clkbuf_16)
                  0.10    0.27   10.35 ^ clkbuf_0_clk/X (sky130_fd_sc_hd__clkbuf_16)
     4    0.04                           clknet_0_clk (net)
                  0.10    0.00   10.35 ^ clkbuf_2_3__f_clk/A (sky130_fd_sc_hd__clkbuf_16)
                  0.07    0.23   10.58 ^ clkbuf_2_3__f_clk/X (sky130_fd_sc_hd__clkbuf_16)
     8    0.02                           clknet_2_3__leaf_clk (net)
                  0.07    0.00   10.58 ^ _309_/CLK (sky130_fd_sc_hd__dfrtp_1)
                         -0.25   10.33   clock uncertainty
                          0.00   10.33   clock reconvergence pessimism
                         -0.27   10.06   library setup time
                                 10.06   data required time
-----------------------------------------------------------------------------
                                 10.06   data required time
                                 -3.50   data arrival time
-----------------------------------------------------------------------------
                                  6.57   slack (MET)


Startpoint: start (input port clocked by clk)
Endpoint: _308_ (rising edge-triggered flip-flop clocked by clk)
Path Group: clk
Path Type: max
Corner: Slowest

Fanout     Cap    Slew   Delay    Time   Description
-----------------------------------------------------------------------------
                          0.00    0.00   clock clk (rise edge)
                          0.00    0.00   clock network delay (propagated)
                          2.00    2.00 ^ input external delay
                  0.04    0.02    2.02 ^ start (in)
     1    0.00                           start (net)
                  0.04    0.00    2.02 ^ input10/A (sky130_fd_sc_hd__clkbuf_2)
                  0.19    0.28    2.30 ^ input10/X (sky130_fd_sc_hd__clkbuf_2)
     3    0.02                           net10 (net)
                  0.19    0.00    2.30 ^ _148_/A (sky130_fd_sc_hd__nand2_4)
                  0.19    0.25    2.55 v _148_/Y (sky130_fd_sc_hd__nand2_4)
     9    0.04                           _066_ (net)
                  0.19    0.00    2.55 v _159_/S (sky130_fd_sc_hd__mux2_1)
                  0.11    0.77    3.32 v _159_/X (sky130_fd_sc_hd__mux2_1)
     1    0.00                           _072_ (net)
                  0.11    0.00    3.32 v _160_/A (sky130_fd_sc_hd__clkbuf_1)
                  0.05    0.19    3.50 v _160_/X (sky130_fd_sc_hd__clkbuf_1)
     1    0.00                           _060_ (net)
                  0.05    0.00    3.50 v _308_/D (sky130_fd_sc_hd__dfrtp_1)
                                  3.50   data arrival time

                         10.00   10.00   clock clk (rise edge)
                          0.00   10.00   clock source latency
                  0.13    0.08   10.08 ^ clk (in)
     1    0.02                           clk (net)
                  0.13    0.00   10.08 ^ clkbuf_0_clk/A (sky130_fd_sc_hd__clkbuf_16)
                  0.10    0.27   10.35 ^ clkbuf_0_clk/X (sky130_fd_sc_hd__clkbuf_16)
     4    0.04                           clknet_0_clk (net)
                  0.10    0.00   10.35 ^ clkbuf_2_1__f_clk/A (sky130_fd_sc_hd__clkbuf_16)
                  0.08    0.24   10.59 ^ clkbuf_2_1__f_clk/X (sky130_fd_sc_hd__clkbuf_16)
    11    0.03                           clknet_2_1__leaf_clk (net)
                  0.08    0.00   10.59 ^ _308_/CLK (sky130_fd_sc_hd__dfrtp_1)
                         -0.25   10.34   clock uncertainty
                          0.00   10.34   clock reconvergence pessimism
                         -0.27   10.07   library setup time
                                 10.07   data required time
-----------------------------------------------------------------------------
                                 10.07   data required time
                                 -3.50   data arrival time
-----------------------------------------------------------------------------
                                  6.57   slack (MET)


Startpoint: start (input port clocked by clk)
Endpoint: _313_ (rising edge-triggered flip-flop clocked by clk)
Path Group: clk
Path Type: max
Corner: Slowest

Fanout     Cap    Slew   Delay    Time   Description
-----------------------------------------------------------------------------
                          0.00    0.00   clock clk (rise edge)
                          0.00    0.00   clock network delay (propagated)
                          2.00    2.00 ^ input external delay
                  0.04    0.02    2.02 ^ start (in)
     1    0.00                           start (net)
                  0.04    0.00    2.02 ^ input10/A (sky130_fd_sc_hd__clkbuf_2)
                  0.19    0.28    2.30 ^ input10/X (sky130_fd_sc_hd__clkbuf_2)
     3    0.02                           net10 (net)
                  0.19    0.00    2.30 ^ _148_/A (sky130_fd_sc_hd__nand2_4)
                  0.19    0.25    2.55 v _148_/Y (sky130_fd_sc_hd__nand2_4)
     9    0.04                           _066_ (net)
                  0.19    0.00    2.55 v _149_/S (sky130_fd_sc_hd__mux2_1)
                  0.11    0.77    3.31 v _149_/X (sky130_fd_sc_hd__mux2_1)
     1    0.00                           _067_ (net)
                  0.11    0.00    3.31 v _150_/A (sky130_fd_sc_hd__clkbuf_1)
                  0.05    0.18    3.49 v _150_/X (sky130_fd_sc_hd__clkbuf_1)
     1    0.00                           _065_ (net)
                  0.05    0.00    3.49 v _313_/D (sky130_fd_sc_hd__dfrtp_1)
                                  3.49   data arrival time

                         10.00   10.00   clock clk (rise edge)
                          0.00   10.00   clock source latency
                  0.13    0.08   10.08 ^ clk (in)
     1    0.02                           clk (net)
                  0.13    0.00   10.08 ^ clkbuf_0_clk/A (sky130_fd_sc_hd__clkbuf_16)
                  0.10    0.27   10.35 ^ clkbuf_0_clk/X (sky130_fd_sc_hd__clkbuf_16)
     4    0.04                           clknet_0_clk (net)
                  0.10    0.00   10.35 ^ clkbuf_2_3__f_clk/A (sky130_fd_sc_hd__clkbuf_16)
                  0.07    0.23   10.58 ^ clkbuf_2_3__f_clk/X (sky130_fd_sc_hd__clkbuf_16)
     8    0.02                           clknet_2_3__leaf_clk (net)
                  0.07    0.00   10.58 ^ _313_/CLK (sky130_fd_sc_hd__dfrtp_1)
                         -0.25   10.33   clock uncertainty
                          0.00   10.33   clock reconvergence pessimism
                         -0.27   10.06   library setup time
                                 10.06   data required time
-----------------------------------------------------------------------------
                                 10.06   data required time
                                 -3.49   data arrival time
-----------------------------------------------------------------------------
                                  6.57   slack (MET)


Startpoint: start (input port clocked by clk)
Endpoint: _307_ (rising edge-triggered flip-flop clocked by clk)
Path Group: clk
Path Type: max
Corner: Slowest

Fanout     Cap    Slew   Delay    Time   Description
-----------------------------------------------------------------------------
                          0.00    0.00   clock clk (rise edge)
                          0.00    0.00   clock network delay (propagated)
                          2.00    2.00 ^ input external delay
                  0.04    0.02    2.02 ^ start (in)
     1    0.00                           start (net)
                  0.04    0.00    2.02 ^ input10/A (sky130_fd_sc_hd__clkbuf_2)
                  0.19    0.28    2.30 ^ input10/X (sky130_fd_sc_hd__clkbuf_2)
     3    0.02                           net10 (net)
                  0.19    0.00    2.30 ^ _148_/A (sky130_fd_sc_hd__nand2_4)
                  0.19    0.25    2.55 v _148_/Y (sky130_fd_sc_hd__nand2_4)
     9    0.04                           _066_ (net)
                  0.19    0.00    2.55 v _161_/S (sky130_fd_sc_hd__mux2_1)
                  0.11    0.77    3.31 v _161_/X (sky130_fd_sc_hd__mux2_1)
     1    0.00                           _073_ (net)
                  0.11    0.00    3.31 v _162_/A (sky130_fd_sc_hd__clkbuf_1)
                  0.05    0.18    3.50 v _162_/X (sky130_fd_sc_hd__clkbuf_1)
     1    0.00                           _059_ (net)
                  0.05    0.00    3.50 v _307_/D (sky130_fd_sc_hd__dfrtp_1)
                                  3.50   data arrival time

                         10.00   10.00   clock clk (rise edge)
                          0.00   10.00   clock source latency
                  0.13    0.08   10.08 ^ clk (in)
     1    0.02                           clk (net)
                  0.13    0.00   10.08 ^ clkbuf_0_clk/A (sky130_fd_sc_hd__clkbuf_16)
                  0.10    0.27   10.35 ^ clkbuf_0_clk/X (sky130_fd_sc_hd__clkbuf_16)
     4    0.04                           clknet_0_clk (net)
                  0.10    0.00   10.35 ^ clkbuf_2_1__f_clk/A (sky130_fd_sc_hd__clkbuf_16)
                  0.08    0.24   10.59 ^ clkbuf_2_1__f_clk/X (sky130_fd_sc_hd__clkbuf_16)
    11    0.03                           clknet_2_1__leaf_clk (net)
                  0.08    0.00   10.59 ^ _307_/CLK (sky130_fd_sc_hd__dfrtp_1)
                         -0.25   10.34   clock uncertainty
                          0.00   10.34   clock reconvergence pessimism
                         -0.26   10.07   library setup time
                                 10.07   data required time
-----------------------------------------------------------------------------
                                 10.07   data required time
                                 -3.50   data arrival time
-----------------------------------------------------------------------------
                                  6.58   slack (MET)


Startpoint: _297_ (rising edge-triggered flip-flop clocked by clk)
Endpoint: _316_ (rising edge-triggered flip-flop clocked by clk)
Path Group: clk
Path Type: max
Corner: Slowest

Fanout     Cap    Slew   Delay    Time   Description
-----------------------------------------------------------------------------
                          0.00    0.00   clock clk (rise edge)
                          0.00    0.00   clock source latency
                  0.13    0.09    0.09 ^ clk (in)
     1    0.02                           clk (net)
                  0.13    0.00    0.09 ^ clkbuf_0_clk/A (sky130_fd_sc_hd__clkbuf_16)
                  0.10    0.29    0.39 ^ clkbuf_0_clk/X (sky130_fd_sc_hd__clkbuf_16)
     4    0.04                           clknet_0_clk (net)
                  0.10    0.00    0.39 ^ clkbuf_2_2__f_clk/A (sky130_fd_sc_hd__clkbuf_16)
                  0.06    0.24    0.63 ^ clkbuf_2_2__f_clk/X (sky130_fd_sc_hd__clkbuf_16)
     6    0.02                           clknet_2_2__leaf_clk (net)
                  0.06    0.00    0.63 ^ _297_/CLK (sky130_fd_sc_hd__dfrtp_4)
                  0.17    1.13    1.75 v _297_/Q (sky130_fd_sc_hd__dfrtp_4)
     8    0.03                           state[1] (net)
                  0.17    0.00    1.75 v _192_/B (sky130_fd_sc_hd__or3_4)
                  0.18    0.90    2.66 v _192_/X (sky130_fd_sc_hd__or3_4)
     7    0.03                           _094_ (net)
                  0.18    0.00    2.66 v _202_/B (sky130_fd_sc_hd__and3_1)
                  0.07    0.41    3.07 v _202_/X (sky130_fd_sc_hd__and3_1)
     1    0.00                           _102_ (net)
                  0.07    0.00    3.07 v _203_/A (sky130_fd_sc_hd__clkbuf_1)
                  0.06    0.18    3.24 v _203_/X (sky130_fd_sc_hd__clkbuf_1)
     1    0.00                           _008_ (net)
                  0.06    0.00    3.24 v _316_/D (sky130_fd_sc_hd__dfrtp_1)
                                  3.24   data arrival time

                         10.00   10.00   clock clk (rise edge)
                          0.00   10.00   clock source latency
                  0.13    0.08   10.08 ^ clk (in)
     1    0.02                           clk (net)
                  0.13    0.00   10.08 ^ clkbuf_0_clk/A (sky130_fd_sc_hd__clkbuf_16)
                  0.10    0.27   10.35 ^ clkbuf_0_clk/X (sky130_fd_sc_hd__clkbuf_16)
     4    0.04                           clknet_0_clk (net)
                  0.10    0.00   10.35 ^ clkbuf_2_0__f_clk/A (sky130_fd_sc_hd__clkbuf_16)
                  0.08    0.23   10.58 ^ clkbuf_2_0__f_clk/X (sky130_fd_sc_hd__clkbuf_16)
     9    0.03                           clknet_2_0__leaf_clk (net)
                  0.08    0.00   10.58 ^ _316_/CLK (sky130_fd_sc_hd__dfrtp_1)
                         -0.25   10.33   clock uncertainty
                          0.04   10.37   clock reconvergence pessimism
                         -0.27   10.10   library setup time
                                 10.10   data required time
-----------------------------------------------------------------------------
                                 10.10   data required time
                                 -3.24   data arrival time
-----------------------------------------------------------------------------
                                  6.86   slack (MET)


Startpoint: _297_ (rising edge-triggered flip-flop clocked by clk)
Endpoint: _317_ (rising edge-triggered flip-flop clocked by clk)
Path Group: clk
Path Type: max
Corner: Slowest

Fanout     Cap    Slew   Delay    Time   Description
-----------------------------------------------------------------------------
                          0.00    0.00   clock clk (rise edge)
                          0.00    0.00   clock source latency
                  0.13    0.09    0.09 ^ clk (in)
     1    0.02                           clk (net)
                  0.13    0.00    0.09 ^ clkbuf_0_clk/A (sky130_fd_sc_hd__clkbuf_16)
                  0.10    0.29    0.39 ^ clkbuf_0_clk/X (sky130_fd_sc_hd__clkbuf_16)
     4    0.04                           clknet_0_clk (net)
                  0.10    0.00    0.39 ^ clkbuf_2_2__f_clk/A (sky130_fd_sc_hd__clkbuf_16)
                  0.06    0.24    0.63 ^ clkbuf_2_2__f_clk/X (sky130_fd_sc_hd__clkbuf_16)
     6    0.02                           clknet_2_2__leaf_clk (net)
                  0.06    0.00    0.63 ^ _297_/CLK (sky130_fd_sc_hd__dfrtp_4)
                  0.17    1.13    1.75 v _297_/Q (sky130_fd_sc_hd__dfrtp_4)
     8    0.03                           state[1] (net)
                  0.17    0.00    1.75 v _192_/B (sky130_fd_sc_hd__or3_4)
                  0.18    0.90    2.66 v _192_/X (sky130_fd_sc_hd__or3_4)
     7    0.03                           _094_ (net)
                  0.18    0.00    2.66 v _205_/B (sky130_fd_sc_hd__and3_1)
                  0.07    0.40    3.06 v _205_/X (sky130_fd_sc_hd__and3_1)
     1    0.00                           _104_ (net)
                  0.07    0.00    3.06 v _206_/A (sky130_fd_sc_hd__clkbuf_1)
                  0.05    0.17    3.24 v _206_/X (sky130_fd_sc_hd__clkbuf_1)
     1    0.00                           _009_ (net)
                  0.05    0.00    3.24 v _317_/D (sky130_fd_sc_hd__dfrtp_1)
                                  3.24   data arrival time

                         10.00   10.00   clock clk (rise edge)
                          0.00   10.00   clock source latency
                  0.13    0.08   10.08 ^ clk (in)
     1    0.02                           clk (net)
                  0.13    0.00   10.08 ^ clkbuf_0_clk/A (sky130_fd_sc_hd__clkbuf_16)
                  0.10    0.27   10.35 ^ clkbuf_0_clk/X (sky130_fd_sc_hd__clkbuf_16)
     4    0.04                           clknet_0_clk (net)
                  0.10    0.00   10.35 ^ clkbuf_2_0__f_clk/A (sky130_fd_sc_hd__clkbuf_16)
                  0.08    0.23   10.58 ^ clkbuf_2_0__f_clk/X (sky130_fd_sc_hd__clkbuf_16)
     9    0.03                           clknet_2_0__leaf_clk (net)
                  0.08    0.00   10.58 ^ _317_/CLK (sky130_fd_sc_hd__dfrtp_1)
                         -0.25   10.33   clock uncertainty
                          0.04   10.37   clock reconvergence pessimism
                         -0.27   10.10   library setup time
                                 10.10   data required time
-----------------------------------------------------------------------------
                                 10.10   data required time
                                 -3.24   data arrival time
-----------------------------------------------------------------------------
                                  6.86   slack (MET)


Startpoint: _297_ (rising edge-triggered flip-flop clocked by clk)
Endpoint: _315_ (rising edge-triggered flip-flop clocked by clk)
Path Group: clk
Path Type: max
Corner: Slowest

Fanout     Cap    Slew   Delay    Time   Description
-----------------------------------------------------------------------------
                          0.00    0.00   clock clk (rise edge)
                          0.00    0.00   clock source latency
                  0.13    0.09    0.09 ^ clk (in)
     1    0.02                           clk (net)
                  0.13    0.00    0.09 ^ clkbuf_0_clk/A (sky130_fd_sc_hd__clkbuf_16)
                  0.10    0.29    0.39 ^ clkbuf_0_clk/X (sky130_fd_sc_hd__clkbuf_16)
     4    0.04                           clknet_0_clk (net)
                  0.10    0.00    0.39 ^ clkbuf_2_2__f_clk/A (sky130_fd_sc_hd__clkbuf_16)
                  0.06    0.24    0.63 ^ clkbuf_2_2__f_clk/X (sky130_fd_sc_hd__clkbuf_16)
     6    0.02                           clknet_2_2__leaf_clk (net)
                  0.06    0.00    0.63 ^ _297_/CLK (sky130_fd_sc_hd__dfrtp_4)
                  0.17    1.13    1.75 v _297_/Q (sky130_fd_sc_hd__dfrtp_4)
     8    0.03                           state[1] (net)
                  0.17    0.00    1.75 v _192_/B (sky130_fd_sc_hd__or3_4)
                  0.18    0.90    2.66 v _192_/X (sky130_fd_sc_hd__or3_4)
     7    0.03                           _094_ (net)
                  0.18    0.00    2.66 v _198_/B (sky130_fd_sc_hd__and3_1)
                  0.07    0.40    3.06 v _198_/X (sky130_fd_sc_hd__and3_1)
     1    0.00                           _099_ (net)
                  0.07    0.00    3.06 v _199_/A (sky130_fd_sc_hd__clkbuf_1)
                  0.04    0.16    3.22 v _199_/X (sky130_fd_sc_hd__clkbuf_1)
     1    0.00                           _007_ (net)
                  0.04    0.00    3.22 v _315_/D (sky130_fd_sc_hd__dfrtp_2)
                                  3.22   data arrival time

                         10.00   10.00   clock clk (rise edge)
                          0.00   10.00   clock source latency
                  0.13    0.08   10.08 ^ clk (in)
     1    0.02                           clk (net)
                  0.13    0.00   10.08 ^ clkbuf_0_clk/A (sky130_fd_sc_hd__clkbuf_16)
                  0.10    0.27   10.35 ^ clkbuf_0_clk/X (sky130_fd_sc_hd__clkbuf_16)
     4    0.04                           clknet_0_clk (net)
                  0.10    0.00   10.35 ^ clkbuf_2_2__f_clk/A (sky130_fd_sc_hd__clkbuf_16)
                  0.06    0.22   10.57 ^ clkbuf_2_2__f_clk/X (sky130_fd_sc_hd__clkbuf_16)
     6    0.02                           clknet_2_2__leaf_clk (net)
                  0.06    0.00   10.57 ^ _315_/CLK (sky130_fd_sc_hd__dfrtp_2)
                         -0.25   10.32   clock uncertainty
                          0.06   10.38   clock reconvergence pessimism
                         -0.27   10.11   library setup time
                                 10.11   data required time
-----------------------------------------------------------------------------
                                 10.11   data required time
                                 -3.22   data arrival time
-----------------------------------------------------------------------------
                                  6.89   slack (MET)


Startpoint: reset (input port clocked by clk)
Endpoint: _304_ (recovery check against rising-edge clock clk)
Path Group: asynchronous
Path Type: max
Corner: Slowest

Fanout     Cap    Slew   Delay    Time   Description
-----------------------------------------------------------------------------
                          0.00    0.00   clock clk (rise edge)
                          0.00    0.00   clock network delay (propagated)
                          2.00    2.00 v input external delay
                  0.02    0.01    2.01 v reset (in)
     1    0.00                           reset (net)
                  0.02    0.00    2.01 v input9/A (sky130_fd_sc_hd__buf_2)
                  0.15    0.33    2.34 v input9/X (sky130_fd_sc_hd__buf_2)
     7    0.03                           net9 (net)
                  0.15    0.00    2.34 v _259_/A (sky130_fd_sc_hd__buf_4)
                  0.15    0.40    2.74 v _259_/X (sky130_fd_sc_hd__buf_4)
    10    0.06                           _143_ (net)
                  0.15    0.00    2.74 v _268_/A (sky130_fd_sc_hd__inv_2)
                  0.05    0.10    2.84 ^ _268_/Y (sky130_fd_sc_hd__inv_2)
     1    0.00                           _045_ (net)
                  0.05    0.00    2.84 ^ _304_/SET_B (sky130_fd_sc_hd__dfstp_1)
                                  2.84   data arrival time

                         10.00   10.00   clock clk (rise edge)
                          0.00   10.00   clock source latency
                  0.13    0.08   10.08 ^ clk (in)
     1    0.02                           clk (net)
                  0.13    0.00   10.08 ^ clkbuf_0_clk/A (sky130_fd_sc_hd__clkbuf_16)
                  0.10    0.27   10.35 ^ clkbuf_0_clk/X (sky130_fd_sc_hd__clkbuf_16)
     4    0.04                           clknet_0_clk (net)
                  0.10    0.00   10.35 ^ clkbuf_2_2__f_clk/A (sky130_fd_sc_hd__clkbuf_16)
                  0.06    0.22   10.57 ^ clkbuf_2_2__f_clk/X (sky130_fd_sc_hd__clkbuf_16)
     6    0.02                           clknet_2_2__leaf_clk (net)
                  0.06    0.00   10.57 ^ _304_/CLK (sky130_fd_sc_hd__dfstp_1)
                         -0.25   10.32   clock uncertainty
                          0.00   10.32   clock reconvergence pessimism
                          0.27   10.59   library recovery time
                                 10.59   data required time
-----------------------------------------------------------------------------
                                 10.59   data required time
                                 -2.84   data arrival time
-----------------------------------------------------------------------------
                                  7.74   slack (MET)


Startpoint: reset (input port clocked by clk)
Endpoint: _296_ (recovery check against rising-edge clock clk)
Path Group: asynchronous
Path Type: max
Corner: Slowest

Fanout     Cap    Slew   Delay    Time   Description
-----------------------------------------------------------------------------
                          0.00    0.00   clock clk (rise edge)
                          0.00    0.00   clock network delay (propagated)
                          2.00    2.00 v input external delay
                  0.02    0.01    2.01 v reset (in)
     1    0.00                           reset (net)
                  0.02    0.00    2.01 v input9/A (sky130_fd_sc_hd__buf_2)
                  0.15    0.33    2.34 v input9/X (sky130_fd_sc_hd__buf_2)
     7    0.03                           net9 (net)
                  0.15    0.00    2.34 v _259_/A (sky130_fd_sc_hd__buf_4)
                  0.15    0.40    2.74 v _259_/X (sky130_fd_sc_hd__buf_4)
    10    0.06                           _143_ (net)
                  0.15    0.00    2.74 v _260_/A (sky130_fd_sc_hd__inv_2)
                  0.05    0.10    2.84 ^ _260_/Y (sky130_fd_sc_hd__inv_2)
     1    0.00                           _037_ (net)
                  0.05    0.00    2.84 ^ _296_/SET_B (sky130_fd_sc_hd__dfstp_1)
                                  2.84   data arrival time

                         10.00   10.00   clock clk (rise edge)
                          0.00   10.00   clock source latency
                  0.13    0.08   10.08 ^ clk (in)
     1    0.02                           clk (net)
                  0.13    0.00   10.08 ^ clkbuf_0_clk/A (sky130_fd_sc_hd__clkbuf_16)
                  0.10    0.27   10.35 ^ clkbuf_0_clk/X (sky130_fd_sc_hd__clkbuf_16)
     4    0.04                           clknet_0_clk (net)
                  0.10    0.00   10.35 ^ clkbuf_2_1__f_clk/A (sky130_fd_sc_hd__clkbuf_16)
                  0.08    0.24   10.59 ^ clkbuf_2_1__f_clk/X (sky130_fd_sc_hd__clkbuf_16)
    11    0.03                           clknet_2_1__leaf_clk (net)
                  0.08    0.00   10.59 ^ _296_/CLK (sky130_fd_sc_hd__dfstp_1)
                         -0.25   10.34   clock uncertainty
                          0.00   10.34   clock reconvergence pessimism
                          0.27   10.61   library recovery time
                                 10.61   data required time
-----------------------------------------------------------------------------
                                 10.61   data required time
                                 -2.84   data arrival time
-----------------------------------------------------------------------------
                                  7.77   slack (MET)


Startpoint: reset (input port clocked by clk)
Endpoint: _315_ (recovery check against rising-edge clock clk)
Path Group: asynchronous
Path Type: max
Corner: Slowest

Fanout     Cap    Slew   Delay    Time   Description
-----------------------------------------------------------------------------
                          0.00    0.00   clock clk (rise edge)
                          0.00    0.00   clock network delay (propagated)
                          2.00    2.00 v input external delay
                  0.02    0.01    2.01 v reset (in)
     1    0.00                           reset (net)
                  0.02    0.00    2.01 v input9/A (sky130_fd_sc_hd__buf_2)
                  0.15    0.33    2.34 v input9/X (sky130_fd_sc_hd__buf_2)
     7    0.03                           net9 (net)
                  0.15    0.00    2.34 v _270_/A (sky130_fd_sc_hd__buf_4)
                  0.15    0.41    2.74 v _270_/X (sky130_fd_sc_hd__buf_4)
    10    0.06                           _144_ (net)
                  0.15    0.00    2.75 v _280_/A (sky130_fd_sc_hd__inv_2)
                  0.06    0.11    2.85 ^ _280_/Y (sky130_fd_sc_hd__inv_2)
     1    0.00                           _022_ (net)
                  0.06    0.00    2.85 ^ _315_/RESET_B (sky130_fd_sc_hd__dfrtp_2)
                                  2.85   data arrival time

                         10.00   10.00   clock clk (rise edge)
                          0.00   10.00   clock source latency
                  0.13    0.08   10.08 ^ clk (in)
     1    0.02                           clk (net)
                  0.13    0.00   10.08 ^ clkbuf_0_clk/A (sky130_fd_sc_hd__clkbuf_16)
                  0.10    0.27   10.35 ^ clkbuf_0_clk/X (sky130_fd_sc_hd__clkbuf_16)
     4    0.04                           clknet_0_clk (net)
                  0.10    0.00   10.35 ^ clkbuf_2_2__f_clk/A (sky130_fd_sc_hd__clkbuf_16)
                  0.06    0.22   10.57 ^ clkbuf_2_2__f_clk/X (sky130_fd_sc_hd__clkbuf_16)
     6    0.02                           clknet_2_2__leaf_clk (net)
                  0.06    0.00   10.57 ^ _315_/CLK (sky130_fd_sc_hd__dfrtp_2)
                         -0.25   10.32   clock uncertainty
                          0.00   10.32   clock reconvergence pessimism
                          0.45   10.76   library recovery time
                                 10.76   data required time
-----------------------------------------------------------------------------
                                 10.76   data required time
                                 -2.85   data arrival time
-----------------------------------------------------------------------------
                                  7.91   slack (MET)


Startpoint: reset (input port clocked by clk)
Endpoint: _297_ (recovery check against rising-edge clock clk)
Path Group: asynchronous
Path Type: max
Corner: Slowest

Fanout     Cap    Slew   Delay    Time   Description
-----------------------------------------------------------------------------
                          0.00    0.00   clock clk (rise edge)
                          0.00    0.00   clock network delay (propagated)
                          2.00    2.00 v input external delay
                  0.02    0.01    2.01 v reset (in)
     1    0.00                           reset (net)
                  0.02    0.00    2.01 v input9/A (sky130_fd_sc_hd__buf_2)
                  0.15    0.33    2.34 v input9/X (sky130_fd_sc_hd__buf_2)
     7    0.03                           net9 (net)
                  0.15    0.00    2.34 v _259_/A (sky130_fd_sc_hd__buf_4)
                  0.15    0.40    2.74 v _259_/X (sky130_fd_sc_hd__buf_4)
    10    0.06                           _143_ (net)
                  0.15    0.00    2.74 v _261_/A (sky130_fd_sc_hd__inv_2)
                  0.05    0.10    2.84 ^ _261_/Y (sky130_fd_sc_hd__inv_2)
     1    0.00                           _038_ (net)
                  0.05    0.00    2.84 ^ _297_/RESET_B (sky130_fd_sc_hd__dfrtp_4)
                                  2.84   data arrival time

                         10.00   10.00   clock clk (rise edge)
                          0.00   10.00   clock source latency
                  0.13    0.08   10.08 ^ clk (in)
     1    0.02                           clk (net)
                  0.13    0.00   10.08 ^ clkbuf_0_clk/A (sky130_fd_sc_hd__clkbuf_16)
                  0.10    0.27   10.35 ^ clkbuf_0_clk/X (sky130_fd_sc_hd__clkbuf_16)
     4    0.04                           clknet_0_clk (net)
                  0.10    0.00   10.35 ^ clkbuf_2_2__f_clk/A (sky130_fd_sc_hd__clkbuf_16)
                  0.06    0.22   10.57 ^ clkbuf_2_2__f_clk/X (sky130_fd_sc_hd__clkbuf_16)
     6    0.02                           clknet_2_2__leaf_clk (net)
                  0.06    0.00   10.57 ^ _297_/CLK (sky130_fd_sc_hd__dfrtp_4)
                         -0.25   10.32   clock uncertainty
                          0.00   10.32   clock reconvergence pessimism
                          0.45   10.77   library recovery time
                                 10.77   data required time
-----------------------------------------------------------------------------
                                 10.77   data required time
                                 -2.84   data arrival time
-----------------------------------------------------------------------------
                                  7.92   slack (MET)


Startpoint: reset (input port clocked by clk)
Endpoint: _314_ (recovery check against rising-edge clock clk)
Path Group: asynchronous
Path Type: max
Corner: Slowest

Fanout     Cap    Slew   Delay    Time   Description
-----------------------------------------------------------------------------
                          0.00    0.00   clock clk (rise edge)
                          0.00    0.00   clock network delay (propagated)
                          2.00    2.00 v input external delay
                  0.02    0.01    2.01 v reset (in)
     1    0.00                           reset (net)
                  0.02    0.00    2.01 v input9/A (sky130_fd_sc_hd__buf_2)
                  0.15    0.33    2.34 v input9/X (sky130_fd_sc_hd__buf_2)
     7    0.03                           net9 (net)
                  0.15    0.00    2.34 v _270_/A (sky130_fd_sc_hd__buf_4)
                  0.15    0.41    2.74 v _270_/X (sky130_fd_sc_hd__buf_4)
    10    0.06                           _144_ (net)
                  0.15    0.00    2.75 v _279_/A (sky130_fd_sc_hd__inv_2)
                  0.06    0.11    2.86 ^ _279_/Y (sky130_fd_sc_hd__inv_2)
     1    0.00                           _021_ (net)
                  0.06    0.00    2.86 ^ _314_/RESET_B (sky130_fd_sc_hd__dfrtp_4)
                                  2.86   data arrival time

                         10.00   10.00   clock clk (rise edge)
                          0.00   10.00   clock source latency
                  0.13    0.08   10.08 ^ clk (in)
     1    0.02                           clk (net)
                  0.13    0.00   10.08 ^ clkbuf_0_clk/A (sky130_fd_sc_hd__clkbuf_16)
                  0.10    0.27   10.35 ^ clkbuf_0_clk/X (sky130_fd_sc_hd__clkbuf_16)
     4    0.04                           clknet_0_clk (net)
                  0.10    0.00   10.35 ^ clkbuf_2_0__f_clk/A (sky130_fd_sc_hd__clkbuf_16)
                  0.08    0.23   10.58 ^ clkbuf_2_0__f_clk/X (sky130_fd_sc_hd__clkbuf_16)
     9    0.03                           clknet_2_0__leaf_clk (net)
                  0.08    0.00   10.58 ^ _314_/CLK (sky130_fd_sc_hd__dfrtp_4)
                         -0.25   10.33   clock uncertainty
                          0.00   10.33   clock reconvergence pessimism
                          0.45   10.78   library recovery time
                                 10.78   data required time
-----------------------------------------------------------------------------
                                 10.78   data required time
                                 -2.86   data arrival time
-----------------------------------------------------------------------------
                                  7.93   slack (MET)


Startpoint: reset (input port clocked by clk)
Endpoint: _322_ (recovery check against rising-edge clock clk)
Path Group: asynchronous
Path Type: max
Corner: Slowest

Fanout     Cap    Slew   Delay    Time   Description
-----------------------------------------------------------------------------
                          0.00    0.00   clock clk (rise edge)
                          0.00    0.00   clock network delay (propagated)
                          2.00    2.00 v input external delay
                  0.02    0.01    2.01 v reset (in)
     1    0.00                           reset (net)
                  0.02    0.00    2.01 v input9/A (sky130_fd_sc_hd__buf_2)
                  0.15    0.33    2.34 v input9/X (sky130_fd_sc_hd__buf_2)
     7    0.03                           net9 (net)
                  0.15    0.00    2.34 v _281_/A (sky130_fd_sc_hd__buf_4)
                  0.15    0.41    2.74 v _281_/X (sky130_fd_sc_hd__buf_4)
    10    0.06                           _145_ (net)
                  0.15    0.00    2.74 v _288_/A (sky130_fd_sc_hd__inv_2)
                  0.06    0.11    2.85 ^ _288_/Y (sky130_fd_sc_hd__inv_2)
     1    0.00                           _029_ (net)
                  0.06    0.00    2.85 ^ _322_/RESET_B (sky130_fd_sc_hd__dfrtp_2)
                                  2.85   data arrival time

                         10.00   10.00   clock clk (rise edge)
                          0.00   10.00   clock source latency
                  0.13    0.08   10.08 ^ clk (in)
     1    0.02                           clk (net)
                  0.13    0.00   10.08 ^ clkbuf_0_clk/A (sky130_fd_sc_hd__clkbuf_16)
                  0.10    0.27   10.35 ^ clkbuf_0_clk/X (sky130_fd_sc_hd__clkbuf_16)
     4    0.04                           clknet_0_clk (net)
                  0.10    0.00   10.35 ^ clkbuf_2_0__f_clk/A (sky130_fd_sc_hd__clkbuf_16)
                  0.08    0.23   10.58 ^ clkbuf_2_0__f_clk/X (sky130_fd_sc_hd__clkbuf_16)
     9    0.03                           clknet_2_0__leaf_clk (net)
                  0.08    0.00   10.58 ^ _322_/CLK (sky130_fd_sc_hd__dfrtp_2)
                         -0.25   10.33   clock uncertainty
                          0.00   10.33   clock reconvergence pessimism
                          0.45   10.78   library recovery time
                                 10.78   data required time
-----------------------------------------------------------------------------
                                 10.78   data required time
                                 -2.85   data arrival time
-----------------------------------------------------------------------------
                                  7.94   slack (MET)


Startpoint: reset (input port clocked by clk)
Endpoint: _301_ (recovery check against rising-edge clock clk)
Path Group: asynchronous
Path Type: max
Corner: Slowest

Fanout     Cap    Slew   Delay    Time   Description
-----------------------------------------------------------------------------
                          0.00    0.00   clock clk (rise edge)
                          0.00    0.00   clock network delay (propagated)
                          2.00    2.00 v input external delay
                  0.02    0.01    2.01 v reset (in)
     1    0.00                           reset (net)
                  0.02    0.00    2.01 v input9/A (sky130_fd_sc_hd__buf_2)
                  0.15    0.33    2.34 v input9/X (sky130_fd_sc_hd__buf_2)
     7    0.03                           net9 (net)
                  0.15    0.00    2.34 v _259_/A (sky130_fd_sc_hd__buf_4)
                  0.15    0.40    2.74 v _259_/X (sky130_fd_sc_hd__buf_4)
    10    0.06                           _143_ (net)
                  0.15    0.00    2.74 v _265_/A (sky130_fd_sc_hd__inv_2)
                  0.06    0.11    2.84 ^ _265_/Y (sky130_fd_sc_hd__inv_2)
     1    0.00                           _042_ (net)
                  0.06    0.00    2.84 ^ _301_/RESET_B (sky130_fd_sc_hd__dfrtp_2)
                                  2.84   data arrival time

                         10.00   10.00   clock clk (rise edge)
                          0.00   10.00   clock source latency
                  0.13    0.08   10.08 ^ clk (in)
     1    0.02                           clk (net)
                  0.13    0.00   10.08 ^ clkbuf_0_clk/A (sky130_fd_sc_hd__clkbuf_16)
                  0.10    0.27   10.35 ^ clkbuf_0_clk/X (sky130_fd_sc_hd__clkbuf_16)
     4    0.04                           clknet_0_clk (net)
                  0.10    0.00   10.35 ^ clkbuf_2_3__f_clk/A (sky130_fd_sc_hd__clkbuf_16)
                  0.07    0.23   10.58 ^ clkbuf_2_3__f_clk/X (sky130_fd_sc_hd__clkbuf_16)
     8    0.02                           clknet_2_3__leaf_clk (net)
                  0.07    0.00   10.58 ^ _301_/CLK (sky130_fd_sc_hd__dfrtp_2)
                         -0.25   10.33   clock uncertainty
                          0.00   10.33   clock reconvergence pessimism
                          0.45   10.78   library recovery time
                                 10.78   data required time
-----------------------------------------------------------------------------
                                 10.78   data required time
                                 -2.84   data arrival time
-----------------------------------------------------------------------------
                                  7.94   slack (MET)


Startpoint: reset (input port clocked by clk)
Endpoint: _300_ (recovery check against rising-edge clock clk)
Path Group: asynchronous
Path Type: max
Corner: Slowest

Fanout     Cap    Slew   Delay    Time   Description
-----------------------------------------------------------------------------
                          0.00    0.00   clock clk (rise edge)
                          0.00    0.00   clock network delay (propagated)
                          2.00    2.00 v input external delay
                  0.02    0.01    2.01 v reset (in)
     1    0.00                           reset (net)
                  0.02    0.00    2.01 v input9/A (sky130_fd_sc_hd__buf_2)
                  0.15    0.33    2.34 v input9/X (sky130_fd_sc_hd__buf_2)
     7    0.03                           net9 (net)
                  0.15    0.00    2.34 v _259_/A (sky130_fd_sc_hd__buf_4)
                  0.15    0.40    2.74 v _259_/X (sky130_fd_sc_hd__buf_4)
    10    0.06                           _143_ (net)
                  0.15    0.00    2.74 v _264_/A (sky130_fd_sc_hd__inv_2)
                  0.05    0.10    2.84 ^ _264_/Y (sky130_fd_sc_hd__inv_2)
     1    0.00                           _041_ (net)
                  0.05    0.00    2.84 ^ _300_/RESET_B (sky130_fd_sc_hd__dfrtp_4)
                                  2.84   data arrival time

                         10.00   10.00   clock clk (rise edge)
                          0.00   10.00   clock source latency
                  0.13    0.08   10.08 ^ clk (in)
     1    0.02                           clk (net)
                  0.13    0.00   10.08 ^ clkbuf_0_clk/A (sky130_fd_sc_hd__clkbuf_16)
                  0.10    0.27   10.35 ^ clkbuf_0_clk/X (sky130_fd_sc_hd__clkbuf_16)
     4    0.04                           clknet_0_clk (net)
                  0.10    0.00   10.35 ^ clkbuf_2_3__f_clk/A (sky130_fd_sc_hd__clkbuf_16)
                  0.07    0.23   10.58 ^ clkbuf_2_3__f_clk/X (sky130_fd_sc_hd__clkbuf_16)
     8    0.02                           clknet_2_3__leaf_clk (net)
                  0.07    0.00   10.58 ^ _300_/CLK (sky130_fd_sc_hd__dfrtp_4)
                         -0.25   10.33   clock uncertainty
                          0.00   10.33   clock reconvergence pessimism
                          0.45   10.78   library recovery time
                                 10.78   data required time
-----------------------------------------------------------------------------
                                 10.78   data required time
                                 -2.84   data arrival time
-----------------------------------------------------------------------------
                                  7.94   slack (MET)


Startpoint: reset (input port clocked by clk)
Endpoint: _303_ (recovery check against rising-edge clock clk)
Path Group: asynchronous
Path Type: max
Corner: Slowest

Fanout     Cap    Slew   Delay    Time   Description
-----------------------------------------------------------------------------
                          0.00    0.00   clock clk (rise edge)
                          0.00    0.00   clock network delay (propagated)
                          2.00    2.00 v input external delay
                  0.02    0.01    2.01 v reset (in)
     1    0.00                           reset (net)
                  0.02    0.00    2.01 v input9/A (sky130_fd_sc_hd__buf_2)
                  0.15    0.33    2.34 v input9/X (sky130_fd_sc_hd__buf_2)
     7    0.03                           net9 (net)
                  0.15    0.00    2.34 v _259_/A (sky130_fd_sc_hd__buf_4)
                  0.15    0.40    2.74 v _259_/X (sky130_fd_sc_hd__buf_4)
    10    0.06                           _143_ (net)
                  0.15    0.00    2.74 v _267_/A (sky130_fd_sc_hd__inv_2)
                  0.06    0.10    2.84 ^ _267_/Y (sky130_fd_sc_hd__inv_2)
     1    0.00                           _044_ (net)
                  0.06    0.00    2.84 ^ _303_/RESET_B (sky130_fd_sc_hd__dfrtp_1)
                                  2.84   data arrival time

                         10.00   10.00   clock clk (rise edge)
                          0.00   10.00   clock source latency
                  0.13    0.08   10.08 ^ clk (in)
     1    0.02                           clk (net)
                  0.13    0.00   10.08 ^ clkbuf_0_clk/A (sky130_fd_sc_hd__clkbuf_16)
                  0.10    0.27   10.35 ^ clkbuf_0_clk/X (sky130_fd_sc_hd__clkbuf_16)
     4    0.04                           clknet_0_clk (net)
                  0.10    0.00   10.35 ^ clkbuf_2_2__f_clk/A (sky130_fd_sc_hd__clkbuf_16)
                  0.06    0.22   10.57 ^ clkbuf_2_2__f_clk/X (sky130_fd_sc_hd__clkbuf_16)
     6    0.02                           clknet_2_2__leaf_clk (net)
                  0.06    0.00   10.57 ^ _303_/CLK (sky130_fd_sc_hd__dfrtp_1)
                         -0.25   10.32   clock uncertainty
                          0.00   10.32   clock reconvergence pessimism
                          0.47   10.78   library recovery time
                                 10.78   data required time
-----------------------------------------------------------------------------
                                 10.78   data required time
                                 -2.84   data arrival time
-----------------------------------------------------------------------------
                                  7.94   slack (MET)


Startpoint: reset (input port clocked by clk)
Endpoint: _299_ (recovery check against rising-edge clock clk)
Path Group: asynchronous
Path Type: max
Corner: Slowest

Fanout     Cap    Slew   Delay    Time   Description
-----------------------------------------------------------------------------
                          0.00    0.00   clock clk (rise edge)
                          0.00    0.00   clock network delay (propagated)
                          2.00    2.00 v input external delay
                  0.02    0.01    2.01 v reset (in)
     1    0.00                           reset (net)
                  0.02    0.00    2.01 v input9/A (sky130_fd_sc_hd__buf_2)
                  0.15    0.33    2.34 v input9/X (sky130_fd_sc_hd__buf_2)
     7    0.03                           net9 (net)
                  0.15    0.00    2.34 v _259_/A (sky130_fd_sc_hd__buf_4)
                  0.15    0.40    2.74 v _259_/X (sky130_fd_sc_hd__buf_4)
    10    0.06                           _143_ (net)
                  0.15    0.00    2.74 v _263_/A (sky130_fd_sc_hd__inv_2)
                  0.05    0.10    2.84 ^ _263_/Y (sky130_fd_sc_hd__inv_2)
     1    0.00                           _040_ (net)
                  0.05    0.00    2.84 ^ _299_/RESET_B (sky130_fd_sc_hd__dfrtp_1)
                                  2.84   data arrival time

                         10.00   10.00   clock clk (rise edge)
                          0.00   10.00   clock source latency
                  0.13    0.08   10.08 ^ clk (in)
     1    0.02                           clk (net)
                  0.13    0.00   10.08 ^ clkbuf_0_clk/A (sky130_fd_sc_hd__clkbuf_16)
                  0.10    0.27   10.35 ^ clkbuf_0_clk/X (sky130_fd_sc_hd__clkbuf_16)
     4    0.04                           clknet_0_clk (net)
                  0.10    0.00   10.35 ^ clkbuf_2_2__f_clk/A (sky130_fd_sc_hd__clkbuf_16)
                  0.06    0.22   10.57 ^ clkbuf_2_2__f_clk/X (sky130_fd_sc_hd__clkbuf_16)
     6    0.02                           clknet_2_2__leaf_clk (net)
                  0.06    0.00   10.57 ^ _299_/CLK (sky130_fd_sc_hd__dfrtp_1)
                         -0.25   10.32   clock uncertainty
                          0.00   10.32   clock reconvergence pessimism
                          0.47   10.78   library recovery time
                                 10.78   data required time
-----------------------------------------------------------------------------
                                 10.78   data required time
                                 -2.84   data arrival time
-----------------------------------------------------------------------------
                                  7.94   slack (MET)


Startpoint: reset (input port clocked by clk)
Endpoint: _305_ (recovery check against rising-edge clock clk)
Path Group: asynchronous
Path Type: max
Corner: Slowest

Fanout     Cap    Slew   Delay    Time   Description
-----------------------------------------------------------------------------
                          0.00    0.00   clock clk (rise edge)
                          0.00    0.00   clock network delay (propagated)
                          2.00    2.00 v input external delay
                  0.02    0.01    2.01 v reset (in)
     1    0.00                           reset (net)
                  0.02    0.00    2.01 v input9/A (sky130_fd_sc_hd__buf_2)
                  0.15    0.33    2.34 v input9/X (sky130_fd_sc_hd__buf_2)
     7    0.03                           net9 (net)
                  0.15    0.00    2.34 v _259_/A (sky130_fd_sc_hd__buf_4)
                  0.15    0.40    2.74 v _259_/X (sky130_fd_sc_hd__buf_4)
    10    0.06                           _143_ (net)
                  0.15    0.00    2.74 v _269_/A (sky130_fd_sc_hd__inv_2)
                  0.05    0.10    2.84 ^ _269_/Y (sky130_fd_sc_hd__inv_2)
     1    0.00                           _046_ (net)
                  0.05    0.00    2.84 ^ _305_/RESET_B (sky130_fd_sc_hd__dfrtp_1)
                                  2.84   data arrival time

                         10.00   10.00   clock clk (rise edge)
                          0.00   10.00   clock source latency
                  0.13    0.08   10.08 ^ clk (in)
     1    0.02                           clk (net)
                  0.13    0.00   10.08 ^ clkbuf_0_clk/A (sky130_fd_sc_hd__clkbuf_16)
                  0.10    0.27   10.35 ^ clkbuf_0_clk/X (sky130_fd_sc_hd__clkbuf_16)
     4    0.04                           clknet_0_clk (net)
                  0.10    0.00   10.35 ^ clkbuf_2_2__f_clk/A (sky130_fd_sc_hd__clkbuf_16)
                  0.06    0.22   10.57 ^ clkbuf_2_2__f_clk/X (sky130_fd_sc_hd__clkbuf_16)
     6    0.02                           clknet_2_2__leaf_clk (net)
                  0.06    0.00   10.57 ^ _305_/CLK (sky130_fd_sc_hd__dfrtp_1)
                         -0.25   10.32   clock uncertainty
                          0.00   10.32   clock reconvergence pessimism
                          0.47   10.78   library recovery time
                                 10.78   data required time
-----------------------------------------------------------------------------
                                 10.78   data required time
                                 -2.84   data arrival time
-----------------------------------------------------------------------------
                                  7.94   slack (MET)


Startpoint: reset (input port clocked by clk)
Endpoint: _312_ (recovery check against rising-edge clock clk)
Path Group: asynchronous
Path Type: max
Corner: Slowest

Fanout     Cap    Slew   Delay    Time   Description
-----------------------------------------------------------------------------
                          0.00    0.00   clock clk (rise edge)
                          0.00    0.00   clock network delay (propagated)
                          2.00    2.00 v input external delay
                  0.02    0.01    2.01 v reset (in)
     1    0.00                           reset (net)
                  0.02    0.00    2.01 v input9/A (sky130_fd_sc_hd__buf_2)
                  0.15    0.33    2.34 v input9/X (sky130_fd_sc_hd__buf_2)
     7    0.03                           net9 (net)
                  0.15    0.00    2.34 v _270_/A (sky130_fd_sc_hd__buf_4)
                  0.15    0.41    2.74 v _270_/X (sky130_fd_sc_hd__buf_4)
    10    0.06                           _144_ (net)
                  0.15    0.00    2.75 v _277_/A (sky130_fd_sc_hd__inv_2)
                  0.06    0.11    2.86 ^ _277_/Y (sky130_fd_sc_hd__inv_2)
     1    0.00                           _053_ (net)
                  0.06    0.00    2.86 ^ _312_/RESET_B (sky130_fd_sc_hd__dfrtp_1)
                                  2.86   data arrival time

                         10.00   10.00   clock clk (rise edge)
                          0.00   10.00   clock source latency
                  0.13    0.08   10.08 ^ clk (in)
     1    0.02                           clk (net)
                  0.13    0.00   10.08 ^ clkbuf_0_clk/A (sky130_fd_sc_hd__clkbuf_16)
                  0.10    0.27   10.35 ^ clkbuf_0_clk/X (sky130_fd_sc_hd__clkbuf_16)
     4    0.04                           clknet_0_clk (net)
                  0.10    0.00   10.35 ^ clkbuf_2_3__f_clk/A (sky130_fd_sc_hd__clkbuf_16)
                  0.07    0.23   10.58 ^ clkbuf_2_3__f_clk/X (sky130_fd_sc_hd__clkbuf_16)
     8    0.02                           clknet_2_3__leaf_clk (net)
                  0.07    0.00   10.58 ^ _312_/CLK (sky130_fd_sc_hd__dfrtp_1)
                         -0.25   10.33   clock uncertainty
                          0.00   10.33   clock reconvergence pessimism
                          0.47   10.80   library recovery time
                                 10.80   data required time
-----------------------------------------------------------------------------
                                 10.80   data required time
                                 -2.86   data arrival time
-----------------------------------------------------------------------------
                                  7.94   slack (MET)


Startpoint: reset (input port clocked by clk)
Endpoint: _313_ (recovery check against rising-edge clock clk)
Path Group: asynchronous
Path Type: max
Corner: Slowest

Fanout     Cap    Slew   Delay    Time   Description
-----------------------------------------------------------------------------
                          0.00    0.00   clock clk (rise edge)
                          0.00    0.00   clock network delay (propagated)
                          2.00    2.00 v input external delay
                  0.02    0.01    2.01 v reset (in)
     1    0.00                           reset (net)
                  0.02    0.00    2.01 v input9/A (sky130_fd_sc_hd__buf_2)
                  0.15    0.33    2.34 v input9/X (sky130_fd_sc_hd__buf_2)
     7    0.03                           net9 (net)
                  0.15    0.00    2.34 v _270_/A (sky130_fd_sc_hd__buf_4)
                  0.15    0.41    2.74 v _270_/X (sky130_fd_sc_hd__buf_4)
    10    0.06                           _144_ (net)
                  0.15    0.00    2.75 v _278_/A (sky130_fd_sc_hd__inv_2)
                  0.06    0.11    2.85 ^ _278_/Y (sky130_fd_sc_hd__inv_2)
     1    0.00                           _020_ (net)
                  0.06    0.00    2.85 ^ _313_/RESET_B (sky130_fd_sc_hd__dfrtp_1)
                                  2.85   data arrival time

                         10.00   10.00   clock clk (rise edge)
                          0.00   10.00   clock source latency
                  0.13    0.08   10.08 ^ clk (in)
     1    0.02                           clk (net)
                  0.13    0.00   10.08 ^ clkbuf_0_clk/A (sky130_fd_sc_hd__clkbuf_16)
                  0.10    0.27   10.35 ^ clkbuf_0_clk/X (sky130_fd_sc_hd__clkbuf_16)
     4    0.04                           clknet_0_clk (net)
                  0.10    0.00   10.35 ^ clkbuf_2_3__f_clk/A (sky130_fd_sc_hd__clkbuf_16)
                  0.07    0.23   10.58 ^ clkbuf_2_3__f_clk/X (sky130_fd_sc_hd__clkbuf_16)
     8    0.02                           clknet_2_3__leaf_clk (net)
                  0.07    0.00   10.58 ^ _313_/CLK (sky130_fd_sc_hd__dfrtp_1)
                         -0.25   10.33   clock uncertainty
                          0.00   10.33   clock reconvergence pessimism
                          0.47   10.80   library recovery time
                                 10.80   data required time
-----------------------------------------------------------------------------
                                 10.80   data required time
                                 -2.85   data arrival time
-----------------------------------------------------------------------------
                                  7.94   slack (MET)


Startpoint: reset (input port clocked by clk)
Endpoint: _317_ (recovery check against rising-edge clock clk)
Path Group: asynchronous
Path Type: max
Corner: Slowest

Fanout     Cap    Slew   Delay    Time   Description
-----------------------------------------------------------------------------
                          0.00    0.00   clock clk (rise edge)
                          0.00    0.00   clock network delay (propagated)
                          2.00    2.00 v input external delay
                  0.02    0.01    2.01 v reset (in)
     1    0.00                           reset (net)
                  0.02    0.00    2.01 v input9/A (sky130_fd_sc_hd__buf_2)
                  0.15    0.33    2.34 v input9/X (sky130_fd_sc_hd__buf_2)
     7    0.03                           net9 (net)
                  0.15    0.00    2.34 v _281_/A (sky130_fd_sc_hd__buf_4)
                  0.15    0.41    2.74 v _281_/X (sky130_fd_sc_hd__buf_4)
    10    0.06                           _145_ (net)
                  0.15    0.00    2.74 v _283_/A (sky130_fd_sc_hd__inv_2)
                  0.06    0.11    2.86 ^ _283_/Y (sky130_fd_sc_hd__inv_2)
     1    0.00                           _024_ (net)
                  0.06    0.00    2.86 ^ _317_/RESET_B (sky130_fd_sc_hd__dfrtp_1)
                                  2.86   data arrival time

                         10.00   10.00   clock clk (rise edge)
                          0.00   10.00   clock source latency
                  0.13    0.08   10.08 ^ clk (in)
     1    0.02                           clk (net)
                  0.13    0.00   10.08 ^ clkbuf_0_clk/A (sky130_fd_sc_hd__clkbuf_16)
                  0.10    0.27   10.35 ^ clkbuf_0_clk/X (sky130_fd_sc_hd__clkbuf_16)
     4    0.04                           clknet_0_clk (net)
                  0.10    0.00   10.35 ^ clkbuf_2_0__f_clk/A (sky130_fd_sc_hd__clkbuf_16)
                  0.08    0.23   10.58 ^ clkbuf_2_0__f_clk/X (sky130_fd_sc_hd__clkbuf_16)
     9    0.03                           clknet_2_0__leaf_clk (net)
                  0.08    0.00   10.58 ^ _317_/CLK (sky130_fd_sc_hd__dfrtp_1)
                         -0.25   10.33   clock uncertainty
                          0.00   10.33   clock reconvergence pessimism
                          0.47   10.80   library recovery time
                                 10.80   data required time
-----------------------------------------------------------------------------
                                 10.80   data required time
                                 -2.86   data arrival time
-----------------------------------------------------------------------------
                                  7.94   slack (MET)


Startpoint: reset (input port clocked by clk)
Endpoint: _311_ (recovery check against rising-edge clock clk)
Path Group: asynchronous
Path Type: max
Corner: Slowest

Fanout     Cap    Slew   Delay    Time   Description
-----------------------------------------------------------------------------
                          0.00    0.00   clock clk (rise edge)
                          0.00    0.00   clock network delay (propagated)
                          2.00    2.00 v input external delay
                  0.02    0.01    2.01 v reset (in)
     1    0.00                           reset (net)
                  0.02    0.00    2.01 v input9/A (sky130_fd_sc_hd__buf_2)
                  0.15    0.33    2.34 v input9/X (sky130_fd_sc_hd__buf_2)
     7    0.03                           net9 (net)
                  0.15    0.00    2.34 v _270_/A (sky130_fd_sc_hd__buf_4)
                  0.15    0.41    2.74 v _270_/X (sky130_fd_sc_hd__buf_4)
    10    0.06                           _144_ (net)
                  0.15    0.00    2.75 v _276_/A (sky130_fd_sc_hd__inv_2)
                  0.06    0.11    2.85 ^ _276_/Y (sky130_fd_sc_hd__inv_2)
     1    0.00                           _052_ (net)
                  0.06    0.00    2.85 ^ _311_/RESET_B (sky130_fd_sc_hd__dfrtp_1)
                                  2.85   data arrival time

                         10.00   10.00   clock clk (rise edge)
                          0.00   10.00   clock source latency
                  0.13    0.08   10.08 ^ clk (in)
     1    0.02                           clk (net)
                  0.13    0.00   10.08 ^ clkbuf_0_clk/A (sky130_fd_sc_hd__clkbuf_16)
                  0.10    0.27   10.35 ^ clkbuf_0_clk/X (sky130_fd_sc_hd__clkbuf_16)
     4    0.04                           clknet_0_clk (net)
                  0.10    0.00   10.35 ^ clkbuf_2_3__f_clk/A (sky130_fd_sc_hd__clkbuf_16)
                  0.07    0.23   10.58 ^ clkbuf_2_3__f_clk/X (sky130_fd_sc_hd__clkbuf_16)
     8    0.02                           clknet_2_3__leaf_clk (net)
                  0.07    0.00   10.58 ^ _311_/CLK (sky130_fd_sc_hd__dfrtp_1)
                         -0.25   10.33   clock uncertainty
                          0.00   10.33   clock reconvergence pessimism
                          0.47   10.80   library recovery time
                                 10.80   data required time
-----------------------------------------------------------------------------
                                 10.80   data required time
                                 -2.85   data arrival time
-----------------------------------------------------------------------------
                                  7.94   slack (MET)


Startpoint: reset (input port clocked by clk)
Endpoint: _310_ (recovery check against rising-edge clock clk)
Path Group: asynchronous
Path Type: max
Corner: Slowest

Fanout     Cap    Slew   Delay    Time   Description
-----------------------------------------------------------------------------
                          0.00    0.00   clock clk (rise edge)
                          0.00    0.00   clock network delay (propagated)
                          2.00    2.00 v input external delay
                  0.02    0.01    2.01 v reset (in)
     1    0.00                           reset (net)
                  0.02    0.00    2.01 v input9/A (sky130_fd_sc_hd__buf_2)
                  0.15    0.33    2.34 v input9/X (sky130_fd_sc_hd__buf_2)
     7    0.03                           net9 (net)
                  0.15    0.00    2.34 v _270_/A (sky130_fd_sc_hd__buf_4)
                  0.15    0.41    2.74 v _270_/X (sky130_fd_sc_hd__buf_4)
    10    0.06                           _144_ (net)
                  0.15    0.00    2.75 v _275_/A (sky130_fd_sc_hd__inv_2)
                  0.06    0.11    2.85 ^ _275_/Y (sky130_fd_sc_hd__inv_2)
     1    0.00                           _051_ (net)
                  0.06    0.00    2.85 ^ _310_/RESET_B (sky130_fd_sc_hd__dfrtp_1)
                                  2.85   data arrival time

                         10.00   10.00   clock clk (rise edge)
                          0.00   10.00   clock source latency
                  0.13    0.08   10.08 ^ clk (in)
     1    0.02                           clk (net)
                  0.13    0.00   10.08 ^ clkbuf_0_clk/A (sky130_fd_sc_hd__clkbuf_16)
                  0.10    0.27   10.35 ^ clkbuf_0_clk/X (sky130_fd_sc_hd__clkbuf_16)
     4    0.04                           clknet_0_clk (net)
                  0.10    0.00   10.35 ^ clkbuf_2_3__f_clk/A (sky130_fd_sc_hd__clkbuf_16)
                  0.07    0.23   10.58 ^ clkbuf_2_3__f_clk/X (sky130_fd_sc_hd__clkbuf_16)
     8    0.02                           clknet_2_3__leaf_clk (net)
                  0.07    0.00   10.58 ^ _310_/CLK (sky130_fd_sc_hd__dfrtp_1)
                         -0.25   10.33   clock uncertainty
                          0.00   10.33   clock reconvergence pessimism
                          0.47   10.80   library recovery time
                                 10.80   data required time
-----------------------------------------------------------------------------
                                 10.80   data required time
                                 -2.85   data arrival time
-----------------------------------------------------------------------------
                                  7.94   slack (MET)


Startpoint: reset (input port clocked by clk)
Endpoint: _309_ (recovery check against rising-edge clock clk)
Path Group: asynchronous
Path Type: max
Corner: Slowest

Fanout     Cap    Slew   Delay    Time   Description
-----------------------------------------------------------------------------
                          0.00    0.00   clock clk (rise edge)
                          0.00    0.00   clock network delay (propagated)
                          2.00    2.00 v input external delay
                  0.02    0.01    2.01 v reset (in)
     1    0.00                           reset (net)
                  0.02    0.00    2.01 v input9/A (sky130_fd_sc_hd__buf_2)
                  0.15    0.33    2.34 v input9/X (sky130_fd_sc_hd__buf_2)
     7    0.03                           net9 (net)
                  0.15    0.00    2.34 v _270_/A (sky130_fd_sc_hd__buf_4)
                  0.15    0.41    2.74 v _270_/X (sky130_fd_sc_hd__buf_4)
    10    0.06                           _144_ (net)
                  0.15    0.00    2.74 v _274_/A (sky130_fd_sc_hd__inv_2)
                  0.06    0.11    2.85 ^ _274_/Y (sky130_fd_sc_hd__inv_2)
     1    0.00                           _050_ (net)
                  0.06    0.00    2.85 ^ _309_/RESET_B (sky130_fd_sc_hd__dfrtp_1)
                                  2.85   data arrival time

                         10.00   10.00   clock clk (rise edge)
                          0.00   10.00   clock source latency
                  0.13    0.08   10.08 ^ clk (in)
     1    0.02                           clk (net)
                  0.13    0.00   10.08 ^ clkbuf_0_clk/A (sky130_fd_sc_hd__clkbuf_16)
                  0.10    0.27   10.35 ^ clkbuf_0_clk/X (sky130_fd_sc_hd__clkbuf_16)
     4    0.04                           clknet_0_clk (net)
                  0.10    0.00   10.35 ^ clkbuf_2_3__f_clk/A (sky130_fd_sc_hd__clkbuf_16)
                  0.07    0.23   10.58 ^ clkbuf_2_3__f_clk/X (sky130_fd_sc_hd__clkbuf_16)
     8    0.02                           clknet_2_3__leaf_clk (net)
                  0.07    0.00   10.58 ^ _309_/CLK (sky130_fd_sc_hd__dfrtp_1)
                         -0.25   10.33   clock uncertainty
                          0.00   10.33   clock reconvergence pessimism
                          0.47   10.80   library recovery time
                                 10.80   data required time
-----------------------------------------------------------------------------
                                 10.80   data required time
                                 -2.85   data arrival time
-----------------------------------------------------------------------------
                                  7.95   slack (MET)


Startpoint: reset (input port clocked by clk)
Endpoint: _316_ (recovery check against rising-edge clock clk)
Path Group: asynchronous
Path Type: max
Corner: Slowest

Fanout     Cap    Slew   Delay    Time   Description
-----------------------------------------------------------------------------
                          0.00    0.00   clock clk (rise edge)
                          0.00    0.00   clock network delay (propagated)
                          2.00    2.00 v input external delay
                  0.02    0.01    2.01 v reset (in)
     1    0.00                           reset (net)
                  0.02    0.00    2.01 v input9/A (sky130_fd_sc_hd__buf_2)
                  0.15    0.33    2.34 v input9/X (sky130_fd_sc_hd__buf_2)
     7    0.03                           net9 (net)
                  0.15    0.00    2.34 v _281_/A (sky130_fd_sc_hd__buf_4)
                  0.15    0.41    2.74 v _281_/X (sky130_fd_sc_hd__buf_4)
    10    0.06                           _145_ (net)
                  0.15    0.00    2.74 v _282_/A (sky130_fd_sc_hd__inv_2)
                  0.06    0.11    2.85 ^ _282_/Y (sky130_fd_sc_hd__inv_2)
     1    0.00                           _023_ (net)
                  0.06    0.00    2.85 ^ _316_/RESET_B (sky130_fd_sc_hd__dfrtp_1)
                                  2.85   data arrival time

                         10.00   10.00   clock clk (rise edge)
                          0.00   10.00   clock source latency
                  0.13    0.08   10.08 ^ clk (in)
     1    0.02                           clk (net)
                  0.13    0.00   10.08 ^ clkbuf_0_clk/A (sky130_fd_sc_hd__clkbuf_16)
                  0.10    0.27   10.35 ^ clkbuf_0_clk/X (sky130_fd_sc_hd__clkbuf_16)
     4    0.04                           clknet_0_clk (net)
                  0.10    0.00   10.35 ^ clkbuf_2_0__f_clk/A (sky130_fd_sc_hd__clkbuf_16)
                  0.08    0.23   10.58 ^ clkbuf_2_0__f_clk/X (sky130_fd_sc_hd__clkbuf_16)
     9    0.03                           clknet_2_0__leaf_clk (net)
                  0.08    0.00   10.58 ^ _316_/CLK (sky130_fd_sc_hd__dfrtp_1)
                         -0.25   10.33   clock uncertainty
                          0.00   10.33   clock reconvergence pessimism
                          0.47   10.80   library recovery time
                                 10.80   data required time
-----------------------------------------------------------------------------
                                 10.80   data required time
                                 -2.85   data arrival time
-----------------------------------------------------------------------------
                                  7.95   slack (MET)


Startpoint: reset (input port clocked by clk)
Endpoint: _306_ (recovery check against rising-edge clock clk)
Path Group: asynchronous
Path Type: max
Corner: Slowest

Fanout     Cap    Slew   Delay    Time   Description
-----------------------------------------------------------------------------
                          0.00    0.00   clock clk (rise edge)
                          0.00    0.00   clock network delay (propagated)
                          2.00    2.00 v input external delay
                  0.02    0.01    2.01 v reset (in)
     1    0.00                           reset (net)
                  0.02    0.00    2.01 v input9/A (sky130_fd_sc_hd__buf_2)
                  0.15    0.33    2.34 v input9/X (sky130_fd_sc_hd__buf_2)
     7    0.03                           net9 (net)
                  0.15    0.00    2.34 v _270_/A (sky130_fd_sc_hd__buf_4)
                  0.15    0.41    2.74 v _270_/X (sky130_fd_sc_hd__buf_4)
    10    0.06                           _144_ (net)
                  0.15    0.00    2.74 v _271_/A (sky130_fd_sc_hd__inv_2)
                  0.06    0.11    2.86 ^ _271_/Y (sky130_fd_sc_hd__inv_2)
     1    0.00                           _047_ (net)
                  0.06    0.00    2.86 ^ _306_/RESET_B (sky130_fd_sc_hd__dfrtp_1)
                                  2.86   data arrival time

                         10.00   10.00   clock clk (rise edge)
                          0.00   10.00   clock source latency
                  0.13    0.08   10.08 ^ clk (in)
     1    0.02                           clk (net)
                  0.13    0.00   10.08 ^ clkbuf_0_clk/A (sky130_fd_sc_hd__clkbuf_16)
                  0.10    0.27   10.35 ^ clkbuf_0_clk/X (sky130_fd_sc_hd__clkbuf_16)
     4    0.04                           clknet_0_clk (net)
                  0.10    0.00   10.35 ^ clkbuf_2_1__f_clk/A (sky130_fd_sc_hd__clkbuf_16)
                  0.08    0.24   10.59 ^ clkbuf_2_1__f_clk/X (sky130_fd_sc_hd__clkbuf_16)
    11    0.03                           clknet_2_1__leaf_clk (net)
                  0.08    0.00   10.59 ^ _306_/CLK (sky130_fd_sc_hd__dfrtp_1)
                         -0.25   10.34   clock uncertainty
                          0.00   10.34   clock reconvergence pessimism
                          0.47   10.81   library recovery time
                                 10.81   data required time
-----------------------------------------------------------------------------
                                 10.81   data required time
                                 -2.86   data arrival time
-----------------------------------------------------------------------------
                                  7.95   slack (MET)


Startpoint: reset (input port clocked by clk)
Endpoint: _321_ (recovery check against rising-edge clock clk)
Path Group: asynchronous
Path Type: max
Corner: Slowest

Fanout     Cap    Slew   Delay    Time   Description
-----------------------------------------------------------------------------
                          0.00    0.00   clock clk (rise edge)
                          0.00    0.00   clock network delay (propagated)
                          2.00    2.00 v input external delay
                  0.02    0.01    2.01 v reset (in)
     1    0.00                           reset (net)
                  0.02    0.00    2.01 v input9/A (sky130_fd_sc_hd__buf_2)
                  0.15    0.33    2.34 v input9/X (sky130_fd_sc_hd__buf_2)
     7    0.03                           net9 (net)
                  0.15    0.00    2.34 v _281_/A (sky130_fd_sc_hd__buf_4)
                  0.15    0.41    2.74 v _281_/X (sky130_fd_sc_hd__buf_4)
    10    0.06                           _145_ (net)
                  0.15    0.00    2.74 v _287_/A (sky130_fd_sc_hd__inv_2)
                  0.06    0.11    2.85 ^ _287_/Y (sky130_fd_sc_hd__inv_2)
     1    0.00                           _028_ (net)
                  0.06    0.00    2.85 ^ _321_/RESET_B (sky130_fd_sc_hd__dfrtp_1)
                                  2.85   data arrival time

                         10.00   10.00   clock clk (rise edge)
                          0.00   10.00   clock source latency
                  0.13    0.08   10.08 ^ clk (in)
     1    0.02                           clk (net)
                  0.13    0.00   10.08 ^ clkbuf_0_clk/A (sky130_fd_sc_hd__clkbuf_16)
                  0.10    0.27   10.35 ^ clkbuf_0_clk/X (sky130_fd_sc_hd__clkbuf_16)
     4    0.04                           clknet_0_clk (net)
                  0.10    0.00   10.35 ^ clkbuf_2_0__f_clk/A (sky130_fd_sc_hd__clkbuf_16)
                  0.08    0.23   10.58 ^ clkbuf_2_0__f_clk/X (sky130_fd_sc_hd__clkbuf_16)
     9    0.03                           clknet_2_0__leaf_clk (net)
                  0.08    0.00   10.58 ^ _321_/CLK (sky130_fd_sc_hd__dfrtp_1)
                         -0.25   10.33   clock uncertainty
                          0.00   10.33   clock reconvergence pessimism
                          0.47   10.80   library recovery time
                                 10.80   data required time
-----------------------------------------------------------------------------
                                 10.80   data required time
                                 -2.85   data arrival time
-----------------------------------------------------------------------------
                                  7.95   slack (MET)


Startpoint: reset (input port clocked by clk)
Endpoint: _319_ (recovery check against rising-edge clock clk)
Path Group: asynchronous
Path Type: max
Corner: Slowest

Fanout     Cap    Slew   Delay    Time   Description
-----------------------------------------------------------------------------
                          0.00    0.00   clock clk (rise edge)
                          0.00    0.00   clock network delay (propagated)
                          2.00    2.00 v input external delay
                  0.02    0.01    2.01 v reset (in)
     1    0.00                           reset (net)
                  0.02    0.00    2.01 v input9/A (sky130_fd_sc_hd__buf_2)
                  0.15    0.33    2.34 v input9/X (sky130_fd_sc_hd__buf_2)
     7    0.03                           net9 (net)
                  0.15    0.00    2.34 v _281_/A (sky130_fd_sc_hd__buf_4)
                  0.15    0.41    2.74 v _281_/X (sky130_fd_sc_hd__buf_4)
    10    0.06                           _145_ (net)
                  0.15    0.00    2.74 v _285_/A (sky130_fd_sc_hd__inv_2)
                  0.06    0.11    2.85 ^ _285_/Y (sky130_fd_sc_hd__inv_2)
     1    0.00                           _026_ (net)
                  0.06    0.00    2.85 ^ _319_/RESET_B (sky130_fd_sc_hd__dfrtp_1)
                                  2.85   data arrival time

                         10.00   10.00   clock clk (rise edge)
                          0.00   10.00   clock source latency
                  0.13    0.08   10.08 ^ clk (in)
     1    0.02                           clk (net)
                  0.13    0.00   10.08 ^ clkbuf_0_clk/A (sky130_fd_sc_hd__clkbuf_16)
                  0.10    0.27   10.35 ^ clkbuf_0_clk/X (sky130_fd_sc_hd__clkbuf_16)
     4    0.04                           clknet_0_clk (net)
                  0.10    0.00   10.35 ^ clkbuf_2_0__f_clk/A (sky130_fd_sc_hd__clkbuf_16)
                  0.08    0.23   10.58 ^ clkbuf_2_0__f_clk/X (sky130_fd_sc_hd__clkbuf_16)
     9    0.03                           clknet_2_0__leaf_clk (net)
                  0.08    0.00   10.58 ^ _319_/CLK (sky130_fd_sc_hd__dfrtp_1)
                         -0.25   10.33   clock uncertainty
                          0.00   10.33   clock reconvergence pessimism
                          0.47   10.80   library recovery time
                                 10.80   data required time
-----------------------------------------------------------------------------
                                 10.80   data required time
                                 -2.85   data arrival time
-----------------------------------------------------------------------------
                                  7.95   slack (MET)


Startpoint: reset (input port clocked by clk)
Endpoint: _320_ (recovery check against rising-edge clock clk)
Path Group: asynchronous
Path Type: max
Corner: Slowest

Fanout     Cap    Slew   Delay    Time   Description
-----------------------------------------------------------------------------
                          0.00    0.00   clock clk (rise edge)
                          0.00    0.00   clock network delay (propagated)
                          2.00    2.00 v input external delay
                  0.02    0.01    2.01 v reset (in)
     1    0.00                           reset (net)
                  0.02    0.00    2.01 v input9/A (sky130_fd_sc_hd__buf_2)
                  0.15    0.33    2.34 v input9/X (sky130_fd_sc_hd__buf_2)
     7    0.03                           net9 (net)
                  0.15    0.00    2.34 v _281_/A (sky130_fd_sc_hd__buf_4)
                  0.15    0.41    2.74 v _281_/X (sky130_fd_sc_hd__buf_4)
    10    0.06                           _145_ (net)
                  0.15    0.00    2.74 v _286_/A (sky130_fd_sc_hd__inv_2)
                  0.05    0.10    2.85 ^ _286_/Y (sky130_fd_sc_hd__inv_2)
     1    0.00                           _027_ (net)
                  0.05    0.00    2.85 ^ _320_/RESET_B (sky130_fd_sc_hd__dfrtp_1)
                                  2.85   data arrival time

                         10.00   10.00   clock clk (rise edge)
                          0.00   10.00   clock source latency
                  0.13    0.08   10.08 ^ clk (in)
     1    0.02                           clk (net)
                  0.13    0.00   10.08 ^ clkbuf_0_clk/A (sky130_fd_sc_hd__clkbuf_16)
                  0.10    0.27   10.35 ^ clkbuf_0_clk/X (sky130_fd_sc_hd__clkbuf_16)
     4    0.04                           clknet_0_clk (net)
                  0.10    0.00   10.35 ^ clkbuf_2_0__f_clk/A (sky130_fd_sc_hd__clkbuf_16)
                  0.08    0.23   10.58 ^ clkbuf_2_0__f_clk/X (sky130_fd_sc_hd__clkbuf_16)
     9    0.03                           clknet_2_0__leaf_clk (net)
                  0.08    0.00   10.58 ^ _320_/CLK (sky130_fd_sc_hd__dfrtp_1)
                         -0.25   10.33   clock uncertainty
                          0.00   10.33   clock reconvergence pessimism
                          0.47   10.80   library recovery time
                                 10.80   data required time
-----------------------------------------------------------------------------
                                 10.80   data required time
                                 -2.85   data arrival time
-----------------------------------------------------------------------------
                                  7.95   slack (MET)


Startpoint: reset (input port clocked by clk)
Endpoint: _324_ (recovery check against rising-edge clock clk)
Path Group: asynchronous
Path Type: max
Corner: Slowest

Fanout     Cap    Slew   Delay    Time   Description
-----------------------------------------------------------------------------
                          0.00    0.00   clock clk (rise edge)
                          0.00    0.00   clock network delay (propagated)
                          2.00    2.00 v input external delay
                  0.02    0.01    2.01 v reset (in)
     1    0.00                           reset (net)
                  0.02    0.00    2.01 v input9/A (sky130_fd_sc_hd__buf_2)
                  0.15    0.33    2.34 v input9/X (sky130_fd_sc_hd__buf_2)
     7    0.03                           net9 (net)
                  0.15    0.00    2.34 v _281_/A (sky130_fd_sc_hd__buf_4)
                  0.15    0.41    2.74 v _281_/X (sky130_fd_sc_hd__buf_4)
    10    0.06                           _145_ (net)
                  0.15    0.00    2.74 v _290_/A (sky130_fd_sc_hd__inv_2)
                  0.06    0.11    2.85 ^ _290_/Y (sky130_fd_sc_hd__inv_2)
     1    0.00                           _031_ (net)
                  0.06    0.00    2.85 ^ _324_/RESET_B (sky130_fd_sc_hd__dfrtp_1)
                                  2.85   data arrival time

                         10.00   10.00   clock clk (rise edge)
                          0.00   10.00   clock source latency
                  0.13    0.08   10.08 ^ clk (in)
     1    0.02                           clk (net)
                  0.13    0.00   10.08 ^ clkbuf_0_clk/A (sky130_fd_sc_hd__clkbuf_16)
                  0.10    0.27   10.35 ^ clkbuf_0_clk/X (sky130_fd_sc_hd__clkbuf_16)
     4    0.04                           clknet_0_clk (net)
                  0.10    0.00   10.35 ^ clkbuf_2_1__f_clk/A (sky130_fd_sc_hd__clkbuf_16)
                  0.08    0.24   10.59 ^ clkbuf_2_1__f_clk/X (sky130_fd_sc_hd__clkbuf_16)
    11    0.03                           clknet_2_1__leaf_clk (net)
                  0.08    0.00   10.59 ^ _324_/CLK (sky130_fd_sc_hd__dfrtp_1)
                         -0.25   10.34   clock uncertainty
                          0.00   10.34   clock reconvergence pessimism
                          0.47   10.81   library recovery time
                                 10.81   data required time
-----------------------------------------------------------------------------
                                 10.81   data required time
                                 -2.85   data arrival time
-----------------------------------------------------------------------------
                                  7.95   slack (MET)


Startpoint: reset (input port clocked by clk)
Endpoint: _318_ (recovery check against rising-edge clock clk)
Path Group: asynchronous
Path Type: max
Corner: Slowest

Fanout     Cap    Slew   Delay    Time   Description
-----------------------------------------------------------------------------
                          0.00    0.00   clock clk (rise edge)
                          0.00    0.00   clock network delay (propagated)
                          2.00    2.00 v input external delay
                  0.02    0.01    2.01 v reset (in)
     1    0.00                           reset (net)
                  0.02    0.00    2.01 v input9/A (sky130_fd_sc_hd__buf_2)
                  0.15    0.33    2.34 v input9/X (sky130_fd_sc_hd__buf_2)
     7    0.03                           net9 (net)
                  0.15    0.00    2.34 v _281_/A (sky130_fd_sc_hd__buf_4)
                  0.15    0.41    2.74 v _281_/X (sky130_fd_sc_hd__buf_4)
    10    0.06                           _145_ (net)
                  0.15    0.00    2.74 v _284_/A (sky130_fd_sc_hd__inv_2)
                  0.05    0.10    2.85 ^ _284_/Y (sky130_fd_sc_hd__inv_2)
     1    0.00                           _025_ (net)
                  0.05    0.00    2.85 ^ _318_/RESET_B (sky130_fd_sc_hd__dfrtp_1)
                                  2.85   data arrival time

                         10.00   10.00   clock clk (rise edge)
                          0.00   10.00   clock source latency
                  0.13    0.08   10.08 ^ clk (in)
     1    0.02                           clk (net)
                  0.13    0.00   10.08 ^ clkbuf_0_clk/A (sky130_fd_sc_hd__clkbuf_16)
                  0.10    0.27   10.35 ^ clkbuf_0_clk/X (sky130_fd_sc_hd__clkbuf_16)
     4    0.04                           clknet_0_clk (net)
                  0.10    0.00   10.35 ^ clkbuf_2_0__f_clk/A (sky130_fd_sc_hd__clkbuf_16)
                  0.08    0.23   10.58 ^ clkbuf_2_0__f_clk/X (sky130_fd_sc_hd__clkbuf_16)
     9    0.03                           clknet_2_0__leaf_clk (net)
                  0.08    0.00   10.58 ^ _318_/CLK (sky130_fd_sc_hd__dfrtp_1)
                         -0.25   10.33   clock uncertainty
                          0.00   10.33   clock reconvergence pessimism
                          0.47   10.80   library recovery time
                                 10.80   data required time
-----------------------------------------------------------------------------
                                 10.80   data required time
                                 -2.85   data arrival time
-----------------------------------------------------------------------------
                                  7.95   slack (MET)


Startpoint: reset (input port clocked by clk)
Endpoint: _307_ (recovery check against rising-edge clock clk)
Path Group: asynchronous
Path Type: max
Corner: Slowest

Fanout     Cap    Slew   Delay    Time   Description
-----------------------------------------------------------------------------
                          0.00    0.00   clock clk (rise edge)
                          0.00    0.00   clock network delay (propagated)
                          2.00    2.00 v input external delay
                  0.02    0.01    2.01 v reset (in)
     1    0.00                           reset (net)
                  0.02    0.00    2.01 v input9/A (sky130_fd_sc_hd__buf_2)
                  0.15    0.33    2.34 v input9/X (sky130_fd_sc_hd__buf_2)
     7    0.03                           net9 (net)
                  0.15    0.00    2.34 v _270_/A (sky130_fd_sc_hd__buf_4)
                  0.15    0.41    2.74 v _270_/X (sky130_fd_sc_hd__buf_4)
    10    0.06                           _144_ (net)
                  0.15    0.00    2.74 v _272_/A (sky130_fd_sc_hd__inv_2)
                  0.06    0.11    2.85 ^ _272_/Y (sky130_fd_sc_hd__inv_2)
     1    0.00                           _048_ (net)
                  0.06    0.00    2.85 ^ _307_/RESET_B (sky130_fd_sc_hd__dfrtp_1)
                                  2.85   data arrival time

                         10.00   10.00   clock clk (rise edge)
                          0.00   10.00   clock source latency
                  0.13    0.08   10.08 ^ clk (in)
     1    0.02                           clk (net)
                  0.13    0.00   10.08 ^ clkbuf_0_clk/A (sky130_fd_sc_hd__clkbuf_16)
                  0.10    0.27   10.35 ^ clkbuf_0_clk/X (sky130_fd_sc_hd__clkbuf_16)
     4    0.04                           clknet_0_clk (net)
                  0.10    0.00   10.35 ^ clkbuf_2_1__f_clk/A (sky130_fd_sc_hd__clkbuf_16)
                  0.08    0.24   10.59 ^ clkbuf_2_1__f_clk/X (sky130_fd_sc_hd__clkbuf_16)
    11    0.03                           clknet_2_1__leaf_clk (net)
                  0.08    0.00   10.59 ^ _307_/CLK (sky130_fd_sc_hd__dfrtp_1)
                         -0.25   10.34   clock uncertainty
                          0.00   10.34   clock reconvergence pessimism
                          0.47   10.81   library recovery time
                                 10.81   data required time
-----------------------------------------------------------------------------
                                 10.81   data required time
                                 -2.85   data arrival time
-----------------------------------------------------------------------------
                                  7.95   slack (MET)


Startpoint: reset (input port clocked by clk)
Endpoint: _298_ (recovery check against rising-edge clock clk)
Path Group: asynchronous
Path Type: max
Corner: Slowest

Fanout     Cap    Slew   Delay    Time   Description
-----------------------------------------------------------------------------
                          0.00    0.00   clock clk (rise edge)
                          0.00    0.00   clock network delay (propagated)
                          2.00    2.00 v input external delay
                  0.02    0.01    2.01 v reset (in)
     1    0.00                           reset (net)
                  0.02    0.00    2.01 v input9/A (sky130_fd_sc_hd__buf_2)
                  0.15    0.33    2.34 v input9/X (sky130_fd_sc_hd__buf_2)
     7    0.03                           net9 (net)
                  0.15    0.00    2.34 v _259_/A (sky130_fd_sc_hd__buf_4)
                  0.15    0.40    2.74 v _259_/X (sky130_fd_sc_hd__buf_4)
    10    0.06                           _143_ (net)
                  0.15    0.00    2.74 v _262_/A (sky130_fd_sc_hd__inv_2)
                  0.06    0.11    2.85 ^ _262_/Y (sky130_fd_sc_hd__inv_2)
     1    0.00                           _039_ (net)
                  0.06    0.00    2.85 ^ _298_/RESET_B (sky130_fd_sc_hd__dfrtp_1)
                                  2.85   data arrival time

                         10.00   10.00   clock clk (rise edge)
                          0.00   10.00   clock source latency
                  0.13    0.08   10.08 ^ clk (in)
     1    0.02                           clk (net)
                  0.13    0.00   10.08 ^ clkbuf_0_clk/A (sky130_fd_sc_hd__clkbuf_16)
                  0.10    0.27   10.35 ^ clkbuf_0_clk/X (sky130_fd_sc_hd__clkbuf_16)
     4    0.04                           clknet_0_clk (net)
                  0.10    0.00   10.35 ^ clkbuf_2_0__f_clk/A (sky130_fd_sc_hd__clkbuf_16)
                  0.08    0.23   10.58 ^ clkbuf_2_0__f_clk/X (sky130_fd_sc_hd__clkbuf_16)
     9    0.03                           clknet_2_0__leaf_clk (net)
                  0.08    0.00   10.58 ^ _298_/CLK (sky130_fd_sc_hd__dfrtp_1)
                         -0.25   10.33   clock uncertainty
                          0.00   10.33   clock reconvergence pessimism
                          0.47   10.80   library recovery time
                                 10.80   data required time
-----------------------------------------------------------------------------
                                 10.80   data required time
                                 -2.85   data arrival time
-----------------------------------------------------------------------------
                                  7.96   slack (MET)


Startpoint: reset (input port clocked by clk)
Endpoint: _302_ (recovery check against rising-edge clock clk)
Path Group: asynchronous
Path Type: max
Corner: Slowest

Fanout     Cap    Slew   Delay    Time   Description
-----------------------------------------------------------------------------
                          0.00    0.00   clock clk (rise edge)
                          0.00    0.00   clock network delay (propagated)
                          2.00    2.00 v input external delay
                  0.02    0.01    2.01 v reset (in)
     1    0.00                           reset (net)
                  0.02    0.00    2.01 v input9/A (sky130_fd_sc_hd__buf_2)
                  0.15    0.33    2.34 v input9/X (sky130_fd_sc_hd__buf_2)
     7    0.03                           net9 (net)
                  0.15    0.00    2.34 v _259_/A (sky130_fd_sc_hd__buf_4)
                  0.15    0.40    2.74 v _259_/X (sky130_fd_sc_hd__buf_4)
    10    0.06                           _143_ (net)
                  0.15    0.00    2.74 v _266_/A (sky130_fd_sc_hd__inv_2)
                  0.05    0.10    2.84 ^ _266_/Y (sky130_fd_sc_hd__inv_2)
     1    0.00                           _043_ (net)
                  0.05    0.00    2.84 ^ _302_/RESET_B (sky130_fd_sc_hd__dfrtp_1)
                                  2.84   data arrival time

                         10.00   10.00   clock clk (rise edge)
                          0.00   10.00   clock source latency
                  0.13    0.08   10.08 ^ clk (in)
     1    0.02                           clk (net)
                  0.13    0.00   10.08 ^ clkbuf_0_clk/A (sky130_fd_sc_hd__clkbuf_16)
                  0.10    0.27   10.35 ^ clkbuf_0_clk/X (sky130_fd_sc_hd__clkbuf_16)
     4    0.04                           clknet_0_clk (net)
                  0.10    0.00   10.35 ^ clkbuf_2_3__f_clk/A (sky130_fd_sc_hd__clkbuf_16)
                  0.07    0.23   10.58 ^ clkbuf_2_3__f_clk/X (sky130_fd_sc_hd__clkbuf_16)
     8    0.02                           clknet_2_3__leaf_clk (net)
                  0.07    0.00   10.58 ^ _302_/CLK (sky130_fd_sc_hd__dfrtp_1)
                         -0.25   10.33   clock uncertainty
                          0.00   10.33   clock reconvergence pessimism
                          0.47   10.80   library recovery time
                                 10.80   data required time
-----------------------------------------------------------------------------
                                 10.80   data required time
                                 -2.84   data arrival time
-----------------------------------------------------------------------------
                                  7.96   slack (MET)


Startpoint: reset (input port clocked by clk)
Endpoint: _308_ (recovery check against rising-edge clock clk)
Path Group: asynchronous
Path Type: max
Corner: Slowest

Fanout     Cap    Slew   Delay    Time   Description
-----------------------------------------------------------------------------
                          0.00    0.00   clock clk (rise edge)
                          0.00    0.00   clock network delay (propagated)
                          2.00    2.00 v input external delay
                  0.02    0.01    2.01 v reset (in)
     1    0.00                           reset (net)
                  0.02    0.00    2.01 v input9/A (sky130_fd_sc_hd__buf_2)
                  0.15    0.33    2.34 v input9/X (sky130_fd_sc_hd__buf_2)
     7    0.03                           net9 (net)
                  0.15    0.00    2.34 v _270_/A (sky130_fd_sc_hd__buf_4)
                  0.15    0.41    2.74 v _270_/X (sky130_fd_sc_hd__buf_4)
    10    0.06                           _144_ (net)
                  0.15    0.00    2.74 v _273_/A (sky130_fd_sc_hd__inv_2)
                  0.06    0.11    2.85 ^ _273_/Y (sky130_fd_sc_hd__inv_2)
     1    0.00                           _049_ (net)
                  0.06    0.00    2.85 ^ _308_/RESET_B (sky130_fd_sc_hd__dfrtp_1)
                                  2.85   data arrival time

                         10.00   10.00   clock clk (rise edge)
                          0.00   10.00   clock source latency
                  0.13    0.08   10.08 ^ clk (in)
     1    0.02                           clk (net)
                  0.13    0.00   10.08 ^ clkbuf_0_clk/A (sky130_fd_sc_hd__clkbuf_16)
                  0.10    0.27   10.35 ^ clkbuf_0_clk/X (sky130_fd_sc_hd__clkbuf_16)
     4    0.04                           clknet_0_clk (net)
                  0.10    0.00   10.35 ^ clkbuf_2_1__f_clk/A (sky130_fd_sc_hd__clkbuf_16)
                  0.08    0.24   10.59 ^ clkbuf_2_1__f_clk/X (sky130_fd_sc_hd__clkbuf_16)
    11    0.03                           clknet_2_1__leaf_clk (net)
                  0.08    0.00   10.59 ^ _308_/CLK (sky130_fd_sc_hd__dfrtp_1)
                         -0.25   10.34   clock uncertainty
                          0.00   10.34   clock reconvergence pessimism
                          0.47   10.81   library recovery time
                                 10.81   data required time
-----------------------------------------------------------------------------
                                 10.81   data required time
                                 -2.85   data arrival time
-----------------------------------------------------------------------------
                                  7.96   slack (MET)


Startpoint: reset (input port clocked by clk)
Endpoint: _325_ (recovery check against rising-edge clock clk)
Path Group: asynchronous
Path Type: max
Corner: Slowest

Fanout     Cap    Slew   Delay    Time   Description
-----------------------------------------------------------------------------
                          0.00    0.00   clock clk (rise edge)
                          0.00    0.00   clock network delay (propagated)
                          2.00    2.00 v input external delay
                  0.02    0.01    2.01 v reset (in)
     1    0.00                           reset (net)
                  0.02    0.00    2.01 v input9/A (sky130_fd_sc_hd__buf_2)
                  0.15    0.33    2.34 v input9/X (sky130_fd_sc_hd__buf_2)
     7    0.03                           net9 (net)
                  0.15    0.00    2.34 v _281_/A (sky130_fd_sc_hd__buf_4)
                  0.15    0.41    2.74 v _281_/X (sky130_fd_sc_hd__buf_4)
    10    0.06                           _145_ (net)
                  0.15    0.00    2.74 v _291_/A (sky130_fd_sc_hd__inv_2)
                  0.06    0.11    2.85 ^ _291_/Y (sky130_fd_sc_hd__inv_2)
     1    0.00                           _032_ (net)
                  0.06    0.00    2.85 ^ _325_/RESET_B (sky130_fd_sc_hd__dfrtp_1)
                                  2.85   data arrival time

                         10.00   10.00   clock clk (rise edge)
                          0.00   10.00   clock source latency
                  0.13    0.08   10.08 ^ clk (in)
     1    0.02                           clk (net)
                  0.13    0.00   10.08 ^ clkbuf_0_clk/A (sky130_fd_sc_hd__clkbuf_16)
                  0.10    0.27   10.35 ^ clkbuf_0_clk/X (sky130_fd_sc_hd__clkbuf_16)
     4    0.04                           clknet_0_clk (net)
                  0.10    0.00   10.35 ^ clkbuf_2_1__f_clk/A (sky130_fd_sc_hd__clkbuf_16)
                  0.08    0.24   10.59 ^ clkbuf_2_1__f_clk/X (sky130_fd_sc_hd__clkbuf_16)
    11    0.03                           clknet_2_1__leaf_clk (net)
                  0.08    0.00   10.59 ^ _325_/CLK (sky130_fd_sc_hd__dfrtp_1)
                         -0.25   10.34   clock uncertainty
                          0.00   10.34   clock reconvergence pessimism
                          0.47   10.81   library recovery time
                                 10.81   data required time
-----------------------------------------------------------------------------
                                 10.81   data required time
                                 -2.85   data arrival time
-----------------------------------------------------------------------------
                                  7.96   slack (MET)


Startpoint: reset (input port clocked by clk)
Endpoint: _323_ (recovery check against rising-edge clock clk)
Path Group: asynchronous
Path Type: max
Corner: Slowest

Fanout     Cap    Slew   Delay    Time   Description
-----------------------------------------------------------------------------
                          0.00    0.00   clock clk (rise edge)
                          0.00    0.00   clock network delay (propagated)
                          2.00    2.00 v input external delay
                  0.02    0.01    2.01 v reset (in)
     1    0.00                           reset (net)
                  0.02    0.00    2.01 v input9/A (sky130_fd_sc_hd__buf_2)
                  0.15    0.33    2.34 v input9/X (sky130_fd_sc_hd__buf_2)
     7    0.03                           net9 (net)
                  0.15    0.00    2.34 v _281_/A (sky130_fd_sc_hd__buf_4)
                  0.15    0.41    2.74 v _281_/X (sky130_fd_sc_hd__buf_4)
    10    0.06                           _145_ (net)
                  0.15    0.00    2.74 v _289_/A (sky130_fd_sc_hd__inv_2)
                  0.05    0.10    2.85 ^ _289_/Y (sky130_fd_sc_hd__inv_2)
     1    0.00                           _030_ (net)
                  0.05    0.00    2.85 ^ _323_/RESET_B (sky130_fd_sc_hd__dfrtp_1)
                                  2.85   data arrival time

                         10.00   10.00   clock clk (rise edge)
                          0.00   10.00   clock source latency
                  0.13    0.08   10.08 ^ clk (in)
     1    0.02                           clk (net)
                  0.13    0.00   10.08 ^ clkbuf_0_clk/A (sky130_fd_sc_hd__clkbuf_16)
                  0.10    0.27   10.35 ^ clkbuf_0_clk/X (sky130_fd_sc_hd__clkbuf_16)
     4    0.04                           clknet_0_clk (net)
                  0.10    0.00   10.35 ^ clkbuf_2_1__f_clk/A (sky130_fd_sc_hd__clkbuf_16)
                  0.08    0.24   10.59 ^ clkbuf_2_1__f_clk/X (sky130_fd_sc_hd__clkbuf_16)
    11    0.03                           clknet_2_1__leaf_clk (net)
                  0.08    0.00   10.59 ^ _323_/CLK (sky130_fd_sc_hd__dfrtp_1)
                         -0.25   10.34   clock uncertainty
                          0.00   10.34   clock reconvergence pessimism
                          0.47   10.81   library recovery time
                                 10.81   data required time
-----------------------------------------------------------------------------
                                 10.81   data required time
                                 -2.85   data arrival time
-----------------------------------------------------------------------------
                                  7.96   slack (MET)


Startpoint: reset (input port clocked by clk)
Endpoint: _328_ (recovery check against rising-edge clock clk)
Path Group: asynchronous
Path Type: max
Corner: Slowest

Fanout     Cap    Slew   Delay    Time   Description
-----------------------------------------------------------------------------
                          0.00    0.00   clock clk (rise edge)
                          0.00    0.00   clock network delay (propagated)
                          2.00    2.00 v input external delay
                  0.02    0.01    2.01 v reset (in)
     1    0.00                           reset (net)
                  0.02    0.00    2.01 v input9/A (sky130_fd_sc_hd__buf_2)
                  0.15    0.33    2.34 v input9/X (sky130_fd_sc_hd__buf_2)
     7    0.03                           net9 (net)
                  0.15    0.00    2.34 v _294_/A (sky130_fd_sc_hd__inv_2)
                  0.06    0.11    2.44 ^ _294_/Y (sky130_fd_sc_hd__inv_2)
     1    0.00                           _035_ (net)
                  0.06    0.00    2.44 ^ _328_/RESET_B (sky130_fd_sc_hd__dfrtp_1)
                                  2.44   data arrival time

                         10.00   10.00   clock clk (rise edge)
                          0.00   10.00   clock source latency
                  0.13    0.08   10.08 ^ clk (in)
     1    0.02                           clk (net)
                  0.13    0.00   10.08 ^ clkbuf_0_clk/A (sky130_fd_sc_hd__clkbuf_16)
                  0.10    0.27   10.35 ^ clkbuf_0_clk/X (sky130_fd_sc_hd__clkbuf_16)
     4    0.04                           clknet_0_clk (net)
                  0.10    0.00   10.35 ^ clkbuf_2_1__f_clk/A (sky130_fd_sc_hd__clkbuf_16)
                  0.08    0.24   10.59 ^ clkbuf_2_1__f_clk/X (sky130_fd_sc_hd__clkbuf_16)
    11    0.03                           clknet_2_1__leaf_clk (net)
                  0.08    0.00   10.59 ^ _328_/CLK (sky130_fd_sc_hd__dfrtp_1)
                         -0.25   10.34   clock uncertainty
                          0.00   10.34   clock reconvergence pessimism
                          0.47   10.81   library recovery time
                                 10.81   data required time
-----------------------------------------------------------------------------
                                 10.81   data required time
                                 -2.44   data arrival time
-----------------------------------------------------------------------------
                                  8.36   slack (MET)


Startpoint: reset (input port clocked by clk)
Endpoint: _329_ (recovery check against rising-edge clock clk)
Path Group: asynchronous
Path Type: max
Corner: Slowest

Fanout     Cap    Slew   Delay    Time   Description
-----------------------------------------------------------------------------
                          0.00    0.00   clock clk (rise edge)
                          0.00    0.00   clock network delay (propagated)
                          2.00    2.00 v input external delay
                  0.02    0.01    2.01 v reset (in)
     1    0.00                           reset (net)
                  0.02    0.00    2.01 v input9/A (sky130_fd_sc_hd__buf_2)
                  0.15    0.33    2.34 v input9/X (sky130_fd_sc_hd__buf_2)
     7    0.03                           net9 (net)
                  0.15    0.00    2.34 v _295_/A (sky130_fd_sc_hd__inv_2)
                  0.06    0.11    2.44 ^ _295_/Y (sky130_fd_sc_hd__inv_2)
     1    0.00                           _036_ (net)
                  0.06    0.00    2.44 ^ _329_/RESET_B (sky130_fd_sc_hd__dfrtp_1)
                                  2.44   data arrival time

                         10.00   10.00   clock clk (rise edge)
                          0.00   10.00   clock source latency
                  0.13    0.08   10.08 ^ clk (in)
     1    0.02                           clk (net)
                  0.13    0.00   10.08 ^ clkbuf_0_clk/A (sky130_fd_sc_hd__clkbuf_16)
                  0.10    0.27   10.35 ^ clkbuf_0_clk/X (sky130_fd_sc_hd__clkbuf_16)
     4    0.04                           clknet_0_clk (net)
                  0.10    0.00   10.35 ^ clkbuf_2_1__f_clk/A (sky130_fd_sc_hd__clkbuf_16)
                  0.08    0.24   10.59 ^ clkbuf_2_1__f_clk/X (sky130_fd_sc_hd__clkbuf_16)
    11    0.03                           clknet_2_1__leaf_clk (net)
                  0.08    0.00   10.59 ^ _329_/CLK (sky130_fd_sc_hd__dfrtp_1)
                         -0.25   10.34   clock uncertainty
                          0.00   10.34   clock reconvergence pessimism
                          0.47   10.81   library recovery time
                                 10.81   data required time
-----------------------------------------------------------------------------
                                 10.81   data required time
                                 -2.44   data arrival time
-----------------------------------------------------------------------------
                                  8.37   slack (MET)


Startpoint: reset (input port clocked by clk)
Endpoint: _326_ (recovery check against rising-edge clock clk)
Path Group: asynchronous
Path Type: max
Corner: Slowest

Fanout     Cap    Slew   Delay    Time   Description
-----------------------------------------------------------------------------
                          0.00    0.00   clock clk (rise edge)
                          0.00    0.00   clock network delay (propagated)
                          2.00    2.00 v input external delay
                  0.02    0.01    2.01 v reset (in)
     1    0.00                           reset (net)
                  0.02    0.00    2.01 v input9/A (sky130_fd_sc_hd__buf_2)
                  0.15    0.33    2.34 v input9/X (sky130_fd_sc_hd__buf_2)
     7    0.03                           net9 (net)
                  0.15    0.00    2.34 v _292_/A (sky130_fd_sc_hd__inv_2)
                  0.06    0.11    2.44 ^ _292_/Y (sky130_fd_sc_hd__inv_2)
     1    0.00                           _033_ (net)
                  0.06    0.00    2.44 ^ _326_/RESET_B (sky130_fd_sc_hd__dfrtp_1)
                                  2.44   data arrival time

                         10.00   10.00   clock clk (rise edge)
                          0.00   10.00   clock source latency
                  0.13    0.08   10.08 ^ clk (in)
     1    0.02                           clk (net)
                  0.13    0.00   10.08 ^ clkbuf_0_clk/A (sky130_fd_sc_hd__clkbuf_16)
                  0.10    0.27   10.35 ^ clkbuf_0_clk/X (sky130_fd_sc_hd__clkbuf_16)
     4    0.04                           clknet_0_clk (net)
                  0.10    0.00   10.35 ^ clkbuf_2_1__f_clk/A (sky130_fd_sc_hd__clkbuf_16)
                  0.08    0.24   10.59 ^ clkbuf_2_1__f_clk/X (sky130_fd_sc_hd__clkbuf_16)
    11    0.03                           clknet_2_1__leaf_clk (net)
                  0.08    0.00   10.59 ^ _326_/CLK (sky130_fd_sc_hd__dfrtp_1)
                         -0.25   10.34   clock uncertainty
                          0.00   10.34   clock reconvergence pessimism
                          0.47   10.81   library recovery time
                                 10.81   data required time
-----------------------------------------------------------------------------
                                 10.81   data required time
                                 -2.44   data arrival time
-----------------------------------------------------------------------------
                                  8.37   slack (MET)


Startpoint: reset (input port clocked by clk)
Endpoint: _327_ (recovery check against rising-edge clock clk)
Path Group: asynchronous
Path Type: max
Corner: Slowest

Fanout     Cap    Slew   Delay    Time   Description
-----------------------------------------------------------------------------
                          0.00    0.00   clock clk (rise edge)
                          0.00    0.00   clock network delay (propagated)
                          2.00    2.00 v input external delay
                  0.02    0.01    2.01 v reset (in)
     1    0.00                           reset (net)
                  0.02    0.00    2.01 v input9/A (sky130_fd_sc_hd__buf_2)
                  0.15    0.33    2.34 v input9/X (sky130_fd_sc_hd__buf_2)
     7    0.03                           net9 (net)
                  0.15    0.00    2.34 v _293_/A (sky130_fd_sc_hd__inv_2)
                  0.06    0.11    2.44 ^ _293_/Y (sky130_fd_sc_hd__inv_2)
     1    0.00                           _034_ (net)
                  0.06    0.00    2.44 ^ _327_/RESET_B (sky130_fd_sc_hd__dfrtp_1)
                                  2.44   data arrival time

                         10.00   10.00   clock clk (rise edge)
                          0.00   10.00   clock source latency
                  0.13    0.08   10.08 ^ clk (in)
     1    0.02                           clk (net)
                  0.13    0.00   10.08 ^ clkbuf_0_clk/A (sky130_fd_sc_hd__clkbuf_16)
                  0.10    0.27   10.35 ^ clkbuf_0_clk/X (sky130_fd_sc_hd__clkbuf_16)
     4    0.04                           clknet_0_clk (net)
                  0.10    0.00   10.35 ^ clkbuf_2_1__f_clk/A (sky130_fd_sc_hd__clkbuf_16)
                  0.08    0.24   10.59 ^ clkbuf_2_1__f_clk/X (sky130_fd_sc_hd__clkbuf_16)
    11    0.03                           clknet_2_1__leaf_clk (net)
                  0.08    0.00   10.59 ^ _327_/CLK (sky130_fd_sc_hd__dfrtp_1)
                         -0.25   10.34   clock uncertainty
                          0.00   10.34   clock reconvergence pessimism
                          0.47   10.81   library recovery time
                                 10.81   data required time
-----------------------------------------------------------------------------
                                 10.81   data required time
                                 -2.44   data arrival time
-----------------------------------------------------------------------------
                                  8.37   slack (MET)



======================= Typical Corner ===================================

Startpoint: _304_ (rising edge-triggered flip-flop clocked by clk)
Endpoint: tx (output port clocked by clk)
Path Group: clk
Path Type: max
Corner: Typical

Fanout     Cap    Slew   Delay    Time   Description
-----------------------------------------------------------------------------
                          0.00    0.00   clock clk (rise edge)
                          0.00    0.00   clock source latency
                  0.08    0.06    0.06 ^ clk (in)
     1    0.02                           clk (net)
                  0.08    0.00    0.06 ^ clkbuf_0_clk/A (sky130_fd_sc_hd__clkbuf_16)
                  0.06    0.17    0.22 ^ clkbuf_0_clk/X (sky130_fd_sc_hd__clkbuf_16)
     4    0.04                           clknet_0_clk (net)
                  0.06    0.00    0.23 ^ clkbuf_2_2__f_clk/A (sky130_fd_sc_hd__clkbuf_16)
                  0.04    0.13    0.36 ^ clkbuf_2_2__f_clk/X (sky130_fd_sc_hd__clkbuf_16)
     6    0.02                           clknet_2_2__leaf_clk (net)
                  0.04    0.00    0.36 ^ _304_/CLK (sky130_fd_sc_hd__dfstp_1)
                  0.07    0.54    0.90 ^ _304_/Q (sky130_fd_sc_hd__dfstp_1)
     1    0.01                           net12 (net)
                  0.07    0.00    0.90 ^ output12/A (sky130_fd_sc_hd__clkbuf_4)
                  0.11    0.20    1.11 ^ output12/X (sky130_fd_sc_hd__clkbuf_4)
     1    0.03                           tx (net)
                  0.11    0.00    1.11 ^ tx (out)
                                  1.11   data arrival time

                         10.00   10.00   clock clk (rise edge)
                          0.00   10.00   clock network delay (propagated)
                         -0.25    9.75   clock uncertainty
                          0.00    9.75   clock reconvergence pessimism
                         -2.00    7.75   output external delay
                                  7.75   data required time
-----------------------------------------------------------------------------
                                  7.75   data required time
                                 -1.11   data arrival time
-----------------------------------------------------------------------------
                                  6.64   slack (MET)


Startpoint: _305_ (rising edge-triggered flip-flop clocked by clk)
Endpoint: busy (output port clocked by clk)
Path Group: clk
Path Type: max
Corner: Typical

Fanout     Cap    Slew   Delay    Time   Description
-----------------------------------------------------------------------------
                          0.00    0.00   clock clk (rise edge)
                          0.00    0.00   clock source latency
                  0.08    0.06    0.06 ^ clk (in)
     1    0.02                           clk (net)
                  0.08    0.00    0.06 ^ clkbuf_0_clk/A (sky130_fd_sc_hd__clkbuf_16)
                  0.06    0.17    0.22 ^ clkbuf_0_clk/X (sky130_fd_sc_hd__clkbuf_16)
     4    0.04                           clknet_0_clk (net)
                  0.06    0.00    0.23 ^ clkbuf_2_2__f_clk/A (sky130_fd_sc_hd__clkbuf_16)
                  0.04    0.13    0.36 ^ clkbuf_2_2__f_clk/X (sky130_fd_sc_hd__clkbuf_16)
     6    0.02                           clknet_2_2__leaf_clk (net)
                  0.04    0.00    0.36 ^ _305_/CLK (sky130_fd_sc_hd__dfrtp_1)
                  0.04    0.37    0.73 v _305_/Q (sky130_fd_sc_hd__dfrtp_1)
     1    0.00                           net11 (net)
                  0.04    0.00    0.73 v output11/A (sky130_fd_sc_hd__clkbuf_4)
                  0.08    0.19    0.93 v output11/X (sky130_fd_sc_hd__clkbuf_4)
     1    0.03                           busy (net)
                  0.08    0.00    0.93 v busy (out)
                                  0.93   data arrival time

                         10.00   10.00   clock clk (rise edge)
                          0.00   10.00   clock network delay (propagated)
                         -0.25    9.75   clock uncertainty
                          0.00    9.75   clock reconvergence pessimism
                         -2.00    7.75   output external delay
                                  7.75   data required time
-----------------------------------------------------------------------------
                                  7.75   data required time
                                 -0.93   data arrival time
-----------------------------------------------------------------------------
                                  6.82   slack (MET)


Startpoint: _326_ (rising edge-triggered flip-flop clocked by clk)
Endpoint: _305_ (rising edge-triggered flip-flop clocked by clk)
Path Group: clk
Path Type: max
Corner: Typical

Fanout     Cap    Slew   Delay    Time   Description
-----------------------------------------------------------------------------
                          0.00    0.00   clock clk (rise edge)
                          0.00    0.00   clock source latency
                  0.08    0.06    0.06 ^ clk (in)
     1    0.02                           clk (net)
                  0.08    0.00    0.06 ^ clkbuf_0_clk/A (sky130_fd_sc_hd__clkbuf_16)
                  0.06    0.17    0.22 ^ clkbuf_0_clk/X (sky130_fd_sc_hd__clkbuf_16)
     4    0.04                           clknet_0_clk (net)
                  0.06    0.00    0.23 ^ clkbuf_2_1__f_clk/A (sky130_fd_sc_hd__clkbuf_16)
                  0.05    0.15    0.37 ^ clkbuf_2_1__f_clk/X (sky130_fd_sc_hd__clkbuf_16)
    11    0.03                           clknet_2_1__leaf_clk (net)
                  0.05    0.00    0.37 ^ _326_/CLK (sky130_fd_sc_hd__dfrtp_1)
                  0.09    0.43    0.81 v _326_/Q (sky130_fd_sc_hd__dfrtp_1)
     6    0.01                           baud_count[12] (net)
                  0.09    0.00    0.81 v _167_/B (sky130_fd_sc_hd__or4_1)
                  0.12    0.58    1.39 v _167_/X (sky130_fd_sc_hd__or4_1)
     2    0.01                           _077_ (net)
                  0.12    0.00    1.39 v _184_/B (sky130_fd_sc_hd__or4_2)
                  0.15    0.78    2.17 v _184_/X (sky130_fd_sc_hd__or4_2)
     6    0.02                           _090_ (net)
                  0.15    0.00    2.17 v _251_/A1 (sky130_fd_sc_hd__mux2_1)
                  0.05    0.34    2.51 v _251_/X (sky130_fd_sc_hd__mux2_1)
     1    0.00                           _137_ (net)
                  0.05    0.00    2.51 v _252_/C (sky130_fd_sc_hd__or3_1)
                  0.07    0.33    2.84 v _252_/X (sky130_fd_sc_hd__or3_1)
     1    0.00                           _138_ (net)
                  0.07    0.00    2.84 v _253_/A (sky130_fd_sc_hd__clkbuf_1)
                  0.03    0.11    2.94 v _253_/X (sky130_fd_sc_hd__clkbuf_1)
     1    0.00                           _146_ (net)
                  0.03    0.00    2.94 v _305_/D (sky130_fd_sc_hd__dfrtp_1)
                                  2.94   data arrival time

                         10.00   10.00   clock clk (rise edge)
                          0.00   10.00   clock source latency
                  0.08    0.05   10.05 ^ clk (in)
     1    0.02                           clk (net)
                  0.08    0.00   10.05 ^ clkbuf_0_clk/A (sky130_fd_sc_hd__clkbuf_16)
                  0.06    0.15   10.20 ^ clkbuf_0_clk/X (sky130_fd_sc_hd__clkbuf_16)
     4    0.04                           clknet_0_clk (net)
                  0.06    0.00   10.20 ^ clkbuf_2_2__f_clk/A (sky130_fd_sc_hd__clkbuf_16)
                  0.04    0.12   10.33 ^ clkbuf_2_2__f_clk/X (sky130_fd_sc_hd__clkbuf_16)
     6    0.02                           clknet_2_2__leaf_clk (net)
                  0.04    0.00   10.33 ^ _305_/CLK (sky130_fd_sc_hd__dfrtp_1)
                         -0.25   10.08   clock uncertainty
                          0.02   10.10   clock reconvergence pessimism
                         -0.11    9.99   library setup time
                                  9.99   data required time
-----------------------------------------------------------------------------
                                  9.99   data required time
                                 -2.94   data arrival time
-----------------------------------------------------------------------------
                                  7.05   slack (MET)


Startpoint: _326_ (rising edge-triggered flip-flop clocked by clk)
Endpoint: _299_ (rising edge-triggered flip-flop clocked by clk)
Path Group: clk
Path Type: max
Corner: Typical

Fanout     Cap    Slew   Delay    Time   Description
-----------------------------------------------------------------------------
                          0.00    0.00   clock clk (rise edge)
                          0.00    0.00   clock source latency
                  0.08    0.06    0.06 ^ clk (in)
     1    0.02                           clk (net)
                  0.08    0.00    0.06 ^ clkbuf_0_clk/A (sky130_fd_sc_hd__clkbuf_16)
                  0.06    0.17    0.22 ^ clkbuf_0_clk/X (sky130_fd_sc_hd__clkbuf_16)
     4    0.04                           clknet_0_clk (net)
                  0.06    0.00    0.23 ^ clkbuf_2_1__f_clk/A (sky130_fd_sc_hd__clkbuf_16)
                  0.05    0.15    0.37 ^ clkbuf_2_1__f_clk/X (sky130_fd_sc_hd__clkbuf_16)
    11    0.03                           clknet_2_1__leaf_clk (net)
                  0.05    0.00    0.37 ^ _326_/CLK (sky130_fd_sc_hd__dfrtp_1)
                  0.09    0.43    0.81 v _326_/Q (sky130_fd_sc_hd__dfrtp_1)
     6    0.01                           baud_count[12] (net)
                  0.09    0.00    0.81 v _167_/B (sky130_fd_sc_hd__or4_1)
                  0.12    0.58    1.39 v _167_/X (sky130_fd_sc_hd__or4_1)
     2    0.01                           _077_ (net)
                  0.12    0.00    1.39 v _184_/B (sky130_fd_sc_hd__or4_2)
                  0.15    0.78    2.17 v _184_/X (sky130_fd_sc_hd__or4_2)
     6    0.02                           _090_ (net)
                  0.15    0.00    2.17 v _186_/C (sky130_fd_sc_hd__or4_1)
                  0.08    0.51    2.68 v _186_/X (sky130_fd_sc_hd__or4_1)
     1    0.00                           _091_ (net)
                  0.08    0.00    2.68 v _187_/B1_N (sky130_fd_sc_hd__a21bo_1)
                  0.03    0.19    2.87 ^ _187_/X (sky130_fd_sc_hd__a21bo_1)
     1    0.00                           _019_ (net)
                  0.03    0.00    2.87 ^ _299_/D (sky130_fd_sc_hd__dfrtp_1)
                                  2.87   data arrival time

                         10.00   10.00   clock clk (rise edge)
                          0.00   10.00   clock source latency
                  0.08    0.05   10.05 ^ clk (in)
     1    0.02                           clk (net)
                  0.08    0.00   10.05 ^ clkbuf_0_clk/A (sky130_fd_sc_hd__clkbuf_16)
                  0.06    0.15   10.20 ^ clkbuf_0_clk/X (sky130_fd_sc_hd__clkbuf_16)
     4    0.04                           clknet_0_clk (net)
                  0.06    0.00   10.20 ^ clkbuf_2_2__f_clk/A (sky130_fd_sc_hd__clkbuf_16)
                  0.04    0.12   10.33 ^ clkbuf_2_2__f_clk/X (sky130_fd_sc_hd__clkbuf_16)
     6    0.02                           clknet_2_2__leaf_clk (net)
                  0.04    0.00   10.33 ^ _299_/CLK (sky130_fd_sc_hd__dfrtp_1)
                         -0.25   10.08   clock uncertainty
                          0.02   10.10   clock reconvergence pessimism
                         -0.06   10.04   library setup time
                                 10.04   data required time
-----------------------------------------------------------------------------
                                 10.04   data required time
                                 -2.87   data arrival time
-----------------------------------------------------------------------------
                                  7.17   slack (MET)


Startpoint: _326_ (rising edge-triggered flip-flop clocked by clk)
Endpoint: _303_ (rising edge-triggered flip-flop clocked by clk)
Path Group: clk
Path Type: max
Corner: Typical

Fanout     Cap    Slew   Delay    Time   Description
-----------------------------------------------------------------------------
                          0.00    0.00   clock clk (rise edge)
                          0.00    0.00   clock source latency
                  0.08    0.06    0.06 ^ clk (in)
     1    0.02                           clk (net)
                  0.08    0.00    0.06 ^ clkbuf_0_clk/A (sky130_fd_sc_hd__clkbuf_16)
                  0.06    0.17    0.22 ^ clkbuf_0_clk/X (sky130_fd_sc_hd__clkbuf_16)
     4    0.04                           clknet_0_clk (net)
                  0.06    0.00    0.23 ^ clkbuf_2_1__f_clk/A (sky130_fd_sc_hd__clkbuf_16)
                  0.05    0.15    0.37 ^ clkbuf_2_1__f_clk/X (sky130_fd_sc_hd__clkbuf_16)
    11    0.03                           clknet_2_1__leaf_clk (net)
                  0.05    0.00    0.37 ^ _326_/CLK (sky130_fd_sc_hd__dfrtp_1)
                  0.09    0.43    0.81 v _326_/Q (sky130_fd_sc_hd__dfrtp_1)
     6    0.01                           baud_count[12] (net)
                  0.09    0.00    0.81 v _167_/B (sky130_fd_sc_hd__or4_1)
                  0.12    0.58    1.39 v _167_/X (sky130_fd_sc_hd__or4_1)
     2    0.01                           _077_ (net)
                  0.12    0.00    1.39 v _170_/B (sky130_fd_sc_hd__nor4_1)
                  0.44    0.46    1.85 ^ _170_/Y (sky130_fd_sc_hd__nor4_1)
     2    0.01                           _080_ (net)
                  0.44    0.00    1.85 ^ max_cap13/A (sky130_fd_sc_hd__buf_1)
                  0.15    0.22    2.07 ^ max_cap13/X (sky130_fd_sc_hd__buf_1)
     3    0.01                           net13 (net)
                  0.15    0.00    2.07 ^ _171_/A1 (sky130_fd_sc_hd__mux2_2)
                  0.10    0.24    2.31 ^ _171_/X (sky130_fd_sc_hd__mux2_2)
     5    0.02                           _081_ (net)
                  0.10    0.00    2.31 ^ _172_/B1_N (sky130_fd_sc_hd__a21bo_1)
                  0.04    0.22    2.53 v _172_/X (sky130_fd_sc_hd__a21bo_1)
     2    0.00                           _082_ (net)
                  0.04    0.00    2.53 v _173_/B (sky130_fd_sc_hd__and2_1)
                  0.03    0.15    2.68 v _173_/X (sky130_fd_sc_hd__and2_1)
     1    0.00                           _083_ (net)
                  0.03    0.00    2.68 v _174_/A (sky130_fd_sc_hd__clkbuf_1)
                  0.03    0.09    2.77 v _174_/X (sky130_fd_sc_hd__clkbuf_1)
     1    0.00                           _057_ (net)
                  0.03    0.00    2.77 v _303_/D (sky130_fd_sc_hd__dfrtp_1)
                                  2.77   data arrival time

                         10.00   10.00   clock clk (rise edge)
                          0.00   10.00   clock source latency
                  0.08    0.05   10.05 ^ clk (in)
     1    0.02                           clk (net)
                  0.08    0.00   10.05 ^ clkbuf_0_clk/A (sky130_fd_sc_hd__clkbuf_16)
                  0.06    0.15   10.20 ^ clkbuf_0_clk/X (sky130_fd_sc_hd__clkbuf_16)
     4    0.04                           clknet_0_clk (net)
                  0.06    0.00   10.20 ^ clkbuf_2_2__f_clk/A (sky130_fd_sc_hd__clkbuf_16)
                  0.04    0.12   10.33 ^ clkbuf_2_2__f_clk/X (sky130_fd_sc_hd__clkbuf_16)
     6    0.02                           clknet_2_2__leaf_clk (net)
                  0.04    0.00   10.33 ^ _303_/CLK (sky130_fd_sc_hd__dfrtp_1)
                         -0.25   10.08   clock uncertainty
                          0.02   10.10   clock reconvergence pessimism
                         -0.11    9.99   library setup time
                                  9.99   data required time
-----------------------------------------------------------------------------
                                  9.99   data required time
                                 -2.77   data arrival time
-----------------------------------------------------------------------------
                                  7.22   slack (MET)


Startpoint: start (input port clocked by clk)
Endpoint: _312_ (rising edge-triggered flip-flop clocked by clk)
Path Group: clk
Path Type: max
Corner: Typical

Fanout     Cap    Slew   Delay    Time   Description
-----------------------------------------------------------------------------
                          0.00    0.00   clock clk (rise edge)
                          0.00    0.00   clock network delay (propagated)
                          2.00    2.00 v input external delay
                  0.01    0.01    2.01 v start (in)
     1    0.00                           start (net)
                  0.01    0.00    2.01 v input10/A (sky130_fd_sc_hd__clkbuf_2)
                  0.09    0.14    2.15 v input10/X (sky130_fd_sc_hd__clkbuf_2)
     3    0.02                           net10 (net)
                  0.09    0.00    2.15 v _148_/A (sky130_fd_sc_hd__nand2_4)
                  0.14    0.15    2.30 ^ _148_/Y (sky130_fd_sc_hd__nand2_4)
     9    0.04                           _066_ (net)
                  0.14    0.00    2.30 ^ _151_/S (sky130_fd_sc_hd__mux2_1)
                  0.06    0.35    2.65 v _151_/X (sky130_fd_sc_hd__mux2_1)
     1    0.00                           _068_ (net)
                  0.06    0.00    2.65 v _152_/A (sky130_fd_sc_hd__clkbuf_1)
                  0.03    0.10    2.75 v _152_/X (sky130_fd_sc_hd__clkbuf_1)
     1    0.00                           _064_ (net)
                  0.03    0.00    2.75 v _312_/D (sky130_fd_sc_hd__dfrtp_1)
                                  2.75   data arrival time

                         10.00   10.00   clock clk (rise edge)
                          0.00   10.00   clock source latency
                  0.08    0.05   10.05 ^ clk (in)
     1    0.02                           clk (net)
                  0.08    0.00   10.05 ^ clkbuf_0_clk/A (sky130_fd_sc_hd__clkbuf_16)
                  0.06    0.15   10.20 ^ clkbuf_0_clk/X (sky130_fd_sc_hd__clkbuf_16)
     4    0.04                           clknet_0_clk (net)
                  0.06    0.00   10.20 ^ clkbuf_2_3__f_clk/A (sky130_fd_sc_hd__clkbuf_16)
                  0.05    0.13   10.33 ^ clkbuf_2_3__f_clk/X (sky130_fd_sc_hd__clkbuf_16)
     8    0.03                           clknet_2_3__leaf_clk (net)
                  0.05    0.00   10.33 ^ _312_/CLK (sky130_fd_sc_hd__dfrtp_1)
                         -0.25   10.08   clock uncertainty
                          0.00   10.08   clock reconvergence pessimism
                         -0.11    9.98   library setup time
                                  9.98   data required time
-----------------------------------------------------------------------------
                                  9.98   data required time
                                 -2.75   data arrival time
-----------------------------------------------------------------------------
                                  7.23   slack (MET)


Startpoint: start (input port clocked by clk)
Endpoint: _311_ (rising edge-triggered flip-flop clocked by clk)
Path Group: clk
Path Type: max
Corner: Typical

Fanout     Cap    Slew   Delay    Time   Description
-----------------------------------------------------------------------------
                          0.00    0.00   clock clk (rise edge)
                          0.00    0.00   clock network delay (propagated)
                          2.00    2.00 v input external delay
                  0.01    0.01    2.01 v start (in)
     1    0.00                           start (net)
                  0.01    0.00    2.01 v input10/A (sky130_fd_sc_hd__clkbuf_2)
                  0.09    0.14    2.15 v input10/X (sky130_fd_sc_hd__clkbuf_2)
     3    0.02                           net10 (net)
                  0.09    0.00    2.15 v _148_/A (sky130_fd_sc_hd__nand2_4)
                  0.14    0.15    2.30 ^ _148_/Y (sky130_fd_sc_hd__nand2_4)
     9    0.04                           _066_ (net)
                  0.14    0.00    2.30 ^ _153_/S (sky130_fd_sc_hd__mux2_1)
                  0.06    0.35    2.65 v _153_/X (sky130_fd_sc_hd__mux2_1)
     1    0.00                           _069_ (net)
                  0.06    0.00    2.65 v _154_/A (sky130_fd_sc_hd__clkbuf_1)
                  0.02    0.09    2.75 v _154_/X (sky130_fd_sc_hd__clkbuf_1)
     1    0.00                           _063_ (net)
                  0.02    0.00    2.75 v _311_/D (sky130_fd_sc_hd__dfrtp_1)
                                  2.75   data arrival time

                         10.00   10.00   clock clk (rise edge)
                          0.00   10.00   clock source latency
                  0.08    0.05   10.05 ^ clk (in)
     1    0.02                           clk (net)
                  0.08    0.00   10.05 ^ clkbuf_0_clk/A (sky130_fd_sc_hd__clkbuf_16)
                  0.06    0.15   10.20 ^ clkbuf_0_clk/X (sky130_fd_sc_hd__clkbuf_16)
     4    0.04                           clknet_0_clk (net)
                  0.06    0.00   10.20 ^ clkbuf_2_3__f_clk/A (sky130_fd_sc_hd__clkbuf_16)
                  0.05    0.13   10.33 ^ clkbuf_2_3__f_clk/X (sky130_fd_sc_hd__clkbuf_16)
     8    0.03                           clknet_2_3__leaf_clk (net)
                  0.05    0.00   10.33 ^ _311_/CLK (sky130_fd_sc_hd__dfrtp_1)
                         -0.25   10.08   clock uncertainty
                          0.00   10.08   clock reconvergence pessimism
                         -0.10    9.98   library setup time
                                  9.98   data required time
-----------------------------------------------------------------------------
                                  9.98   data required time
                                 -2.75   data arrival time
-----------------------------------------------------------------------------
                                  7.23   slack (MET)


Startpoint: _326_ (rising edge-triggered flip-flop clocked by clk)
Endpoint: _297_ (rising edge-triggered flip-flop clocked by clk)
Path Group: clk
Path Type: max
Corner: Typical

Fanout     Cap    Slew   Delay    Time   Description
-----------------------------------------------------------------------------
                          0.00    0.00   clock clk (rise edge)
                          0.00    0.00   clock source latency
                  0.08    0.06    0.06 ^ clk (in)
     1    0.02                           clk (net)
                  0.08    0.00    0.06 ^ clkbuf_0_clk/A (sky130_fd_sc_hd__clkbuf_16)
                  0.06    0.17    0.22 ^ clkbuf_0_clk/X (sky130_fd_sc_hd__clkbuf_16)
     4    0.04                           clknet_0_clk (net)
                  0.06    0.00    0.23 ^ clkbuf_2_1__f_clk/A (sky130_fd_sc_hd__clkbuf_16)
                  0.05    0.15    0.37 ^ clkbuf_2_1__f_clk/X (sky130_fd_sc_hd__clkbuf_16)
    11    0.03                           clknet_2_1__leaf_clk (net)
                  0.05    0.00    0.37 ^ _326_/CLK (sky130_fd_sc_hd__dfrtp_1)
                  0.09    0.43    0.81 v _326_/Q (sky130_fd_sc_hd__dfrtp_1)
     6    0.01                           baud_count[12] (net)
                  0.09    0.00    0.81 v _167_/B (sky130_fd_sc_hd__or4_1)
                  0.12    0.58    1.39 v _167_/X (sky130_fd_sc_hd__or4_1)
     2    0.01                           _077_ (net)
                  0.12    0.00    1.39 v _184_/B (sky130_fd_sc_hd__or4_2)
                  0.15    0.78    2.17 v _184_/X (sky130_fd_sc_hd__or4_2)
     6    0.02                           _090_ (net)
                  0.15    0.00    2.17 v _188_/B (sky130_fd_sc_hd__or3_1)
                  0.06    0.39    2.56 v _188_/X (sky130_fd_sc_hd__or3_1)
     1    0.00                           _092_ (net)
                  0.06    0.00    2.56 v _189_/B1 (sky130_fd_sc_hd__a22o_1)
                  0.04    0.19    2.75 v _189_/X (sky130_fd_sc_hd__a22o_1)
     1    0.00                           _017_ (net)
                  0.04    0.00    2.75 v _297_/D (sky130_fd_sc_hd__dfrtp_4)
                                  2.75   data arrival time

                         10.00   10.00   clock clk (rise edge)
                          0.00   10.00   clock source latency
                  0.08    0.05   10.05 ^ clk (in)
     1    0.02                           clk (net)
                  0.08    0.00   10.05 ^ clkbuf_0_clk/A (sky130_fd_sc_hd__clkbuf_16)
                  0.06    0.15   10.20 ^ clkbuf_0_clk/X (sky130_fd_sc_hd__clkbuf_16)
     4    0.04                           clknet_0_clk (net)
                  0.06    0.00   10.20 ^ clkbuf_2_2__f_clk/A (sky130_fd_sc_hd__clkbuf_16)
                  0.04    0.12   10.33 ^ clkbuf_2_2__f_clk/X (sky130_fd_sc_hd__clkbuf_16)
     6    0.02                           clknet_2_2__leaf_clk (net)
                  0.04    0.00   10.33 ^ _297_/CLK (sky130_fd_sc_hd__dfrtp_4)
                         -0.25   10.08   clock uncertainty
                          0.02   10.10   clock reconvergence pessimism
                         -0.11    9.98   library setup time
                                  9.98   data required time
-----------------------------------------------------------------------------
                                  9.98   data required time
                                 -2.75   data arrival time
-----------------------------------------------------------------------------
                                  7.23   slack (MET)


Startpoint: start (input port clocked by clk)
Endpoint: _310_ (rising edge-triggered flip-flop clocked by clk)
Path Group: clk
Path Type: max
Corner: Typical

Fanout     Cap    Slew   Delay    Time   Description
-----------------------------------------------------------------------------
                          0.00    0.00   clock clk (rise edge)
                          0.00    0.00   clock network delay (propagated)
                          2.00    2.00 v input external delay
                  0.01    0.01    2.01 v start (in)
     1    0.00                           start (net)
                  0.01    0.00    2.01 v input10/A (sky130_fd_sc_hd__clkbuf_2)
                  0.09    0.14    2.15 v input10/X (sky130_fd_sc_hd__clkbuf_2)
     3    0.02                           net10 (net)
                  0.09    0.00    2.15 v _148_/A (sky130_fd_sc_hd__nand2_4)
                  0.14    0.15    2.30 ^ _148_/Y (sky130_fd_sc_hd__nand2_4)
     9    0.04                           _066_ (net)
                  0.14    0.00    2.30 ^ _155_/S (sky130_fd_sc_hd__mux2_1)
                  0.05    0.34    2.64 v _155_/X (sky130_fd_sc_hd__mux2_1)
     1    0.00                           _070_ (net)
                  0.05    0.00    2.64 v _156_/A (sky130_fd_sc_hd__clkbuf_1)
                  0.03    0.10    2.74 v _156_/X (sky130_fd_sc_hd__clkbuf_1)
     1    0.00                           _062_ (net)
                  0.03    0.00    2.74 v _310_/D (sky130_fd_sc_hd__dfrtp_1)
                                  2.74   data arrival time

                         10.00   10.00   clock clk (rise edge)
                          0.00   10.00   clock source latency
                  0.08    0.05   10.05 ^ clk (in)
     1    0.02                           clk (net)
                  0.08    0.00   10.05 ^ clkbuf_0_clk/A (sky130_fd_sc_hd__clkbuf_16)
                  0.06    0.15   10.20 ^ clkbuf_0_clk/X (sky130_fd_sc_hd__clkbuf_16)
     4    0.04                           clknet_0_clk (net)
                  0.06    0.00   10.20 ^ clkbuf_2_3__f_clk/A (sky130_fd_sc_hd__clkbuf_16)
                  0.05    0.13   10.33 ^ clkbuf_2_3__f_clk/X (sky130_fd_sc_hd__clkbuf_16)
     8    0.03                           clknet_2_3__leaf_clk (net)
                  0.05    0.00   10.33 ^ _310_/CLK (sky130_fd_sc_hd__dfrtp_1)
                         -0.25   10.08   clock uncertainty
                          0.00   10.08   clock reconvergence pessimism
                         -0.11    9.98   library setup time
                                  9.98   data required time
-----------------------------------------------------------------------------
                                  9.98   data required time
                                 -2.74   data arrival time
-----------------------------------------------------------------------------
                                  7.24   slack (MET)


Startpoint: start (input port clocked by clk)
Endpoint: _306_ (rising edge-triggered flip-flop clocked by clk)
Path Group: clk
Path Type: max
Corner: Typical

Fanout     Cap    Slew   Delay    Time   Description
-----------------------------------------------------------------------------
                          0.00    0.00   clock clk (rise edge)
                          0.00    0.00   clock network delay (propagated)
                          2.00    2.00 v input external delay
                  0.01    0.01    2.01 v start (in)
     1    0.00                           start (net)
                  0.01    0.00    2.01 v input10/A (sky130_fd_sc_hd__clkbuf_2)
                  0.09    0.14    2.15 v input10/X (sky130_fd_sc_hd__clkbuf_2)
     3    0.02                           net10 (net)
                  0.09    0.00    2.15 v _148_/A (sky130_fd_sc_hd__nand2_4)
                  0.14    0.15    2.30 ^ _148_/Y (sky130_fd_sc_hd__nand2_4)
     9    0.04                           _066_ (net)
                  0.14    0.00    2.30 ^ _163_/S (sky130_fd_sc_hd__mux2_1)
                  0.05    0.35    2.65 v _163_/X (sky130_fd_sc_hd__mux2_1)
     1    0.00                           _074_ (net)
                  0.05    0.00    2.65 v _164_/A (sky130_fd_sc_hd__clkbuf_1)
                  0.03    0.10    2.75 v _164_/X (sky130_fd_sc_hd__clkbuf_1)
     1    0.00                           _058_ (net)
                  0.03    0.00    2.75 v _306_/D (sky130_fd_sc_hd__dfrtp_1)
                                  2.75   data arrival time

                         10.00   10.00   clock clk (rise edge)
                          0.00   10.00   clock source latency
                  0.08    0.05   10.05 ^ clk (in)
     1    0.02                           clk (net)
                  0.08    0.00   10.05 ^ clkbuf_0_clk/A (sky130_fd_sc_hd__clkbuf_16)
                  0.06    0.15   10.20 ^ clkbuf_0_clk/X (sky130_fd_sc_hd__clkbuf_16)
     4    0.04                           clknet_0_clk (net)
                  0.06    0.00   10.20 ^ clkbuf_2_1__f_clk/A (sky130_fd_sc_hd__clkbuf_16)
                  0.05    0.13   10.34 ^ clkbuf_2_1__f_clk/X (sky130_fd_sc_hd__clkbuf_16)
    11    0.03                           clknet_2_1__leaf_clk (net)
                  0.05    0.00   10.34 ^ _306_/CLK (sky130_fd_sc_hd__dfrtp_1)
                         -0.25   10.09   clock uncertainty
                          0.00   10.09   clock reconvergence pessimism
                         -0.11    9.98   library setup time
                                  9.98   data required time
-----------------------------------------------------------------------------
                                  9.98   data required time
                                 -2.75   data arrival time
-----------------------------------------------------------------------------
                                  7.24   slack (MET)


Startpoint: _326_ (rising edge-triggered flip-flop clocked by clk)
Endpoint: _302_ (rising edge-triggered flip-flop clocked by clk)
Path Group: clk
Path Type: max
Corner: Typical

Fanout     Cap    Slew   Delay    Time   Description
-----------------------------------------------------------------------------
                          0.00    0.00   clock clk (rise edge)
                          0.00    0.00   clock source latency
                  0.08    0.06    0.06 ^ clk (in)
     1    0.02                           clk (net)
                  0.08    0.00    0.06 ^ clkbuf_0_clk/A (sky130_fd_sc_hd__clkbuf_16)
                  0.06    0.17    0.22 ^ clkbuf_0_clk/X (sky130_fd_sc_hd__clkbuf_16)
     4    0.04                           clknet_0_clk (net)
                  0.06    0.00    0.23 ^ clkbuf_2_1__f_clk/A (sky130_fd_sc_hd__clkbuf_16)
                  0.05    0.15    0.37 ^ clkbuf_2_1__f_clk/X (sky130_fd_sc_hd__clkbuf_16)
    11    0.03                           clknet_2_1__leaf_clk (net)
                  0.05    0.00    0.37 ^ _326_/CLK (sky130_fd_sc_hd__dfrtp_1)
                  0.09    0.43    0.81 v _326_/Q (sky130_fd_sc_hd__dfrtp_1)
     6    0.01                           baud_count[12] (net)
                  0.09    0.00    0.81 v _167_/B (sky130_fd_sc_hd__or4_1)
                  0.12    0.58    1.39 v _167_/X (sky130_fd_sc_hd__or4_1)
     2    0.01                           _077_ (net)
                  0.12    0.00    1.39 v _170_/B (sky130_fd_sc_hd__nor4_1)
                  0.44    0.46    1.85 ^ _170_/Y (sky130_fd_sc_hd__nor4_1)
     2    0.01                           _080_ (net)
                  0.44    0.00    1.85 ^ max_cap13/A (sky130_fd_sc_hd__buf_1)
                  0.15    0.22    2.07 ^ max_cap13/X (sky130_fd_sc_hd__buf_1)
     3    0.01                           net13 (net)
                  0.15    0.00    2.07 ^ _171_/A1 (sky130_fd_sc_hd__mux2_2)
                  0.10    0.24    2.31 ^ _171_/X (sky130_fd_sc_hd__mux2_2)
     5    0.02                           _081_ (net)
                  0.10    0.00    2.31 ^ _172_/B1_N (sky130_fd_sc_hd__a21bo_1)
                  0.04    0.22    2.53 v _172_/X (sky130_fd_sc_hd__a21bo_1)
     2    0.00                           _082_ (net)
                  0.04    0.00    2.53 v _176_/A (sky130_fd_sc_hd__and2_1)
                  0.04    0.14    2.67 v _176_/X (sky130_fd_sc_hd__and2_1)
     1    0.00                           _085_ (net)
                  0.04    0.00    2.67 v _177_/A (sky130_fd_sc_hd__clkbuf_1)
                  0.03    0.09    2.76 v _177_/X (sky130_fd_sc_hd__clkbuf_1)
     1    0.00                           _056_ (net)
                  0.03    0.00    2.76 v _302_/D (sky130_fd_sc_hd__dfrtp_1)
                                  2.76   data arrival time

                         10.00   10.00   clock clk (rise edge)
                          0.00   10.00   clock source latency
                  0.08    0.05   10.05 ^ clk (in)
     1    0.02                           clk (net)
                  0.08    0.00   10.05 ^ clkbuf_0_clk/A (sky130_fd_sc_hd__clkbuf_16)
                  0.06    0.15   10.20 ^ clkbuf_0_clk/X (sky130_fd_sc_hd__clkbuf_16)
     4    0.04                           clknet_0_clk (net)
                  0.06    0.00   10.20 ^ clkbuf_2_3__f_clk/A (sky130_fd_sc_hd__clkbuf_16)
                  0.05    0.13   10.33 ^ clkbuf_2_3__f_clk/X (sky130_fd_sc_hd__clkbuf_16)
     8    0.03                           clknet_2_3__leaf_clk (net)
                  0.05    0.00   10.33 ^ _302_/CLK (sky130_fd_sc_hd__dfrtp_1)
                         -0.25   10.08   clock uncertainty
                          0.02   10.11   clock reconvergence pessimism
                         -0.11   10.00   library setup time
                                 10.00   data required time
-----------------------------------------------------------------------------
                                 10.00   data required time
                                 -2.76   data arrival time
-----------------------------------------------------------------------------
                                  7.24   slack (MET)


Startpoint: start (input port clocked by clk)
Endpoint: _309_ (rising edge-triggered flip-flop clocked by clk)
Path Group: clk
Path Type: max
Corner: Typical

Fanout     Cap    Slew   Delay    Time   Description
-----------------------------------------------------------------------------
                          0.00    0.00   clock clk (rise edge)
                          0.00    0.00   clock network delay (propagated)
                          2.00    2.00 v input external delay
                  0.01    0.01    2.01 v start (in)
     1    0.00                           start (net)
                  0.01    0.00    2.01 v input10/A (sky130_fd_sc_hd__clkbuf_2)
                  0.09    0.14    2.15 v input10/X (sky130_fd_sc_hd__clkbuf_2)
     3    0.02                           net10 (net)
                  0.09    0.00    2.15 v _148_/A (sky130_fd_sc_hd__nand2_4)
                  0.14    0.15    2.30 ^ _148_/Y (sky130_fd_sc_hd__nand2_4)
     9    0.04                           _066_ (net)
                  0.14    0.00    2.30 ^ _157_/S (sky130_fd_sc_hd__mux2_1)
                  0.05    0.35    2.65 v _157_/X (sky130_fd_sc_hd__mux2_1)
     1    0.00                           _071_ (net)
                  0.05    0.00    2.65 v _158_/A (sky130_fd_sc_hd__clkbuf_1)
                  0.02    0.09    2.74 v _158_/X (sky130_fd_sc_hd__clkbuf_1)
     1    0.00                           _061_ (net)
                  0.02    0.00    2.74 v _309_/D (sky130_fd_sc_hd__dfrtp_1)
                                  2.74   data arrival time

                         10.00   10.00   clock clk (rise edge)
                          0.00   10.00   clock source latency
                  0.08    0.05   10.05 ^ clk (in)
     1    0.02                           clk (net)
                  0.08    0.00   10.05 ^ clkbuf_0_clk/A (sky130_fd_sc_hd__clkbuf_16)
                  0.06    0.15   10.20 ^ clkbuf_0_clk/X (sky130_fd_sc_hd__clkbuf_16)
     4    0.04                           clknet_0_clk (net)
                  0.06    0.00   10.20 ^ clkbuf_2_3__f_clk/A (sky130_fd_sc_hd__clkbuf_16)
                  0.05    0.13   10.33 ^ clkbuf_2_3__f_clk/X (sky130_fd_sc_hd__clkbuf_16)
     8    0.03                           clknet_2_3__leaf_clk (net)
                  0.05    0.00   10.33 ^ _309_/CLK (sky130_fd_sc_hd__dfrtp_1)
                         -0.25   10.08   clock uncertainty
                          0.00   10.08   clock reconvergence pessimism
                         -0.10    9.98   library setup time
                                  9.98   data required time
-----------------------------------------------------------------------------
                                  9.98   data required time
                                 -2.74   data arrival time
-----------------------------------------------------------------------------
                                  7.24   slack (MET)


Startpoint: start (input port clocked by clk)
Endpoint: _313_ (rising edge-triggered flip-flop clocked by clk)
Path Group: clk
Path Type: max
Corner: Typical

Fanout     Cap    Slew   Delay    Time   Description
-----------------------------------------------------------------------------
                          0.00    0.00   clock clk (rise edge)
                          0.00    0.00   clock network delay (propagated)
                          2.00    2.00 v input external delay
                  0.01    0.01    2.01 v start (in)
     1    0.00                           start (net)
                  0.01    0.00    2.01 v input10/A (sky130_fd_sc_hd__clkbuf_2)
                  0.09    0.14    2.15 v input10/X (sky130_fd_sc_hd__clkbuf_2)
     3    0.02                           net10 (net)
                  0.09    0.00    2.15 v _148_/A (sky130_fd_sc_hd__nand2_4)
                  0.14    0.15    2.30 ^ _148_/Y (sky130_fd_sc_hd__nand2_4)
     9    0.04                           _066_ (net)
                  0.14    0.00    2.30 ^ _149_/S (sky130_fd_sc_hd__mux2_1)
                  0.05    0.34    2.64 v _149_/X (sky130_fd_sc_hd__mux2_1)
     1    0.00                           _067_ (net)
                  0.05    0.00    2.64 v _150_/A (sky130_fd_sc_hd__clkbuf_1)
                  0.02    0.09    2.74 v _150_/X (sky130_fd_sc_hd__clkbuf_1)
     1    0.00                           _065_ (net)
                  0.02    0.00    2.74 v _313_/D (sky130_fd_sc_hd__dfrtp_1)
                                  2.74   data arrival time

                         10.00   10.00   clock clk (rise edge)
                          0.00   10.00   clock source latency
                  0.08    0.05   10.05 ^ clk (in)
     1    0.02                           clk (net)
                  0.08    0.00   10.05 ^ clkbuf_0_clk/A (sky130_fd_sc_hd__clkbuf_16)
                  0.06    0.15   10.20 ^ clkbuf_0_clk/X (sky130_fd_sc_hd__clkbuf_16)
     4    0.04                           clknet_0_clk (net)
                  0.06    0.00   10.20 ^ clkbuf_2_3__f_clk/A (sky130_fd_sc_hd__clkbuf_16)
                  0.05    0.13   10.33 ^ clkbuf_2_3__f_clk/X (sky130_fd_sc_hd__clkbuf_16)
     8    0.03                           clknet_2_3__leaf_clk (net)
                  0.05    0.00   10.33 ^ _313_/CLK (sky130_fd_sc_hd__dfrtp_1)
                         -0.25   10.08   clock uncertainty
                          0.00   10.08   clock reconvergence pessimism
                         -0.11    9.98   library setup time
                                  9.98   data required time
-----------------------------------------------------------------------------
                                  9.98   data required time
                                 -2.74   data arrival time
-----------------------------------------------------------------------------
                                  7.24   slack (MET)


Startpoint: start (input port clocked by clk)
Endpoint: _308_ (rising edge-triggered flip-flop clocked by clk)
Path Group: clk
Path Type: max
Corner: Typical

Fanout     Cap    Slew   Delay    Time   Description
-----------------------------------------------------------------------------
                          0.00    0.00   clock clk (rise edge)
                          0.00    0.00   clock network delay (propagated)
                          2.00    2.00 v input external delay
                  0.01    0.01    2.01 v start (in)
     1    0.00                           start (net)
                  0.01    0.00    2.01 v input10/A (sky130_fd_sc_hd__clkbuf_2)
                  0.09    0.14    2.15 v input10/X (sky130_fd_sc_hd__clkbuf_2)
     3    0.02                           net10 (net)
                  0.09    0.00    2.15 v _148_/A (sky130_fd_sc_hd__nand2_4)
                  0.14    0.15    2.30 ^ _148_/Y (sky130_fd_sc_hd__nand2_4)
     9    0.04                           _066_ (net)
                  0.14    0.00    2.30 ^ _159_/S (sky130_fd_sc_hd__mux2_1)
                  0.05    0.35    2.65 v _159_/X (sky130_fd_sc_hd__mux2_1)
     1    0.00                           _072_ (net)
                  0.05    0.00    2.65 v _160_/A (sky130_fd_sc_hd__clkbuf_1)
                  0.03    0.10    2.74 v _160_/X (sky130_fd_sc_hd__clkbuf_1)
     1    0.00                           _060_ (net)
                  0.03    0.00    2.74 v _308_/D (sky130_fd_sc_hd__dfrtp_1)
                                  2.74   data arrival time

                         10.00   10.00   clock clk (rise edge)
                          0.00   10.00   clock source latency
                  0.08    0.05   10.05 ^ clk (in)
     1    0.02                           clk (net)
                  0.08    0.00   10.05 ^ clkbuf_0_clk/A (sky130_fd_sc_hd__clkbuf_16)
                  0.06    0.15   10.20 ^ clkbuf_0_clk/X (sky130_fd_sc_hd__clkbuf_16)
     4    0.04                           clknet_0_clk (net)
                  0.06    0.00   10.20 ^ clkbuf_2_1__f_clk/A (sky130_fd_sc_hd__clkbuf_16)
                  0.05    0.13   10.34 ^ clkbuf_2_1__f_clk/X (sky130_fd_sc_hd__clkbuf_16)
    11    0.03                           clknet_2_1__leaf_clk (net)
                  0.05    0.00   10.34 ^ _308_/CLK (sky130_fd_sc_hd__dfrtp_1)
                         -0.25   10.09   clock uncertainty
                          0.00   10.09   clock reconvergence pessimism
                         -0.10    9.98   library setup time
                                  9.98   data required time
-----------------------------------------------------------------------------
                                  9.98   data required time
                                 -2.74   data arrival time
-----------------------------------------------------------------------------
                                  7.24   slack (MET)


Startpoint: start (input port clocked by clk)
Endpoint: _307_ (rising edge-triggered flip-flop clocked by clk)
Path Group: clk
Path Type: max
Corner: Typical

Fanout     Cap    Slew   Delay    Time   Description
-----------------------------------------------------------------------------
                          0.00    0.00   clock clk (rise edge)
                          0.00    0.00   clock network delay (propagated)
                          2.00    2.00 v input external delay
                  0.01    0.01    2.01 v start (in)
     1    0.00                           start (net)
                  0.01    0.00    2.01 v input10/A (sky130_fd_sc_hd__clkbuf_2)
                  0.09    0.14    2.15 v input10/X (sky130_fd_sc_hd__clkbuf_2)
     3    0.02                           net10 (net)
                  0.09    0.00    2.15 v _148_/A (sky130_fd_sc_hd__nand2_4)
                  0.14    0.15    2.30 ^ _148_/Y (sky130_fd_sc_hd__nand2_4)
     9    0.04                           _066_ (net)
                  0.14    0.00    2.30 ^ _161_/S (sky130_fd_sc_hd__mux2_1)
                  0.05    0.35    2.65 v _161_/X (sky130_fd_sc_hd__mux2_1)
     1    0.00                           _073_ (net)
                  0.05    0.00    2.65 v _162_/A (sky130_fd_sc_hd__clkbuf_1)
                  0.03    0.09    2.74 v _162_/X (sky130_fd_sc_hd__clkbuf_1)
     1    0.00                           _059_ (net)
                  0.03    0.00    2.74 v _307_/D (sky130_fd_sc_hd__dfrtp_1)
                                  2.74   data arrival time

                         10.00   10.00   clock clk (rise edge)
                          0.00   10.00   clock source latency
                  0.08    0.05   10.05 ^ clk (in)
     1    0.02                           clk (net)
                  0.08    0.00   10.05 ^ clkbuf_0_clk/A (sky130_fd_sc_hd__clkbuf_16)
                  0.06    0.15   10.20 ^ clkbuf_0_clk/X (sky130_fd_sc_hd__clkbuf_16)
     4    0.04                           clknet_0_clk (net)
                  0.06    0.00   10.20 ^ clkbuf_2_1__f_clk/A (sky130_fd_sc_hd__clkbuf_16)
                  0.05    0.13   10.34 ^ clkbuf_2_1__f_clk/X (sky130_fd_sc_hd__clkbuf_16)
    11    0.03                           clknet_2_1__leaf_clk (net)
                  0.05    0.00   10.34 ^ _307_/CLK (sky130_fd_sc_hd__dfrtp_1)
                         -0.25   10.09   clock uncertainty
                          0.00   10.09   clock reconvergence pessimism
                         -0.10    9.99   library setup time
                                  9.99   data required time
-----------------------------------------------------------------------------
                                  9.99   data required time
                                 -2.74   data arrival time
-----------------------------------------------------------------------------
                                  7.25   slack (MET)


Startpoint: start (input port clocked by clk)
Endpoint: _298_ (rising edge-triggered flip-flop clocked by clk)
Path Group: clk
Path Type: max
Corner: Typical

Fanout     Cap    Slew   Delay    Time   Description
-----------------------------------------------------------------------------
                          0.00    0.00   clock clk (rise edge)
                          0.00    0.00   clock network delay (propagated)
                          2.00    2.00 v input external delay
                  0.01    0.01    2.01 v start (in)
     1    0.00                           start (net)
                  0.01    0.00    2.01 v input10/A (sky130_fd_sc_hd__clkbuf_2)
                  0.09    0.14    2.15 v input10/X (sky130_fd_sc_hd__clkbuf_2)
     3    0.02                           net10 (net)
                  0.09    0.00    2.15 v _148_/A (sky130_fd_sc_hd__nand2_4)
                  0.14    0.15    2.30 ^ _148_/Y (sky130_fd_sc_hd__nand2_4)
     9    0.04                           _066_ (net)
                  0.14    0.00    2.30 ^ _185_/B1_N (sky130_fd_sc_hd__a21bo_1)
                  0.03    0.23    2.52 v _185_/X (sky130_fd_sc_hd__a21bo_1)
     1    0.00                           _018_ (net)
                  0.03    0.00    2.52 v _298_/D (sky130_fd_sc_hd__dfrtp_1)
                                  2.52   data arrival time

                         10.00   10.00   clock clk (rise edge)
                          0.00   10.00   clock source latency
                  0.08    0.05   10.05 ^ clk (in)
     1    0.02                           clk (net)
                  0.08    0.00   10.05 ^ clkbuf_0_clk/A (sky130_fd_sc_hd__clkbuf_16)
                  0.06    0.15   10.20 ^ clkbuf_0_clk/X (sky130_fd_sc_hd__clkbuf_16)
     4    0.04                           clknet_0_clk (net)
                  0.06    0.00   10.20 ^ clkbuf_2_0__f_clk/A (sky130_fd_sc_hd__clkbuf_16)
                  0.05    0.13   10.34 ^ clkbuf_2_0__f_clk/X (sky130_fd_sc_hd__clkbuf_16)
     9    0.03                           clknet_2_0__leaf_clk (net)
                  0.05    0.00   10.34 ^ _298_/CLK (sky130_fd_sc_hd__dfrtp_1)
                         -0.25   10.09   clock uncertainty
                          0.00   10.09   clock reconvergence pessimism
                         -0.11    9.98   library setup time
                                  9.98   data required time
-----------------------------------------------------------------------------
                                  9.98   data required time
                                 -2.52   data arrival time
-----------------------------------------------------------------------------
                                  7.45   slack (MET)


Startpoint: _326_ (rising edge-triggered flip-flop clocked by clk)
Endpoint: _301_ (rising edge-triggered flip-flop clocked by clk)
Path Group: clk
Path Type: max
Corner: Typical

Fanout     Cap    Slew   Delay    Time   Description
-----------------------------------------------------------------------------
                          0.00    0.00   clock clk (rise edge)
                          0.00    0.00   clock source latency
                  0.08    0.06    0.06 ^ clk (in)
     1    0.02                           clk (net)
                  0.08    0.00    0.06 ^ clkbuf_0_clk/A (sky130_fd_sc_hd__clkbuf_16)
                  0.06    0.17    0.22 ^ clkbuf_0_clk/X (sky130_fd_sc_hd__clkbuf_16)
     4    0.04                           clknet_0_clk (net)
                  0.06    0.00    0.23 ^ clkbuf_2_1__f_clk/A (sky130_fd_sc_hd__clkbuf_16)
                  0.05    0.15    0.37 ^ clkbuf_2_1__f_clk/X (sky130_fd_sc_hd__clkbuf_16)
    11    0.03                           clknet_2_1__leaf_clk (net)
                  0.05    0.00    0.37 ^ _326_/CLK (sky130_fd_sc_hd__dfrtp_1)
                  0.09    0.43    0.81 v _326_/Q (sky130_fd_sc_hd__dfrtp_1)
     6    0.01                           baud_count[12] (net)
                  0.09    0.00    0.81 v _167_/B (sky130_fd_sc_hd__or4_1)
                  0.12    0.58    1.39 v _167_/X (sky130_fd_sc_hd__or4_1)
     2    0.01                           _077_ (net)
                  0.12    0.00    1.39 v _170_/B (sky130_fd_sc_hd__nor4_1)
                  0.44    0.46    1.85 ^ _170_/Y (sky130_fd_sc_hd__nor4_1)
     2    0.01                           _080_ (net)
                  0.44    0.00    1.85 ^ max_cap13/A (sky130_fd_sc_hd__buf_1)
                  0.15    0.22    2.07 ^ max_cap13/X (sky130_fd_sc_hd__buf_1)
     3    0.01                           net13 (net)
                  0.15    0.00    2.07 ^ _171_/A1 (sky130_fd_sc_hd__mux2_2)
                  0.10    0.24    2.31 ^ _171_/X (sky130_fd_sc_hd__mux2_2)
     5    0.02                           _081_ (net)
                  0.10    0.00    2.31 ^ _180_/A2 (sky130_fd_sc_hd__a21oi_1)
                  0.05    0.08    2.38 v _180_/Y (sky130_fd_sc_hd__a21oi_1)
     1    0.00                           _088_ (net)
                  0.05    0.00    2.38 v _181_/B1 (sky130_fd_sc_hd__a21oi_1)
                  0.11    0.12    2.51 ^ _181_/Y (sky130_fd_sc_hd__a21oi_1)
     1    0.00                           _055_ (net)
                  0.11    0.00    2.51 ^ _301_/D (sky130_fd_sc_hd__dfrtp_2)
                                  2.51   data arrival time

                         10.00   10.00   clock clk (rise edge)
                          0.00   10.00   clock source latency
                  0.08    0.05   10.05 ^ clk (in)
     1    0.02                           clk (net)
                  0.08    0.00   10.05 ^ clkbuf_0_clk/A (sky130_fd_sc_hd__clkbuf_16)
                  0.06    0.15   10.20 ^ clkbuf_0_clk/X (sky130_fd_sc_hd__clkbuf_16)
     4    0.04                           clknet_0_clk (net)
                  0.06    0.00   10.20 ^ clkbuf_2_3__f_clk/A (sky130_fd_sc_hd__clkbuf_16)
                  0.05    0.13   10.33 ^ clkbuf_2_3__f_clk/X (sky130_fd_sc_hd__clkbuf_16)
     8    0.03                           clknet_2_3__leaf_clk (net)
                  0.05    0.00   10.33 ^ _301_/CLK (sky130_fd_sc_hd__dfrtp_2)
                         -0.25   10.08   clock uncertainty
                          0.02   10.11   clock reconvergence pessimism
                         -0.08   10.03   library setup time
                                 10.03   data required time
-----------------------------------------------------------------------------
                                 10.03   data required time
                                 -2.51   data arrival time
-----------------------------------------------------------------------------
                                  7.52   slack (MET)


Startpoint: _297_ (rising edge-triggered flip-flop clocked by clk)
Endpoint: _320_ (rising edge-triggered flip-flop clocked by clk)
Path Group: clk
Path Type: max
Corner: Typical

Fanout     Cap    Slew   Delay    Time   Description
-----------------------------------------------------------------------------
                          0.00    0.00   clock clk (rise edge)
                          0.00    0.00   clock source latency
                  0.08    0.06    0.06 ^ clk (in)
     1    0.02                           clk (net)
                  0.08    0.00    0.06 ^ clkbuf_0_clk/A (sky130_fd_sc_hd__clkbuf_16)
                  0.06    0.17    0.22 ^ clkbuf_0_clk/X (sky130_fd_sc_hd__clkbuf_16)
     4    0.04                           clknet_0_clk (net)
                  0.06    0.00    0.23 ^ clkbuf_2_2__f_clk/A (sky130_fd_sc_hd__clkbuf_16)
                  0.04    0.13    0.36 ^ clkbuf_2_2__f_clk/X (sky130_fd_sc_hd__clkbuf_16)
     6    0.02                           clknet_2_2__leaf_clk (net)
                  0.04    0.00    0.36 ^ _297_/CLK (sky130_fd_sc_hd__dfrtp_4)
                  0.09    0.54    0.90 v _297_/Q (sky130_fd_sc_hd__dfrtp_4)
     8    0.03                           state[1] (net)
                  0.09    0.00    0.90 v _192_/B (sky130_fd_sc_hd__or3_4)
                  0.10    0.45    1.35 v _192_/X (sky130_fd_sc_hd__or3_4)
     7    0.03                           _094_ (net)
                  0.10    0.00    1.35 v _193_/A (sky130_fd_sc_hd__buf_2)
                  0.09    0.21    1.56 v _193_/X (sky130_fd_sc_hd__buf_2)
    10    0.03                           _095_ (net)
                  0.09    0.00    1.56 v _216_/B1_N (sky130_fd_sc_hd__a21boi_1)
                  0.06    0.15    1.72 v _216_/Y (sky130_fd_sc_hd__a21boi_1)
     1    0.00                           _112_ (net)
                  0.06    0.00    1.72 v _217_/B1 (sky130_fd_sc_hd__o21a_1)
                  0.04    0.11    1.83 v _217_/X (sky130_fd_sc_hd__o21a_1)
     1    0.00                           _012_ (net)
                  0.04    0.00    1.83 v hold10/A (sky130_fd_sc_hd__dlygate4sd3_1)
                  0.06    0.58    2.41 v hold10/X (sky130_fd_sc_hd__dlygate4sd3_1)
     1    0.00                           net23 (net)
                  0.06    0.00    2.41 v _320_/D (sky130_fd_sc_hd__dfrtp_1)
                                  2.41   data arrival time

                         10.00   10.00   clock clk (rise edge)
                          0.00   10.00   clock source latency
                  0.08    0.05   10.05 ^ clk (in)
     1    0.02                           clk (net)
                  0.08    0.00   10.05 ^ clkbuf_0_clk/A (sky130_fd_sc_hd__clkbuf_16)
                  0.06    0.15   10.20 ^ clkbuf_0_clk/X (sky130_fd_sc_hd__clkbuf_16)
     4    0.04                           clknet_0_clk (net)
                  0.06    0.00   10.20 ^ clkbuf_2_0__f_clk/A (sky130_fd_sc_hd__clkbuf_16)
                  0.05    0.13   10.34 ^ clkbuf_2_0__f_clk/X (sky130_fd_sc_hd__clkbuf_16)
     9    0.03                           clknet_2_0__leaf_clk (net)
                  0.05    0.00   10.34 ^ _320_/CLK (sky130_fd_sc_hd__dfrtp_1)
                         -0.25   10.09   clock uncertainty
                          0.02   10.11   clock reconvergence pessimism
                         -0.12    9.99   library setup time
                                  9.99   data required time
-----------------------------------------------------------------------------
                                  9.99   data required time
                                 -2.41   data arrival time
-----------------------------------------------------------------------------
                                  7.58   slack (MET)


Startpoint: start (input port clocked by clk)
Endpoint: _296_ (rising edge-triggered flip-flop clocked by clk)
Path Group: clk
Path Type: max
Corner: Typical

Fanout     Cap    Slew   Delay    Time   Description
-----------------------------------------------------------------------------
                          0.00    0.00   clock clk (rise edge)
                          0.00    0.00   clock network delay (propagated)
                          2.00    2.00 ^ input external delay
                  0.02    0.01    2.01 ^ start (in)
     1    0.00                           start (net)
                  0.02    0.00    2.01 ^ input10/A (sky130_fd_sc_hd__clkbuf_2)
                  0.12    0.16    2.17 ^ input10/X (sky130_fd_sc_hd__clkbuf_2)
     3    0.02                           net10 (net)
                  0.12    0.00    2.17 ^ _190_/A (sky130_fd_sc_hd__inv_2)
                  0.03    0.04    2.21 v _190_/Y (sky130_fd_sc_hd__inv_2)
     1    0.00                           _093_ (net)
                  0.03    0.00    2.21 v _191_/A1 (sky130_fd_sc_hd__a22o_1)
                  0.04    0.20    2.42 v _191_/X (sky130_fd_sc_hd__a22o_1)
     1    0.00                           _016_ (net)
                  0.04    0.00    2.42 v _296_/D (sky130_fd_sc_hd__dfstp_1)
                                  2.42   data arrival time

                         10.00   10.00   clock clk (rise edge)
                          0.00   10.00   clock source latency
                  0.08    0.05   10.05 ^ clk (in)
     1    0.02                           clk (net)
                  0.08    0.00   10.05 ^ clkbuf_0_clk/A (sky130_fd_sc_hd__clkbuf_16)
                  0.06    0.15   10.20 ^ clkbuf_0_clk/X (sky130_fd_sc_hd__clkbuf_16)
     4    0.04                           clknet_0_clk (net)
                  0.06    0.00   10.20 ^ clkbuf_2_1__f_clk/A (sky130_fd_sc_hd__clkbuf_16)
                  0.05    0.13   10.34 ^ clkbuf_2_1__f_clk/X (sky130_fd_sc_hd__clkbuf_16)
    11    0.03                           clknet_2_1__leaf_clk (net)
                  0.05    0.00   10.34 ^ _296_/CLK (sky130_fd_sc_hd__dfstp_1)
                         -0.25   10.09   clock uncertainty
                          0.00   10.09   clock reconvergence pessimism
                         -0.07   10.02   library setup time
                                 10.02   data required time
-----------------------------------------------------------------------------
                                 10.02   data required time
                                 -2.42   data arrival time
-----------------------------------------------------------------------------
                                  7.61   slack (MET)


Startpoint: _326_ (rising edge-triggered flip-flop clocked by clk)
Endpoint: _300_ (rising edge-triggered flip-flop clocked by clk)
Path Group: clk
Path Type: max
Corner: Typical

Fanout     Cap    Slew   Delay    Time   Description
-----------------------------------------------------------------------------
                          0.00    0.00   clock clk (rise edge)
                          0.00    0.00   clock source latency
                  0.08    0.06    0.06 ^ clk (in)
     1    0.02                           clk (net)
                  0.08    0.00    0.06 ^ clkbuf_0_clk/A (sky130_fd_sc_hd__clkbuf_16)
                  0.06    0.17    0.22 ^ clkbuf_0_clk/X (sky130_fd_sc_hd__clkbuf_16)
     4    0.04                           clknet_0_clk (net)
                  0.06    0.00    0.23 ^ clkbuf_2_1__f_clk/A (sky130_fd_sc_hd__clkbuf_16)
                  0.05    0.15    0.37 ^ clkbuf_2_1__f_clk/X (sky130_fd_sc_hd__clkbuf_16)
    11    0.03                           clknet_2_1__leaf_clk (net)
                  0.05    0.00    0.37 ^ _326_/CLK (sky130_fd_sc_hd__dfrtp_1)
                  0.09    0.43    0.81 v _326_/Q (sky130_fd_sc_hd__dfrtp_1)
     6    0.01                           baud_count[12] (net)
                  0.09    0.00    0.81 v _167_/B (sky130_fd_sc_hd__or4_1)
                  0.12    0.58    1.39 v _167_/X (sky130_fd_sc_hd__or4_1)
     2    0.01                           _077_ (net)
                  0.12    0.00    1.39 v _170_/B (sky130_fd_sc_hd__nor4_1)
                  0.44    0.46    1.85 ^ _170_/Y (sky130_fd_sc_hd__nor4_1)
     2    0.01                           _080_ (net)
                  0.44    0.00    1.85 ^ max_cap13/A (sky130_fd_sc_hd__buf_1)
                  0.15    0.22    2.07 ^ max_cap13/X (sky130_fd_sc_hd__buf_1)
     3    0.01                           net13 (net)
                  0.15    0.00    2.07 ^ _171_/A1 (sky130_fd_sc_hd__mux2_2)
                  0.10    0.24    2.31 ^ _171_/X (sky130_fd_sc_hd__mux2_2)
     5    0.02                           _081_ (net)
                  0.10    0.00    2.31 ^ _183_/A2 (sky130_fd_sc_hd__a21oi_1)
                  0.05    0.08    2.38 v _183_/Y (sky130_fd_sc_hd__a21oi_1)
     1    0.00                           _054_ (net)
                  0.05    0.00    2.38 v _300_/D (sky130_fd_sc_hd__dfrtp_4)
                                  2.38   data arrival time

                         10.00   10.00   clock clk (rise edge)
                          0.00   10.00   clock source latency
                  0.08    0.05   10.05 ^ clk (in)
     1    0.02                           clk (net)
                  0.08    0.00   10.05 ^ clkbuf_0_clk/A (sky130_fd_sc_hd__clkbuf_16)
                  0.06    0.15   10.20 ^ clkbuf_0_clk/X (sky130_fd_sc_hd__clkbuf_16)
     4    0.04                           clknet_0_clk (net)
                  0.06    0.00   10.20 ^ clkbuf_2_3__f_clk/A (sky130_fd_sc_hd__clkbuf_16)
                  0.05    0.13   10.33 ^ clkbuf_2_3__f_clk/X (sky130_fd_sc_hd__clkbuf_16)
     8    0.03                           clknet_2_3__leaf_clk (net)
                  0.05    0.00   10.33 ^ _300_/CLK (sky130_fd_sc_hd__dfrtp_4)
                         -0.25   10.08   clock uncertainty
                          0.02   10.11   clock reconvergence pessimism
                         -0.11    9.99   library setup time
                                  9.99   data required time
-----------------------------------------------------------------------------
                                  9.99   data required time
                                 -2.38   data arrival time
-----------------------------------------------------------------------------
                                  7.61   slack (MET)


Startpoint: _326_ (rising edge-triggered flip-flop clocked by clk)
Endpoint: _318_ (rising edge-triggered flip-flop clocked by clk)
Path Group: clk
Path Type: max
Corner: Typical

Fanout     Cap    Slew   Delay    Time   Description
-----------------------------------------------------------------------------
                          0.00    0.00   clock clk (rise edge)
                          0.00    0.00   clock source latency
                  0.08    0.06    0.06 ^ clk (in)
     1    0.02                           clk (net)
                  0.08    0.00    0.06 ^ clkbuf_0_clk/A (sky130_fd_sc_hd__clkbuf_16)
                  0.06    0.17    0.22 ^ clkbuf_0_clk/X (sky130_fd_sc_hd__clkbuf_16)
     4    0.04                           clknet_0_clk (net)
                  0.06    0.00    0.23 ^ clkbuf_2_1__f_clk/A (sky130_fd_sc_hd__clkbuf_16)
                  0.05    0.15    0.37 ^ clkbuf_2_1__f_clk/X (sky130_fd_sc_hd__clkbuf_16)
    11    0.03                           clknet_2_1__leaf_clk (net)
                  0.05    0.00    0.37 ^ _326_/CLK (sky130_fd_sc_hd__dfrtp_1)
                  0.09    0.43    0.81 v _326_/Q (sky130_fd_sc_hd__dfrtp_1)
     6    0.01                           baud_count[12] (net)
                  0.09    0.00    0.81 v _167_/B (sky130_fd_sc_hd__or4_1)
                  0.12    0.58    1.39 v _167_/X (sky130_fd_sc_hd__or4_1)
     2    0.01                           _077_ (net)
                  0.12    0.00    1.39 v _184_/B (sky130_fd_sc_hd__or4_2)
                  0.15    0.78    2.17 v _184_/X (sky130_fd_sc_hd__or4_2)
     6    0.02                           _090_ (net)
                  0.15    0.00    2.17 v _209_/B1 (sky130_fd_sc_hd__o211a_1)
                  0.04    0.17    2.35 v _209_/X (sky130_fd_sc_hd__o211a_1)
     1    0.00                           _010_ (net)
                  0.04    0.00    2.35 v _318_/D (sky130_fd_sc_hd__dfrtp_1)
                                  2.35   data arrival time

                         10.00   10.00   clock clk (rise edge)
                          0.00   10.00   clock source latency
                  0.08    0.05   10.05 ^ clk (in)
     1    0.02                           clk (net)
                  0.08    0.00   10.05 ^ clkbuf_0_clk/A (sky130_fd_sc_hd__clkbuf_16)
                  0.06    0.15   10.20 ^ clkbuf_0_clk/X (sky130_fd_sc_hd__clkbuf_16)
     4    0.04                           clknet_0_clk (net)
                  0.06    0.00   10.20 ^ clkbuf_2_0__f_clk/A (sky130_fd_sc_hd__clkbuf_16)
                  0.05    0.13   10.34 ^ clkbuf_2_0__f_clk/X (sky130_fd_sc_hd__clkbuf_16)
     9    0.03                           clknet_2_0__leaf_clk (net)
                  0.05    0.00   10.34 ^ _318_/CLK (sky130_fd_sc_hd__dfrtp_1)
                         -0.25   10.09   clock uncertainty
                          0.02   10.11   clock reconvergence pessimism
                         -0.11   10.00   library setup time
                                 10.00   data required time
-----------------------------------------------------------------------------
                                 10.00   data required time
                                 -2.35   data arrival time
-----------------------------------------------------------------------------
                                  7.65   slack (MET)


Startpoint: reset (input port clocked by clk)
Endpoint: _304_ (recovery check against rising-edge clock clk)
Path Group: asynchronous
Path Type: max
Corner: Typical

Fanout     Cap    Slew   Delay    Time   Description
-----------------------------------------------------------------------------
                          0.00    0.00   clock clk (rise edge)
                          0.00    0.00   clock network delay (propagated)
                          2.00    2.00 v input external delay
                  0.01    0.00    2.00 v reset (in)
     1    0.00                           reset (net)
                  0.01    0.00    2.00 v input9/A (sky130_fd_sc_hd__buf_2)
                  0.08    0.17    2.17 v input9/X (sky130_fd_sc_hd__buf_2)
     7    0.03                           net9 (net)
                  0.08    0.00    2.17 v _259_/A (sky130_fd_sc_hd__buf_4)
                  0.08    0.22    2.39 v _259_/X (sky130_fd_sc_hd__buf_4)
    10    0.06                           _143_ (net)
                  0.08    0.00    2.39 v _268_/A (sky130_fd_sc_hd__inv_2)
                  0.03    0.06    2.45 ^ _268_/Y (sky130_fd_sc_hd__inv_2)
     1    0.00                           _045_ (net)
                  0.03    0.00    2.45 ^ _304_/SET_B (sky130_fd_sc_hd__dfstp_1)
                                  2.45   data arrival time

                         10.00   10.00   clock clk (rise edge)
                          0.00   10.00   clock source latency
                  0.08    0.05   10.05 ^ clk (in)
     1    0.02                           clk (net)
                  0.08    0.00   10.05 ^ clkbuf_0_clk/A (sky130_fd_sc_hd__clkbuf_16)
                  0.06    0.15   10.20 ^ clkbuf_0_clk/X (sky130_fd_sc_hd__clkbuf_16)
     4    0.04                           clknet_0_clk (net)
                  0.06    0.00   10.20 ^ clkbuf_2_2__f_clk/A (sky130_fd_sc_hd__clkbuf_16)
                  0.04    0.12   10.33 ^ clkbuf_2_2__f_clk/X (sky130_fd_sc_hd__clkbuf_16)
     6    0.02                           clknet_2_2__leaf_clk (net)
                  0.04    0.00   10.33 ^ _304_/CLK (sky130_fd_sc_hd__dfstp_1)
                         -0.25   10.08   clock uncertainty
                          0.00   10.08   clock reconvergence pessimism
                          0.14   10.21   library recovery time
                                 10.21   data required time
-----------------------------------------------------------------------------
                                 10.21   data required time
                                 -2.45   data arrival time
-----------------------------------------------------------------------------
                                  7.76   slack (MET)


Startpoint: reset (input port clocked by clk)
Endpoint: _296_ (recovery check against rising-edge clock clk)
Path Group: asynchronous
Path Type: max
Corner: Typical

Fanout     Cap    Slew   Delay    Time   Description
-----------------------------------------------------------------------------
                          0.00    0.00   clock clk (rise edge)
                          0.00    0.00   clock network delay (propagated)
                          2.00    2.00 v input external delay
                  0.01    0.00    2.00 v reset (in)
     1    0.00                           reset (net)
                  0.01    0.00    2.00 v input9/A (sky130_fd_sc_hd__buf_2)
                  0.08    0.17    2.17 v input9/X (sky130_fd_sc_hd__buf_2)
     7    0.03                           net9 (net)
                  0.08    0.00    2.17 v _259_/A (sky130_fd_sc_hd__buf_4)
                  0.08    0.22    2.39 v _259_/X (sky130_fd_sc_hd__buf_4)
    10    0.06                           _143_ (net)
                  0.08    0.00    2.39 v _260_/A (sky130_fd_sc_hd__inv_2)
                  0.03    0.06    2.45 ^ _260_/Y (sky130_fd_sc_hd__inv_2)
     1    0.00                           _037_ (net)
                  0.03    0.00    2.45 ^ _296_/SET_B (sky130_fd_sc_hd__dfstp_1)
                                  2.45   data arrival time

                         10.00   10.00   clock clk (rise edge)
                          0.00   10.00   clock source latency
                  0.08    0.05   10.05 ^ clk (in)
     1    0.02                           clk (net)
                  0.08    0.00   10.05 ^ clkbuf_0_clk/A (sky130_fd_sc_hd__clkbuf_16)
                  0.06    0.15   10.20 ^ clkbuf_0_clk/X (sky130_fd_sc_hd__clkbuf_16)
     4    0.04                           clknet_0_clk (net)
                  0.06    0.00   10.20 ^ clkbuf_2_1__f_clk/A (sky130_fd_sc_hd__clkbuf_16)
                  0.05    0.13   10.34 ^ clkbuf_2_1__f_clk/X (sky130_fd_sc_hd__clkbuf_16)
    11    0.03                           clknet_2_1__leaf_clk (net)
                  0.05    0.00   10.34 ^ _296_/CLK (sky130_fd_sc_hd__dfstp_1)
                         -0.25   10.09   clock uncertainty
                          0.00   10.09   clock reconvergence pessimism
                          0.14   10.23   library recovery time
                                 10.23   data required time
-----------------------------------------------------------------------------
                                 10.23   data required time
                                 -2.45   data arrival time
-----------------------------------------------------------------------------
                                  7.78   slack (MET)


Startpoint: reset (input port clocked by clk)
Endpoint: _315_ (recovery check against rising-edge clock clk)
Path Group: asynchronous
Path Type: max
Corner: Typical

Fanout     Cap    Slew   Delay    Time   Description
-----------------------------------------------------------------------------
                          0.00    0.00   clock clk (rise edge)
                          0.00    0.00   clock network delay (propagated)
                          2.00    2.00 v input external delay
                  0.01    0.00    2.00 v reset (in)
     1    0.00                           reset (net)
                  0.01    0.00    2.00 v input9/A (sky130_fd_sc_hd__buf_2)
                  0.08    0.17    2.17 v input9/X (sky130_fd_sc_hd__buf_2)
     7    0.03                           net9 (net)
                  0.08    0.00    2.17 v _270_/A (sky130_fd_sc_hd__buf_4)
                  0.08    0.22    2.39 v _270_/X (sky130_fd_sc_hd__buf_4)
    10    0.06                           _144_ (net)
                  0.08    0.00    2.40 v _280_/A (sky130_fd_sc_hd__inv_2)
                  0.03    0.06    2.46 ^ _280_/Y (sky130_fd_sc_hd__inv_2)
     1    0.00                           _022_ (net)
                  0.03    0.00    2.46 ^ _315_/RESET_B (sky130_fd_sc_hd__dfrtp_2)
                                  2.46   data arrival time

                         10.00   10.00   clock clk (rise edge)
                          0.00   10.00   clock source latency
                  0.08    0.05   10.05 ^ clk (in)
     1    0.02                           clk (net)
                  0.08    0.00   10.05 ^ clkbuf_0_clk/A (sky130_fd_sc_hd__clkbuf_16)
                  0.06    0.15   10.20 ^ clkbuf_0_clk/X (sky130_fd_sc_hd__clkbuf_16)
     4    0.04                           clknet_0_clk (net)
                  0.06    0.00   10.20 ^ clkbuf_2_2__f_clk/A (sky130_fd_sc_hd__clkbuf_16)
                  0.04    0.12   10.33 ^ clkbuf_2_2__f_clk/X (sky130_fd_sc_hd__clkbuf_16)
     6    0.02                           clknet_2_2__leaf_clk (net)
                  0.04    0.00   10.33 ^ _315_/CLK (sky130_fd_sc_hd__dfrtp_2)
                         -0.25   10.08   clock uncertainty
                          0.00   10.08   clock reconvergence pessimism
                          0.22   10.30   library recovery time
                                 10.30   data required time
-----------------------------------------------------------------------------
                                 10.30   data required time
                                 -2.46   data arrival time
-----------------------------------------------------------------------------
                                  7.84   slack (MET)


Startpoint: reset (input port clocked by clk)
Endpoint: _297_ (recovery check against rising-edge clock clk)
Path Group: asynchronous
Path Type: max
Corner: Typical

Fanout     Cap    Slew   Delay    Time   Description
-----------------------------------------------------------------------------
                          0.00    0.00   clock clk (rise edge)
                          0.00    0.00   clock network delay (propagated)
                          2.00    2.00 v input external delay
                  0.01    0.00    2.00 v reset (in)
     1    0.00                           reset (net)
                  0.01    0.00    2.00 v input9/A (sky130_fd_sc_hd__buf_2)
                  0.08    0.17    2.17 v input9/X (sky130_fd_sc_hd__buf_2)
     7    0.03                           net9 (net)
                  0.08    0.00    2.17 v _259_/A (sky130_fd_sc_hd__buf_4)
                  0.08    0.22    2.39 v _259_/X (sky130_fd_sc_hd__buf_4)
    10    0.06                           _143_ (net)
                  0.08    0.00    2.39 v _261_/A (sky130_fd_sc_hd__inv_2)
                  0.03    0.06    2.45 ^ _261_/Y (sky130_fd_sc_hd__inv_2)
     1    0.00                           _038_ (net)
                  0.03    0.00    2.45 ^ _297_/RESET_B (sky130_fd_sc_hd__dfrtp_4)
                                  2.45   data arrival time

                         10.00   10.00   clock clk (rise edge)
                          0.00   10.00   clock source latency
                  0.08    0.05   10.05 ^ clk (in)
     1    0.02                           clk (net)
                  0.08    0.00   10.05 ^ clkbuf_0_clk/A (sky130_fd_sc_hd__clkbuf_16)
                  0.06    0.15   10.20 ^ clkbuf_0_clk/X (sky130_fd_sc_hd__clkbuf_16)
     4    0.04                           clknet_0_clk (net)
                  0.06    0.00   10.20 ^ clkbuf_2_2__f_clk/A (sky130_fd_sc_hd__clkbuf_16)
                  0.04    0.12   10.33 ^ clkbuf_2_2__f_clk/X (sky130_fd_sc_hd__clkbuf_16)
     6    0.02                           clknet_2_2__leaf_clk (net)
                  0.04    0.00   10.33 ^ _297_/CLK (sky130_fd_sc_hd__dfrtp_4)
                         -0.25   10.08   clock uncertainty
                          0.00   10.08   clock reconvergence pessimism
                          0.22   10.30   library recovery time
                                 10.30   data required time
-----------------------------------------------------------------------------
                                 10.30   data required time
                                 -2.45   data arrival time
-----------------------------------------------------------------------------
                                  7.84   slack (MET)


Startpoint: reset (input port clocked by clk)
Endpoint: _314_ (recovery check against rising-edge clock clk)
Path Group: asynchronous
Path Type: max
Corner: Typical

Fanout     Cap    Slew   Delay    Time   Description
-----------------------------------------------------------------------------
                          0.00    0.00   clock clk (rise edge)
                          0.00    0.00   clock network delay (propagated)
                          2.00    2.00 v input external delay
                  0.01    0.00    2.00 v reset (in)
     1    0.00                           reset (net)
                  0.01    0.00    2.00 v input9/A (sky130_fd_sc_hd__buf_2)
                  0.08    0.17    2.17 v input9/X (sky130_fd_sc_hd__buf_2)
     7    0.03                           net9 (net)
                  0.08    0.00    2.17 v _270_/A (sky130_fd_sc_hd__buf_4)
                  0.08    0.22    2.39 v _270_/X (sky130_fd_sc_hd__buf_4)
    10    0.06                           _144_ (net)
                  0.08    0.00    2.40 v _279_/A (sky130_fd_sc_hd__inv_2)
                  0.04    0.06    2.46 ^ _279_/Y (sky130_fd_sc_hd__inv_2)
     1    0.00                           _021_ (net)
                  0.04    0.00    2.46 ^ _314_/RESET_B (sky130_fd_sc_hd__dfrtp_4)
                                  2.46   data arrival time

                         10.00   10.00   clock clk (rise edge)
                          0.00   10.00   clock source latency
                  0.08    0.05   10.05 ^ clk (in)
     1    0.02                           clk (net)
                  0.08    0.00   10.05 ^ clkbuf_0_clk/A (sky130_fd_sc_hd__clkbuf_16)
                  0.06    0.15   10.20 ^ clkbuf_0_clk/X (sky130_fd_sc_hd__clkbuf_16)
     4    0.04                           clknet_0_clk (net)
                  0.06    0.00   10.20 ^ clkbuf_2_0__f_clk/A (sky130_fd_sc_hd__clkbuf_16)
                  0.05    0.13   10.34 ^ clkbuf_2_0__f_clk/X (sky130_fd_sc_hd__clkbuf_16)
     9    0.03                           clknet_2_0__leaf_clk (net)
                  0.05    0.00   10.34 ^ _314_/CLK (sky130_fd_sc_hd__dfrtp_4)
                         -0.25   10.09   clock uncertainty
                          0.00   10.09   clock reconvergence pessimism
                          0.22   10.31   library recovery time
                                 10.31   data required time
-----------------------------------------------------------------------------
                                 10.31   data required time
                                 -2.46   data arrival time
-----------------------------------------------------------------------------
                                  7.85   slack (MET)


Startpoint: reset (input port clocked by clk)
Endpoint: _301_ (recovery check against rising-edge clock clk)
Path Group: asynchronous
Path Type: max
Corner: Typical

Fanout     Cap    Slew   Delay    Time   Description
-----------------------------------------------------------------------------
                          0.00    0.00   clock clk (rise edge)
                          0.00    0.00   clock network delay (propagated)
                          2.00    2.00 v input external delay
                  0.01    0.00    2.00 v reset (in)
     1    0.00                           reset (net)
                  0.01    0.00    2.00 v input9/A (sky130_fd_sc_hd__buf_2)
                  0.08    0.17    2.17 v input9/X (sky130_fd_sc_hd__buf_2)
     7    0.03                           net9 (net)
                  0.08    0.00    2.17 v _259_/A (sky130_fd_sc_hd__buf_4)
                  0.08    0.22    2.39 v _259_/X (sky130_fd_sc_hd__buf_4)
    10    0.06                           _143_ (net)
                  0.08    0.00    2.39 v _265_/A (sky130_fd_sc_hd__inv_2)
                  0.03    0.06    2.45 ^ _265_/Y (sky130_fd_sc_hd__inv_2)
     1    0.00                           _042_ (net)
                  0.03    0.00    2.45 ^ _301_/RESET_B (sky130_fd_sc_hd__dfrtp_2)
                                  2.45   data arrival time

                         10.00   10.00   clock clk (rise edge)
                          0.00   10.00   clock source latency
                  0.08    0.05   10.05 ^ clk (in)
     1    0.02                           clk (net)
                  0.08    0.00   10.05 ^ clkbuf_0_clk/A (sky130_fd_sc_hd__clkbuf_16)
                  0.06    0.15   10.20 ^ clkbuf_0_clk/X (sky130_fd_sc_hd__clkbuf_16)
     4    0.04                           clknet_0_clk (net)
                  0.06    0.00   10.20 ^ clkbuf_2_3__f_clk/A (sky130_fd_sc_hd__clkbuf_16)
                  0.05    0.13   10.33 ^ clkbuf_2_3__f_clk/X (sky130_fd_sc_hd__clkbuf_16)
     8    0.03                           clknet_2_3__leaf_clk (net)
                  0.05    0.00   10.33 ^ _301_/CLK (sky130_fd_sc_hd__dfrtp_2)
                         -0.25   10.08   clock uncertainty
                          0.00   10.08   clock reconvergence pessimism
                          0.22   10.31   library recovery time
                                 10.31   data required time
-----------------------------------------------------------------------------
                                 10.31   data required time
                                 -2.45   data arrival time
-----------------------------------------------------------------------------
                                  7.85   slack (MET)


Startpoint: reset (input port clocked by clk)
Endpoint: _300_ (recovery check against rising-edge clock clk)
Path Group: asynchronous
Path Type: max
Corner: Typical

Fanout     Cap    Slew   Delay    Time   Description
-----------------------------------------------------------------------------
                          0.00    0.00   clock clk (rise edge)
                          0.00    0.00   clock network delay (propagated)
                          2.00    2.00 v input external delay
                  0.01    0.00    2.00 v reset (in)
     1    0.00                           reset (net)
                  0.01    0.00    2.00 v input9/A (sky130_fd_sc_hd__buf_2)
                  0.08    0.17    2.17 v input9/X (sky130_fd_sc_hd__buf_2)
     7    0.03                           net9 (net)
                  0.08    0.00    2.17 v _259_/A (sky130_fd_sc_hd__buf_4)
                  0.08    0.22    2.39 v _259_/X (sky130_fd_sc_hd__buf_4)
    10    0.06                           _143_ (net)
                  0.08    0.00    2.39 v _264_/A (sky130_fd_sc_hd__inv_2)
                  0.03    0.06    2.45 ^ _264_/Y (sky130_fd_sc_hd__inv_2)
     1    0.00                           _041_ (net)
                  0.03    0.00    2.45 ^ _300_/RESET_B (sky130_fd_sc_hd__dfrtp_4)
                                  2.45   data arrival time

                         10.00   10.00   clock clk (rise edge)
                          0.00   10.00   clock source latency
                  0.08    0.05   10.05 ^ clk (in)
     1    0.02                           clk (net)
                  0.08    0.00   10.05 ^ clkbuf_0_clk/A (sky130_fd_sc_hd__clkbuf_16)
                  0.06    0.15   10.20 ^ clkbuf_0_clk/X (sky130_fd_sc_hd__clkbuf_16)
     4    0.04                           clknet_0_clk (net)
                  0.06    0.00   10.20 ^ clkbuf_2_3__f_clk/A (sky130_fd_sc_hd__clkbuf_16)
                  0.05    0.13   10.33 ^ clkbuf_2_3__f_clk/X (sky130_fd_sc_hd__clkbuf_16)
     8    0.03                           clknet_2_3__leaf_clk (net)
                  0.05    0.00   10.33 ^ _300_/CLK (sky130_fd_sc_hd__dfrtp_4)
                         -0.25   10.08   clock uncertainty
                          0.00   10.08   clock reconvergence pessimism
                          0.22   10.31   library recovery time
                                 10.31   data required time
-----------------------------------------------------------------------------
                                 10.31   data required time
                                 -2.45   data arrival time
-----------------------------------------------------------------------------
                                  7.85   slack (MET)


Startpoint: reset (input port clocked by clk)
Endpoint: _322_ (recovery check against rising-edge clock clk)
Path Group: asynchronous
Path Type: max
Corner: Typical

Fanout     Cap    Slew   Delay    Time   Description
-----------------------------------------------------------------------------
                          0.00    0.00   clock clk (rise edge)
                          0.00    0.00   clock network delay (propagated)
                          2.00    2.00 v input external delay
                  0.01    0.00    2.00 v reset (in)
     1    0.00                           reset (net)
                  0.01    0.00    2.00 v input9/A (sky130_fd_sc_hd__buf_2)
                  0.08    0.17    2.17 v input9/X (sky130_fd_sc_hd__buf_2)
     7    0.03                           net9 (net)
                  0.08    0.00    2.17 v _281_/A (sky130_fd_sc_hd__buf_4)
                  0.08    0.22    2.39 v _281_/X (sky130_fd_sc_hd__buf_4)
    10    0.06                           _145_ (net)
                  0.08    0.00    2.39 v _288_/A (sky130_fd_sc_hd__inv_2)
                  0.03    0.06    2.45 ^ _288_/Y (sky130_fd_sc_hd__inv_2)
     1    0.00                           _029_ (net)
                  0.03    0.00    2.45 ^ _322_/RESET_B (sky130_fd_sc_hd__dfrtp_2)
                                  2.45   data arrival time

                         10.00   10.00   clock clk (rise edge)
                          0.00   10.00   clock source latency
                  0.08    0.05   10.05 ^ clk (in)
     1    0.02                           clk (net)
                  0.08    0.00   10.05 ^ clkbuf_0_clk/A (sky130_fd_sc_hd__clkbuf_16)
                  0.06    0.15   10.20 ^ clkbuf_0_clk/X (sky130_fd_sc_hd__clkbuf_16)
     4    0.04                           clknet_0_clk (net)
                  0.06    0.00   10.20 ^ clkbuf_2_0__f_clk/A (sky130_fd_sc_hd__clkbuf_16)
                  0.05    0.13   10.34 ^ clkbuf_2_0__f_clk/X (sky130_fd_sc_hd__clkbuf_16)
     9    0.03                           clknet_2_0__leaf_clk (net)
                  0.05    0.00   10.34 ^ _322_/CLK (sky130_fd_sc_hd__dfrtp_2)
                         -0.25   10.09   clock uncertainty
                          0.00   10.09   clock reconvergence pessimism
                          0.22   10.31   library recovery time
                                 10.31   data required time
-----------------------------------------------------------------------------
                                 10.31   data required time
                                 -2.45   data arrival time
-----------------------------------------------------------------------------
                                  7.85   slack (MET)


Startpoint: reset (input port clocked by clk)
Endpoint: _299_ (recovery check against rising-edge clock clk)
Path Group: asynchronous
Path Type: max
Corner: Typical

Fanout     Cap    Slew   Delay    Time   Description
-----------------------------------------------------------------------------
                          0.00    0.00   clock clk (rise edge)
                          0.00    0.00   clock network delay (propagated)
                          2.00    2.00 v input external delay
                  0.01    0.00    2.00 v reset (in)
     1    0.00                           reset (net)
                  0.01    0.00    2.00 v input9/A (sky130_fd_sc_hd__buf_2)
                  0.08    0.17    2.17 v input9/X (sky130_fd_sc_hd__buf_2)
     7    0.03                           net9 (net)
                  0.08    0.00    2.17 v _259_/A (sky130_fd_sc_hd__buf_4)
                  0.08    0.22    2.39 v _259_/X (sky130_fd_sc_hd__buf_4)
    10    0.06                           _143_ (net)
                  0.08    0.00    2.39 v _263_/A (sky130_fd_sc_hd__inv_2)
                  0.03    0.06    2.45 ^ _263_/Y (sky130_fd_sc_hd__inv_2)
     1    0.00                           _040_ (net)
                  0.03    0.00    2.45 ^ _299_/RESET_B (sky130_fd_sc_hd__dfrtp_1)
                                  2.45   data arrival time

                         10.00   10.00   clock clk (rise edge)
                          0.00   10.00   clock source latency
                  0.08    0.05   10.05 ^ clk (in)
     1    0.02                           clk (net)
                  0.08    0.00   10.05 ^ clkbuf_0_clk/A (sky130_fd_sc_hd__clkbuf_16)
                  0.06    0.15   10.20 ^ clkbuf_0_clk/X (sky130_fd_sc_hd__clkbuf_16)
     4    0.04                           clknet_0_clk (net)
                  0.06    0.00   10.20 ^ clkbuf_2_2__f_clk/A (sky130_fd_sc_hd__clkbuf_16)
                  0.04    0.12   10.33 ^ clkbuf_2_2__f_clk/X (sky130_fd_sc_hd__clkbuf_16)
     6    0.02                           clknet_2_2__leaf_clk (net)
                  0.04    0.00   10.33 ^ _299_/CLK (sky130_fd_sc_hd__dfrtp_1)
                         -0.25   10.08   clock uncertainty
                          0.00   10.08   clock reconvergence pessimism
                          0.23   10.31   library recovery time
                                 10.31   data required time
-----------------------------------------------------------------------------
                                 10.31   data required time
                                 -2.45   data arrival time
-----------------------------------------------------------------------------
                                  7.86   slack (MET)


Startpoint: reset (input port clocked by clk)
Endpoint: _305_ (recovery check against rising-edge clock clk)
Path Group: asynchronous
Path Type: max
Corner: Typical

Fanout     Cap    Slew   Delay    Time   Description
-----------------------------------------------------------------------------
                          0.00    0.00   clock clk (rise edge)
                          0.00    0.00   clock network delay (propagated)
                          2.00    2.00 v input external delay
                  0.01    0.00    2.00 v reset (in)
     1    0.00                           reset (net)
                  0.01    0.00    2.00 v input9/A (sky130_fd_sc_hd__buf_2)
                  0.08    0.17    2.17 v input9/X (sky130_fd_sc_hd__buf_2)
     7    0.03                           net9 (net)
                  0.08    0.00    2.17 v _259_/A (sky130_fd_sc_hd__buf_4)
                  0.08    0.22    2.39 v _259_/X (sky130_fd_sc_hd__buf_4)
    10    0.06                           _143_ (net)
                  0.08    0.00    2.39 v _269_/A (sky130_fd_sc_hd__inv_2)
                  0.03    0.06    2.45 ^ _269_/Y (sky130_fd_sc_hd__inv_2)
     1    0.00                           _046_ (net)
                  0.03    0.00    2.45 ^ _305_/RESET_B (sky130_fd_sc_hd__dfrtp_1)
                                  2.45   data arrival time

                         10.00   10.00   clock clk (rise edge)
                          0.00   10.00   clock source latency
                  0.08    0.05   10.05 ^ clk (in)
     1    0.02                           clk (net)
                  0.08    0.00   10.05 ^ clkbuf_0_clk/A (sky130_fd_sc_hd__clkbuf_16)
                  0.06    0.15   10.20 ^ clkbuf_0_clk/X (sky130_fd_sc_hd__clkbuf_16)
     4    0.04                           clknet_0_clk (net)
                  0.06    0.00   10.20 ^ clkbuf_2_2__f_clk/A (sky130_fd_sc_hd__clkbuf_16)
                  0.04    0.12   10.33 ^ clkbuf_2_2__f_clk/X (sky130_fd_sc_hd__clkbuf_16)
     6    0.02                           clknet_2_2__leaf_clk (net)
                  0.04    0.00   10.33 ^ _305_/CLK (sky130_fd_sc_hd__dfrtp_1)
                         -0.25   10.08   clock uncertainty
                          0.00   10.08   clock reconvergence pessimism
                          0.23   10.31   library recovery time
                                 10.31   data required time
-----------------------------------------------------------------------------
                                 10.31   data required time
                                 -2.45   data arrival time
-----------------------------------------------------------------------------
                                  7.86   slack (MET)


Startpoint: reset (input port clocked by clk)
Endpoint: _303_ (recovery check against rising-edge clock clk)
Path Group: asynchronous
Path Type: max
Corner: Typical

Fanout     Cap    Slew   Delay    Time   Description
-----------------------------------------------------------------------------
                          0.00    0.00   clock clk (rise edge)
                          0.00    0.00   clock network delay (propagated)
                          2.00    2.00 v input external delay
                  0.01    0.00    2.00 v reset (in)
     1    0.00                           reset (net)
                  0.01    0.00    2.00 v input9/A (sky130_fd_sc_hd__buf_2)
                  0.08    0.17    2.17 v input9/X (sky130_fd_sc_hd__buf_2)
     7    0.03                           net9 (net)
                  0.08    0.00    2.17 v _259_/A (sky130_fd_sc_hd__buf_4)
                  0.08    0.22    2.39 v _259_/X (sky130_fd_sc_hd__buf_4)
    10    0.06                           _143_ (net)
                  0.08    0.00    2.39 v _267_/A (sky130_fd_sc_hd__inv_2)
                  0.03    0.06    2.45 ^ _267_/Y (sky130_fd_sc_hd__inv_2)
     1    0.00                           _044_ (net)
                  0.03    0.00    2.45 ^ _303_/RESET_B (sky130_fd_sc_hd__dfrtp_1)
                                  2.45   data arrival time

                         10.00   10.00   clock clk (rise edge)
                          0.00   10.00   clock source latency
                  0.08    0.05   10.05 ^ clk (in)
     1    0.02                           clk (net)
                  0.08    0.00   10.05 ^ clkbuf_0_clk/A (sky130_fd_sc_hd__clkbuf_16)
                  0.06    0.15   10.20 ^ clkbuf_0_clk/X (sky130_fd_sc_hd__clkbuf_16)
     4    0.04                           clknet_0_clk (net)
                  0.06    0.00   10.20 ^ clkbuf_2_2__f_clk/A (sky130_fd_sc_hd__clkbuf_16)
                  0.04    0.12   10.33 ^ clkbuf_2_2__f_clk/X (sky130_fd_sc_hd__clkbuf_16)
     6    0.02                           clknet_2_2__leaf_clk (net)
                  0.04    0.00   10.33 ^ _303_/CLK (sky130_fd_sc_hd__dfrtp_1)
                         -0.25   10.08   clock uncertainty
                          0.00   10.08   clock reconvergence pessimism
                          0.23   10.31   library recovery time
                                 10.31   data required time
-----------------------------------------------------------------------------
                                 10.31   data required time
                                 -2.45   data arrival time
-----------------------------------------------------------------------------
                                  7.86   slack (MET)


Startpoint: reset (input port clocked by clk)
Endpoint: _312_ (recovery check against rising-edge clock clk)
Path Group: asynchronous
Path Type: max
Corner: Typical

Fanout     Cap    Slew   Delay    Time   Description
-----------------------------------------------------------------------------
                          0.00    0.00   clock clk (rise edge)
                          0.00    0.00   clock network delay (propagated)
                          2.00    2.00 v input external delay
                  0.01    0.00    2.00 v reset (in)
     1    0.00                           reset (net)
                  0.01    0.00    2.00 v input9/A (sky130_fd_sc_hd__buf_2)
                  0.08    0.17    2.17 v input9/X (sky130_fd_sc_hd__buf_2)
     7    0.03                           net9 (net)
                  0.08    0.00    2.17 v _270_/A (sky130_fd_sc_hd__buf_4)
                  0.08    0.22    2.39 v _270_/X (sky130_fd_sc_hd__buf_4)
    10    0.06                           _144_ (net)
                  0.08    0.00    2.40 v _277_/A (sky130_fd_sc_hd__inv_2)
                  0.04    0.06    2.46 ^ _277_/Y (sky130_fd_sc_hd__inv_2)
     1    0.00                           _053_ (net)
                  0.04    0.00    2.46 ^ _312_/RESET_B (sky130_fd_sc_hd__dfrtp_1)
                                  2.46   data arrival time

                         10.00   10.00   clock clk (rise edge)
                          0.00   10.00   clock source latency
                  0.08    0.05   10.05 ^ clk (in)
     1    0.02                           clk (net)
                  0.08    0.00   10.05 ^ clkbuf_0_clk/A (sky130_fd_sc_hd__clkbuf_16)
                  0.06    0.15   10.20 ^ clkbuf_0_clk/X (sky130_fd_sc_hd__clkbuf_16)
     4    0.04                           clknet_0_clk (net)
                  0.06    0.00   10.20 ^ clkbuf_2_3__f_clk/A (sky130_fd_sc_hd__clkbuf_16)
                  0.05    0.13   10.33 ^ clkbuf_2_3__f_clk/X (sky130_fd_sc_hd__clkbuf_16)
     8    0.03                           clknet_2_3__leaf_clk (net)
                  0.05    0.00   10.33 ^ _312_/CLK (sky130_fd_sc_hd__dfrtp_1)
                         -0.25   10.08   clock uncertainty
                          0.00   10.08   clock reconvergence pessimism
                          0.23   10.32   library recovery time
                                 10.32   data required time
-----------------------------------------------------------------------------
                                 10.32   data required time
                                 -2.46   data arrival time
-----------------------------------------------------------------------------
                                  7.86   slack (MET)


Startpoint: reset (input port clocked by clk)
Endpoint: _313_ (recovery check against rising-edge clock clk)
Path Group: asynchronous
Path Type: max
Corner: Typical

Fanout     Cap    Slew   Delay    Time   Description
-----------------------------------------------------------------------------
                          0.00    0.00   clock clk (rise edge)
                          0.00    0.00   clock network delay (propagated)
                          2.00    2.00 v input external delay
                  0.01    0.00    2.00 v reset (in)
     1    0.00                           reset (net)
                  0.01    0.00    2.00 v input9/A (sky130_fd_sc_hd__buf_2)
                  0.08    0.17    2.17 v input9/X (sky130_fd_sc_hd__buf_2)
     7    0.03                           net9 (net)
                  0.08    0.00    2.17 v _270_/A (sky130_fd_sc_hd__buf_4)
                  0.08    0.22    2.39 v _270_/X (sky130_fd_sc_hd__buf_4)
    10    0.06                           _144_ (net)
                  0.08    0.00    2.40 v _278_/A (sky130_fd_sc_hd__inv_2)
                  0.03    0.06    2.46 ^ _278_/Y (sky130_fd_sc_hd__inv_2)
     1    0.00                           _020_ (net)
                  0.03    0.00    2.46 ^ _313_/RESET_B (sky130_fd_sc_hd__dfrtp_1)
                                  2.46   data arrival time

                         10.00   10.00   clock clk (rise edge)
                          0.00   10.00   clock source latency
                  0.08    0.05   10.05 ^ clk (in)
     1    0.02                           clk (net)
                  0.08    0.00   10.05 ^ clkbuf_0_clk/A (sky130_fd_sc_hd__clkbuf_16)
                  0.06    0.15   10.20 ^ clkbuf_0_clk/X (sky130_fd_sc_hd__clkbuf_16)
     4    0.04                           clknet_0_clk (net)
                  0.06    0.00   10.20 ^ clkbuf_2_3__f_clk/A (sky130_fd_sc_hd__clkbuf_16)
                  0.05    0.13   10.33 ^ clkbuf_2_3__f_clk/X (sky130_fd_sc_hd__clkbuf_16)
     8    0.03                           clknet_2_3__leaf_clk (net)
                  0.05    0.00   10.33 ^ _313_/CLK (sky130_fd_sc_hd__dfrtp_1)
                         -0.25   10.08   clock uncertainty
                          0.00   10.08   clock reconvergence pessimism
                          0.23   10.32   library recovery time
                                 10.32   data required time
-----------------------------------------------------------------------------
                                 10.32   data required time
                                 -2.46   data arrival time
-----------------------------------------------------------------------------
                                  7.86   slack (MET)


Startpoint: reset (input port clocked by clk)
Endpoint: _310_ (recovery check against rising-edge clock clk)
Path Group: asynchronous
Path Type: max
Corner: Typical

Fanout     Cap    Slew   Delay    Time   Description
-----------------------------------------------------------------------------
                          0.00    0.00   clock clk (rise edge)
                          0.00    0.00   clock network delay (propagated)
                          2.00    2.00 v input external delay
                  0.01    0.00    2.00 v reset (in)
     1    0.00                           reset (net)
                  0.01    0.00    2.00 v input9/A (sky130_fd_sc_hd__buf_2)
                  0.08    0.17    2.17 v input9/X (sky130_fd_sc_hd__buf_2)
     7    0.03                           net9 (net)
                  0.08    0.00    2.17 v _270_/A (sky130_fd_sc_hd__buf_4)
                  0.08    0.22    2.39 v _270_/X (sky130_fd_sc_hd__buf_4)
    10    0.06                           _144_ (net)
                  0.08    0.00    2.39 v _275_/A (sky130_fd_sc_hd__inv_2)
                  0.03    0.06    2.46 ^ _275_/Y (sky130_fd_sc_hd__inv_2)
     1    0.00                           _051_ (net)
                  0.03    0.00    2.46 ^ _310_/RESET_B (sky130_fd_sc_hd__dfrtp_1)
                                  2.46   data arrival time

                         10.00   10.00   clock clk (rise edge)
                          0.00   10.00   clock source latency
                  0.08    0.05   10.05 ^ clk (in)
     1    0.02                           clk (net)
                  0.08    0.00   10.05 ^ clkbuf_0_clk/A (sky130_fd_sc_hd__clkbuf_16)
                  0.06    0.15   10.20 ^ clkbuf_0_clk/X (sky130_fd_sc_hd__clkbuf_16)
     4    0.04                           clknet_0_clk (net)
                  0.06    0.00   10.20 ^ clkbuf_2_3__f_clk/A (sky130_fd_sc_hd__clkbuf_16)
                  0.05    0.13   10.33 ^ clkbuf_2_3__f_clk/X (sky130_fd_sc_hd__clkbuf_16)
     8    0.03                           clknet_2_3__leaf_clk (net)
                  0.05    0.00   10.33 ^ _310_/CLK (sky130_fd_sc_hd__dfrtp_1)
                         -0.25   10.08   clock uncertainty
                          0.00   10.08   clock reconvergence pessimism
                          0.23   10.32   library recovery time
                                 10.32   data required time
-----------------------------------------------------------------------------
                                 10.32   data required time
                                 -2.46   data arrival time
-----------------------------------------------------------------------------
                                  7.86   slack (MET)


Startpoint: reset (input port clocked by clk)
Endpoint: _311_ (recovery check against rising-edge clock clk)
Path Group: asynchronous
Path Type: max
Corner: Typical

Fanout     Cap    Slew   Delay    Time   Description
-----------------------------------------------------------------------------
                          0.00    0.00   clock clk (rise edge)
                          0.00    0.00   clock network delay (propagated)
                          2.00    2.00 v input external delay
                  0.01    0.00    2.00 v reset (in)
     1    0.00                           reset (net)
                  0.01    0.00    2.00 v input9/A (sky130_fd_sc_hd__buf_2)
                  0.08    0.17    2.17 v input9/X (sky130_fd_sc_hd__buf_2)
     7    0.03                           net9 (net)
                  0.08    0.00    2.17 v _270_/A (sky130_fd_sc_hd__buf_4)
                  0.08    0.22    2.39 v _270_/X (sky130_fd_sc_hd__buf_4)
    10    0.06                           _144_ (net)
                  0.08    0.00    2.39 v _276_/A (sky130_fd_sc_hd__inv_2)
                  0.03    0.06    2.46 ^ _276_/Y (sky130_fd_sc_hd__inv_2)
     1    0.00                           _052_ (net)
                  0.03    0.00    2.46 ^ _311_/RESET_B (sky130_fd_sc_hd__dfrtp_1)
                                  2.46   data arrival time

                         10.00   10.00   clock clk (rise edge)
                          0.00   10.00   clock source latency
                  0.08    0.05   10.05 ^ clk (in)
     1    0.02                           clk (net)
                  0.08    0.00   10.05 ^ clkbuf_0_clk/A (sky130_fd_sc_hd__clkbuf_16)
                  0.06    0.15   10.20 ^ clkbuf_0_clk/X (sky130_fd_sc_hd__clkbuf_16)
     4    0.04                           clknet_0_clk (net)
                  0.06    0.00   10.20 ^ clkbuf_2_3__f_clk/A (sky130_fd_sc_hd__clkbuf_16)
                  0.05    0.13   10.33 ^ clkbuf_2_3__f_clk/X (sky130_fd_sc_hd__clkbuf_16)
     8    0.03                           clknet_2_3__leaf_clk (net)
                  0.05    0.00   10.33 ^ _311_/CLK (sky130_fd_sc_hd__dfrtp_1)
                         -0.25   10.08   clock uncertainty
                          0.00   10.08   clock reconvergence pessimism
                          0.23   10.32   library recovery time
                                 10.32   data required time
-----------------------------------------------------------------------------
                                 10.32   data required time
                                 -2.46   data arrival time
-----------------------------------------------------------------------------
                                  7.86   slack (MET)


Startpoint: reset (input port clocked by clk)
Endpoint: _317_ (recovery check against rising-edge clock clk)
Path Group: asynchronous
Path Type: max
Corner: Typical

Fanout     Cap    Slew   Delay    Time   Description
-----------------------------------------------------------------------------
                          0.00    0.00   clock clk (rise edge)
                          0.00    0.00   clock network delay (propagated)
                          2.00    2.00 v input external delay
                  0.01    0.00    2.00 v reset (in)
     1    0.00                           reset (net)
                  0.01    0.00    2.00 v input9/A (sky130_fd_sc_hd__buf_2)
                  0.08    0.17    2.17 v input9/X (sky130_fd_sc_hd__buf_2)
     7    0.03                           net9 (net)
                  0.08    0.00    2.17 v _281_/A (sky130_fd_sc_hd__buf_4)
                  0.08    0.22    2.39 v _281_/X (sky130_fd_sc_hd__buf_4)
    10    0.06                           _145_ (net)
                  0.08    0.00    2.39 v _283_/A (sky130_fd_sc_hd__inv_2)
                  0.04    0.06    2.46 ^ _283_/Y (sky130_fd_sc_hd__inv_2)
     1    0.00                           _024_ (net)
                  0.04    0.00    2.46 ^ _317_/RESET_B (sky130_fd_sc_hd__dfrtp_1)
                                  2.46   data arrival time

                         10.00   10.00   clock clk (rise edge)
                          0.00   10.00   clock source latency
                  0.08    0.05   10.05 ^ clk (in)
     1    0.02                           clk (net)
                  0.08    0.00   10.05 ^ clkbuf_0_clk/A (sky130_fd_sc_hd__clkbuf_16)
                  0.06    0.15   10.20 ^ clkbuf_0_clk/X (sky130_fd_sc_hd__clkbuf_16)
     4    0.04                           clknet_0_clk (net)
                  0.06    0.00   10.20 ^ clkbuf_2_0__f_clk/A (sky130_fd_sc_hd__clkbuf_16)
                  0.05    0.13   10.34 ^ clkbuf_2_0__f_clk/X (sky130_fd_sc_hd__clkbuf_16)
     9    0.03                           clknet_2_0__leaf_clk (net)
                  0.05    0.00   10.34 ^ _317_/CLK (sky130_fd_sc_hd__dfrtp_1)
                         -0.25   10.09   clock uncertainty
                          0.00   10.09   clock reconvergence pessimism
                          0.23   10.32   library recovery time
                                 10.32   data required time
-----------------------------------------------------------------------------
                                 10.32   data required time
                                 -2.46   data arrival time
-----------------------------------------------------------------------------
                                  7.86   slack (MET)


Startpoint: reset (input port clocked by clk)
Endpoint: _309_ (recovery check against rising-edge clock clk)
Path Group: asynchronous
Path Type: max
Corner: Typical

Fanout     Cap    Slew   Delay    Time   Description
-----------------------------------------------------------------------------
                          0.00    0.00   clock clk (rise edge)
                          0.00    0.00   clock network delay (propagated)
                          2.00    2.00 v input external delay
                  0.01    0.00    2.00 v reset (in)
     1    0.00                           reset (net)
                  0.01    0.00    2.00 v input9/A (sky130_fd_sc_hd__buf_2)
                  0.08    0.17    2.17 v input9/X (sky130_fd_sc_hd__buf_2)
     7    0.03                           net9 (net)
                  0.08    0.00    2.17 v _270_/A (sky130_fd_sc_hd__buf_4)
                  0.08    0.22    2.39 v _270_/X (sky130_fd_sc_hd__buf_4)
    10    0.06                           _144_ (net)
                  0.08    0.00    2.39 v _274_/A (sky130_fd_sc_hd__inv_2)
                  0.03    0.06    2.46 ^ _274_/Y (sky130_fd_sc_hd__inv_2)
     1    0.00                           _050_ (net)
                  0.03    0.00    2.46 ^ _309_/RESET_B (sky130_fd_sc_hd__dfrtp_1)
                                  2.46   data arrival time

                         10.00   10.00   clock clk (rise edge)
                          0.00   10.00   clock source latency
                  0.08    0.05   10.05 ^ clk (in)
     1    0.02                           clk (net)
                  0.08    0.00   10.05 ^ clkbuf_0_clk/A (sky130_fd_sc_hd__clkbuf_16)
                  0.06    0.15   10.20 ^ clkbuf_0_clk/X (sky130_fd_sc_hd__clkbuf_16)
     4    0.04                           clknet_0_clk (net)
                  0.06    0.00   10.20 ^ clkbuf_2_3__f_clk/A (sky130_fd_sc_hd__clkbuf_16)
                  0.05    0.13   10.33 ^ clkbuf_2_3__f_clk/X (sky130_fd_sc_hd__clkbuf_16)
     8    0.03                           clknet_2_3__leaf_clk (net)
                  0.05    0.00   10.33 ^ _309_/CLK (sky130_fd_sc_hd__dfrtp_1)
                         -0.25   10.08   clock uncertainty
                          0.00   10.08   clock reconvergence pessimism
                          0.23   10.32   library recovery time
                                 10.32   data required time
-----------------------------------------------------------------------------
                                 10.32   data required time
                                 -2.46   data arrival time
-----------------------------------------------------------------------------
                                  7.86   slack (MET)


Startpoint: reset (input port clocked by clk)
Endpoint: _316_ (recovery check against rising-edge clock clk)
Path Group: asynchronous
Path Type: max
Corner: Typical

Fanout     Cap    Slew   Delay    Time   Description
-----------------------------------------------------------------------------
                          0.00    0.00   clock clk (rise edge)
                          0.00    0.00   clock network delay (propagated)
                          2.00    2.00 v input external delay
                  0.01    0.00    2.00 v reset (in)
     1    0.00                           reset (net)
                  0.01    0.00    2.00 v input9/A (sky130_fd_sc_hd__buf_2)
                  0.08    0.17    2.17 v input9/X (sky130_fd_sc_hd__buf_2)
     7    0.03                           net9 (net)
                  0.08    0.00    2.17 v _281_/A (sky130_fd_sc_hd__buf_4)
                  0.08    0.22    2.39 v _281_/X (sky130_fd_sc_hd__buf_4)
    10    0.06                           _145_ (net)
                  0.08    0.00    2.39 v _282_/A (sky130_fd_sc_hd__inv_2)
                  0.04    0.06    2.46 ^ _282_/Y (sky130_fd_sc_hd__inv_2)
     1    0.00                           _023_ (net)
                  0.04    0.00    2.46 ^ _316_/RESET_B (sky130_fd_sc_hd__dfrtp_1)
                                  2.46   data arrival time

                         10.00   10.00   clock clk (rise edge)
                          0.00   10.00   clock source latency
                  0.08    0.05   10.05 ^ clk (in)
     1    0.02                           clk (net)
                  0.08    0.00   10.05 ^ clkbuf_0_clk/A (sky130_fd_sc_hd__clkbuf_16)
                  0.06    0.15   10.20 ^ clkbuf_0_clk/X (sky130_fd_sc_hd__clkbuf_16)
     4    0.04                           clknet_0_clk (net)
                  0.06    0.00   10.20 ^ clkbuf_2_0__f_clk/A (sky130_fd_sc_hd__clkbuf_16)
                  0.05    0.13   10.34 ^ clkbuf_2_0__f_clk/X (sky130_fd_sc_hd__clkbuf_16)
     9    0.03                           clknet_2_0__leaf_clk (net)
                  0.05    0.00   10.34 ^ _316_/CLK (sky130_fd_sc_hd__dfrtp_1)
                         -0.25   10.09   clock uncertainty
                          0.00   10.09   clock reconvergence pessimism
                          0.23   10.32   library recovery time
                                 10.32   data required time
-----------------------------------------------------------------------------
                                 10.32   data required time
                                 -2.46   data arrival time
-----------------------------------------------------------------------------
                                  7.86   slack (MET)


Startpoint: reset (input port clocked by clk)
Endpoint: _306_ (recovery check against rising-edge clock clk)
Path Group: asynchronous
Path Type: max
Corner: Typical

Fanout     Cap    Slew   Delay    Time   Description
-----------------------------------------------------------------------------
                          0.00    0.00   clock clk (rise edge)
                          0.00    0.00   clock network delay (propagated)
                          2.00    2.00 v input external delay
                  0.01    0.00    2.00 v reset (in)
     1    0.00                           reset (net)
                  0.01    0.00    2.00 v input9/A (sky130_fd_sc_hd__buf_2)
                  0.08    0.17    2.17 v input9/X (sky130_fd_sc_hd__buf_2)
     7    0.03                           net9 (net)
                  0.08    0.00    2.17 v _270_/A (sky130_fd_sc_hd__buf_4)
                  0.08    0.22    2.39 v _270_/X (sky130_fd_sc_hd__buf_4)
    10    0.06                           _144_ (net)
                  0.08    0.00    2.39 v _271_/A (sky130_fd_sc_hd__inv_2)
                  0.04    0.07    2.46 ^ _271_/Y (sky130_fd_sc_hd__inv_2)
     1    0.00                           _047_ (net)
                  0.04    0.00    2.46 ^ _306_/RESET_B (sky130_fd_sc_hd__dfrtp_1)
                                  2.46   data arrival time

                         10.00   10.00   clock clk (rise edge)
                          0.00   10.00   clock source latency
                  0.08    0.05   10.05 ^ clk (in)
     1    0.02                           clk (net)
                  0.08    0.00   10.05 ^ clkbuf_0_clk/A (sky130_fd_sc_hd__clkbuf_16)
                  0.06    0.15   10.20 ^ clkbuf_0_clk/X (sky130_fd_sc_hd__clkbuf_16)
     4    0.04                           clknet_0_clk (net)
                  0.06    0.00   10.20 ^ clkbuf_2_1__f_clk/A (sky130_fd_sc_hd__clkbuf_16)
                  0.05    0.13   10.34 ^ clkbuf_2_1__f_clk/X (sky130_fd_sc_hd__clkbuf_16)
    11    0.03                           clknet_2_1__leaf_clk (net)
                  0.05    0.00   10.34 ^ _306_/CLK (sky130_fd_sc_hd__dfrtp_1)
                         -0.25   10.09   clock uncertainty
                          0.00   10.09   clock reconvergence pessimism
                          0.23   10.32   library recovery time
                                 10.32   data required time
-----------------------------------------------------------------------------
                                 10.32   data required time
                                 -2.46   data arrival time
-----------------------------------------------------------------------------
                                  7.86   slack (MET)


Startpoint: reset (input port clocked by clk)
Endpoint: _319_ (recovery check against rising-edge clock clk)
Path Group: asynchronous
Path Type: max
Corner: Typical

Fanout     Cap    Slew   Delay    Time   Description
-----------------------------------------------------------------------------
                          0.00    0.00   clock clk (rise edge)
                          0.00    0.00   clock network delay (propagated)
                          2.00    2.00 v input external delay
                  0.01    0.00    2.00 v reset (in)
     1    0.00                           reset (net)
                  0.01    0.00    2.00 v input9/A (sky130_fd_sc_hd__buf_2)
                  0.08    0.17    2.17 v input9/X (sky130_fd_sc_hd__buf_2)
     7    0.03                           net9 (net)
                  0.08    0.00    2.17 v _281_/A (sky130_fd_sc_hd__buf_4)
                  0.08    0.22    2.39 v _281_/X (sky130_fd_sc_hd__buf_4)
    10    0.06                           _145_ (net)
                  0.08    0.00    2.39 v _285_/A (sky130_fd_sc_hd__inv_2)
                  0.03    0.06    2.46 ^ _285_/Y (sky130_fd_sc_hd__inv_2)
     1    0.00                           _026_ (net)
                  0.03    0.00    2.46 ^ _319_/RESET_B (sky130_fd_sc_hd__dfrtp_1)
                                  2.46   data arrival time

                         10.00   10.00   clock clk (rise edge)
                          0.00   10.00   clock source latency
                  0.08    0.05   10.05 ^ clk (in)
     1    0.02                           clk (net)
                  0.08    0.00   10.05 ^ clkbuf_0_clk/A (sky130_fd_sc_hd__clkbuf_16)
                  0.06    0.15   10.20 ^ clkbuf_0_clk/X (sky130_fd_sc_hd__clkbuf_16)
     4    0.04                           clknet_0_clk (net)
                  0.06    0.00   10.20 ^ clkbuf_2_0__f_clk/A (sky130_fd_sc_hd__clkbuf_16)
                  0.05    0.13   10.34 ^ clkbuf_2_0__f_clk/X (sky130_fd_sc_hd__clkbuf_16)
     9    0.03                           clknet_2_0__leaf_clk (net)
                  0.05    0.00   10.34 ^ _319_/CLK (sky130_fd_sc_hd__dfrtp_1)
                         -0.25   10.09   clock uncertainty
                          0.00   10.09   clock reconvergence pessimism
                          0.23   10.32   library recovery time
                                 10.32   data required time
-----------------------------------------------------------------------------
                                 10.32   data required time
                                 -2.46   data arrival time
-----------------------------------------------------------------------------
                                  7.87   slack (MET)


Startpoint: reset (input port clocked by clk)
Endpoint: _321_ (recovery check against rising-edge clock clk)
Path Group: asynchronous
Path Type: max
Corner: Typical

Fanout     Cap    Slew   Delay    Time   Description
-----------------------------------------------------------------------------
                          0.00    0.00   clock clk (rise edge)
                          0.00    0.00   clock network delay (propagated)
                          2.00    2.00 v input external delay
                  0.01    0.00    2.00 v reset (in)
     1    0.00                           reset (net)
                  0.01    0.00    2.00 v input9/A (sky130_fd_sc_hd__buf_2)
                  0.08    0.17    2.17 v input9/X (sky130_fd_sc_hd__buf_2)
     7    0.03                           net9 (net)
                  0.08    0.00    2.17 v _281_/A (sky130_fd_sc_hd__buf_4)
                  0.08    0.22    2.39 v _281_/X (sky130_fd_sc_hd__buf_4)
    10    0.06                           _145_ (net)
                  0.08    0.00    2.39 v _287_/A (sky130_fd_sc_hd__inv_2)
                  0.03    0.06    2.46 ^ _287_/Y (sky130_fd_sc_hd__inv_2)
     1    0.00                           _028_ (net)
                  0.03    0.00    2.46 ^ _321_/RESET_B (sky130_fd_sc_hd__dfrtp_1)
                                  2.46   data arrival time

                         10.00   10.00   clock clk (rise edge)
                          0.00   10.00   clock source latency
                  0.08    0.05   10.05 ^ clk (in)
     1    0.02                           clk (net)
                  0.08    0.00   10.05 ^ clkbuf_0_clk/A (sky130_fd_sc_hd__clkbuf_16)
                  0.06    0.15   10.20 ^ clkbuf_0_clk/X (sky130_fd_sc_hd__clkbuf_16)
     4    0.04                           clknet_0_clk (net)
                  0.06    0.00   10.20 ^ clkbuf_2_0__f_clk/A (sky130_fd_sc_hd__clkbuf_16)
                  0.05    0.13   10.34 ^ clkbuf_2_0__f_clk/X (sky130_fd_sc_hd__clkbuf_16)
     9    0.03                           clknet_2_0__leaf_clk (net)
                  0.05    0.00   10.34 ^ _321_/CLK (sky130_fd_sc_hd__dfrtp_1)
                         -0.25   10.09   clock uncertainty
                          0.00   10.09   clock reconvergence pessimism
                          0.23   10.32   library recovery time
                                 10.32   data required time
-----------------------------------------------------------------------------
                                 10.32   data required time
                                 -2.46   data arrival time
-----------------------------------------------------------------------------
                                  7.87   slack (MET)


Startpoint: reset (input port clocked by clk)
Endpoint: _302_ (recovery check against rising-edge clock clk)
Path Group: asynchronous
Path Type: max
Corner: Typical

Fanout     Cap    Slew   Delay    Time   Description
-----------------------------------------------------------------------------
                          0.00    0.00   clock clk (rise edge)
                          0.00    0.00   clock network delay (propagated)
                          2.00    2.00 v input external delay
                  0.01    0.00    2.00 v reset (in)
     1    0.00                           reset (net)
                  0.01    0.00    2.00 v input9/A (sky130_fd_sc_hd__buf_2)
                  0.08    0.17    2.17 v input9/X (sky130_fd_sc_hd__buf_2)
     7    0.03                           net9 (net)
                  0.08    0.00    2.17 v _259_/A (sky130_fd_sc_hd__buf_4)
                  0.08    0.22    2.39 v _259_/X (sky130_fd_sc_hd__buf_4)
    10    0.06                           _143_ (net)
                  0.08    0.00    2.39 v _266_/A (sky130_fd_sc_hd__inv_2)
                  0.03    0.06    2.45 ^ _266_/Y (sky130_fd_sc_hd__inv_2)
     1    0.00                           _043_ (net)
                  0.03    0.00    2.45 ^ _302_/RESET_B (sky130_fd_sc_hd__dfrtp_1)
                                  2.45   data arrival time

                         10.00   10.00   clock clk (rise edge)
                          0.00   10.00   clock source latency
                  0.08    0.05   10.05 ^ clk (in)
     1    0.02                           clk (net)
                  0.08    0.00   10.05 ^ clkbuf_0_clk/A (sky130_fd_sc_hd__clkbuf_16)
                  0.06    0.15   10.20 ^ clkbuf_0_clk/X (sky130_fd_sc_hd__clkbuf_16)
     4    0.04                           clknet_0_clk (net)
                  0.06    0.00   10.20 ^ clkbuf_2_3__f_clk/A (sky130_fd_sc_hd__clkbuf_16)
                  0.05    0.13   10.33 ^ clkbuf_2_3__f_clk/X (sky130_fd_sc_hd__clkbuf_16)
     8    0.03                           clknet_2_3__leaf_clk (net)
                  0.05    0.00   10.33 ^ _302_/CLK (sky130_fd_sc_hd__dfrtp_1)
                         -0.25   10.08   clock uncertainty
                          0.00   10.08   clock reconvergence pessimism
                          0.23   10.32   library recovery time
                                 10.32   data required time
-----------------------------------------------------------------------------
                                 10.32   data required time
                                 -2.45   data arrival time
-----------------------------------------------------------------------------
                                  7.87   slack (MET)


Startpoint: reset (input port clocked by clk)
Endpoint: _320_ (recovery check against rising-edge clock clk)
Path Group: asynchronous
Path Type: max
Corner: Typical

Fanout     Cap    Slew   Delay    Time   Description
-----------------------------------------------------------------------------
                          0.00    0.00   clock clk (rise edge)
                          0.00    0.00   clock network delay (propagated)
                          2.00    2.00 v input external delay
                  0.01    0.00    2.00 v reset (in)
     1    0.00                           reset (net)
                  0.01    0.00    2.00 v input9/A (sky130_fd_sc_hd__buf_2)
                  0.08    0.17    2.17 v input9/X (sky130_fd_sc_hd__buf_2)
     7    0.03                           net9 (net)
                  0.08    0.00    2.17 v _281_/A (sky130_fd_sc_hd__buf_4)
                  0.08    0.22    2.39 v _281_/X (sky130_fd_sc_hd__buf_4)
    10    0.06                           _145_ (net)
                  0.08    0.00    2.39 v _286_/A (sky130_fd_sc_hd__inv_2)
                  0.03    0.06    2.45 ^ _286_/Y (sky130_fd_sc_hd__inv_2)
     1    0.00                           _027_ (net)
                  0.03    0.00    2.45 ^ _320_/RESET_B (sky130_fd_sc_hd__dfrtp_1)
                                  2.45   data arrival time

                         10.00   10.00   clock clk (rise edge)
                          0.00   10.00   clock source latency
                  0.08    0.05   10.05 ^ clk (in)
     1    0.02                           clk (net)
                  0.08    0.00   10.05 ^ clkbuf_0_clk/A (sky130_fd_sc_hd__clkbuf_16)
                  0.06    0.15   10.20 ^ clkbuf_0_clk/X (sky130_fd_sc_hd__clkbuf_16)
     4    0.04                           clknet_0_clk (net)
                  0.06    0.00   10.20 ^ clkbuf_2_0__f_clk/A (sky130_fd_sc_hd__clkbuf_16)
                  0.05    0.13   10.34 ^ clkbuf_2_0__f_clk/X (sky130_fd_sc_hd__clkbuf_16)
     9    0.03                           clknet_2_0__leaf_clk (net)
                  0.05    0.00   10.34 ^ _320_/CLK (sky130_fd_sc_hd__dfrtp_1)
                         -0.25   10.09   clock uncertainty
                          0.00   10.09   clock reconvergence pessimism
                          0.23   10.32   library recovery time
                                 10.32   data required time
-----------------------------------------------------------------------------
                                 10.32   data required time
                                 -2.45   data arrival time
-----------------------------------------------------------------------------
                                  7.87   slack (MET)


Startpoint: reset (input port clocked by clk)
Endpoint: _318_ (recovery check against rising-edge clock clk)
Path Group: asynchronous
Path Type: max
Corner: Typical

Fanout     Cap    Slew   Delay    Time   Description
-----------------------------------------------------------------------------
                          0.00    0.00   clock clk (rise edge)
                          0.00    0.00   clock network delay (propagated)
                          2.00    2.00 v input external delay
                  0.01    0.00    2.00 v reset (in)
     1    0.00                           reset (net)
                  0.01    0.00    2.00 v input9/A (sky130_fd_sc_hd__buf_2)
                  0.08    0.17    2.17 v input9/X (sky130_fd_sc_hd__buf_2)
     7    0.03                           net9 (net)
                  0.08    0.00    2.17 v _281_/A (sky130_fd_sc_hd__buf_4)
                  0.08    0.22    2.39 v _281_/X (sky130_fd_sc_hd__buf_4)
    10    0.06                           _145_ (net)
                  0.08    0.00    2.39 v _284_/A (sky130_fd_sc_hd__inv_2)
                  0.03    0.06    2.45 ^ _284_/Y (sky130_fd_sc_hd__inv_2)
     1    0.00                           _025_ (net)
                  0.03    0.00    2.45 ^ _318_/RESET_B (sky130_fd_sc_hd__dfrtp_1)
                                  2.45   data arrival time

                         10.00   10.00   clock clk (rise edge)
                          0.00   10.00   clock source latency
                  0.08    0.05   10.05 ^ clk (in)
     1    0.02                           clk (net)
                  0.08    0.00   10.05 ^ clkbuf_0_clk/A (sky130_fd_sc_hd__clkbuf_16)
                  0.06    0.15   10.20 ^ clkbuf_0_clk/X (sky130_fd_sc_hd__clkbuf_16)
     4    0.04                           clknet_0_clk (net)
                  0.06    0.00   10.20 ^ clkbuf_2_0__f_clk/A (sky130_fd_sc_hd__clkbuf_16)
                  0.05    0.13   10.34 ^ clkbuf_2_0__f_clk/X (sky130_fd_sc_hd__clkbuf_16)
     9    0.03                           clknet_2_0__leaf_clk (net)
                  0.05    0.00   10.34 ^ _318_/CLK (sky130_fd_sc_hd__dfrtp_1)
                         -0.25   10.09   clock uncertainty
                          0.00   10.09   clock reconvergence pessimism
                          0.23   10.32   library recovery time
                                 10.32   data required time
-----------------------------------------------------------------------------
                                 10.32   data required time
                                 -2.45   data arrival time
-----------------------------------------------------------------------------
                                  7.87   slack (MET)


Startpoint: reset (input port clocked by clk)
Endpoint: _298_ (recovery check against rising-edge clock clk)
Path Group: asynchronous
Path Type: max
Corner: Typical

Fanout     Cap    Slew   Delay    Time   Description
-----------------------------------------------------------------------------
                          0.00    0.00   clock clk (rise edge)
                          0.00    0.00   clock network delay (propagated)
                          2.00    2.00 v input external delay
                  0.01    0.00    2.00 v reset (in)
     1    0.00                           reset (net)
                  0.01    0.00    2.00 v input9/A (sky130_fd_sc_hd__buf_2)
                  0.08    0.17    2.17 v input9/X (sky130_fd_sc_hd__buf_2)
     7    0.03                           net9 (net)
                  0.08    0.00    2.17 v _259_/A (sky130_fd_sc_hd__buf_4)
                  0.08    0.22    2.39 v _259_/X (sky130_fd_sc_hd__buf_4)
    10    0.06                           _143_ (net)
                  0.08    0.00    2.39 v _262_/A (sky130_fd_sc_hd__inv_2)
                  0.04    0.06    2.45 ^ _262_/Y (sky130_fd_sc_hd__inv_2)
     1    0.00                           _039_ (net)
                  0.04    0.00    2.45 ^ _298_/RESET_B (sky130_fd_sc_hd__dfrtp_1)
                                  2.45   data arrival time

                         10.00   10.00   clock clk (rise edge)
                          0.00   10.00   clock source latency
                  0.08    0.05   10.05 ^ clk (in)
     1    0.02                           clk (net)
                  0.08    0.00   10.05 ^ clkbuf_0_clk/A (sky130_fd_sc_hd__clkbuf_16)
                  0.06    0.15   10.20 ^ clkbuf_0_clk/X (sky130_fd_sc_hd__clkbuf_16)
     4    0.04                           clknet_0_clk (net)
                  0.06    0.00   10.20 ^ clkbuf_2_0__f_clk/A (sky130_fd_sc_hd__clkbuf_16)
                  0.05    0.13   10.34 ^ clkbuf_2_0__f_clk/X (sky130_fd_sc_hd__clkbuf_16)
     9    0.03                           clknet_2_0__leaf_clk (net)
                  0.05    0.00   10.34 ^ _298_/CLK (sky130_fd_sc_hd__dfrtp_1)
                         -0.25   10.09   clock uncertainty
                          0.00   10.09   clock reconvergence pessimism
                          0.23   10.32   library recovery time
                                 10.32   data required time
-----------------------------------------------------------------------------
                                 10.32   data required time
                                 -2.45   data arrival time
-----------------------------------------------------------------------------
                                  7.87   slack (MET)


Startpoint: reset (input port clocked by clk)
Endpoint: _324_ (recovery check against rising-edge clock clk)
Path Group: asynchronous
Path Type: max
Corner: Typical

Fanout     Cap    Slew   Delay    Time   Description
-----------------------------------------------------------------------------
                          0.00    0.00   clock clk (rise edge)
                          0.00    0.00   clock network delay (propagated)
                          2.00    2.00 v input external delay
                  0.01    0.00    2.00 v reset (in)
     1    0.00                           reset (net)
                  0.01    0.00    2.00 v input9/A (sky130_fd_sc_hd__buf_2)
                  0.08    0.17    2.17 v input9/X (sky130_fd_sc_hd__buf_2)
     7    0.03                           net9 (net)
                  0.08    0.00    2.17 v _281_/A (sky130_fd_sc_hd__buf_4)
                  0.08    0.22    2.39 v _281_/X (sky130_fd_sc_hd__buf_4)
    10    0.06                           _145_ (net)
                  0.08    0.00    2.39 v _290_/A (sky130_fd_sc_hd__inv_2)
                  0.04    0.06    2.46 ^ _290_/Y (sky130_fd_sc_hd__inv_2)
     1    0.00                           _031_ (net)
                  0.04    0.00    2.46 ^ _324_/RESET_B (sky130_fd_sc_hd__dfrtp_1)
                                  2.46   data arrival time

                         10.00   10.00   clock clk (rise edge)
                          0.00   10.00   clock source latency
                  0.08    0.05   10.05 ^ clk (in)
     1    0.02                           clk (net)
                  0.08    0.00   10.05 ^ clkbuf_0_clk/A (sky130_fd_sc_hd__clkbuf_16)
                  0.06    0.15   10.20 ^ clkbuf_0_clk/X (sky130_fd_sc_hd__clkbuf_16)
     4    0.04                           clknet_0_clk (net)
                  0.06    0.00   10.20 ^ clkbuf_2_1__f_clk/A (sky130_fd_sc_hd__clkbuf_16)
                  0.05    0.13   10.34 ^ clkbuf_2_1__f_clk/X (sky130_fd_sc_hd__clkbuf_16)
    11    0.03                           clknet_2_1__leaf_clk (net)
                  0.05    0.00   10.34 ^ _324_/CLK (sky130_fd_sc_hd__dfrtp_1)
                         -0.25   10.09   clock uncertainty
                          0.00   10.09   clock reconvergence pessimism
                          0.23   10.32   library recovery time
                                 10.32   data required time
-----------------------------------------------------------------------------
                                 10.32   data required time
                                 -2.46   data arrival time
-----------------------------------------------------------------------------
                                  7.87   slack (MET)


Startpoint: reset (input port clocked by clk)
Endpoint: _307_ (recovery check against rising-edge clock clk)
Path Group: asynchronous
Path Type: max
Corner: Typical

Fanout     Cap    Slew   Delay    Time   Description
-----------------------------------------------------------------------------
                          0.00    0.00   clock clk (rise edge)
                          0.00    0.00   clock network delay (propagated)
                          2.00    2.00 v input external delay
                  0.01    0.00    2.00 v reset (in)
     1    0.00                           reset (net)
                  0.01    0.00    2.00 v input9/A (sky130_fd_sc_hd__buf_2)
                  0.08    0.17    2.17 v input9/X (sky130_fd_sc_hd__buf_2)
     7    0.03                           net9 (net)
                  0.08    0.00    2.17 v _270_/A (sky130_fd_sc_hd__buf_4)
                  0.08    0.22    2.39 v _270_/X (sky130_fd_sc_hd__buf_4)
    10    0.06                           _144_ (net)
                  0.08    0.00    2.39 v _272_/A (sky130_fd_sc_hd__inv_2)
                  0.04    0.06    2.46 ^ _272_/Y (sky130_fd_sc_hd__inv_2)
     1    0.00                           _048_ (net)
                  0.04    0.00    2.46 ^ _307_/RESET_B (sky130_fd_sc_hd__dfrtp_1)
                                  2.46   data arrival time

                         10.00   10.00   clock clk (rise edge)
                          0.00   10.00   clock source latency
                  0.08    0.05   10.05 ^ clk (in)
     1    0.02                           clk (net)
                  0.08    0.00   10.05 ^ clkbuf_0_clk/A (sky130_fd_sc_hd__clkbuf_16)
                  0.06    0.15   10.20 ^ clkbuf_0_clk/X (sky130_fd_sc_hd__clkbuf_16)
     4    0.04                           clknet_0_clk (net)
                  0.06    0.00   10.20 ^ clkbuf_2_1__f_clk/A (sky130_fd_sc_hd__clkbuf_16)
                  0.05    0.13   10.34 ^ clkbuf_2_1__f_clk/X (sky130_fd_sc_hd__clkbuf_16)
    11    0.03                           clknet_2_1__leaf_clk (net)
                  0.05    0.00   10.34 ^ _307_/CLK (sky130_fd_sc_hd__dfrtp_1)
                         -0.25   10.09   clock uncertainty
                          0.00   10.09   clock reconvergence pessimism
                          0.24   10.32   library recovery time
                                 10.32   data required time
-----------------------------------------------------------------------------
                                 10.32   data required time
                                 -2.46   data arrival time
-----------------------------------------------------------------------------
                                  7.87   slack (MET)


Startpoint: reset (input port clocked by clk)
Endpoint: _308_ (recovery check against rising-edge clock clk)
Path Group: asynchronous
Path Type: max
Corner: Typical

Fanout     Cap    Slew   Delay    Time   Description
-----------------------------------------------------------------------------
                          0.00    0.00   clock clk (rise edge)
                          0.00    0.00   clock network delay (propagated)
                          2.00    2.00 v input external delay
                  0.01    0.00    2.00 v reset (in)
     1    0.00                           reset (net)
                  0.01    0.00    2.00 v input9/A (sky130_fd_sc_hd__buf_2)
                  0.08    0.17    2.17 v input9/X (sky130_fd_sc_hd__buf_2)
     7    0.03                           net9 (net)
                  0.08    0.00    2.17 v _270_/A (sky130_fd_sc_hd__buf_4)
                  0.08    0.22    2.39 v _270_/X (sky130_fd_sc_hd__buf_4)
    10    0.06                           _144_ (net)
                  0.08    0.00    2.39 v _273_/A (sky130_fd_sc_hd__inv_2)
                  0.03    0.06    2.46 ^ _273_/Y (sky130_fd_sc_hd__inv_2)
     1    0.00                           _049_ (net)
                  0.03    0.00    2.46 ^ _308_/RESET_B (sky130_fd_sc_hd__dfrtp_1)
                                  2.46   data arrival time

                         10.00   10.00   clock clk (rise edge)
                          0.00   10.00   clock source latency
                  0.08    0.05   10.05 ^ clk (in)
     1    0.02                           clk (net)
                  0.08    0.00   10.05 ^ clkbuf_0_clk/A (sky130_fd_sc_hd__clkbuf_16)
                  0.06    0.15   10.20 ^ clkbuf_0_clk/X (sky130_fd_sc_hd__clkbuf_16)
     4    0.04                           clknet_0_clk (net)
                  0.06    0.00   10.20 ^ clkbuf_2_1__f_clk/A (sky130_fd_sc_hd__clkbuf_16)
                  0.05    0.13   10.34 ^ clkbuf_2_1__f_clk/X (sky130_fd_sc_hd__clkbuf_16)
    11    0.03                           clknet_2_1__leaf_clk (net)
                  0.05    0.00   10.34 ^ _308_/CLK (sky130_fd_sc_hd__dfrtp_1)
                         -0.25   10.09   clock uncertainty
                          0.00   10.09   clock reconvergence pessimism
                          0.24   10.32   library recovery time
                                 10.32   data required time
-----------------------------------------------------------------------------
                                 10.32   data required time
                                 -2.46   data arrival time
-----------------------------------------------------------------------------
                                  7.87   slack (MET)


Startpoint: reset (input port clocked by clk)
Endpoint: _325_ (recovery check against rising-edge clock clk)
Path Group: asynchronous
Path Type: max
Corner: Typical

Fanout     Cap    Slew   Delay    Time   Description
-----------------------------------------------------------------------------
                          0.00    0.00   clock clk (rise edge)
                          0.00    0.00   clock network delay (propagated)
                          2.00    2.00 v input external delay
                  0.01    0.00    2.00 v reset (in)
     1    0.00                           reset (net)
                  0.01    0.00    2.00 v input9/A (sky130_fd_sc_hd__buf_2)
                  0.08    0.17    2.17 v input9/X (sky130_fd_sc_hd__buf_2)
     7    0.03                           net9 (net)
                  0.08    0.00    2.17 v _281_/A (sky130_fd_sc_hd__buf_4)
                  0.08    0.22    2.39 v _281_/X (sky130_fd_sc_hd__buf_4)
    10    0.06                           _145_ (net)
                  0.08    0.00    2.39 v _291_/A (sky130_fd_sc_hd__inv_2)
                  0.03    0.06    2.45 ^ _291_/Y (sky130_fd_sc_hd__inv_2)
     1    0.00                           _032_ (net)
                  0.03    0.00    2.45 ^ _325_/RESET_B (sky130_fd_sc_hd__dfrtp_1)
                                  2.45   data arrival time

                         10.00   10.00   clock clk (rise edge)
                          0.00   10.00   clock source latency
                  0.08    0.05   10.05 ^ clk (in)
     1    0.02                           clk (net)
                  0.08    0.00   10.05 ^ clkbuf_0_clk/A (sky130_fd_sc_hd__clkbuf_16)
                  0.06    0.15   10.20 ^ clkbuf_0_clk/X (sky130_fd_sc_hd__clkbuf_16)
     4    0.04                           clknet_0_clk (net)
                  0.06    0.00   10.20 ^ clkbuf_2_1__f_clk/A (sky130_fd_sc_hd__clkbuf_16)
                  0.05    0.13   10.34 ^ clkbuf_2_1__f_clk/X (sky130_fd_sc_hd__clkbuf_16)
    11    0.03                           clknet_2_1__leaf_clk (net)
                  0.05    0.00   10.34 ^ _325_/CLK (sky130_fd_sc_hd__dfrtp_1)
                         -0.25   10.09   clock uncertainty
                          0.00   10.09   clock reconvergence pessimism
                          0.24   10.32   library recovery time
                                 10.32   data required time
-----------------------------------------------------------------------------
                                 10.32   data required time
                                 -2.45   data arrival time
-----------------------------------------------------------------------------
                                  7.87   slack (MET)


Startpoint: reset (input port clocked by clk)
Endpoint: _323_ (recovery check against rising-edge clock clk)
Path Group: asynchronous
Path Type: max
Corner: Typical

Fanout     Cap    Slew   Delay    Time   Description
-----------------------------------------------------------------------------
                          0.00    0.00   clock clk (rise edge)
                          0.00    0.00   clock network delay (propagated)
                          2.00    2.00 v input external delay
                  0.01    0.00    2.00 v reset (in)
     1    0.00                           reset (net)
                  0.01    0.00    2.00 v input9/A (sky130_fd_sc_hd__buf_2)
                  0.08    0.17    2.17 v input9/X (sky130_fd_sc_hd__buf_2)
     7    0.03                           net9 (net)
                  0.08    0.00    2.17 v _281_/A (sky130_fd_sc_hd__buf_4)
                  0.08    0.22    2.39 v _281_/X (sky130_fd_sc_hd__buf_4)
    10    0.06                           _145_ (net)
                  0.08    0.00    2.39 v _289_/A (sky130_fd_sc_hd__inv_2)
                  0.03    0.06    2.45 ^ _289_/Y (sky130_fd_sc_hd__inv_2)
     1    0.00                           _030_ (net)
                  0.03    0.00    2.45 ^ _323_/RESET_B (sky130_fd_sc_hd__dfrtp_1)
                                  2.45   data arrival time

                         10.00   10.00   clock clk (rise edge)
                          0.00   10.00   clock source latency
                  0.08    0.05   10.05 ^ clk (in)
     1    0.02                           clk (net)
                  0.08    0.00   10.05 ^ clkbuf_0_clk/A (sky130_fd_sc_hd__clkbuf_16)
                  0.06    0.15   10.20 ^ clkbuf_0_clk/X (sky130_fd_sc_hd__clkbuf_16)
     4    0.04                           clknet_0_clk (net)
                  0.06    0.00   10.20 ^ clkbuf_2_1__f_clk/A (sky130_fd_sc_hd__clkbuf_16)
                  0.05    0.13   10.34 ^ clkbuf_2_1__f_clk/X (sky130_fd_sc_hd__clkbuf_16)
    11    0.03                           clknet_2_1__leaf_clk (net)
                  0.05    0.00   10.34 ^ _323_/CLK (sky130_fd_sc_hd__dfrtp_1)
                         -0.25   10.09   clock uncertainty
                          0.00   10.09   clock reconvergence pessimism
                          0.24   10.32   library recovery time
                                 10.32   data required time
-----------------------------------------------------------------------------
                                 10.32   data required time
                                 -2.45   data arrival time
-----------------------------------------------------------------------------
                                  7.87   slack (MET)


Startpoint: _300_ (rising edge-triggered flip-flop clocked by clk)
Endpoint: _304_ (rising edge-triggered flip-flop clocked by clk)
Path Group: clk
Path Type: max
Corner: Typical

Fanout     Cap    Slew   Delay    Time   Description
-----------------------------------------------------------------------------
                          0.00    0.00   clock clk (rise edge)
                          0.00    0.00   clock source latency
                  0.08    0.06    0.06 ^ clk (in)
     1    0.02                           clk (net)
                  0.08    0.00    0.06 ^ clkbuf_0_clk/A (sky130_fd_sc_hd__clkbuf_16)
                  0.06    0.17    0.22 ^ clkbuf_0_clk/X (sky130_fd_sc_hd__clkbuf_16)
     4    0.04                           clknet_0_clk (net)
                  0.06    0.00    0.23 ^ clkbuf_2_3__f_clk/A (sky130_fd_sc_hd__clkbuf_16)
                  0.05    0.14    0.37 ^ clkbuf_2_3__f_clk/X (sky130_fd_sc_hd__clkbuf_16)
     8    0.03                           clknet_2_3__leaf_clk (net)
                  0.05    0.00    0.37 ^ _300_/CLK (sky130_fd_sc_hd__dfrtp_4)
                  0.11    0.48    0.85 ^ _300_/Q (sky130_fd_sc_hd__dfrtp_4)
     8    0.03                           bit_index[0] (net)
                  0.11    0.00    0.85 ^ _256_/S0 (sky130_fd_sc_hd__mux4_1)
                  0.08    0.58    1.43 v _256_/X (sky130_fd_sc_hd__mux4_1)
     1    0.00                           _141_ (net)
                  0.08    0.00    1.43 v _257_/A (sky130_fd_sc_hd__or2b_1)
                  0.06    0.26    1.69 v _257_/X (sky130_fd_sc_hd__or2b_1)
     1    0.01                           _142_ (net)
                  0.06    0.00    1.69 v _258_/A3 (sky130_fd_sc_hd__a311o_1)
                  0.06    0.38    2.07 v _258_/X (sky130_fd_sc_hd__a311o_1)
     1    0.00                           _147_ (net)
                  0.06    0.00    2.07 v _304_/D (sky130_fd_sc_hd__dfstp_1)
                                  2.07   data arrival time

                         10.00   10.00   clock clk (rise edge)
                          0.00   10.00   clock source latency
                  0.08    0.05   10.05 ^ clk (in)
     1    0.02                           clk (net)
                  0.08    0.00   10.05 ^ clkbuf_0_clk/A (sky130_fd_sc_hd__clkbuf_16)
                  0.06    0.15   10.20 ^ clkbuf_0_clk/X (sky130_fd_sc_hd__clkbuf_16)
     4    0.04                           clknet_0_clk (net)
                  0.06    0.00   10.20 ^ clkbuf_2_2__f_clk/A (sky130_fd_sc_hd__clkbuf_16)
                  0.04    0.12   10.33 ^ clkbuf_2_2__f_clk/X (sky130_fd_sc_hd__clkbuf_16)
     6    0.02                           clknet_2_2__leaf_clk (net)
                  0.04    0.00   10.33 ^ _304_/CLK (sky130_fd_sc_hd__dfstp_1)
                         -0.25   10.08   clock uncertainty
                          0.02   10.10   clock reconvergence pessimism
                         -0.08   10.02   library setup time
                                 10.02   data required time
-----------------------------------------------------------------------------
                                 10.02   data required time
                                 -2.07   data arrival time
-----------------------------------------------------------------------------
                                  7.95   slack (MET)


Startpoint: _314_ (rising edge-triggered flip-flop clocked by clk)
Endpoint: _324_ (rising edge-triggered flip-flop clocked by clk)
Path Group: clk
Path Type: max
Corner: Typical

Fanout     Cap    Slew   Delay    Time   Description
-----------------------------------------------------------------------------
                          0.00    0.00   clock clk (rise edge)
                          0.00    0.00   clock source latency
                  0.08    0.06    0.06 ^ clk (in)
     1    0.02                           clk (net)
                  0.08    0.00    0.06 ^ clkbuf_0_clk/A (sky130_fd_sc_hd__clkbuf_16)
                  0.06    0.17    0.22 ^ clkbuf_0_clk/X (sky130_fd_sc_hd__clkbuf_16)
     4    0.04                           clknet_0_clk (net)
                  0.06    0.00    0.23 ^ clkbuf_2_0__f_clk/A (sky130_fd_sc_hd__clkbuf_16)
                  0.05    0.15    0.37 ^ clkbuf_2_0__f_clk/X (sky130_fd_sc_hd__clkbuf_16)
     9    0.03                           clknet_2_0__leaf_clk (net)
                  0.05    0.00    0.37 ^ _314_/CLK (sky130_fd_sc_hd__dfrtp_4)
                  0.10    0.47    0.84 ^ _314_/Q (sky130_fd_sc_hd__dfrtp_4)
     8    0.02                           baud_count[0] (net)
                  0.10    0.00    0.84 ^ _207_/B (sky130_fd_sc_hd__and4_2)
                  0.13    0.31    1.15 ^ _207_/X (sky130_fd_sc_hd__and4_2)
     7    0.02                           _105_ (net)
                  0.13    0.00    1.15 ^ _220_/A (sky130_fd_sc_hd__and3_2)
                  0.12    0.27    1.42 ^ _220_/X (sky130_fd_sc_hd__and3_2)
     5    0.02                           _115_ (net)
                  0.12    0.00    1.42 ^ _227_/C (sky130_fd_sc_hd__nand3_2)
                  0.09    0.12    1.54 v _227_/Y (sky130_fd_sc_hd__nand3_2)
     4    0.01                           _120_ (net)
                  0.09    0.00    1.54 v _231_/B (sky130_fd_sc_hd__or2_1)
                  0.04    0.22    1.76 v _231_/X (sky130_fd_sc_hd__or2_1)
     1    0.00                           _123_ (net)
                  0.04    0.00    1.76 v _232_/C (sky130_fd_sc_hd__and3_1)
                  0.04    0.18    1.94 v _232_/X (sky130_fd_sc_hd__and3_1)
     1    0.00                           _124_ (net)
                  0.04    0.00    1.94 v _233_/A (sky130_fd_sc_hd__clkbuf_1)
                  0.03    0.09    2.03 v _233_/X (sky130_fd_sc_hd__clkbuf_1)
     1    0.00                           _001_ (net)
                  0.03    0.00    2.03 v _324_/D (sky130_fd_sc_hd__dfrtp_1)
                                  2.03   data arrival time

                         10.00   10.00   clock clk (rise edge)
                          0.00   10.00   clock source latency
                  0.08    0.05   10.05 ^ clk (in)
     1    0.02                           clk (net)
                  0.08    0.00   10.05 ^ clkbuf_0_clk/A (sky130_fd_sc_hd__clkbuf_16)
                  0.06    0.15   10.20 ^ clkbuf_0_clk/X (sky130_fd_sc_hd__clkbuf_16)
     4    0.04                           clknet_0_clk (net)
                  0.06    0.00   10.20 ^ clkbuf_2_1__f_clk/A (sky130_fd_sc_hd__clkbuf_16)
                  0.05    0.13   10.34 ^ clkbuf_2_1__f_clk/X (sky130_fd_sc_hd__clkbuf_16)
    11    0.03                           clknet_2_1__leaf_clk (net)
                  0.05    0.00   10.34 ^ _324_/CLK (sky130_fd_sc_hd__dfrtp_1)
                         -0.25   10.09   clock uncertainty
                          0.02   10.11   clock reconvergence pessimism
                         -0.10   10.01   library setup time
                                 10.01   data required time
-----------------------------------------------------------------------------
                                 10.01   data required time
                                 -2.03   data arrival time
-----------------------------------------------------------------------------
                                  7.97   slack (MET)


Startpoint: _314_ (rising edge-triggered flip-flop clocked by clk)
Endpoint: _327_ (rising edge-triggered flip-flop clocked by clk)
Path Group: clk
Path Type: max
Corner: Typical

Fanout     Cap    Slew   Delay    Time   Description
-----------------------------------------------------------------------------
                          0.00    0.00   clock clk (rise edge)
                          0.00    0.00   clock source latency
                  0.08    0.06    0.06 ^ clk (in)
     1    0.02                           clk (net)
                  0.08    0.00    0.06 ^ clkbuf_0_clk/A (sky130_fd_sc_hd__clkbuf_16)
                  0.06    0.17    0.22 ^ clkbuf_0_clk/X (sky130_fd_sc_hd__clkbuf_16)
     4    0.04                           clknet_0_clk (net)
                  0.06    0.00    0.23 ^ clkbuf_2_0__f_clk/A (sky130_fd_sc_hd__clkbuf_16)
                  0.05    0.15    0.37 ^ clkbuf_2_0__f_clk/X (sky130_fd_sc_hd__clkbuf_16)
     9    0.03                           clknet_2_0__leaf_clk (net)
                  0.05    0.00    0.37 ^ _314_/CLK (sky130_fd_sc_hd__dfrtp_4)
                  0.10    0.47    0.84 ^ _314_/Q (sky130_fd_sc_hd__dfrtp_4)
     8    0.02                           baud_count[0] (net)
                  0.10    0.00    0.84 ^ _207_/B (sky130_fd_sc_hd__and4_2)
                  0.13    0.31    1.15 ^ _207_/X (sky130_fd_sc_hd__and4_2)
     7    0.02                           _105_ (net)
                  0.13    0.00    1.15 ^ _236_/A (sky130_fd_sc_hd__and4_2)
                  0.14    0.32    1.47 ^ _236_/X (sky130_fd_sc_hd__and4_2)
     6    0.02                           _127_ (net)
                  0.14    0.00    1.47 ^ _242_/C (sky130_fd_sc_hd__and3_1)
                  0.13    0.25    1.72 ^ _242_/X (sky130_fd_sc_hd__and3_1)
     3    0.01                           _131_ (net)
                  0.13    0.00    1.72 ^ _243_/A (sky130_fd_sc_hd__inv_2)
                  0.03    0.04    1.76 v _243_/Y (sky130_fd_sc_hd__inv_2)
     1    0.00                           _132_ (net)
                  0.03    0.00    1.76 v _244_/C (sky130_fd_sc_hd__and3_1)
                  0.04    0.17    1.94 v _244_/X (sky130_fd_sc_hd__and3_1)
     1    0.00                           _133_ (net)
                  0.04    0.00    1.94 v _245_/A (sky130_fd_sc_hd__clkbuf_1)
                  0.03    0.09    2.02 v _245_/X (sky130_fd_sc_hd__clkbuf_1)
     1    0.00                           _004_ (net)
                  0.03    0.00    2.02 v _327_/D (sky130_fd_sc_hd__dfrtp_1)
                                  2.02   data arrival time

                         10.00   10.00   clock clk (rise edge)
                          0.00   10.00   clock source latency
                  0.08    0.05   10.05 ^ clk (in)
     1    0.02                           clk (net)
                  0.08    0.00   10.05 ^ clkbuf_0_clk/A (sky130_fd_sc_hd__clkbuf_16)
                  0.06    0.15   10.20 ^ clkbuf_0_clk/X (sky130_fd_sc_hd__clkbuf_16)
     4    0.04                           clknet_0_clk (net)
                  0.06    0.00   10.20 ^ clkbuf_2_1__f_clk/A (sky130_fd_sc_hd__clkbuf_16)
                  0.05    0.13   10.34 ^ clkbuf_2_1__f_clk/X (sky130_fd_sc_hd__clkbuf_16)
    11    0.03                           clknet_2_1__leaf_clk (net)
                  0.05    0.00   10.34 ^ _327_/CLK (sky130_fd_sc_hd__dfrtp_1)
                         -0.25   10.09   clock uncertainty
                          0.02   10.11   clock reconvergence pessimism
                         -0.10   10.01   library setup time
                                 10.01   data required time
-----------------------------------------------------------------------------
                                 10.01   data required time
                                 -2.02   data arrival time
-----------------------------------------------------------------------------
                                  7.98   slack (MET)


Startpoint: _314_ (rising edge-triggered flip-flop clocked by clk)
Endpoint: _328_ (rising edge-triggered flip-flop clocked by clk)
Path Group: clk
Path Type: max
Corner: Typical

Fanout     Cap    Slew   Delay    Time   Description
-----------------------------------------------------------------------------
                          0.00    0.00   clock clk (rise edge)
                          0.00    0.00   clock source latency
                  0.08    0.06    0.06 ^ clk (in)
     1    0.02                           clk (net)
                  0.08    0.00    0.06 ^ clkbuf_0_clk/A (sky130_fd_sc_hd__clkbuf_16)
                  0.06    0.17    0.22 ^ clkbuf_0_clk/X (sky130_fd_sc_hd__clkbuf_16)
     4    0.04                           clknet_0_clk (net)
                  0.06    0.00    0.23 ^ clkbuf_2_0__f_clk/A (sky130_fd_sc_hd__clkbuf_16)
                  0.05    0.15    0.37 ^ clkbuf_2_0__f_clk/X (sky130_fd_sc_hd__clkbuf_16)
     9    0.03                           clknet_2_0__leaf_clk (net)
                  0.05    0.00    0.37 ^ _314_/CLK (sky130_fd_sc_hd__dfrtp_4)
                  0.08    0.53    0.90 v _314_/Q (sky130_fd_sc_hd__dfrtp_4)
     8    0.02                           baud_count[0] (net)
                  0.08    0.00    0.90 v _207_/B (sky130_fd_sc_hd__and4_2)
                  0.08    0.28    1.18 v _207_/X (sky130_fd_sc_hd__and4_2)
     7    0.02                           _105_ (net)
                  0.08    0.00    1.18 v _236_/A (sky130_fd_sc_hd__and4_2)
                  0.08    0.25    1.43 v _236_/X (sky130_fd_sc_hd__and4_2)
     6    0.02                           _127_ (net)
                  0.08    0.00    1.43 v _242_/C (sky130_fd_sc_hd__and3_1)
                  0.07    0.24    1.67 v _242_/X (sky130_fd_sc_hd__and3_1)
     3    0.01                           _131_ (net)
                  0.07    0.00    1.67 v _246_/A2 (sky130_fd_sc_hd__a21boi_1)
                  0.12    0.16    1.84 ^ _246_/Y (sky130_fd_sc_hd__a21boi_1)
     1    0.00                           _134_ (net)
                  0.12    0.00    1.84 ^ _247_/B1 (sky130_fd_sc_hd__o21a_1)
                  0.04    0.14    1.97 ^ _247_/X (sky130_fd_sc_hd__o21a_1)
     1    0.00                           _005_ (net)
                  0.04    0.00    1.97 ^ _328_/D (sky130_fd_sc_hd__dfrtp_1)
                                  1.97   data arrival time

                         10.00   10.00   clock clk (rise edge)
                          0.00   10.00   clock source latency
                  0.08    0.05   10.05 ^ clk (in)
     1    0.02                           clk (net)
                  0.08    0.00   10.05 ^ clkbuf_0_clk/A (sky130_fd_sc_hd__clkbuf_16)
                  0.06    0.15   10.20 ^ clkbuf_0_clk/X (sky130_fd_sc_hd__clkbuf_16)
     4    0.04                           clknet_0_clk (net)
                  0.06    0.00   10.20 ^ clkbuf_2_1__f_clk/A (sky130_fd_sc_hd__clkbuf_16)
                  0.05    0.13   10.34 ^ clkbuf_2_1__f_clk/X (sky130_fd_sc_hd__clkbuf_16)
    11    0.03                           clknet_2_1__leaf_clk (net)
                  0.05    0.00   10.34 ^ _328_/CLK (sky130_fd_sc_hd__dfrtp_1)
                         -0.25   10.09   clock uncertainty
                          0.02   10.11   clock reconvergence pessimism
                         -0.06   10.05   library setup time
                                 10.05   data required time
-----------------------------------------------------------------------------
                                 10.05   data required time
                                 -1.97   data arrival time
-----------------------------------------------------------------------------
                                  8.08   slack (MET)


Startpoint: reset (input port clocked by clk)
Endpoint: _328_ (recovery check against rising-edge clock clk)
Path Group: asynchronous
Path Type: max
Corner: Typical

Fanout     Cap    Slew   Delay    Time   Description
-----------------------------------------------------------------------------
                          0.00    0.00   clock clk (rise edge)
                          0.00    0.00   clock network delay (propagated)
                          2.00    2.00 v input external delay
                  0.01    0.00    2.00 v reset (in)
     1    0.00                           reset (net)
                  0.01    0.00    2.00 v input9/A (sky130_fd_sc_hd__buf_2)
                  0.08    0.17    2.17 v input9/X (sky130_fd_sc_hd__buf_2)
     7    0.03                           net9 (net)
                  0.08    0.00    2.17 v _294_/A (sky130_fd_sc_hd__inv_2)
                  0.03    0.06    2.23 ^ _294_/Y (sky130_fd_sc_hd__inv_2)
     1    0.00                           _035_ (net)
                  0.03    0.00    2.23 ^ _328_/RESET_B (sky130_fd_sc_hd__dfrtp_1)
                                  2.23   data arrival time

                         10.00   10.00   clock clk (rise edge)
                          0.00   10.00   clock source latency
                  0.08    0.05   10.05 ^ clk (in)
     1    0.02                           clk (net)
                  0.08    0.00   10.05 ^ clkbuf_0_clk/A (sky130_fd_sc_hd__clkbuf_16)
                  0.06    0.15   10.20 ^ clkbuf_0_clk/X (sky130_fd_sc_hd__clkbuf_16)
     4    0.04                           clknet_0_clk (net)
                  0.06    0.00   10.20 ^ clkbuf_2_1__f_clk/A (sky130_fd_sc_hd__clkbuf_16)
                  0.05    0.13   10.34 ^ clkbuf_2_1__f_clk/X (sky130_fd_sc_hd__clkbuf_16)
    11    0.03                           clknet_2_1__leaf_clk (net)
                  0.05    0.00   10.34 ^ _328_/CLK (sky130_fd_sc_hd__dfrtp_1)
                         -0.25   10.09   clock uncertainty
                          0.00   10.09   clock reconvergence pessimism
                          0.24   10.32   library recovery time
                                 10.32   data required time
-----------------------------------------------------------------------------
                                 10.32   data required time
                                 -2.23   data arrival time
-----------------------------------------------------------------------------
                                  8.09   slack (MET)


Startpoint: reset (input port clocked by clk)
Endpoint: _326_ (recovery check against rising-edge clock clk)
Path Group: asynchronous
Path Type: max
Corner: Typical

Fanout     Cap    Slew   Delay    Time   Description
-----------------------------------------------------------------------------
                          0.00    0.00   clock clk (rise edge)
                          0.00    0.00   clock network delay (propagated)
                          2.00    2.00 v input external delay
                  0.01    0.00    2.00 v reset (in)
     1    0.00                           reset (net)
                  0.01    0.00    2.00 v input9/A (sky130_fd_sc_hd__buf_2)
                  0.08    0.17    2.17 v input9/X (sky130_fd_sc_hd__buf_2)
     7    0.03                           net9 (net)
                  0.08    0.00    2.17 v _292_/A (sky130_fd_sc_hd__inv_2)
                  0.03    0.06    2.23 ^ _292_/Y (sky130_fd_sc_hd__inv_2)
     1    0.00                           _033_ (net)
                  0.03    0.00    2.23 ^ _326_/RESET_B (sky130_fd_sc_hd__dfrtp_1)
                                  2.23   data arrival time

                         10.00   10.00   clock clk (rise edge)
                          0.00   10.00   clock source latency
                  0.08    0.05   10.05 ^ clk (in)
     1    0.02                           clk (net)
                  0.08    0.00   10.05 ^ clkbuf_0_clk/A (sky130_fd_sc_hd__clkbuf_16)
                  0.06    0.15   10.20 ^ clkbuf_0_clk/X (sky130_fd_sc_hd__clkbuf_16)
     4    0.04                           clknet_0_clk (net)
                  0.06    0.00   10.20 ^ clkbuf_2_1__f_clk/A (sky130_fd_sc_hd__clkbuf_16)
                  0.05    0.13   10.34 ^ clkbuf_2_1__f_clk/X (sky130_fd_sc_hd__clkbuf_16)
    11    0.03                           clknet_2_1__leaf_clk (net)
                  0.05    0.00   10.34 ^ _326_/CLK (sky130_fd_sc_hd__dfrtp_1)
                         -0.25   10.09   clock uncertainty
                          0.00   10.09   clock reconvergence pessimism
                          0.24   10.32   library recovery time
                                 10.32   data required time
-----------------------------------------------------------------------------
                                 10.32   data required time
                                 -2.23   data arrival time
-----------------------------------------------------------------------------
                                  8.09   slack (MET)


Startpoint: reset (input port clocked by clk)
Endpoint: _329_ (recovery check against rising-edge clock clk)
Path Group: asynchronous
Path Type: max
Corner: Typical

Fanout     Cap    Slew   Delay    Time   Description
-----------------------------------------------------------------------------
                          0.00    0.00   clock clk (rise edge)
                          0.00    0.00   clock network delay (propagated)
                          2.00    2.00 v input external delay
                  0.01    0.00    2.00 v reset (in)
     1    0.00                           reset (net)
                  0.01    0.00    2.00 v input9/A (sky130_fd_sc_hd__buf_2)
                  0.08    0.17    2.17 v input9/X (sky130_fd_sc_hd__buf_2)
     7    0.03                           net9 (net)
                  0.08    0.00    2.17 v _295_/A (sky130_fd_sc_hd__inv_2)
                  0.03    0.06    2.23 ^ _295_/Y (sky130_fd_sc_hd__inv_2)
     1    0.00                           _036_ (net)
                  0.03    0.00    2.23 ^ _329_/RESET_B (sky130_fd_sc_hd__dfrtp_1)
                                  2.23   data arrival time

                         10.00   10.00   clock clk (rise edge)
                          0.00   10.00   clock source latency
                  0.08    0.05   10.05 ^ clk (in)
     1    0.02                           clk (net)
                  0.08    0.00   10.05 ^ clkbuf_0_clk/A (sky130_fd_sc_hd__clkbuf_16)
                  0.06    0.15   10.20 ^ clkbuf_0_clk/X (sky130_fd_sc_hd__clkbuf_16)
     4    0.04                           clknet_0_clk (net)
                  0.06    0.00   10.20 ^ clkbuf_2_1__f_clk/A (sky130_fd_sc_hd__clkbuf_16)
                  0.05    0.13   10.34 ^ clkbuf_2_1__f_clk/X (sky130_fd_sc_hd__clkbuf_16)
    11    0.03                           clknet_2_1__leaf_clk (net)
                  0.05    0.00   10.34 ^ _329_/CLK (sky130_fd_sc_hd__dfrtp_1)
                         -0.25   10.09   clock uncertainty
                          0.00   10.09   clock reconvergence pessimism
                          0.24   10.32   library recovery time
                                 10.32   data required time
-----------------------------------------------------------------------------
                                 10.32   data required time
                                 -2.23   data arrival time
-----------------------------------------------------------------------------
                                  8.09   slack (MET)


Startpoint: reset (input port clocked by clk)
Endpoint: _327_ (recovery check against rising-edge clock clk)
Path Group: asynchronous
Path Type: max
Corner: Typical

Fanout     Cap    Slew   Delay    Time   Description
-----------------------------------------------------------------------------
                          0.00    0.00   clock clk (rise edge)
                          0.00    0.00   clock network delay (propagated)
                          2.00    2.00 v input external delay
                  0.01    0.00    2.00 v reset (in)
     1    0.00                           reset (net)
                  0.01    0.00    2.00 v input9/A (sky130_fd_sc_hd__buf_2)
                  0.08    0.17    2.17 v input9/X (sky130_fd_sc_hd__buf_2)
     7    0.03                           net9 (net)
                  0.08    0.00    2.17 v _293_/A (sky130_fd_sc_hd__inv_2)
                  0.03    0.06    2.23 ^ _293_/Y (sky130_fd_sc_hd__inv_2)
     1    0.00                           _034_ (net)
                  0.03    0.00    2.23 ^ _327_/RESET_B (sky130_fd_sc_hd__dfrtp_1)
                                  2.23   data arrival time

                         10.00   10.00   clock clk (rise edge)
                          0.00   10.00   clock source latency
                  0.08    0.05   10.05 ^ clk (in)
     1    0.02                           clk (net)
                  0.08    0.00   10.05 ^ clkbuf_0_clk/A (sky130_fd_sc_hd__clkbuf_16)
                  0.06    0.15   10.20 ^ clkbuf_0_clk/X (sky130_fd_sc_hd__clkbuf_16)
     4    0.04                           clknet_0_clk (net)
                  0.06    0.00   10.20 ^ clkbuf_2_1__f_clk/A (sky130_fd_sc_hd__clkbuf_16)
                  0.05    0.13   10.34 ^ clkbuf_2_1__f_clk/X (sky130_fd_sc_hd__clkbuf_16)
    11    0.03                           clknet_2_1__leaf_clk (net)
                  0.05    0.00   10.34 ^ _327_/CLK (sky130_fd_sc_hd__dfrtp_1)
                         -0.25   10.09   clock uncertainty
                          0.00   10.09   clock reconvergence pessimism
                          0.24   10.32   library recovery time
                                 10.32   data required time
-----------------------------------------------------------------------------
                                 10.32   data required time
                                 -2.23   data arrival time
-----------------------------------------------------------------------------
                                  8.09   slack (MET)


Startpoint: _314_ (rising edge-triggered flip-flop clocked by clk)
Endpoint: _329_ (rising edge-triggered flip-flop clocked by clk)
Path Group: clk
Path Type: max
Corner: Typical

Fanout     Cap    Slew   Delay    Time   Description
-----------------------------------------------------------------------------
                          0.00    0.00   clock clk (rise edge)
                          0.00    0.00   clock source latency
                  0.08    0.06    0.06 ^ clk (in)
     1    0.02                           clk (net)
                  0.08    0.00    0.06 ^ clkbuf_0_clk/A (sky130_fd_sc_hd__clkbuf_16)
                  0.06    0.17    0.22 ^ clkbuf_0_clk/X (sky130_fd_sc_hd__clkbuf_16)
     4    0.04                           clknet_0_clk (net)
                  0.06    0.00    0.23 ^ clkbuf_2_0__f_clk/A (sky130_fd_sc_hd__clkbuf_16)
                  0.05    0.15    0.37 ^ clkbuf_2_0__f_clk/X (sky130_fd_sc_hd__clkbuf_16)
     9    0.03                           clknet_2_0__leaf_clk (net)
                  0.05    0.00    0.37 ^ _314_/CLK (sky130_fd_sc_hd__dfrtp_4)
                  0.10    0.47    0.84 ^ _314_/Q (sky130_fd_sc_hd__dfrtp_4)
     8    0.02                           baud_count[0] (net)
                  0.10    0.00    0.84 ^ _207_/B (sky130_fd_sc_hd__and4_2)
                  0.13    0.31    1.15 ^ _207_/X (sky130_fd_sc_hd__and4_2)
     7    0.02                           _105_ (net)
                  0.13    0.00    1.15 ^ _236_/A (sky130_fd_sc_hd__and4_2)
                  0.14    0.32    1.47 ^ _236_/X (sky130_fd_sc_hd__and4_2)
     6    0.02                           _127_ (net)
                  0.14    0.00    1.47 ^ _248_/D (sky130_fd_sc_hd__and4_1)
                  0.09    0.25    1.72 ^ _248_/X (sky130_fd_sc_hd__and4_1)
     2    0.01                           _135_ (net)
                  0.09    0.00    1.72 ^ _249_/A2 (sky130_fd_sc_hd__o21ai_1)
                  0.06    0.07    1.79 v _249_/Y (sky130_fd_sc_hd__o21ai_1)
     1    0.00                           _136_ (net)
                  0.06    0.00    1.79 v _250_/B1 (sky130_fd_sc_hd__a21oi_1)
                  0.10    0.12    1.91 ^ _250_/Y (sky130_fd_sc_hd__a21oi_1)
     1    0.00                           _006_ (net)
                  0.10    0.00    1.91 ^ _329_/D (sky130_fd_sc_hd__dfrtp_1)
                                  1.91   data arrival time

                         10.00   10.00   clock clk (rise edge)
                          0.00   10.00   clock source latency
                  0.08    0.05   10.05 ^ clk (in)
     1    0.02                           clk (net)
                  0.08    0.00   10.05 ^ clkbuf_0_clk/A (sky130_fd_sc_hd__clkbuf_16)
                  0.06    0.15   10.20 ^ clkbuf_0_clk/X (sky130_fd_sc_hd__clkbuf_16)
     4    0.04                           clknet_0_clk (net)
                  0.06    0.00   10.20 ^ clkbuf_2_1__f_clk/A (sky130_fd_sc_hd__clkbuf_16)
                  0.05    0.13   10.34 ^ clkbuf_2_1__f_clk/X (sky130_fd_sc_hd__clkbuf_16)
    11    0.03                           clknet_2_1__leaf_clk (net)
                  0.05    0.00   10.34 ^ _329_/CLK (sky130_fd_sc_hd__dfrtp_1)
                         -0.25   10.09   clock uncertainty
                          0.02   10.11   clock reconvergence pessimism
                         -0.07   10.04   library setup time
                                 10.04   data required time
-----------------------------------------------------------------------------
                                 10.04   data required time
                                 -1.91   data arrival time
-----------------------------------------------------------------------------
                                  8.13   slack (MET)


Startpoint: _297_ (rising edge-triggered flip-flop clocked by clk)
Endpoint: _326_ (rising edge-triggered flip-flop clocked by clk)
Path Group: clk
Path Type: max
Corner: Typical

Fanout     Cap    Slew   Delay    Time   Description
-----------------------------------------------------------------------------
                          0.00    0.00   clock clk (rise edge)
                          0.00    0.00   clock source latency
                  0.08    0.06    0.06 ^ clk (in)
     1    0.02                           clk (net)
                  0.08    0.00    0.06 ^ clkbuf_0_clk/A (sky130_fd_sc_hd__clkbuf_16)
                  0.06    0.17    0.22 ^ clkbuf_0_clk/X (sky130_fd_sc_hd__clkbuf_16)
     4    0.04                           clknet_0_clk (net)
                  0.06    0.00    0.23 ^ clkbuf_2_2__f_clk/A (sky130_fd_sc_hd__clkbuf_16)
                  0.04    0.13    0.36 ^ clkbuf_2_2__f_clk/X (sky130_fd_sc_hd__clkbuf_16)
     6    0.02                           clknet_2_2__leaf_clk (net)
                  0.04    0.00    0.36 ^ _297_/CLK (sky130_fd_sc_hd__dfrtp_4)
                  0.09    0.54    0.90 v _297_/Q (sky130_fd_sc_hd__dfrtp_4)
     8    0.03                           state[1] (net)
                  0.09    0.00    0.90 v _192_/B (sky130_fd_sc_hd__or3_4)
                  0.10    0.45    1.35 v _192_/X (sky130_fd_sc_hd__or3_4)
     7    0.03                           _094_ (net)
                  0.10    0.00    1.35 v _193_/A (sky130_fd_sc_hd__buf_2)
                  0.09    0.21    1.56 v _193_/X (sky130_fd_sc_hd__buf_2)
    10    0.03                           _095_ (net)
                  0.09    0.00    1.56 v _239_/B1_N (sky130_fd_sc_hd__a21boi_1)
                  0.06    0.15    1.72 v _239_/Y (sky130_fd_sc_hd__a21boi_1)
     1    0.00                           _129_ (net)
                  0.06    0.00    1.72 v _240_/B1 (sky130_fd_sc_hd__o21a_1)
                  0.04    0.11    1.83 v _240_/X (sky130_fd_sc_hd__o21a_1)
     1    0.00                           _003_ (net)
                  0.04    0.00    1.83 v _326_/D (sky130_fd_sc_hd__dfrtp_1)
                                  1.83   data arrival time

                         10.00   10.00   clock clk (rise edge)
                          0.00   10.00   clock source latency
                  0.08    0.05   10.05 ^ clk (in)
     1    0.02                           clk (net)
                  0.08    0.00   10.05 ^ clkbuf_0_clk/A (sky130_fd_sc_hd__clkbuf_16)
                  0.06    0.15   10.20 ^ clkbuf_0_clk/X (sky130_fd_sc_hd__clkbuf_16)
     4    0.04                           clknet_0_clk (net)
                  0.06    0.00   10.20 ^ clkbuf_2_1__f_clk/A (sky130_fd_sc_hd__clkbuf_16)
                  0.05    0.13   10.34 ^ clkbuf_2_1__f_clk/X (sky130_fd_sc_hd__clkbuf_16)
    11    0.03                           clknet_2_1__leaf_clk (net)
                  0.05    0.00   10.34 ^ _326_/CLK (sky130_fd_sc_hd__dfrtp_1)
                         -0.25   10.09   clock uncertainty
                          0.02   10.11   clock reconvergence pessimism
                         -0.11   10.00   library setup time
                                 10.00   data required time
-----------------------------------------------------------------------------
                                 10.00   data required time
                                 -1.83   data arrival time
-----------------------------------------------------------------------------
                                  8.17   slack (MET)


Startpoint: _297_ (rising edge-triggered flip-flop clocked by clk)
Endpoint: _314_ (rising edge-triggered flip-flop clocked by clk)
Path Group: clk
Path Type: max
Corner: Typical

Fanout     Cap    Slew   Delay    Time   Description
-----------------------------------------------------------------------------
                          0.00    0.00   clock clk (rise edge)
                          0.00    0.00   clock source latency
                  0.08    0.06    0.06 ^ clk (in)
     1    0.02                           clk (net)
                  0.08    0.00    0.06 ^ clkbuf_0_clk/A (sky130_fd_sc_hd__clkbuf_16)
                  0.06    0.17    0.22 ^ clkbuf_0_clk/X (sky130_fd_sc_hd__clkbuf_16)
     4    0.04                           clknet_0_clk (net)
                  0.06    0.00    0.23 ^ clkbuf_2_2__f_clk/A (sky130_fd_sc_hd__clkbuf_16)
                  0.04    0.13    0.36 ^ clkbuf_2_2__f_clk/X (sky130_fd_sc_hd__clkbuf_16)
     6    0.02                           clknet_2_2__leaf_clk (net)
                  0.04    0.00    0.36 ^ _297_/CLK (sky130_fd_sc_hd__dfrtp_4)
                  0.09    0.54    0.90 v _297_/Q (sky130_fd_sc_hd__dfrtp_4)
     8    0.03                           state[1] (net)
                  0.09    0.00    0.90 v _192_/B (sky130_fd_sc_hd__or3_4)
                  0.10    0.45    1.35 v _192_/X (sky130_fd_sc_hd__or3_4)
     7    0.03                           _094_ (net)
                  0.10    0.00    1.35 v _193_/A (sky130_fd_sc_hd__buf_2)
                  0.09    0.21    1.56 v _193_/X (sky130_fd_sc_hd__buf_2)
    10    0.03                           _095_ (net)
                  0.09    0.00    1.56 v _194_/B (sky130_fd_sc_hd__and2b_1)
                  0.03    0.18    1.74 v _194_/X (sky130_fd_sc_hd__and2b_1)
     1    0.00                           _096_ (net)
                  0.03    0.00    1.74 v _195_/A (sky130_fd_sc_hd__clkbuf_1)
                  0.03    0.09    1.83 v _195_/X (sky130_fd_sc_hd__clkbuf_1)
     1    0.00                           _000_ (net)
                  0.03    0.00    1.83 v _314_/D (sky130_fd_sc_hd__dfrtp_4)
                                  1.83   data arrival time

                         10.00   10.00   clock clk (rise edge)
                          0.00   10.00   clock source latency
                  0.08    0.05   10.05 ^ clk (in)
     1    0.02                           clk (net)
                  0.08    0.00   10.05 ^ clkbuf_0_clk/A (sky130_fd_sc_hd__clkbuf_16)
                  0.06    0.15   10.20 ^ clkbuf_0_clk/X (sky130_fd_sc_hd__clkbuf_16)
     4    0.04                           clknet_0_clk (net)
                  0.06    0.00   10.20 ^ clkbuf_2_0__f_clk/A (sky130_fd_sc_hd__clkbuf_16)
                  0.05    0.13   10.34 ^ clkbuf_2_0__f_clk/X (sky130_fd_sc_hd__clkbuf_16)
     9    0.03                           clknet_2_0__leaf_clk (net)
                  0.05    0.00   10.34 ^ _314_/CLK (sky130_fd_sc_hd__dfrtp_4)
                         -0.25   10.09   clock uncertainty
                          0.02   10.11   clock reconvergence pessimism
                         -0.10   10.00   library setup time
                                 10.00   data required time
-----------------------------------------------------------------------------
                                 10.00   data required time
                                 -1.83   data arrival time
-----------------------------------------------------------------------------
                                  8.18   slack (MET)


Startpoint: _297_ (rising edge-triggered flip-flop clocked by clk)
Endpoint: _319_ (rising edge-triggered flip-flop clocked by clk)
Path Group: clk
Path Type: max
Corner: Typical

Fanout     Cap    Slew   Delay    Time   Description
-----------------------------------------------------------------------------
                          0.00    0.00   clock clk (rise edge)
                          0.00    0.00   clock source latency
                  0.08    0.06    0.06 ^ clk (in)
     1    0.02                           clk (net)
                  0.08    0.00    0.06 ^ clkbuf_0_clk/A (sky130_fd_sc_hd__clkbuf_16)
                  0.06    0.17    0.22 ^ clkbuf_0_clk/X (sky130_fd_sc_hd__clkbuf_16)
     4    0.04                           clknet_0_clk (net)
                  0.06    0.00    0.23 ^ clkbuf_2_2__f_clk/A (sky130_fd_sc_hd__clkbuf_16)
                  0.04    0.13    0.36 ^ clkbuf_2_2__f_clk/X (sky130_fd_sc_hd__clkbuf_16)
     6    0.02                           clknet_2_2__leaf_clk (net)
                  0.04    0.00    0.36 ^ _297_/CLK (sky130_fd_sc_hd__dfrtp_4)
                  0.09    0.54    0.90 v _297_/Q (sky130_fd_sc_hd__dfrtp_4)
     8    0.03                           state[1] (net)
                  0.09    0.00    0.90 v _192_/B (sky130_fd_sc_hd__or3_4)
                  0.10    0.45    1.35 v _192_/X (sky130_fd_sc_hd__or3_4)
     7    0.03                           _094_ (net)
                  0.10    0.00    1.35 v _193_/A (sky130_fd_sc_hd__buf_2)
                  0.09    0.21    1.56 v _193_/X (sky130_fd_sc_hd__buf_2)
    10    0.03                           _095_ (net)
                  0.09    0.00    1.56 v _214_/A (sky130_fd_sc_hd__and3_1)
                  0.04    0.16    1.73 v _214_/X (sky130_fd_sc_hd__and3_1)
     1    0.00                           _111_ (net)
                  0.04    0.00    1.73 v _215_/A (sky130_fd_sc_hd__clkbuf_1)
                  0.03    0.09    1.82 v _215_/X (sky130_fd_sc_hd__clkbuf_1)
     1    0.00                           _011_ (net)
                  0.03    0.00    1.82 v _319_/D (sky130_fd_sc_hd__dfrtp_1)
                                  1.82   data arrival time

                         10.00   10.00   clock clk (rise edge)
                          0.00   10.00   clock source latency
                  0.08    0.05   10.05 ^ clk (in)
     1    0.02                           clk (net)
                  0.08    0.00   10.05 ^ clkbuf_0_clk/A (sky130_fd_sc_hd__clkbuf_16)
                  0.06    0.15   10.20 ^ clkbuf_0_clk/X (sky130_fd_sc_hd__clkbuf_16)
     4    0.04                           clknet_0_clk (net)
                  0.06    0.00   10.20 ^ clkbuf_2_0__f_clk/A (sky130_fd_sc_hd__clkbuf_16)
                  0.05    0.13   10.34 ^ clkbuf_2_0__f_clk/X (sky130_fd_sc_hd__clkbuf_16)
     9    0.03                           clknet_2_0__leaf_clk (net)
                  0.05    0.00   10.34 ^ _319_/CLK (sky130_fd_sc_hd__dfrtp_1)
                         -0.25   10.09   clock uncertainty
                          0.02   10.11   clock reconvergence pessimism
                         -0.11   10.00   library setup time
                                 10.00   data required time
-----------------------------------------------------------------------------
                                 10.00   data required time
                                 -1.82   data arrival time
-----------------------------------------------------------------------------
                                  8.18   slack (MET)


Startpoint: _297_ (rising edge-triggered flip-flop clocked by clk)
Endpoint: _322_ (rising edge-triggered flip-flop clocked by clk)
Path Group: clk
Path Type: max
Corner: Typical

Fanout     Cap    Slew   Delay    Time   Description
-----------------------------------------------------------------------------
                          0.00    0.00   clock clk (rise edge)
                          0.00    0.00   clock source latency
                  0.08    0.06    0.06 ^ clk (in)
     1    0.02                           clk (net)
                  0.08    0.00    0.06 ^ clkbuf_0_clk/A (sky130_fd_sc_hd__clkbuf_16)
                  0.06    0.17    0.22 ^ clkbuf_0_clk/X (sky130_fd_sc_hd__clkbuf_16)
     4    0.04                           clknet_0_clk (net)
                  0.06    0.00    0.23 ^ clkbuf_2_2__f_clk/A (sky130_fd_sc_hd__clkbuf_16)
                  0.04    0.13    0.36 ^ clkbuf_2_2__f_clk/X (sky130_fd_sc_hd__clkbuf_16)
     6    0.02                           clknet_2_2__leaf_clk (net)
                  0.04    0.00    0.36 ^ _297_/CLK (sky130_fd_sc_hd__dfrtp_4)
                  0.09    0.54    0.90 v _297_/Q (sky130_fd_sc_hd__dfrtp_4)
     8    0.03                           state[1] (net)
                  0.09    0.00    0.90 v _192_/B (sky130_fd_sc_hd__or3_4)
                  0.10    0.45    1.35 v _192_/X (sky130_fd_sc_hd__or3_4)
     7    0.03                           _094_ (net)
                  0.10    0.00    1.35 v _193_/A (sky130_fd_sc_hd__buf_2)
                  0.09    0.21    1.56 v _193_/X (sky130_fd_sc_hd__buf_2)
    10    0.03                           _095_ (net)
                  0.09    0.00    1.56 v _224_/B1_N (sky130_fd_sc_hd__a21boi_1)
                  0.05    0.15    1.71 v _224_/Y (sky130_fd_sc_hd__a21boi_1)
     1    0.00                           _118_ (net)
                  0.05    0.00    1.71 v _225_/B1 (sky130_fd_sc_hd__o21a_1)
                  0.03    0.10    1.81 v _225_/X (sky130_fd_sc_hd__o21a_1)
     1    0.00                           _014_ (net)
                  0.03    0.00    1.81 v _322_/D (sky130_fd_sc_hd__dfrtp_2)
                                  1.81   data arrival time

                         10.00   10.00   clock clk (rise edge)
                          0.00   10.00   clock source latency
                  0.08    0.05   10.05 ^ clk (in)
     1    0.02                           clk (net)
                  0.08    0.00   10.05 ^ clkbuf_0_clk/A (sky130_fd_sc_hd__clkbuf_16)
                  0.06    0.15   10.20 ^ clkbuf_0_clk/X (sky130_fd_sc_hd__clkbuf_16)
     4    0.04                           clknet_0_clk (net)
                  0.06    0.00   10.20 ^ clkbuf_2_0__f_clk/A (sky130_fd_sc_hd__clkbuf_16)
                  0.05    0.13   10.34 ^ clkbuf_2_0__f_clk/X (sky130_fd_sc_hd__clkbuf_16)
     9    0.03                           clknet_2_0__leaf_clk (net)
                  0.05    0.00   10.34 ^ _322_/CLK (sky130_fd_sc_hd__dfrtp_2)
                         -0.25   10.09   clock uncertainty
                          0.02   10.11   clock reconvergence pessimism
                         -0.11   10.00   library setup time
                                 10.00   data required time
-----------------------------------------------------------------------------
                                 10.00   data required time
                                 -1.81   data arrival time
-----------------------------------------------------------------------------
                                  8.18   slack (MET)


Startpoint: _297_ (rising edge-triggered flip-flop clocked by clk)
Endpoint: _321_ (rising edge-triggered flip-flop clocked by clk)
Path Group: clk
Path Type: max
Corner: Typical

Fanout     Cap    Slew   Delay    Time   Description
-----------------------------------------------------------------------------
                          0.00    0.00   clock clk (rise edge)
                          0.00    0.00   clock source latency
                  0.08    0.06    0.06 ^ clk (in)
     1    0.02                           clk (net)
                  0.08    0.00    0.06 ^ clkbuf_0_clk/A (sky130_fd_sc_hd__clkbuf_16)
                  0.06    0.17    0.22 ^ clkbuf_0_clk/X (sky130_fd_sc_hd__clkbuf_16)
     4    0.04                           clknet_0_clk (net)
                  0.06    0.00    0.23 ^ clkbuf_2_2__f_clk/A (sky130_fd_sc_hd__clkbuf_16)
                  0.04    0.13    0.36 ^ clkbuf_2_2__f_clk/X (sky130_fd_sc_hd__clkbuf_16)
     6    0.02                           clknet_2_2__leaf_clk (net)
                  0.04    0.00    0.36 ^ _297_/CLK (sky130_fd_sc_hd__dfrtp_4)
                  0.09    0.54    0.90 v _297_/Q (sky130_fd_sc_hd__dfrtp_4)
     8    0.03                           state[1] (net)
                  0.09    0.00    0.90 v _192_/B (sky130_fd_sc_hd__or3_4)
                  0.10    0.45    1.35 v _192_/X (sky130_fd_sc_hd__or3_4)
     7    0.03                           _094_ (net)
                  0.10    0.00    1.35 v _193_/A (sky130_fd_sc_hd__buf_2)
                  0.09    0.21    1.56 v _193_/X (sky130_fd_sc_hd__buf_2)
    10    0.03                           _095_ (net)
                  0.09    0.00    1.56 v _222_/A (sky130_fd_sc_hd__and3_1)
                  0.03    0.16    1.72 v _222_/X (sky130_fd_sc_hd__and3_1)
     1    0.00                           _117_ (net)
                  0.03    0.00    1.72 v _223_/A (sky130_fd_sc_hd__clkbuf_1)
                  0.02    0.08    1.81 v _223_/X (sky130_fd_sc_hd__clkbuf_1)
     1    0.00                           _013_ (net)
                  0.02    0.00    1.81 v _321_/D (sky130_fd_sc_hd__dfrtp_1)
                                  1.81   data arrival time

                         10.00   10.00   clock clk (rise edge)
                          0.00   10.00   clock source latency
                  0.08    0.05   10.05 ^ clk (in)
     1    0.02                           clk (net)
                  0.08    0.00   10.05 ^ clkbuf_0_clk/A (sky130_fd_sc_hd__clkbuf_16)
                  0.06    0.15   10.20 ^ clkbuf_0_clk/X (sky130_fd_sc_hd__clkbuf_16)
     4    0.04                           clknet_0_clk (net)
                  0.06    0.00   10.20 ^ clkbuf_2_0__f_clk/A (sky130_fd_sc_hd__clkbuf_16)
                  0.05    0.13   10.34 ^ clkbuf_2_0__f_clk/X (sky130_fd_sc_hd__clkbuf_16)
     9    0.03                           clknet_2_0__leaf_clk (net)
                  0.05    0.00   10.34 ^ _321_/CLK (sky130_fd_sc_hd__dfrtp_1)
                         -0.25   10.09   clock uncertainty
                          0.02   10.11   clock reconvergence pessimism
                         -0.10   10.00   library setup time
                                 10.00   data required time
-----------------------------------------------------------------------------
                                 10.00   data required time
                                 -1.81   data arrival time
-----------------------------------------------------------------------------
                                  8.19   slack (MET)


Startpoint: _314_ (rising edge-triggered flip-flop clocked by clk)
Endpoint: _323_ (rising edge-triggered flip-flop clocked by clk)
Path Group: clk
Path Type: max
Corner: Typical

Fanout     Cap    Slew   Delay    Time   Description
-----------------------------------------------------------------------------
                          0.00    0.00   clock clk (rise edge)
                          0.00    0.00   clock source latency
                  0.08    0.06    0.06 ^ clk (in)
     1    0.02                           clk (net)
                  0.08    0.00    0.06 ^ clkbuf_0_clk/A (sky130_fd_sc_hd__clkbuf_16)
                  0.06    0.17    0.22 ^ clkbuf_0_clk/X (sky130_fd_sc_hd__clkbuf_16)
     4    0.04                           clknet_0_clk (net)
                  0.06    0.00    0.23 ^ clkbuf_2_0__f_clk/A (sky130_fd_sc_hd__clkbuf_16)
                  0.05    0.15    0.37 ^ clkbuf_2_0__f_clk/X (sky130_fd_sc_hd__clkbuf_16)
     9    0.03                           clknet_2_0__leaf_clk (net)
                  0.05    0.00    0.37 ^ _314_/CLK (sky130_fd_sc_hd__dfrtp_4)
                  0.08    0.53    0.90 v _314_/Q (sky130_fd_sc_hd__dfrtp_4)
     8    0.02                           baud_count[0] (net)
                  0.08    0.00    0.90 v _207_/B (sky130_fd_sc_hd__and4_2)
                  0.08    0.28    1.18 v _207_/X (sky130_fd_sc_hd__and4_2)
     7    0.02                           _105_ (net)
                  0.08    0.00    1.18 v _220_/A (sky130_fd_sc_hd__and3_2)
                  0.07    0.24    1.42 v _220_/X (sky130_fd_sc_hd__and3_2)
     5    0.02                           _115_ (net)
                  0.07    0.00    1.42 v _226_/B (sky130_fd_sc_hd__and2_1)
                  0.04    0.17    1.59 v _226_/X (sky130_fd_sc_hd__and2_1)
     1    0.00                           _119_ (net)
                  0.04    0.00    1.59 v _228_/A2 (sky130_fd_sc_hd__o211a_1)
                  0.04    0.20    1.80 v _228_/X (sky130_fd_sc_hd__o211a_1)
     1    0.00                           _015_ (net)
                  0.04    0.00    1.80 v _323_/D (sky130_fd_sc_hd__dfrtp_1)
                                  1.80   data arrival time

                         10.00   10.00   clock clk (rise edge)
                          0.00   10.00   clock source latency
                  0.08    0.05   10.05 ^ clk (in)
     1    0.02                           clk (net)
                  0.08    0.00   10.05 ^ clkbuf_0_clk/A (sky130_fd_sc_hd__clkbuf_16)
                  0.06    0.15   10.20 ^ clkbuf_0_clk/X (sky130_fd_sc_hd__clkbuf_16)
     4    0.04                           clknet_0_clk (net)
                  0.06    0.00   10.20 ^ clkbuf_2_1__f_clk/A (sky130_fd_sc_hd__clkbuf_16)
                  0.05    0.13   10.34 ^ clkbuf_2_1__f_clk/X (sky130_fd_sc_hd__clkbuf_16)
    11    0.03                           clknet_2_1__leaf_clk (net)
                  0.05    0.00   10.34 ^ _323_/CLK (sky130_fd_sc_hd__dfrtp_1)
                         -0.25   10.09   clock uncertainty
                          0.02   10.11   clock reconvergence pessimism
                         -0.11   10.00   library setup time
                                 10.00   data required time
-----------------------------------------------------------------------------
                                 10.00   data required time
                                 -1.80   data arrival time
-----------------------------------------------------------------------------
                                  8.21   slack (MET)


Startpoint: _314_ (rising edge-triggered flip-flop clocked by clk)
Endpoint: _325_ (rising edge-triggered flip-flop clocked by clk)
Path Group: clk
Path Type: max
Corner: Typical

Fanout     Cap    Slew   Delay    Time   Description
-----------------------------------------------------------------------------
                          0.00    0.00   clock clk (rise edge)
                          0.00    0.00   clock source latency
                  0.08    0.06    0.06 ^ clk (in)
     1    0.02                           clk (net)
                  0.08    0.00    0.06 ^ clkbuf_0_clk/A (sky130_fd_sc_hd__clkbuf_16)
                  0.06    0.17    0.22 ^ clkbuf_0_clk/X (sky130_fd_sc_hd__clkbuf_16)
     4    0.04                           clknet_0_clk (net)
                  0.06    0.00    0.23 ^ clkbuf_2_0__f_clk/A (sky130_fd_sc_hd__clkbuf_16)
                  0.05    0.15    0.37 ^ clkbuf_2_0__f_clk/X (sky130_fd_sc_hd__clkbuf_16)
     9    0.03                           clknet_2_0__leaf_clk (net)
                  0.05    0.00    0.37 ^ _314_/CLK (sky130_fd_sc_hd__dfrtp_4)
                  0.08    0.53    0.90 v _314_/Q (sky130_fd_sc_hd__dfrtp_4)
     8    0.02                           baud_count[0] (net)
                  0.08    0.00    0.90 v _207_/B (sky130_fd_sc_hd__and4_2)
                  0.08    0.28    1.18 v _207_/X (sky130_fd_sc_hd__and4_2)
     7    0.02                           _105_ (net)
                  0.08    0.00    1.18 v _220_/A (sky130_fd_sc_hd__and3_2)
                  0.07    0.24    1.42 v _220_/X (sky130_fd_sc_hd__and3_2)
     5    0.02                           _115_ (net)
                  0.07    0.00    1.42 v _227_/C (sky130_fd_sc_hd__nand3_2)
                  0.09    0.11    1.53 ^ _227_/Y (sky130_fd_sc_hd__nand3_2)
     4    0.01                           _120_ (net)
                  0.09    0.00    1.53 ^ _234_/B (sky130_fd_sc_hd__nor2_1)
                  0.03    0.05    1.59 v _234_/Y (sky130_fd_sc_hd__nor2_1)
     1    0.00                           _125_ (net)
                  0.03    0.00    1.59 v _238_/A2 (sky130_fd_sc_hd__o211a_1)
                  0.04    0.20    1.79 v _238_/X (sky130_fd_sc_hd__o211a_1)
     1    0.00                           _002_ (net)
                  0.04    0.00    1.79 v _325_/D (sky130_fd_sc_hd__dfrtp_1)
                                  1.79   data arrival time

                         10.00   10.00   clock clk (rise edge)
                          0.00   10.00   clock source latency
                  0.08    0.05   10.05 ^ clk (in)
     1    0.02                           clk (net)
                  0.08    0.00   10.05 ^ clkbuf_0_clk/A (sky130_fd_sc_hd__clkbuf_16)
                  0.06    0.15   10.20 ^ clkbuf_0_clk/X (sky130_fd_sc_hd__clkbuf_16)
     4    0.04                           clknet_0_clk (net)
                  0.06    0.00   10.20 ^ clkbuf_2_1__f_clk/A (sky130_fd_sc_hd__clkbuf_16)
                  0.05    0.13   10.34 ^ clkbuf_2_1__f_clk/X (sky130_fd_sc_hd__clkbuf_16)
    11    0.03                           clknet_2_1__leaf_clk (net)
                  0.05    0.00   10.34 ^ _325_/CLK (sky130_fd_sc_hd__dfrtp_1)
                         -0.25   10.09   clock uncertainty
                          0.02   10.11   clock reconvergence pessimism
                         -0.11   10.00   library setup time
                                 10.00   data required time
-----------------------------------------------------------------------------
                                 10.00   data required time
                                 -1.79   data arrival time
-----------------------------------------------------------------------------
                                  8.21   slack (MET)


Startpoint: _297_ (rising edge-triggered flip-flop clocked by clk)
Endpoint: _316_ (rising edge-triggered flip-flop clocked by clk)
Path Group: clk
Path Type: max
Corner: Typical

Fanout     Cap    Slew   Delay    Time   Description
-----------------------------------------------------------------------------
                          0.00    0.00   clock clk (rise edge)
                          0.00    0.00   clock source latency
                  0.08    0.06    0.06 ^ clk (in)
     1    0.02                           clk (net)
                  0.08    0.00    0.06 ^ clkbuf_0_clk/A (sky130_fd_sc_hd__clkbuf_16)
                  0.06    0.17    0.22 ^ clkbuf_0_clk/X (sky130_fd_sc_hd__clkbuf_16)
     4    0.04                           clknet_0_clk (net)
                  0.06    0.00    0.23 ^ clkbuf_2_2__f_clk/A (sky130_fd_sc_hd__clkbuf_16)
                  0.04    0.13    0.36 ^ clkbuf_2_2__f_clk/X (sky130_fd_sc_hd__clkbuf_16)
     6    0.02                           clknet_2_2__leaf_clk (net)
                  0.04    0.00    0.36 ^ _297_/CLK (sky130_fd_sc_hd__dfrtp_4)
                  0.09    0.54    0.90 v _297_/Q (sky130_fd_sc_hd__dfrtp_4)
     8    0.03                           state[1] (net)
                  0.09    0.00    0.90 v _192_/B (sky130_fd_sc_hd__or3_4)
                  0.10    0.45    1.35 v _192_/X (sky130_fd_sc_hd__or3_4)
     7    0.03                           _094_ (net)
                  0.10    0.00    1.35 v _202_/B (sky130_fd_sc_hd__and3_1)
                  0.04    0.19    1.55 v _202_/X (sky130_fd_sc_hd__and3_1)
     1    0.00                           _102_ (net)
                  0.04    0.00    1.55 v _203_/A (sky130_fd_sc_hd__clkbuf_1)
                  0.03    0.09    1.64 v _203_/X (sky130_fd_sc_hd__clkbuf_1)
     1    0.00                           _008_ (net)
                  0.03    0.00    1.64 v _316_/D (sky130_fd_sc_hd__dfrtp_1)
                                  1.64   data arrival time

                         10.00   10.00   clock clk (rise edge)
                          0.00   10.00   clock source latency
                  0.08    0.05   10.05 ^ clk (in)
     1    0.02                           clk (net)
                  0.08    0.00   10.05 ^ clkbuf_0_clk/A (sky130_fd_sc_hd__clkbuf_16)
                  0.06    0.15   10.20 ^ clkbuf_0_clk/X (sky130_fd_sc_hd__clkbuf_16)
     4    0.04                           clknet_0_clk (net)
                  0.06    0.00   10.20 ^ clkbuf_2_0__f_clk/A (sky130_fd_sc_hd__clkbuf_16)
                  0.05    0.13   10.34 ^ clkbuf_2_0__f_clk/X (sky130_fd_sc_hd__clkbuf_16)
     9    0.03                           clknet_2_0__leaf_clk (net)
                  0.05    0.00   10.34 ^ _316_/CLK (sky130_fd_sc_hd__dfrtp_1)
                         -0.25   10.09   clock uncertainty
                          0.02   10.11   clock reconvergence pessimism
                         -0.11   10.00   library setup time
                                 10.00   data required time
-----------------------------------------------------------------------------
                                 10.00   data required time
                                 -1.64   data arrival time
-----------------------------------------------------------------------------
                                  8.36   slack (MET)


Startpoint: _297_ (rising edge-triggered flip-flop clocked by clk)
Endpoint: _317_ (rising edge-triggered flip-flop clocked by clk)
Path Group: clk
Path Type: max
Corner: Typical

Fanout     Cap    Slew   Delay    Time   Description
-----------------------------------------------------------------------------
                          0.00    0.00   clock clk (rise edge)
                          0.00    0.00   clock source latency
                  0.08    0.06    0.06 ^ clk (in)
     1    0.02                           clk (net)
                  0.08    0.00    0.06 ^ clkbuf_0_clk/A (sky130_fd_sc_hd__clkbuf_16)
                  0.06    0.17    0.22 ^ clkbuf_0_clk/X (sky130_fd_sc_hd__clkbuf_16)
     4    0.04                           clknet_0_clk (net)
                  0.06    0.00    0.23 ^ clkbuf_2_2__f_clk/A (sky130_fd_sc_hd__clkbuf_16)
                  0.04    0.13    0.36 ^ clkbuf_2_2__f_clk/X (sky130_fd_sc_hd__clkbuf_16)
     6    0.02                           clknet_2_2__leaf_clk (net)
                  0.04    0.00    0.36 ^ _297_/CLK (sky130_fd_sc_hd__dfrtp_4)
                  0.09    0.54    0.90 v _297_/Q (sky130_fd_sc_hd__dfrtp_4)
     8    0.03                           state[1] (net)
                  0.09    0.00    0.90 v _192_/B (sky130_fd_sc_hd__or3_4)
                  0.10    0.45    1.35 v _192_/X (sky130_fd_sc_hd__or3_4)
     7    0.03                           _094_ (net)
                  0.10    0.00    1.35 v _205_/B (sky130_fd_sc_hd__and3_1)
                  0.04    0.19    1.54 v _205_/X (sky130_fd_sc_hd__and3_1)
     1    0.00                           _104_ (net)
                  0.04    0.00    1.54 v _206_/A (sky130_fd_sc_hd__clkbuf_1)
                  0.03    0.09    1.64 v _206_/X (sky130_fd_sc_hd__clkbuf_1)
     1    0.00                           _009_ (net)
                  0.03    0.00    1.64 v _317_/D (sky130_fd_sc_hd__dfrtp_1)
                                  1.64   data arrival time

                         10.00   10.00   clock clk (rise edge)
                          0.00   10.00   clock source latency
                  0.08    0.05   10.05 ^ clk (in)
     1    0.02                           clk (net)
                  0.08    0.00   10.05 ^ clkbuf_0_clk/A (sky130_fd_sc_hd__clkbuf_16)
                  0.06    0.15   10.20 ^ clkbuf_0_clk/X (sky130_fd_sc_hd__clkbuf_16)
     4    0.04                           clknet_0_clk (net)
                  0.06    0.00   10.20 ^ clkbuf_2_0__f_clk/A (sky130_fd_sc_hd__clkbuf_16)
                  0.05    0.13   10.34 ^ clkbuf_2_0__f_clk/X (sky130_fd_sc_hd__clkbuf_16)
     9    0.03                           clknet_2_0__leaf_clk (net)
                  0.05    0.00   10.34 ^ _317_/CLK (sky130_fd_sc_hd__dfrtp_1)
                         -0.25   10.09   clock uncertainty
                          0.02   10.11   clock reconvergence pessimism
                         -0.11   10.00   library setup time
                                 10.00   data required time
-----------------------------------------------------------------------------
                                 10.00   data required time
                                 -1.64   data arrival time
-----------------------------------------------------------------------------
                                  8.37   slack (MET)


Startpoint: _297_ (rising edge-triggered flip-flop clocked by clk)
Endpoint: _315_ (rising edge-triggered flip-flop clocked by clk)
Path Group: clk
Path Type: max
Corner: Typical

Fanout     Cap    Slew   Delay    Time   Description
-----------------------------------------------------------------------------
                          0.00    0.00   clock clk (rise edge)
                          0.00    0.00   clock source latency
                  0.08    0.06    0.06 ^ clk (in)
     1    0.02                           clk (net)
                  0.08    0.00    0.06 ^ clkbuf_0_clk/A (sky130_fd_sc_hd__clkbuf_16)
                  0.06    0.17    0.22 ^ clkbuf_0_clk/X (sky130_fd_sc_hd__clkbuf_16)
     4    0.04                           clknet_0_clk (net)
                  0.06    0.00    0.23 ^ clkbuf_2_2__f_clk/A (sky130_fd_sc_hd__clkbuf_16)
                  0.04    0.13    0.36 ^ clkbuf_2_2__f_clk/X (sky130_fd_sc_hd__clkbuf_16)
     6    0.02                           clknet_2_2__leaf_clk (net)
                  0.04    0.00    0.36 ^ _297_/CLK (sky130_fd_sc_hd__dfrtp_4)
                  0.09    0.54    0.90 v _297_/Q (sky130_fd_sc_hd__dfrtp_4)
     8    0.03                           state[1] (net)
                  0.09    0.00    0.90 v _192_/B (sky130_fd_sc_hd__or3_4)
                  0.10    0.45    1.35 v _192_/X (sky130_fd_sc_hd__or3_4)
     7    0.03                           _094_ (net)
                  0.10    0.00    1.35 v _198_/B (sky130_fd_sc_hd__and3_1)
                  0.03    0.19    1.54 v _198_/X (sky130_fd_sc_hd__and3_1)
     1    0.00                           _099_ (net)
                  0.03    0.00    1.54 v _199_/A (sky130_fd_sc_hd__clkbuf_1)
                  0.02    0.08    1.62 v _199_/X (sky130_fd_sc_hd__clkbuf_1)
     1    0.00                           _007_ (net)
                  0.02    0.00    1.62 v _315_/D (sky130_fd_sc_hd__dfrtp_2)
                                  1.62   data arrival time

                         10.00   10.00   clock clk (rise edge)
                          0.00   10.00   clock source latency
                  0.08    0.05   10.05 ^ clk (in)
     1    0.02                           clk (net)
                  0.08    0.00   10.05 ^ clkbuf_0_clk/A (sky130_fd_sc_hd__clkbuf_16)
                  0.06    0.15   10.20 ^ clkbuf_0_clk/X (sky130_fd_sc_hd__clkbuf_16)
     4    0.04                           clknet_0_clk (net)
                  0.06    0.00   10.20 ^ clkbuf_2_2__f_clk/A (sky130_fd_sc_hd__clkbuf_16)
                  0.04    0.12   10.33 ^ clkbuf_2_2__f_clk/X (sky130_fd_sc_hd__clkbuf_16)
     6    0.02                           clknet_2_2__leaf_clk (net)
                  0.04    0.00   10.33 ^ _315_/CLK (sky130_fd_sc_hd__dfrtp_2)
                         -0.25   10.08   clock uncertainty
                          0.03   10.11   clock reconvergence pessimism
                         -0.11   10.00   library setup time
                                 10.00   data required time
-----------------------------------------------------------------------------
                                 10.00   data required time
                                 -1.62   data arrival time
-----------------------------------------------------------------------------
                                  8.38   slack (MET)



