
===========================================================================
report_checks -path_delay min (Hold)
============================================================================
======================= Typical Corner ===================================

Startpoint: _322_ (rising edge-triggered flip-flop clocked by clk)
Endpoint: _322_ (rising edge-triggered flip-flop clocked by clk)
Path Group: clk
Path Type: min

Fanout     Cap    Slew   Delay    Time   Description
-----------------------------------------------------------------------------
                          0.00    0.00   clock clk (rise edge)
                          0.00    0.00   clock source latency
                  0.04    0.03    0.03 ^ clk (in)
     1    0.01                           clk (net)
                  0.04    0.00    0.03 ^ clkbuf_0_clk/A (sky130_fd_sc_hd__clkbuf_16)
                  0.05    0.13    0.15 ^ clkbuf_0_clk/X (sky130_fd_sc_hd__clkbuf_16)
     4    0.03                           clknet_0_clk (net)
                  0.05    0.00    0.15 ^ clkbuf_2_0__f_clk/A (sky130_fd_sc_hd__clkbuf_16)
                  0.05    0.13    0.28 ^ clkbuf_2_0__f_clk/X (sky130_fd_sc_hd__clkbuf_16)
     9    0.03                           clknet_2_0__leaf_clk (net)
                  0.05    0.00    0.28 ^ _322_/CLK (sky130_fd_sc_hd__dfrtp_2)
                  0.10    0.37    0.65 ^ _322_/Q (sky130_fd_sc_hd__dfrtp_2)
     6    0.02                           baud_count[8] (net)
                  0.10    0.00    0.65 ^ _224_/A1 (sky130_fd_sc_hd__a21boi_1)
                  0.04    0.07    0.72 v _224_/Y (sky130_fd_sc_hd__a21boi_1)
     1    0.00                           _118_ (net)
                  0.04    0.00    0.72 v _225_/B1 (sky130_fd_sc_hd__o21a_1)
                  0.03    0.09    0.81 v _225_/X (sky130_fd_sc_hd__o21a_1)
     1    0.00                           _014_ (net)
                  0.03    0.00    0.81 v _322_/D (sky130_fd_sc_hd__dfrtp_2)
                                  0.81   data arrival time

                          0.00    0.00   clock clk (rise edge)
                          0.00    0.00   clock source latency
                  0.04    0.03    0.03 ^ clk (in)
     1    0.01                           clk (net)
                  0.04    0.00    0.03 ^ clkbuf_0_clk/A (sky130_fd_sc_hd__clkbuf_16)
                  0.05    0.14    0.17 ^ clkbuf_0_clk/X (sky130_fd_sc_hd__clkbuf_16)
     4    0.03                           clknet_0_clk (net)
                  0.05    0.00    0.17 ^ clkbuf_2_0__f_clk/A (sky130_fd_sc_hd__clkbuf_16)
                  0.05    0.14    0.31 ^ clkbuf_2_0__f_clk/X (sky130_fd_sc_hd__clkbuf_16)
     9    0.03                           clknet_2_0__leaf_clk (net)
                  0.05    0.00    0.31 ^ _322_/CLK (sky130_fd_sc_hd__dfrtp_2)
                          0.25    0.56   clock uncertainty
                         -0.03    0.53   clock reconvergence pessimism
                         -0.03    0.50   library hold time
                                  0.50   data required time
-----------------------------------------------------------------------------
                                  0.50   data required time
                                 -0.81   data arrival time
-----------------------------------------------------------------------------
                                  0.31   slack (MET)


Startpoint: _297_ (rising edge-triggered flip-flop clocked by clk)
Endpoint: _297_ (rising edge-triggered flip-flop clocked by clk)
Path Group: clk
Path Type: min

Fanout     Cap    Slew   Delay    Time   Description
-----------------------------------------------------------------------------
                          0.00    0.00   clock clk (rise edge)
                          0.00    0.00   clock source latency
                  0.04    0.03    0.03 ^ clk (in)
     1    0.01                           clk (net)
                  0.04    0.00    0.03 ^ clkbuf_0_clk/A (sky130_fd_sc_hd__clkbuf_16)
                  0.05    0.13    0.15 ^ clkbuf_0_clk/X (sky130_fd_sc_hd__clkbuf_16)
     4    0.03                           clknet_0_clk (net)
                  0.05    0.00    0.15 ^ clkbuf_2_2__f_clk/A (sky130_fd_sc_hd__clkbuf_16)
                  0.04    0.12    0.27 ^ clkbuf_2_2__f_clk/X (sky130_fd_sc_hd__clkbuf_16)
     6    0.02                           clknet_2_2__leaf_clk (net)
                  0.04    0.00    0.27 ^ _297_/CLK (sky130_fd_sc_hd__dfrtp_4)
                  0.10    0.42    0.69 ^ _297_/Q (sky130_fd_sc_hd__dfrtp_4)
     8    0.02                           state[1] (net)
                  0.10    0.00    0.69 ^ _189_/B2 (sky130_fd_sc_hd__a22o_1)
                  0.04    0.12    0.81 ^ _189_/X (sky130_fd_sc_hd__a22o_1)
     1    0.00                           _017_ (net)
                  0.04    0.00    0.81 ^ _297_/D (sky130_fd_sc_hd__dfrtp_4)
                                  0.81   data arrival time

                          0.00    0.00   clock clk (rise edge)
                          0.00    0.00   clock source latency
                  0.04    0.03    0.03 ^ clk (in)
     1    0.01                           clk (net)
                  0.04    0.00    0.03 ^ clkbuf_0_clk/A (sky130_fd_sc_hd__clkbuf_16)
                  0.05    0.14    0.17 ^ clkbuf_0_clk/X (sky130_fd_sc_hd__clkbuf_16)
     4    0.03                           clknet_0_clk (net)
                  0.05    0.00    0.17 ^ clkbuf_2_2__f_clk/A (sky130_fd_sc_hd__clkbuf_16)
                  0.04    0.13    0.30 ^ clkbuf_2_2__f_clk/X (sky130_fd_sc_hd__clkbuf_16)
     6    0.02                           clknet_2_2__leaf_clk (net)
                  0.04    0.00    0.30 ^ _297_/CLK (sky130_fd_sc_hd__dfrtp_4)
                          0.25    0.55   clock uncertainty
                         -0.03    0.52   clock reconvergence pessimism
                         -0.03    0.49   library hold time
                                  0.49   data required time
-----------------------------------------------------------------------------
                                  0.49   data required time
                                 -0.81   data arrival time
-----------------------------------------------------------------------------
                                  0.32   slack (MET)


Startpoint: _318_ (rising edge-triggered flip-flop clocked by clk)
Endpoint: _318_ (rising edge-triggered flip-flop clocked by clk)
Path Group: clk
Path Type: min

Fanout     Cap    Slew   Delay    Time   Description
-----------------------------------------------------------------------------
                          0.00    0.00   clock clk (rise edge)
                          0.00    0.00   clock source latency
                  0.04    0.03    0.03 ^ clk (in)
     1    0.01                           clk (net)
                  0.04    0.00    0.03 ^ clkbuf_0_clk/A (sky130_fd_sc_hd__clkbuf_16)
                  0.05    0.13    0.15 ^ clkbuf_0_clk/X (sky130_fd_sc_hd__clkbuf_16)
     4    0.03                           clknet_0_clk (net)
                  0.05    0.00    0.15 ^ clkbuf_2_0__f_clk/A (sky130_fd_sc_hd__clkbuf_16)
                  0.05    0.13    0.28 ^ clkbuf_2_0__f_clk/X (sky130_fd_sc_hd__clkbuf_16)
     9    0.03                           clknet_2_0__leaf_clk (net)
                  0.05    0.00    0.28 ^ _318_/CLK (sky130_fd_sc_hd__dfrtp_1)
                  0.13    0.37    0.65 ^ _318_/Q (sky130_fd_sc_hd__dfrtp_1)
     5    0.01                           baud_count[4] (net)
                  0.13    0.00    0.65 ^ _208_/A1 (sky130_fd_sc_hd__a21boi_1)
                  0.04    0.08    0.73 v _208_/Y (sky130_fd_sc_hd__a21boi_1)
     1    0.00                           _106_ (net)
                  0.04    0.00    0.73 v _209_/C1 (sky130_fd_sc_hd__o211a_1)
                  0.03    0.10    0.83 v _209_/X (sky130_fd_sc_hd__o211a_1)
     1    0.00                           _010_ (net)
                  0.03    0.00    0.83 v _318_/D (sky130_fd_sc_hd__dfrtp_1)
                                  0.83   data arrival time

                          0.00    0.00   clock clk (rise edge)
                          0.00    0.00   clock source latency
                  0.04    0.03    0.03 ^ clk (in)
     1    0.01                           clk (net)
                  0.04    0.00    0.03 ^ clkbuf_0_clk/A (sky130_fd_sc_hd__clkbuf_16)
                  0.05    0.14    0.17 ^ clkbuf_0_clk/X (sky130_fd_sc_hd__clkbuf_16)
     4    0.03                           clknet_0_clk (net)
                  0.05    0.00    0.17 ^ clkbuf_2_0__f_clk/A (sky130_fd_sc_hd__clkbuf_16)
                  0.05    0.14    0.31 ^ clkbuf_2_0__f_clk/X (sky130_fd_sc_hd__clkbuf_16)
     9    0.03                           clknet_2_0__leaf_clk (net)
                  0.05    0.00    0.31 ^ _318_/CLK (sky130_fd_sc_hd__dfrtp_1)
                          0.25    0.56   clock uncertainty
                         -0.03    0.53   clock reconvergence pessimism
                         -0.04    0.50   library hold time
                                  0.50   data required time
-----------------------------------------------------------------------------
                                  0.50   data required time
                                 -0.83   data arrival time
-----------------------------------------------------------------------------
                                  0.33   slack (MET)


Startpoint: _326_ (rising edge-triggered flip-flop clocked by clk)
Endpoint: _326_ (rising edge-triggered flip-flop clocked by clk)
Path Group: clk
Path Type: min

Fanout     Cap    Slew   Delay    Time   Description
-----------------------------------------------------------------------------
                          0.00    0.00   clock clk (rise edge)
                          0.00    0.00   clock source latency
                  0.04    0.03    0.03 ^ clk (in)
     1    0.01                           clk (net)
                  0.04    0.00    0.03 ^ clkbuf_0_clk/A (sky130_fd_sc_hd__clkbuf_16)
                  0.05    0.13    0.15 ^ clkbuf_0_clk/X (sky130_fd_sc_hd__clkbuf_16)
     4    0.03                           clknet_0_clk (net)
                  0.05    0.00    0.15 ^ clkbuf_2_1__f_clk/A (sky130_fd_sc_hd__clkbuf_16)
                  0.05    0.13    0.29 ^ clkbuf_2_1__f_clk/X (sky130_fd_sc_hd__clkbuf_16)
    11    0.03                           clknet_2_1__leaf_clk (net)
                  0.05    0.00    0.29 ^ _326_/CLK (sky130_fd_sc_hd__dfrtp_1)
                  0.14    0.37    0.66 ^ _326_/Q (sky130_fd_sc_hd__dfrtp_1)
     6    0.01                           baud_count[12] (net)
                  0.14    0.00    0.66 ^ _239_/A1 (sky130_fd_sc_hd__a21boi_1)
                  0.04    0.08    0.74 v _239_/Y (sky130_fd_sc_hd__a21boi_1)
     1    0.00                           _129_ (net)
                  0.04    0.00    0.74 v _240_/B1 (sky130_fd_sc_hd__o21a_1)
                  0.03    0.09    0.83 v _240_/X (sky130_fd_sc_hd__o21a_1)
     1    0.00                           _003_ (net)
                  0.03    0.00    0.83 v _326_/D (sky130_fd_sc_hd__dfrtp_1)
                                  0.83   data arrival time

                          0.00    0.00   clock clk (rise edge)
                          0.00    0.00   clock source latency
                  0.04    0.03    0.03 ^ clk (in)
     1    0.01                           clk (net)
                  0.04    0.00    0.03 ^ clkbuf_0_clk/A (sky130_fd_sc_hd__clkbuf_16)
                  0.05    0.14    0.17 ^ clkbuf_0_clk/X (sky130_fd_sc_hd__clkbuf_16)
     4    0.03                           clknet_0_clk (net)
                  0.05    0.00    0.17 ^ clkbuf_2_1__f_clk/A (sky130_fd_sc_hd__clkbuf_16)
                  0.05    0.15    0.32 ^ clkbuf_2_1__f_clk/X (sky130_fd_sc_hd__clkbuf_16)
    11    0.03                           clknet_2_1__leaf_clk (net)
                  0.05    0.00    0.32 ^ _326_/CLK (sky130_fd_sc_hd__dfrtp_1)
                          0.25    0.57   clock uncertainty
                         -0.03    0.54   clock reconvergence pessimism
                         -0.04    0.50   library hold time
                                  0.50   data required time
-----------------------------------------------------------------------------
                                  0.50   data required time
                                 -0.83   data arrival time
-----------------------------------------------------------------------------
                                  0.33   slack (MET)


Startpoint: _297_ (rising edge-triggered flip-flop clocked by clk)
Endpoint: _304_ (rising edge-triggered flip-flop clocked by clk)
Path Group: clk
Path Type: min

Fanout     Cap    Slew   Delay    Time   Description
-----------------------------------------------------------------------------
                          0.00    0.00   clock clk (rise edge)
                          0.00    0.00   clock source latency
                  0.04    0.03    0.03 ^ clk (in)
     1    0.01                           clk (net)
                  0.04    0.00    0.03 ^ clkbuf_0_clk/A (sky130_fd_sc_hd__clkbuf_16)
                  0.05    0.13    0.15 ^ clkbuf_0_clk/X (sky130_fd_sc_hd__clkbuf_16)
     4    0.03                           clknet_0_clk (net)
                  0.05    0.00    0.15 ^ clkbuf_2_2__f_clk/A (sky130_fd_sc_hd__clkbuf_16)
                  0.04    0.12    0.27 ^ clkbuf_2_2__f_clk/X (sky130_fd_sc_hd__clkbuf_16)
     6    0.02                           clknet_2_2__leaf_clk (net)
                  0.04    0.00    0.27 ^ _297_/CLK (sky130_fd_sc_hd__dfrtp_4)
                  0.10    0.42    0.69 ^ _297_/Q (sky130_fd_sc_hd__dfrtp_4)
     8    0.02                           state[1] (net)
                  0.10    0.00    0.69 ^ _258_/A1 (sky130_fd_sc_hd__a311o_1)
                  0.05    0.15    0.84 ^ _258_/X (sky130_fd_sc_hd__a311o_1)
     1    0.00                           _147_ (net)
                  0.05    0.00    0.84 ^ _304_/D (sky130_fd_sc_hd__dfstp_1)
                                  0.84   data arrival time

                          0.00    0.00   clock clk (rise edge)
                          0.00    0.00   clock source latency
                  0.04    0.03    0.03 ^ clk (in)
     1    0.01                           clk (net)
                  0.04    0.00    0.03 ^ clkbuf_0_clk/A (sky130_fd_sc_hd__clkbuf_16)
                  0.05    0.14    0.17 ^ clkbuf_0_clk/X (sky130_fd_sc_hd__clkbuf_16)
     4    0.03                           clknet_0_clk (net)
                  0.05    0.00    0.17 ^ clkbuf_2_2__f_clk/A (sky130_fd_sc_hd__clkbuf_16)
                  0.04    0.13    0.30 ^ clkbuf_2_2__f_clk/X (sky130_fd_sc_hd__clkbuf_16)
     6    0.02                           clknet_2_2__leaf_clk (net)
                  0.04    0.00    0.30 ^ _304_/CLK (sky130_fd_sc_hd__dfstp_1)
                          0.25    0.55   clock uncertainty
                         -0.03    0.52   clock reconvergence pessimism
                         -0.04    0.49   library hold time
                                  0.49   data required time
-----------------------------------------------------------------------------
                                  0.49   data required time
                                 -0.84   data arrival time
-----------------------------------------------------------------------------
                                  0.35   slack (MET)


Startpoint: _301_ (rising edge-triggered flip-flop clocked by clk)
Endpoint: _301_ (rising edge-triggered flip-flop clocked by clk)
Path Group: clk
Path Type: min

Fanout     Cap    Slew   Delay    Time   Description
-----------------------------------------------------------------------------
                          0.00    0.00   clock clk (rise edge)
                          0.00    0.00   clock source latency
                  0.04    0.03    0.03 ^ clk (in)
     1    0.01                           clk (net)
                  0.04    0.00    0.03 ^ clkbuf_0_clk/A (sky130_fd_sc_hd__clkbuf_16)
                  0.05    0.13    0.15 ^ clkbuf_0_clk/X (sky130_fd_sc_hd__clkbuf_16)
     4    0.03                           clknet_0_clk (net)
                  0.05    0.00    0.15 ^ clkbuf_2_3__f_clk/A (sky130_fd_sc_hd__clkbuf_16)
                  0.05    0.13    0.28 ^ clkbuf_2_3__f_clk/X (sky130_fd_sc_hd__clkbuf_16)
     8    0.02                           clknet_2_3__leaf_clk (net)
                  0.05    0.00    0.28 ^ _301_/CLK (sky130_fd_sc_hd__dfrtp_2)
                  0.11    0.38    0.66 ^ _301_/Q (sky130_fd_sc_hd__dfrtp_2)
     6    0.02                           bit_index[1] (net)
                  0.11    0.00    0.66 ^ _179_/A1 (sky130_fd_sc_hd__a21o_1)
                  0.05    0.12    0.79 ^ _179_/X (sky130_fd_sc_hd__a21o_1)
     1    0.00                           _087_ (net)
                  0.05    0.00    0.79 ^ _181_/A2 (sky130_fd_sc_hd__a21oi_1)
                  0.04    0.06    0.85 v _181_/Y (sky130_fd_sc_hd__a21oi_1)
     1    0.00                           _055_ (net)
                  0.04    0.00    0.85 v _301_/D (sky130_fd_sc_hd__dfrtp_2)
                                  0.85   data arrival time

                          0.00    0.00   clock clk (rise edge)
                          0.00    0.00   clock source latency
                  0.04    0.03    0.03 ^ clk (in)
     1    0.01                           clk (net)
                  0.04    0.00    0.03 ^ clkbuf_0_clk/A (sky130_fd_sc_hd__clkbuf_16)
                  0.05    0.14    0.17 ^ clkbuf_0_clk/X (sky130_fd_sc_hd__clkbuf_16)
     4    0.03                           clknet_0_clk (net)
                  0.05    0.00    0.17 ^ clkbuf_2_3__f_clk/A (sky130_fd_sc_hd__clkbuf_16)
                  0.05    0.14    0.31 ^ clkbuf_2_3__f_clk/X (sky130_fd_sc_hd__clkbuf_16)
     8    0.02                           clknet_2_3__leaf_clk (net)
                  0.05    0.00    0.31 ^ _301_/CLK (sky130_fd_sc_hd__dfrtp_2)
                          0.25    0.56   clock uncertainty
                         -0.03    0.53   clock reconvergence pessimism
                         -0.04    0.49   library hold time
                                  0.49   data required time
-----------------------------------------------------------------------------
                                  0.49   data required time
                                 -0.85   data arrival time
-----------------------------------------------------------------------------
                                  0.36   slack (MET)


Startpoint: _297_ (rising edge-triggered flip-flop clocked by clk)
Endpoint: _300_ (rising edge-triggered flip-flop clocked by clk)
Path Group: clk
Path Type: min

Fanout     Cap    Slew   Delay    Time   Description
-----------------------------------------------------------------------------
                          0.00    0.00   clock clk (rise edge)
                          0.00    0.00   clock source latency
                  0.04    0.03    0.03 ^ clk (in)
     1    0.01                           clk (net)
                  0.04    0.00    0.03 ^ clkbuf_0_clk/A (sky130_fd_sc_hd__clkbuf_16)
                  0.05    0.13    0.15 ^ clkbuf_0_clk/X (sky130_fd_sc_hd__clkbuf_16)
     4    0.03                           clknet_0_clk (net)
                  0.05    0.00    0.15 ^ clkbuf_2_2__f_clk/A (sky130_fd_sc_hd__clkbuf_16)
                  0.04    0.12    0.27 ^ clkbuf_2_2__f_clk/X (sky130_fd_sc_hd__clkbuf_16)
     6    0.02                           clknet_2_2__leaf_clk (net)
                  0.04    0.00    0.27 ^ _297_/CLK (sky130_fd_sc_hd__dfrtp_4)
                  0.10    0.42    0.69 ^ _297_/Q (sky130_fd_sc_hd__dfrtp_4)
     8    0.02                           state[1] (net)
                  0.10    0.00    0.69 ^ _182_/A1 (sky130_fd_sc_hd__a21oi_1)
                  0.04    0.07    0.76 v _182_/Y (sky130_fd_sc_hd__a21oi_1)
     1    0.00                           _089_ (net)
                  0.04    0.00    0.76 v _183_/B1 (sky130_fd_sc_hd__a21oi_1)
                  0.09    0.11    0.87 ^ _183_/Y (sky130_fd_sc_hd__a21oi_1)
     1    0.00                           _054_ (net)
                  0.09    0.00    0.87 ^ _300_/D (sky130_fd_sc_hd__dfrtp_4)
                                  0.87   data arrival time

                          0.00    0.00   clock clk (rise edge)
                          0.00    0.00   clock source latency
                  0.04    0.03    0.03 ^ clk (in)
     1    0.01                           clk (net)
                  0.04    0.00    0.03 ^ clkbuf_0_clk/A (sky130_fd_sc_hd__clkbuf_16)
                  0.05    0.14    0.17 ^ clkbuf_0_clk/X (sky130_fd_sc_hd__clkbuf_16)
     4    0.03                           clknet_0_clk (net)
                  0.05    0.00    0.17 ^ clkbuf_2_3__f_clk/A (sky130_fd_sc_hd__clkbuf_16)
                  0.05    0.14    0.31 ^ clkbuf_2_3__f_clk/X (sky130_fd_sc_hd__clkbuf_16)
     8    0.02                           clknet_2_3__leaf_clk (net)
                  0.05    0.00    0.31 ^ _300_/CLK (sky130_fd_sc_hd__dfrtp_4)
                          0.25    0.56   clock uncertainty
                         -0.02    0.54   clock reconvergence pessimism
                         -0.05    0.50   library hold time
                                  0.50   data required time
-----------------------------------------------------------------------------
                                  0.50   data required time
                                 -0.87   data arrival time
-----------------------------------------------------------------------------
                                  0.37   slack (MET)


Startpoint: _323_ (rising edge-triggered flip-flop clocked by clk)
Endpoint: _323_ (rising edge-triggered flip-flop clocked by clk)
Path Group: clk
Path Type: min

Fanout     Cap    Slew   Delay    Time   Description
-----------------------------------------------------------------------------
                          0.00    0.00   clock clk (rise edge)
                          0.00    0.00   clock source latency
                  0.04    0.03    0.03 ^ clk (in)
     1    0.01                           clk (net)
                  0.04    0.00    0.03 ^ clkbuf_0_clk/A (sky130_fd_sc_hd__clkbuf_16)
                  0.05    0.13    0.15 ^ clkbuf_0_clk/X (sky130_fd_sc_hd__clkbuf_16)
     4    0.03                           clknet_0_clk (net)
                  0.05    0.00    0.15 ^ clkbuf_2_1__f_clk/A (sky130_fd_sc_hd__clkbuf_16)
                  0.05    0.13    0.29 ^ clkbuf_2_1__f_clk/X (sky130_fd_sc_hd__clkbuf_16)
    11    0.03                           clknet_2_1__leaf_clk (net)
                  0.05    0.00    0.29 ^ _323_/CLK (sky130_fd_sc_hd__dfrtp_1)
                  0.11    0.36    0.64 ^ _323_/Q (sky130_fd_sc_hd__dfrtp_1)
     4    0.01                           baud_count[9] (net)
                  0.11    0.00    0.64 ^ _227_/A (sky130_fd_sc_hd__nand3_2)
                  0.08    0.10    0.74 v _227_/Y (sky130_fd_sc_hd__nand3_2)
     4    0.01                           _120_ (net)
                  0.08    0.00    0.74 v _228_/B1 (sky130_fd_sc_hd__o211a_1)
                  0.03    0.13    0.87 v _228_/X (sky130_fd_sc_hd__o211a_1)
     1    0.00                           _015_ (net)
                  0.03    0.00    0.87 v _323_/D (sky130_fd_sc_hd__dfrtp_1)
                                  0.87   data arrival time

                          0.00    0.00   clock clk (rise edge)
                          0.00    0.00   clock source latency
                  0.04    0.03    0.03 ^ clk (in)
     1    0.01                           clk (net)
                  0.04    0.00    0.03 ^ clkbuf_0_clk/A (sky130_fd_sc_hd__clkbuf_16)
                  0.05    0.14    0.17 ^ clkbuf_0_clk/X (sky130_fd_sc_hd__clkbuf_16)
     4    0.03                           clknet_0_clk (net)
                  0.05    0.00    0.17 ^ clkbuf_2_1__f_clk/A (sky130_fd_sc_hd__clkbuf_16)
                  0.05    0.15    0.32 ^ clkbuf_2_1__f_clk/X (sky130_fd_sc_hd__clkbuf_16)
    11    0.03                           clknet_2_1__leaf_clk (net)
                  0.05    0.00    0.32 ^ _323_/CLK (sky130_fd_sc_hd__dfrtp_1)
                          0.25    0.57   clock uncertainty
                         -0.03    0.54   clock reconvergence pessimism
                         -0.04    0.50   library hold time
                                  0.50   data required time
-----------------------------------------------------------------------------
                                  0.50   data required time
                                 -0.87   data arrival time
-----------------------------------------------------------------------------
                                  0.38   slack (MET)


Startpoint: _303_ (rising edge-triggered flip-flop clocked by clk)
Endpoint: _299_ (rising edge-triggered flip-flop clocked by clk)
Path Group: clk
Path Type: min

Fanout     Cap    Slew   Delay    Time   Description
-----------------------------------------------------------------------------
                          0.00    0.00   clock clk (rise edge)
                          0.00    0.00   clock source latency
                  0.04    0.03    0.03 ^ clk (in)
     1    0.01                           clk (net)
                  0.04    0.00    0.03 ^ clkbuf_0_clk/A (sky130_fd_sc_hd__clkbuf_16)
                  0.05    0.13    0.15 ^ clkbuf_0_clk/X (sky130_fd_sc_hd__clkbuf_16)
     4    0.03                           clknet_0_clk (net)
                  0.05    0.00    0.15 ^ clkbuf_2_2__f_clk/A (sky130_fd_sc_hd__clkbuf_16)
                  0.04    0.12    0.27 ^ clkbuf_2_2__f_clk/X (sky130_fd_sc_hd__clkbuf_16)
     6    0.02                           clknet_2_2__leaf_clk (net)
                  0.04    0.00    0.27 ^ _303_/CLK (sky130_fd_sc_hd__dfrtp_1)
                  0.07    0.32    0.59 ^ _303_/Q (sky130_fd_sc_hd__dfrtp_1)
     2    0.01                           bit_index[3] (net)
                  0.07    0.00    0.59 ^ _186_/A (sky130_fd_sc_hd__or4_1)
                  0.04    0.10    0.69 ^ _186_/X (sky130_fd_sc_hd__or4_1)
     1    0.00                           _091_ (net)
                  0.04    0.00    0.69 ^ _187_/B1_N (sky130_fd_sc_hd__a21bo_1)
                  0.03    0.18    0.86 v _187_/X (sky130_fd_sc_hd__a21bo_1)
     1    0.00                           _019_ (net)
                  0.03    0.00    0.86 v _299_/D (sky130_fd_sc_hd__dfrtp_1)
                                  0.86   data arrival time

                          0.00    0.00   clock clk (rise edge)
                          0.00    0.00   clock source latency
                  0.04    0.03    0.03 ^ clk (in)
     1    0.01                           clk (net)
                  0.04    0.00    0.03 ^ clkbuf_0_clk/A (sky130_fd_sc_hd__clkbuf_16)
                  0.05    0.14    0.17 ^ clkbuf_0_clk/X (sky130_fd_sc_hd__clkbuf_16)
     4    0.03                           clknet_0_clk (net)
                  0.05    0.00    0.17 ^ clkbuf_2_2__f_clk/A (sky130_fd_sc_hd__clkbuf_16)
                  0.04    0.13    0.30 ^ clkbuf_2_2__f_clk/X (sky130_fd_sc_hd__clkbuf_16)
     6    0.02                           clknet_2_2__leaf_clk (net)
                  0.04    0.00    0.30 ^ _299_/CLK (sky130_fd_sc_hd__dfrtp_1)
                          0.25    0.55   clock uncertainty
                         -0.03    0.52   clock reconvergence pessimism
                         -0.04    0.48   library hold time
                                  0.48   data required time
-----------------------------------------------------------------------------
                                  0.48   data required time
                                 -0.86   data arrival time
-----------------------------------------------------------------------------
                                  0.38   slack (MET)


Startpoint: _296_ (rising edge-triggered flip-flop clocked by clk)
Endpoint: _296_ (rising edge-triggered flip-flop clocked by clk)
Path Group: clk
Path Type: min

Fanout     Cap    Slew   Delay    Time   Description
-----------------------------------------------------------------------------
                          0.00    0.00   clock clk (rise edge)
                          0.00    0.00   clock source latency
                  0.04    0.03    0.03 ^ clk (in)
     1    0.01                           clk (net)
                  0.04    0.00    0.03 ^ clkbuf_0_clk/A (sky130_fd_sc_hd__clkbuf_16)
                  0.05    0.13    0.15 ^ clkbuf_0_clk/X (sky130_fd_sc_hd__clkbuf_16)
     4    0.03                           clknet_0_clk (net)
                  0.05    0.00    0.15 ^ clkbuf_2_1__f_clk/A (sky130_fd_sc_hd__clkbuf_16)
                  0.05    0.13    0.29 ^ clkbuf_2_1__f_clk/X (sky130_fd_sc_hd__clkbuf_16)
    11    0.03                           clknet_2_1__leaf_clk (net)
                  0.05    0.00    0.29 ^ _296_/CLK (sky130_fd_sc_hd__dfstp_1)
                  0.10    0.39    0.68 v _296_/Q (sky130_fd_sc_hd__dfstp_1)
     4    0.02                           state[0] (net)
                  0.10    0.00    0.68 v _191_/A2 (sky130_fd_sc_hd__a22o_1)
                  0.04    0.23    0.91 v _191_/X (sky130_fd_sc_hd__a22o_1)
     1    0.00                           _016_ (net)
                  0.04    0.00    0.91 v _296_/D (sky130_fd_sc_hd__dfstp_1)
                                  0.91   data arrival time

                          0.00    0.00   clock clk (rise edge)
                          0.00    0.00   clock source latency
                  0.04    0.03    0.03 ^ clk (in)
     1    0.01                           clk (net)
                  0.04    0.00    0.03 ^ clkbuf_0_clk/A (sky130_fd_sc_hd__clkbuf_16)
                  0.05    0.14    0.17 ^ clkbuf_0_clk/X (sky130_fd_sc_hd__clkbuf_16)
     4    0.03                           clknet_0_clk (net)
                  0.05    0.00    0.17 ^ clkbuf_2_1__f_clk/A (sky130_fd_sc_hd__clkbuf_16)
                  0.05    0.15    0.32 ^ clkbuf_2_1__f_clk/X (sky130_fd_sc_hd__clkbuf_16)
    11    0.03                           clknet_2_1__leaf_clk (net)
                  0.05    0.00    0.32 ^ _296_/CLK (sky130_fd_sc_hd__dfstp_1)
                          0.25    0.57   clock uncertainty
                         -0.03    0.54   clock reconvergence pessimism
                         -0.01    0.53   library hold time
                                  0.53   data required time
-----------------------------------------------------------------------------
                                  0.53   data required time
                                 -0.91   data arrival time
-----------------------------------------------------------------------------
                                  0.39   slack (MET)


Startpoint: _297_ (rising edge-triggered flip-flop clocked by clk)
Endpoint: _305_ (rising edge-triggered flip-flop clocked by clk)
Path Group: clk
Path Type: min

Fanout     Cap    Slew   Delay    Time   Description
-----------------------------------------------------------------------------
                          0.00    0.00   clock clk (rise edge)
                          0.00    0.00   clock source latency
                  0.04    0.03    0.03 ^ clk (in)
     1    0.01                           clk (net)
                  0.04    0.00    0.03 ^ clkbuf_0_clk/A (sky130_fd_sc_hd__clkbuf_16)
                  0.05    0.13    0.15 ^ clkbuf_0_clk/X (sky130_fd_sc_hd__clkbuf_16)
     4    0.03                           clknet_0_clk (net)
                  0.05    0.00    0.15 ^ clkbuf_2_2__f_clk/A (sky130_fd_sc_hd__clkbuf_16)
                  0.04    0.12    0.27 ^ clkbuf_2_2__f_clk/X (sky130_fd_sc_hd__clkbuf_16)
     6    0.02                           clknet_2_2__leaf_clk (net)
                  0.04    0.00    0.27 ^ _297_/CLK (sky130_fd_sc_hd__dfrtp_4)
                  0.10    0.42    0.69 ^ _297_/Q (sky130_fd_sc_hd__dfrtp_4)
     8    0.02                           state[1] (net)
                  0.10    0.00    0.69 ^ _252_/B (sky130_fd_sc_hd__or3_1)
                  0.04    0.11    0.80 ^ _252_/X (sky130_fd_sc_hd__or3_1)
     1    0.00                           _138_ (net)
                  0.04    0.00    0.80 ^ _253_/A (sky130_fd_sc_hd__clkbuf_1)
                  0.05    0.08    0.88 ^ _253_/X (sky130_fd_sc_hd__clkbuf_1)
     1    0.00                           _146_ (net)
                  0.05    0.00    0.88 ^ _305_/D (sky130_fd_sc_hd__dfrtp_1)
                                  0.88   data arrival time

                          0.00    0.00   clock clk (rise edge)
                          0.00    0.00   clock source latency
                  0.04    0.03    0.03 ^ clk (in)
     1    0.01                           clk (net)
                  0.04    0.00    0.03 ^ clkbuf_0_clk/A (sky130_fd_sc_hd__clkbuf_16)
                  0.05    0.14    0.17 ^ clkbuf_0_clk/X (sky130_fd_sc_hd__clkbuf_16)
     4    0.03                           clknet_0_clk (net)
                  0.05    0.00    0.17 ^ clkbuf_2_2__f_clk/A (sky130_fd_sc_hd__clkbuf_16)
                  0.04    0.13    0.30 ^ clkbuf_2_2__f_clk/X (sky130_fd_sc_hd__clkbuf_16)
     6    0.02                           clknet_2_2__leaf_clk (net)
                  0.04    0.00    0.30 ^ _305_/CLK (sky130_fd_sc_hd__dfrtp_1)
                          0.25    0.55   clock uncertainty
                         -0.03    0.52   clock reconvergence pessimism
                         -0.04    0.49   library hold time
                                  0.49   data required time
-----------------------------------------------------------------------------
                                  0.49   data required time
                                 -0.88   data arrival time
-----------------------------------------------------------------------------
                                  0.39   slack (MET)


Startpoint: _328_ (rising edge-triggered flip-flop clocked by clk)
Endpoint: _329_ (rising edge-triggered flip-flop clocked by clk)
Path Group: clk
Path Type: min

Fanout     Cap    Slew   Delay    Time   Description
-----------------------------------------------------------------------------
                          0.00    0.00   clock clk (rise edge)
                          0.00    0.00   clock source latency
                  0.04    0.03    0.03 ^ clk (in)
     1    0.01                           clk (net)
                  0.04    0.00    0.03 ^ clkbuf_0_clk/A (sky130_fd_sc_hd__clkbuf_16)
                  0.05    0.13    0.15 ^ clkbuf_0_clk/X (sky130_fd_sc_hd__clkbuf_16)
     4    0.03                           clknet_0_clk (net)
                  0.05    0.00    0.15 ^ clkbuf_2_1__f_clk/A (sky130_fd_sc_hd__clkbuf_16)
                  0.05    0.13    0.29 ^ clkbuf_2_1__f_clk/X (sky130_fd_sc_hd__clkbuf_16)
    11    0.03                           clknet_2_1__leaf_clk (net)
                  0.05    0.00    0.29 ^ _328_/CLK (sky130_fd_sc_hd__dfrtp_1)
                  0.08    0.33    0.61 ^ _328_/Q (sky130_fd_sc_hd__dfrtp_1)
     3    0.01                           baud_count[14] (net)
                  0.08    0.00    0.61 ^ _248_/C (sky130_fd_sc_hd__and4_1)
                  0.09    0.20    0.82 ^ _248_/X (sky130_fd_sc_hd__and4_1)
     2    0.01                           _135_ (net)
                  0.09    0.00    0.82 ^ _250_/A2 (sky130_fd_sc_hd__a21oi_1)
                  0.04    0.07    0.89 v _250_/Y (sky130_fd_sc_hd__a21oi_1)
     1    0.00                           _006_ (net)
                  0.04    0.00    0.89 v _329_/D (sky130_fd_sc_hd__dfrtp_1)
                                  0.89   data arrival time

                          0.00    0.00   clock clk (rise edge)
                          0.00    0.00   clock source latency
                  0.04    0.03    0.03 ^ clk (in)
     1    0.01                           clk (net)
                  0.04    0.00    0.03 ^ clkbuf_0_clk/A (sky130_fd_sc_hd__clkbuf_16)
                  0.05    0.14    0.17 ^ clkbuf_0_clk/X (sky130_fd_sc_hd__clkbuf_16)
     4    0.03                           clknet_0_clk (net)
                  0.05    0.00    0.17 ^ clkbuf_2_1__f_clk/A (sky130_fd_sc_hd__clkbuf_16)
                  0.05    0.15    0.32 ^ clkbuf_2_1__f_clk/X (sky130_fd_sc_hd__clkbuf_16)
    11    0.03                           clknet_2_1__leaf_clk (net)
                  0.05    0.00    0.32 ^ _329_/CLK (sky130_fd_sc_hd__dfrtp_1)
                          0.25    0.57   clock uncertainty
                         -0.03    0.54   clock reconvergence pessimism
                         -0.04    0.50   library hold time
                                  0.50   data required time
-----------------------------------------------------------------------------
                                  0.50   data required time
                                 -0.89   data arrival time
-----------------------------------------------------------------------------
                                  0.39   slack (MET)


Startpoint: _324_ (rising edge-triggered flip-flop clocked by clk)
Endpoint: _325_ (rising edge-triggered flip-flop clocked by clk)
Path Group: clk
Path Type: min

Fanout     Cap    Slew   Delay    Time   Description
-----------------------------------------------------------------------------
                          0.00    0.00   clock clk (rise edge)
                          0.00    0.00   clock source latency
                  0.04    0.03    0.03 ^ clk (in)
     1    0.01                           clk (net)
                  0.04    0.00    0.03 ^ clkbuf_0_clk/A (sky130_fd_sc_hd__clkbuf_16)
                  0.05    0.13    0.15 ^ clkbuf_0_clk/X (sky130_fd_sc_hd__clkbuf_16)
     4    0.03                           clknet_0_clk (net)
                  0.05    0.00    0.15 ^ clkbuf_2_1__f_clk/A (sky130_fd_sc_hd__clkbuf_16)
                  0.05    0.13    0.29 ^ clkbuf_2_1__f_clk/X (sky130_fd_sc_hd__clkbuf_16)
    11    0.03                           clknet_2_1__leaf_clk (net)
                  0.05    0.00    0.29 ^ _324_/CLK (sky130_fd_sc_hd__dfrtp_1)
                  0.10    0.35    0.63 ^ _324_/Q (sky130_fd_sc_hd__dfrtp_1)
     3    0.01                           baud_count[10] (net)
                  0.10    0.00    0.63 ^ _229_/A (sky130_fd_sc_hd__inv_2)
                  0.04    0.05    0.68 v _229_/Y (sky130_fd_sc_hd__inv_2)
     3    0.01                           _121_ (net)
                  0.04    0.00    0.68 v _234_/A (sky130_fd_sc_hd__nor2_1)
                  0.08    0.09    0.77 ^ _234_/Y (sky130_fd_sc_hd__nor2_1)
     1    0.00                           _125_ (net)
                  0.08    0.00    0.77 ^ _238_/A2 (sky130_fd_sc_hd__o211a_1)
                  0.04    0.13    0.91 ^ _238_/X (sky130_fd_sc_hd__o211a_1)
     1    0.00                           _002_ (net)
                  0.04    0.00    0.91 ^ _325_/D (sky130_fd_sc_hd__dfrtp_1)
                                  0.91   data arrival time

                          0.00    0.00   clock clk (rise edge)
                          0.00    0.00   clock source latency
                  0.04    0.03    0.03 ^ clk (in)
     1    0.01                           clk (net)
                  0.04    0.00    0.03 ^ clkbuf_0_clk/A (sky130_fd_sc_hd__clkbuf_16)
                  0.05    0.14    0.17 ^ clkbuf_0_clk/X (sky130_fd_sc_hd__clkbuf_16)
     4    0.03                           clknet_0_clk (net)
                  0.05    0.00    0.17 ^ clkbuf_2_1__f_clk/A (sky130_fd_sc_hd__clkbuf_16)
                  0.05    0.15    0.32 ^ clkbuf_2_1__f_clk/X (sky130_fd_sc_hd__clkbuf_16)
    11    0.03                           clknet_2_1__leaf_clk (net)
                  0.05    0.00    0.32 ^ _325_/CLK (sky130_fd_sc_hd__dfrtp_1)
                          0.25    0.57   clock uncertainty
                         -0.03    0.54   clock reconvergence pessimism
                         -0.03    0.50   library hold time
                                  0.50   data required time
-----------------------------------------------------------------------------
                                  0.50   data required time
                                 -0.91   data arrival time
-----------------------------------------------------------------------------
                                  0.40   slack (MET)


Startpoint: _321_ (rising edge-triggered flip-flop clocked by clk)
Endpoint: _321_ (rising edge-triggered flip-flop clocked by clk)
Path Group: clk
Path Type: min

Fanout     Cap    Slew   Delay    Time   Description
-----------------------------------------------------------------------------
                          0.00    0.00   clock clk (rise edge)
                          0.00    0.00   clock source latency
                  0.04    0.03    0.03 ^ clk (in)
     1    0.01                           clk (net)
                  0.04    0.00    0.03 ^ clkbuf_0_clk/A (sky130_fd_sc_hd__clkbuf_16)
                  0.05    0.13    0.15 ^ clkbuf_0_clk/X (sky130_fd_sc_hd__clkbuf_16)
     4    0.03                           clknet_0_clk (net)
                  0.05    0.00    0.15 ^ clkbuf_2_0__f_clk/A (sky130_fd_sc_hd__clkbuf_16)
                  0.05    0.13    0.28 ^ clkbuf_2_0__f_clk/X (sky130_fd_sc_hd__clkbuf_16)
     9    0.03                           clknet_2_0__leaf_clk (net)
                  0.05    0.00    0.28 ^ _321_/CLK (sky130_fd_sc_hd__dfrtp_1)
                  0.08    0.33    0.61 ^ _321_/Q (sky130_fd_sc_hd__dfrtp_1)
     3    0.01                           baud_count[7] (net)
                  0.08    0.00    0.61 ^ _218_/B1 (sky130_fd_sc_hd__a31o_1)
                  0.04    0.09    0.70 ^ _218_/X (sky130_fd_sc_hd__a31o_1)
     1    0.00                           _113_ (net)
                  0.04    0.00    0.70 ^ _222_/B (sky130_fd_sc_hd__and3_1)
                  0.05    0.13    0.83 ^ _222_/X (sky130_fd_sc_hd__and3_1)
     1    0.00                           _117_ (net)
                  0.05    0.00    0.83 ^ _223_/A (sky130_fd_sc_hd__clkbuf_1)
                  0.05    0.08    0.91 ^ _223_/X (sky130_fd_sc_hd__clkbuf_1)
     1    0.00                           _013_ (net)
                  0.05    0.00    0.91 ^ _321_/D (sky130_fd_sc_hd__dfrtp_1)
                                  0.91   data arrival time

                          0.00    0.00   clock clk (rise edge)
                          0.00    0.00   clock source latency
                  0.04    0.03    0.03 ^ clk (in)
     1    0.01                           clk (net)
                  0.04    0.00    0.03 ^ clkbuf_0_clk/A (sky130_fd_sc_hd__clkbuf_16)
                  0.05    0.14    0.17 ^ clkbuf_0_clk/X (sky130_fd_sc_hd__clkbuf_16)
     4    0.03                           clknet_0_clk (net)
                  0.05    0.00    0.17 ^ clkbuf_2_0__f_clk/A (sky130_fd_sc_hd__clkbuf_16)
                  0.05    0.14    0.31 ^ clkbuf_2_0__f_clk/X (sky130_fd_sc_hd__clkbuf_16)
     9    0.03                           clknet_2_0__leaf_clk (net)
                  0.05    0.00    0.31 ^ _321_/CLK (sky130_fd_sc_hd__dfrtp_1)
                          0.25    0.56   clock uncertainty
                         -0.03    0.53   clock reconvergence pessimism
                         -0.03    0.50   library hold time
                                  0.50   data required time
-----------------------------------------------------------------------------
                                  0.50   data required time
                                 -0.91   data arrival time
-----------------------------------------------------------------------------
                                  0.41   slack (MET)


Startpoint: _319_ (rising edge-triggered flip-flop clocked by clk)
Endpoint: _319_ (rising edge-triggered flip-flop clocked by clk)
Path Group: clk
Path Type: min

Fanout     Cap    Slew   Delay    Time   Description
-----------------------------------------------------------------------------
                          0.00    0.00   clock clk (rise edge)
                          0.00    0.00   clock source latency
                  0.04    0.03    0.03 ^ clk (in)
     1    0.01                           clk (net)
                  0.04    0.00    0.03 ^ clkbuf_0_clk/A (sky130_fd_sc_hd__clkbuf_16)
                  0.05    0.13    0.15 ^ clkbuf_0_clk/X (sky130_fd_sc_hd__clkbuf_16)
     4    0.03                           clknet_0_clk (net)
                  0.05    0.00    0.15 ^ clkbuf_2_0__f_clk/A (sky130_fd_sc_hd__clkbuf_16)
                  0.05    0.13    0.28 ^ clkbuf_2_0__f_clk/X (sky130_fd_sc_hd__clkbuf_16)
     9    0.03                           clknet_2_0__leaf_clk (net)
                  0.05    0.00    0.28 ^ _319_/CLK (sky130_fd_sc_hd__dfrtp_1)
                  0.09    0.34    0.62 ^ _319_/Q (sky130_fd_sc_hd__dfrtp_1)
     3    0.01                           baud_count[5] (net)
                  0.09    0.00    0.62 ^ _210_/B1 (sky130_fd_sc_hd__a21o_1)
                  0.03    0.08    0.70 ^ _210_/X (sky130_fd_sc_hd__a21o_1)
     1    0.00                           _107_ (net)
                  0.03    0.00    0.70 ^ _214_/B (sky130_fd_sc_hd__and3_1)
                  0.05    0.13    0.83 ^ _214_/X (sky130_fd_sc_hd__and3_1)
     1    0.00                           _111_ (net)
                  0.05    0.00    0.83 ^ _215_/A (sky130_fd_sc_hd__clkbuf_1)
                  0.05    0.09    0.91 ^ _215_/X (sky130_fd_sc_hd__clkbuf_1)
     1    0.00                           _011_ (net)
                  0.05    0.00    0.92 ^ _319_/D (sky130_fd_sc_hd__dfrtp_1)
                                  0.92   data arrival time

                          0.00    0.00   clock clk (rise edge)
                          0.00    0.00   clock source latency
                  0.04    0.03    0.03 ^ clk (in)
     1    0.01                           clk (net)
                  0.04    0.00    0.03 ^ clkbuf_0_clk/A (sky130_fd_sc_hd__clkbuf_16)
                  0.05    0.14    0.17 ^ clkbuf_0_clk/X (sky130_fd_sc_hd__clkbuf_16)
     4    0.03                           clknet_0_clk (net)
                  0.05    0.00    0.17 ^ clkbuf_2_0__f_clk/A (sky130_fd_sc_hd__clkbuf_16)
                  0.05    0.14    0.31 ^ clkbuf_2_0__f_clk/X (sky130_fd_sc_hd__clkbuf_16)
     9    0.03                           clknet_2_0__leaf_clk (net)
                  0.05    0.00    0.31 ^ _319_/CLK (sky130_fd_sc_hd__dfrtp_1)
                          0.25    0.56   clock uncertainty
                         -0.03    0.53   clock reconvergence pessimism
                         -0.04    0.50   library hold time
                                  0.50   data required time
-----------------------------------------------------------------------------
                                  0.50   data required time
                                 -0.92   data arrival time
-----------------------------------------------------------------------------
                                  0.42   slack (MET)


Startpoint: _315_ (rising edge-triggered flip-flop clocked by clk)
Endpoint: _315_ (rising edge-triggered flip-flop clocked by clk)
Path Group: clk
Path Type: min

Fanout     Cap    Slew   Delay    Time   Description
-----------------------------------------------------------------------------
                          0.00    0.00   clock clk (rise edge)
                          0.00    0.00   clock source latency
                  0.04    0.03    0.03 ^ clk (in)
     1    0.01                           clk (net)
                  0.04    0.00    0.03 ^ clkbuf_0_clk/A (sky130_fd_sc_hd__clkbuf_16)
                  0.05    0.13    0.15 ^ clkbuf_0_clk/X (sky130_fd_sc_hd__clkbuf_16)
     4    0.03                           clknet_0_clk (net)
                  0.05    0.00    0.15 ^ clkbuf_2_2__f_clk/A (sky130_fd_sc_hd__clkbuf_16)
                  0.04    0.12    0.27 ^ clkbuf_2_2__f_clk/X (sky130_fd_sc_hd__clkbuf_16)
     6    0.02                           clknet_2_2__leaf_clk (net)
                  0.04    0.00    0.27 ^ _315_/CLK (sky130_fd_sc_hd__dfrtp_2)
                  0.11    0.38    0.65 ^ _315_/Q (sky130_fd_sc_hd__dfrtp_2)
     7    0.02                           baud_count[1] (net)
                  0.11    0.00    0.65 ^ _196_/A (sky130_fd_sc_hd__nand2_1)
                  0.03    0.06    0.71 v _196_/Y (sky130_fd_sc_hd__nand2_1)
     1    0.00                           _097_ (net)
                  0.03    0.00    0.71 v _198_/A (sky130_fd_sc_hd__and3_1)
                  0.03    0.13    0.84 v _198_/X (sky130_fd_sc_hd__and3_1)
     1    0.00                           _099_ (net)
                  0.03    0.00    0.84 v _199_/A (sky130_fd_sc_hd__clkbuf_1)
                  0.03    0.08    0.92 v _199_/X (sky130_fd_sc_hd__clkbuf_1)
     1    0.00                           _007_ (net)
                  0.03    0.00    0.92 v _315_/D (sky130_fd_sc_hd__dfrtp_2)
                                  0.92   data arrival time

                          0.00    0.00   clock clk (rise edge)
                          0.00    0.00   clock source latency
                  0.04    0.03    0.03 ^ clk (in)
     1    0.01                           clk (net)
                  0.04    0.00    0.03 ^ clkbuf_0_clk/A (sky130_fd_sc_hd__clkbuf_16)
                  0.05    0.14    0.17 ^ clkbuf_0_clk/X (sky130_fd_sc_hd__clkbuf_16)
     4    0.03                           clknet_0_clk (net)
                  0.05    0.00    0.17 ^ clkbuf_2_2__f_clk/A (sky130_fd_sc_hd__clkbuf_16)
                  0.04    0.13    0.30 ^ clkbuf_2_2__f_clk/X (sky130_fd_sc_hd__clkbuf_16)
     6    0.02                           clknet_2_2__leaf_clk (net)
                  0.04    0.00    0.30 ^ _315_/CLK (sky130_fd_sc_hd__dfrtp_2)
                          0.25    0.55   clock uncertainty
                         -0.03    0.52   clock reconvergence pessimism
                         -0.04    0.49   library hold time
                                  0.49   data required time
-----------------------------------------------------------------------------
                                  0.49   data required time
                                 -0.92   data arrival time
-----------------------------------------------------------------------------
                                  0.43   slack (MET)


Startpoint: _327_ (rising edge-triggered flip-flop clocked by clk)
Endpoint: _327_ (rising edge-triggered flip-flop clocked by clk)
Path Group: clk
Path Type: min

Fanout     Cap    Slew   Delay    Time   Description
-----------------------------------------------------------------------------
                          0.00    0.00   clock clk (rise edge)
                          0.00    0.00   clock source latency
                  0.04    0.03    0.03 ^ clk (in)
     1    0.01                           clk (net)
                  0.04    0.00    0.03 ^ clkbuf_0_clk/A (sky130_fd_sc_hd__clkbuf_16)
                  0.05    0.13    0.15 ^ clkbuf_0_clk/X (sky130_fd_sc_hd__clkbuf_16)
     4    0.03                           clknet_0_clk (net)
                  0.05    0.00    0.15 ^ clkbuf_2_1__f_clk/A (sky130_fd_sc_hd__clkbuf_16)
                  0.05    0.13    0.29 ^ clkbuf_2_1__f_clk/X (sky130_fd_sc_hd__clkbuf_16)
    11    0.03                           clknet_2_1__leaf_clk (net)
                  0.05    0.00    0.29 ^ _327_/CLK (sky130_fd_sc_hd__dfrtp_1)
                  0.10    0.35    0.64 ^ _327_/Q (sky130_fd_sc_hd__dfrtp_1)
     4    0.01                           baud_count[13] (net)
                  0.10    0.00    0.64 ^ _241_/B1 (sky130_fd_sc_hd__a21o_1)
                  0.04    0.09    0.72 ^ _241_/X (sky130_fd_sc_hd__a21o_1)
     1    0.00                           _130_ (net)
                  0.04    0.00    0.72 ^ _244_/B (sky130_fd_sc_hd__and3_1)
                  0.05    0.13    0.86 ^ _244_/X (sky130_fd_sc_hd__and3_1)
     1    0.00                           _133_ (net)
                  0.05    0.00    0.86 ^ _245_/A (sky130_fd_sc_hd__clkbuf_1)
                  0.04    0.08    0.94 ^ _245_/X (sky130_fd_sc_hd__clkbuf_1)
     1    0.00                           _004_ (net)
                  0.04    0.00    0.94 ^ _327_/D (sky130_fd_sc_hd__dfrtp_1)
                                  0.94   data arrival time

                          0.00    0.00   clock clk (rise edge)
                          0.00    0.00   clock source latency
                  0.04    0.03    0.03 ^ clk (in)
     1    0.01                           clk (net)
                  0.04    0.00    0.03 ^ clkbuf_0_clk/A (sky130_fd_sc_hd__clkbuf_16)
                  0.05    0.14    0.17 ^ clkbuf_0_clk/X (sky130_fd_sc_hd__clkbuf_16)
     4    0.03                           clknet_0_clk (net)
                  0.05    0.00    0.17 ^ clkbuf_2_1__f_clk/A (sky130_fd_sc_hd__clkbuf_16)
                  0.05    0.15    0.32 ^ clkbuf_2_1__f_clk/X (sky130_fd_sc_hd__clkbuf_16)
    11    0.03                           clknet_2_1__leaf_clk (net)
                  0.05    0.00    0.32 ^ _327_/CLK (sky130_fd_sc_hd__dfrtp_1)
                          0.25    0.57   clock uncertainty
                         -0.03    0.54   clock reconvergence pessimism
                         -0.03    0.50   library hold time
                                  0.50   data required time
-----------------------------------------------------------------------------
                                  0.50   data required time
                                 -0.94   data arrival time
-----------------------------------------------------------------------------
                                  0.43   slack (MET)


Startpoint: _315_ (rising edge-triggered flip-flop clocked by clk)
Endpoint: _316_ (rising edge-triggered flip-flop clocked by clk)
Path Group: clk
Path Type: min

Fanout     Cap    Slew   Delay    Time   Description
-----------------------------------------------------------------------------
                          0.00    0.00   clock clk (rise edge)
                          0.00    0.00   clock source latency
                  0.04    0.03    0.03 ^ clk (in)
     1    0.01                           clk (net)
                  0.04    0.00    0.03 ^ clkbuf_0_clk/A (sky130_fd_sc_hd__clkbuf_16)
                  0.05    0.13    0.15 ^ clkbuf_0_clk/X (sky130_fd_sc_hd__clkbuf_16)
     4    0.03                           clknet_0_clk (net)
                  0.05    0.00    0.15 ^ clkbuf_2_2__f_clk/A (sky130_fd_sc_hd__clkbuf_16)
                  0.04    0.12    0.27 ^ clkbuf_2_2__f_clk/X (sky130_fd_sc_hd__clkbuf_16)
     6    0.02                           clknet_2_2__leaf_clk (net)
                  0.04    0.00    0.27 ^ _315_/CLK (sky130_fd_sc_hd__dfrtp_2)
                  0.11    0.38    0.65 ^ _315_/Q (sky130_fd_sc_hd__dfrtp_2)
     7    0.02                           baud_count[1] (net)
                  0.11    0.00    0.65 ^ _200_/A (sky130_fd_sc_hd__nand3_1)
                  0.05    0.08    0.73 v _200_/Y (sky130_fd_sc_hd__nand3_1)
     1    0.00                           _100_ (net)
                  0.05    0.00    0.73 v _202_/A (sky130_fd_sc_hd__and3_1)
                  0.03    0.14    0.87 v _202_/X (sky130_fd_sc_hd__and3_1)
     1    0.00                           _102_ (net)
                  0.03    0.00    0.87 v _203_/A (sky130_fd_sc_hd__clkbuf_1)
                  0.03    0.08    0.95 v _203_/X (sky130_fd_sc_hd__clkbuf_1)
     1    0.00                           _008_ (net)
                  0.03    0.00    0.95 v _316_/D (sky130_fd_sc_hd__dfrtp_1)
                                  0.95   data arrival time

                          0.00    0.00   clock clk (rise edge)
                          0.00    0.00   clock source latency
                  0.04    0.03    0.03 ^ clk (in)
     1    0.01                           clk (net)
                  0.04    0.00    0.03 ^ clkbuf_0_clk/A (sky130_fd_sc_hd__clkbuf_16)
                  0.05    0.14    0.17 ^ clkbuf_0_clk/X (sky130_fd_sc_hd__clkbuf_16)
     4    0.03                           clknet_0_clk (net)
                  0.05    0.00    0.17 ^ clkbuf_2_0__f_clk/A (sky130_fd_sc_hd__clkbuf_16)
                  0.05    0.14    0.31 ^ clkbuf_2_0__f_clk/X (sky130_fd_sc_hd__clkbuf_16)
     9    0.03                           clknet_2_0__leaf_clk (net)
                  0.05    0.00    0.31 ^ _316_/CLK (sky130_fd_sc_hd__dfrtp_1)
                          0.25    0.56   clock uncertainty
                         -0.02    0.55   clock reconvergence pessimism
                         -0.04    0.51   library hold time
                                  0.51   data required time
-----------------------------------------------------------------------------
                                  0.51   data required time
                                 -0.95   data arrival time
-----------------------------------------------------------------------------
                                  0.44   slack (MET)


Startpoint: _317_ (rising edge-triggered flip-flop clocked by clk)
Endpoint: _317_ (rising edge-triggered flip-flop clocked by clk)
Path Group: clk
Path Type: min

Fanout     Cap    Slew   Delay    Time   Description
-----------------------------------------------------------------------------
                          0.00    0.00   clock clk (rise edge)
                          0.00    0.00   clock source latency
                  0.04    0.03    0.03 ^ clk (in)
     1    0.01                           clk (net)
                  0.04    0.00    0.03 ^ clkbuf_0_clk/A (sky130_fd_sc_hd__clkbuf_16)
                  0.05    0.13    0.15 ^ clkbuf_0_clk/X (sky130_fd_sc_hd__clkbuf_16)
     4    0.03                           clknet_0_clk (net)
                  0.05    0.00    0.15 ^ clkbuf_2_0__f_clk/A (sky130_fd_sc_hd__clkbuf_16)
                  0.05    0.13    0.28 ^ clkbuf_2_0__f_clk/X (sky130_fd_sc_hd__clkbuf_16)
     9    0.03                           clknet_2_0__leaf_clk (net)
                  0.05    0.00    0.28 ^ _317_/CLK (sky130_fd_sc_hd__dfrtp_1)
                  0.09    0.34    0.62 ^ _317_/Q (sky130_fd_sc_hd__dfrtp_1)
     3    0.01                           baud_count[3] (net)
                  0.09    0.00    0.62 ^ _204_/B1 (sky130_fd_sc_hd__a31o_1)
                  0.04    0.10    0.72 ^ _204_/X (sky130_fd_sc_hd__a31o_1)
     1    0.00                           _103_ (net)
                  0.04    0.00    0.72 ^ _205_/C (sky130_fd_sc_hd__and3_1)
                  0.05    0.14    0.86 ^ _205_/X (sky130_fd_sc_hd__and3_1)
     1    0.00                           _104_ (net)
                  0.05    0.00    0.86 ^ _206_/A (sky130_fd_sc_hd__clkbuf_1)
                  0.05    0.08    0.95 ^ _206_/X (sky130_fd_sc_hd__clkbuf_1)
     1    0.00                           _009_ (net)
                  0.05    0.00    0.95 ^ _317_/D (sky130_fd_sc_hd__dfrtp_1)
                                  0.95   data arrival time

                          0.00    0.00   clock clk (rise edge)
                          0.00    0.00   clock source latency
                  0.04    0.03    0.03 ^ clk (in)
     1    0.01                           clk (net)
                  0.04    0.00    0.03 ^ clkbuf_0_clk/A (sky130_fd_sc_hd__clkbuf_16)
                  0.05    0.14    0.17 ^ clkbuf_0_clk/X (sky130_fd_sc_hd__clkbuf_16)
     4    0.03                           clknet_0_clk (net)
                  0.05    0.00    0.17 ^ clkbuf_2_0__f_clk/A (sky130_fd_sc_hd__clkbuf_16)
                  0.05    0.14    0.31 ^ clkbuf_2_0__f_clk/X (sky130_fd_sc_hd__clkbuf_16)
     9    0.03                           clknet_2_0__leaf_clk (net)
                  0.05    0.00    0.31 ^ _317_/CLK (sky130_fd_sc_hd__dfrtp_1)
                          0.25    0.56   clock uncertainty
                         -0.03    0.53   clock reconvergence pessimism
                         -0.04    0.50   library hold time
                                  0.50   data required time
-----------------------------------------------------------------------------
                                  0.50   data required time
                                 -0.95   data arrival time
-----------------------------------------------------------------------------
                                  0.45   slack (MET)


Startpoint: _324_ (rising edge-triggered flip-flop clocked by clk)
Endpoint: _324_ (rising edge-triggered flip-flop clocked by clk)
Path Group: clk
Path Type: min

Fanout     Cap    Slew   Delay    Time   Description
-----------------------------------------------------------------------------
                          0.00    0.00   clock clk (rise edge)
                          0.00    0.00   clock source latency
                  0.04    0.03    0.03 ^ clk (in)
     1    0.01                           clk (net)
                  0.04    0.00    0.03 ^ clkbuf_0_clk/A (sky130_fd_sc_hd__clkbuf_16)
                  0.05    0.13    0.15 ^ clkbuf_0_clk/X (sky130_fd_sc_hd__clkbuf_16)
     4    0.03                           clknet_0_clk (net)
                  0.05    0.00    0.15 ^ clkbuf_2_1__f_clk/A (sky130_fd_sc_hd__clkbuf_16)
                  0.05    0.13    0.29 ^ clkbuf_2_1__f_clk/X (sky130_fd_sc_hd__clkbuf_16)
    11    0.03                           clknet_2_1__leaf_clk (net)
                  0.05    0.00    0.29 ^ _324_/CLK (sky130_fd_sc_hd__dfrtp_1)
                  0.10    0.35    0.63 ^ _324_/Q (sky130_fd_sc_hd__dfrtp_1)
     3    0.01                           baud_count[10] (net)
                  0.10    0.00    0.63 ^ _229_/A (sky130_fd_sc_hd__inv_2)
                  0.04    0.05    0.68 v _229_/Y (sky130_fd_sc_hd__inv_2)
     3    0.01                           _121_ (net)
                  0.04    0.00    0.68 v _230_/A (sky130_fd_sc_hd__nand2_1)
                  0.04    0.05    0.73 ^ _230_/Y (sky130_fd_sc_hd__nand2_1)
     1    0.00                           _122_ (net)
                  0.04    0.00    0.73 ^ _232_/B (sky130_fd_sc_hd__and3_1)
                  0.06    0.14    0.87 ^ _232_/X (sky130_fd_sc_hd__and3_1)
     1    0.00                           _124_ (net)
                  0.06    0.00    0.87 ^ _233_/A (sky130_fd_sc_hd__clkbuf_1)
                  0.05    0.08    0.95 ^ _233_/X (sky130_fd_sc_hd__clkbuf_1)
     1    0.00                           _001_ (net)
                  0.05    0.00    0.95 ^ _324_/D (sky130_fd_sc_hd__dfrtp_1)
                                  0.95   data arrival time

                          0.00    0.00   clock clk (rise edge)
                          0.00    0.00   clock source latency
                  0.04    0.03    0.03 ^ clk (in)
     1    0.01                           clk (net)
                  0.04    0.00    0.03 ^ clkbuf_0_clk/A (sky130_fd_sc_hd__clkbuf_16)
                  0.05    0.14    0.17 ^ clkbuf_0_clk/X (sky130_fd_sc_hd__clkbuf_16)
     4    0.03                           clknet_0_clk (net)
                  0.05    0.00    0.17 ^ clkbuf_2_1__f_clk/A (sky130_fd_sc_hd__clkbuf_16)
                  0.05    0.15    0.32 ^ clkbuf_2_1__f_clk/X (sky130_fd_sc_hd__clkbuf_16)
    11    0.03                           clknet_2_1__leaf_clk (net)
                  0.05    0.00    0.32 ^ _324_/CLK (sky130_fd_sc_hd__dfrtp_1)
                          0.25    0.57   clock uncertainty
                         -0.03    0.54   clock reconvergence pessimism
                         -0.03    0.50   library hold time
                                  0.50   data required time
-----------------------------------------------------------------------------
                                  0.50   data required time
                                 -0.95   data arrival time
-----------------------------------------------------------------------------
                                  0.45   slack (MET)


Startpoint: _302_ (rising edge-triggered flip-flop clocked by clk)
Endpoint: _302_ (rising edge-triggered flip-flop clocked by clk)
Path Group: clk
Path Type: min

Fanout     Cap    Slew   Delay    Time   Description
-----------------------------------------------------------------------------
                          0.00    0.00   clock clk (rise edge)
                          0.00    0.00   clock source latency
                  0.04    0.03    0.03 ^ clk (in)
     1    0.01                           clk (net)
                  0.04    0.00    0.03 ^ clkbuf_0_clk/A (sky130_fd_sc_hd__clkbuf_16)
                  0.05    0.13    0.15 ^ clkbuf_0_clk/X (sky130_fd_sc_hd__clkbuf_16)
     4    0.03                           clknet_0_clk (net)
                  0.05    0.00    0.15 ^ clkbuf_2_3__f_clk/A (sky130_fd_sc_hd__clkbuf_16)
                  0.05    0.13    0.28 ^ clkbuf_2_3__f_clk/X (sky130_fd_sc_hd__clkbuf_16)
     8    0.02                           clknet_2_3__leaf_clk (net)
                  0.05    0.00    0.28 ^ _302_/CLK (sky130_fd_sc_hd__dfrtp_1)
                  0.13    0.37    0.65 ^ _302_/Q (sky130_fd_sc_hd__dfrtp_1)
     4    0.01                           bit_index[2] (net)
                  0.13    0.00    0.65 ^ _175_/B1 (sky130_fd_sc_hd__a31o_1)
                  0.05    0.11    0.76 ^ _175_/X (sky130_fd_sc_hd__a31o_1)
     1    0.00                           _084_ (net)
                  0.05    0.00    0.76 ^ _176_/B (sky130_fd_sc_hd__and2_1)
                  0.06    0.12    0.88 ^ _176_/X (sky130_fd_sc_hd__and2_1)
     1    0.00                           _085_ (net)
                  0.06    0.00    0.88 ^ _177_/A (sky130_fd_sc_hd__clkbuf_1)
                  0.04    0.07    0.95 ^ _177_/X (sky130_fd_sc_hd__clkbuf_1)
     1    0.00                           _056_ (net)
                  0.04    0.00    0.95 ^ _302_/D (sky130_fd_sc_hd__dfrtp_1)
                                  0.95   data arrival time

                          0.00    0.00   clock clk (rise edge)
                          0.00    0.00   clock source latency
                  0.04    0.03    0.03 ^ clk (in)
     1    0.01                           clk (net)
                  0.04    0.00    0.03 ^ clkbuf_0_clk/A (sky130_fd_sc_hd__clkbuf_16)
                  0.05    0.14    0.17 ^ clkbuf_0_clk/X (sky130_fd_sc_hd__clkbuf_16)
     4    0.03                           clknet_0_clk (net)
                  0.05    0.00    0.17 ^ clkbuf_2_3__f_clk/A (sky130_fd_sc_hd__clkbuf_16)
                  0.05    0.14    0.31 ^ clkbuf_2_3__f_clk/X (sky130_fd_sc_hd__clkbuf_16)
     8    0.02                           clknet_2_3__leaf_clk (net)
                  0.05    0.00    0.31 ^ _302_/CLK (sky130_fd_sc_hd__dfrtp_1)
                          0.25    0.56   clock uncertainty
                         -0.03    0.53   clock reconvergence pessimism
                         -0.03    0.50   library hold time
                                  0.50   data required time
-----------------------------------------------------------------------------
                                  0.50   data required time
                                 -0.95   data arrival time
-----------------------------------------------------------------------------
                                  0.46   slack (MET)


Startpoint: _327_ (rising edge-triggered flip-flop clocked by clk)
Endpoint: _328_ (rising edge-triggered flip-flop clocked by clk)
Path Group: clk
Path Type: min

Fanout     Cap    Slew   Delay    Time   Description
-----------------------------------------------------------------------------
                          0.00    0.00   clock clk (rise edge)
                          0.00    0.00   clock source latency
                  0.04    0.03    0.03 ^ clk (in)
     1    0.01                           clk (net)
                  0.04    0.00    0.03 ^ clkbuf_0_clk/A (sky130_fd_sc_hd__clkbuf_16)
                  0.05    0.13    0.15 ^ clkbuf_0_clk/X (sky130_fd_sc_hd__clkbuf_16)
     4    0.03                           clknet_0_clk (net)
                  0.05    0.00    0.15 ^ clkbuf_2_1__f_clk/A (sky130_fd_sc_hd__clkbuf_16)
                  0.05    0.13    0.29 ^ clkbuf_2_1__f_clk/X (sky130_fd_sc_hd__clkbuf_16)
    11    0.03                           clknet_2_1__leaf_clk (net)
                  0.05    0.00    0.29 ^ _327_/CLK (sky130_fd_sc_hd__dfrtp_1)
                  0.10    0.35    0.64 ^ _327_/Q (sky130_fd_sc_hd__dfrtp_1)
     4    0.01                           baud_count[13] (net)
                  0.10    0.00    0.64 ^ _242_/A (sky130_fd_sc_hd__and3_1)
                  0.13    0.21    0.84 ^ _242_/X (sky130_fd_sc_hd__and3_1)
     3    0.01                           _131_ (net)
                  0.13    0.00    0.85 ^ _247_/A2 (sky130_fd_sc_hd__o21a_1)
                  0.04    0.11    0.96 ^ _247_/X (sky130_fd_sc_hd__o21a_1)
     1    0.00                           _005_ (net)
                  0.04    0.00    0.96 ^ _328_/D (sky130_fd_sc_hd__dfrtp_1)
                                  0.96   data arrival time

                          0.00    0.00   clock clk (rise edge)
                          0.00    0.00   clock source latency
                  0.04    0.03    0.03 ^ clk (in)
     1    0.01                           clk (net)
                  0.04    0.00    0.03 ^ clkbuf_0_clk/A (sky130_fd_sc_hd__clkbuf_16)
                  0.05    0.14    0.17 ^ clkbuf_0_clk/X (sky130_fd_sc_hd__clkbuf_16)
     4    0.03                           clknet_0_clk (net)
                  0.05    0.00    0.17 ^ clkbuf_2_1__f_clk/A (sky130_fd_sc_hd__clkbuf_16)
                  0.05    0.15    0.32 ^ clkbuf_2_1__f_clk/X (sky130_fd_sc_hd__clkbuf_16)
    11    0.03                           clknet_2_1__leaf_clk (net)
                  0.05    0.00    0.32 ^ _328_/CLK (sky130_fd_sc_hd__dfrtp_1)
                          0.25    0.57   clock uncertainty
                         -0.03    0.54   clock reconvergence pessimism
                         -0.03    0.50   library hold time
                                  0.50   data required time
-----------------------------------------------------------------------------
                                  0.50   data required time
                                 -0.96   data arrival time
-----------------------------------------------------------------------------
                                  0.46   slack (MET)


Startpoint: _314_ (rising edge-triggered flip-flop clocked by clk)
Endpoint: _314_ (rising edge-triggered flip-flop clocked by clk)
Path Group: clk
Path Type: min

Fanout     Cap    Slew   Delay    Time   Description
-----------------------------------------------------------------------------
                          0.00    0.00   clock clk (rise edge)
                          0.00    0.00   clock source latency
                  0.04    0.03    0.03 ^ clk (in)
     1    0.01                           clk (net)
                  0.04    0.00    0.03 ^ clkbuf_0_clk/A (sky130_fd_sc_hd__clkbuf_16)
                  0.05    0.13    0.15 ^ clkbuf_0_clk/X (sky130_fd_sc_hd__clkbuf_16)
     4    0.03                           clknet_0_clk (net)
                  0.05    0.00    0.15 ^ clkbuf_2_0__f_clk/A (sky130_fd_sc_hd__clkbuf_16)
                  0.05    0.13    0.28 ^ clkbuf_2_0__f_clk/X (sky130_fd_sc_hd__clkbuf_16)
     9    0.03                           clknet_2_0__leaf_clk (net)
                  0.05    0.00    0.28 ^ _314_/CLK (sky130_fd_sc_hd__dfrtp_4)
                  0.10    0.42    0.70 ^ _314_/Q (sky130_fd_sc_hd__dfrtp_4)
     8    0.02                           baud_count[0] (net)
                  0.10    0.00    0.71 ^ _194_/A_N (sky130_fd_sc_hd__and2b_1)
                  0.03    0.17    0.88 v _194_/X (sky130_fd_sc_hd__and2b_1)
     1    0.00                           _096_ (net)
                  0.03    0.00    0.88 v _195_/A (sky130_fd_sc_hd__clkbuf_1)
                  0.03    0.08    0.96 v _195_/X (sky130_fd_sc_hd__clkbuf_1)
     1    0.00                           _000_ (net)
                  0.03    0.00    0.96 v _314_/D (sky130_fd_sc_hd__dfrtp_4)
                                  0.96   data arrival time

                          0.00    0.00   clock clk (rise edge)
                          0.00    0.00   clock source latency
                  0.04    0.03    0.03 ^ clk (in)
     1    0.01                           clk (net)
                  0.04    0.00    0.03 ^ clkbuf_0_clk/A (sky130_fd_sc_hd__clkbuf_16)
                  0.05    0.14    0.17 ^ clkbuf_0_clk/X (sky130_fd_sc_hd__clkbuf_16)
     4    0.03                           clknet_0_clk (net)
                  0.05    0.00    0.17 ^ clkbuf_2_0__f_clk/A (sky130_fd_sc_hd__clkbuf_16)
                  0.05    0.14    0.31 ^ clkbuf_2_0__f_clk/X (sky130_fd_sc_hd__clkbuf_16)
     9    0.03                           clknet_2_0__leaf_clk (net)
                  0.05    0.00    0.31 ^ _314_/CLK (sky130_fd_sc_hd__dfrtp_4)
                          0.25    0.56   clock uncertainty
                         -0.03    0.53   clock reconvergence pessimism
                         -0.03    0.50   library hold time
                                  0.50   data required time
-----------------------------------------------------------------------------
                                  0.50   data required time
                                 -0.96   data arrival time
-----------------------------------------------------------------------------
                                  0.46   slack (MET)


Startpoint: _329_ (rising edge-triggered flip-flop clocked by clk)
Endpoint: _298_ (rising edge-triggered flip-flop clocked by clk)
Path Group: clk
Path Type: min

Fanout     Cap    Slew   Delay    Time   Description
-----------------------------------------------------------------------------
                          0.00    0.00   clock clk (rise edge)
                          0.00    0.00   clock source latency
                  0.04    0.03    0.03 ^ clk (in)
     1    0.01                           clk (net)
                  0.04    0.00    0.03 ^ clkbuf_0_clk/A (sky130_fd_sc_hd__clkbuf_16)
                  0.05    0.13    0.15 ^ clkbuf_0_clk/X (sky130_fd_sc_hd__clkbuf_16)
     4    0.03                           clknet_0_clk (net)
                  0.05    0.00    0.15 ^ clkbuf_2_1__f_clk/A (sky130_fd_sc_hd__clkbuf_16)
                  0.05    0.13    0.29 ^ clkbuf_2_1__f_clk/X (sky130_fd_sc_hd__clkbuf_16)
    11    0.03                           clknet_2_1__leaf_clk (net)
                  0.05    0.00    0.29 ^ _329_/CLK (sky130_fd_sc_hd__dfrtp_1)
                  0.07    0.32    0.60 ^ _329_/Q (sky130_fd_sc_hd__dfrtp_1)
     2    0.01                           baud_count[15] (net)
                  0.07    0.00    0.60 ^ _167_/C (sky130_fd_sc_hd__or4_1)
                  0.05    0.11    0.71 ^ _167_/X (sky130_fd_sc_hd__or4_1)
     2    0.00                           _077_ (net)
                  0.05    0.00    0.71 ^ _184_/B (sky130_fd_sc_hd__or4_2)
                  0.10    0.15    0.87 ^ _184_/X (sky130_fd_sc_hd__or4_2)
     6    0.02                           _090_ (net)
                  0.10    0.00    0.87 ^ _185_/A2 (sky130_fd_sc_hd__a21bo_1)
                  0.04    0.11    0.97 ^ _185_/X (sky130_fd_sc_hd__a21bo_1)
     1    0.00                           _018_ (net)
                  0.04    0.00    0.97 ^ _298_/D (sky130_fd_sc_hd__dfrtp_1)
                                  0.97   data arrival time

                          0.00    0.00   clock clk (rise edge)
                          0.00    0.00   clock source latency
                  0.04    0.03    0.03 ^ clk (in)
     1    0.01                           clk (net)
                  0.04    0.00    0.03 ^ clkbuf_0_clk/A (sky130_fd_sc_hd__clkbuf_16)
                  0.05    0.14    0.17 ^ clkbuf_0_clk/X (sky130_fd_sc_hd__clkbuf_16)
     4    0.03                           clknet_0_clk (net)
                  0.05    0.00    0.17 ^ clkbuf_2_0__f_clk/A (sky130_fd_sc_hd__clkbuf_16)
                  0.05    0.14    0.31 ^ clkbuf_2_0__f_clk/X (sky130_fd_sc_hd__clkbuf_16)
     9    0.03                           clknet_2_0__leaf_clk (net)
                  0.05    0.00    0.31 ^ _298_/CLK (sky130_fd_sc_hd__dfrtp_1)
                          0.25    0.56   clock uncertainty
                         -0.02    0.55   clock reconvergence pessimism
                         -0.03    0.52   library hold time
                                  0.52   data required time
-----------------------------------------------------------------------------
                                  0.52   data required time
                                 -0.97   data arrival time
-----------------------------------------------------------------------------
                                  0.46   slack (MET)


Startpoint: _296_ (rising edge-triggered flip-flop clocked by clk)
Endpoint: _309_ (rising edge-triggered flip-flop clocked by clk)
Path Group: clk
Path Type: min

Fanout     Cap    Slew   Delay    Time   Description
-----------------------------------------------------------------------------
                          0.00    0.00   clock clk (rise edge)
                          0.00    0.00   clock source latency
                  0.04    0.03    0.03 ^ clk (in)
     1    0.01                           clk (net)
                  0.04    0.00    0.03 ^ clkbuf_0_clk/A (sky130_fd_sc_hd__clkbuf_16)
                  0.05    0.13    0.15 ^ clkbuf_0_clk/X (sky130_fd_sc_hd__clkbuf_16)
     4    0.03                           clknet_0_clk (net)
                  0.05    0.00    0.15 ^ clkbuf_2_1__f_clk/A (sky130_fd_sc_hd__clkbuf_16)
                  0.05    0.13    0.29 ^ clkbuf_2_1__f_clk/X (sky130_fd_sc_hd__clkbuf_16)
    11    0.03                           clknet_2_1__leaf_clk (net)
                  0.05    0.00    0.29 ^ _296_/CLK (sky130_fd_sc_hd__dfstp_1)
                  0.10    0.39    0.68 v _296_/Q (sky130_fd_sc_hd__dfstp_1)
     4    0.02                           state[0] (net)
                  0.10    0.00    0.68 v _148_/B (sky130_fd_sc_hd__nand2_4)
                  0.10    0.13    0.80 ^ _148_/Y (sky130_fd_sc_hd__nand2_4)
     9    0.03                           _066_ (net)
                  0.10    0.00    0.80 ^ _157_/S (sky130_fd_sc_hd__mux2_1)
                  0.04    0.13    0.93 ^ _157_/X (sky130_fd_sc_hd__mux2_1)
     1    0.00                           _071_ (net)
                  0.04    0.00    0.93 ^ _158_/A (sky130_fd_sc_hd__clkbuf_1)
                  0.04    0.07    1.00 ^ _158_/X (sky130_fd_sc_hd__clkbuf_1)
     1    0.00                           _061_ (net)
                  0.04    0.00    1.00 ^ _309_/D (sky130_fd_sc_hd__dfrtp_1)
                                  1.00   data arrival time

                          0.00    0.00   clock clk (rise edge)
                          0.00    0.00   clock source latency
                  0.04    0.03    0.03 ^ clk (in)
     1    0.01                           clk (net)
                  0.04    0.00    0.03 ^ clkbuf_0_clk/A (sky130_fd_sc_hd__clkbuf_16)
                  0.05    0.14    0.17 ^ clkbuf_0_clk/X (sky130_fd_sc_hd__clkbuf_16)
     4    0.03                           clknet_0_clk (net)
                  0.05    0.00    0.17 ^ clkbuf_2_3__f_clk/A (sky130_fd_sc_hd__clkbuf_16)
                  0.05    0.14    0.31 ^ clkbuf_2_3__f_clk/X (sky130_fd_sc_hd__clkbuf_16)
     8    0.02                           clknet_2_3__leaf_clk (net)
                  0.05    0.00    0.31 ^ _309_/CLK (sky130_fd_sc_hd__dfrtp_1)
                          0.25    0.56   clock uncertainty
                         -0.02    0.54   clock reconvergence pessimism
                         -0.03    0.51   library hold time
                                  0.51   data required time
-----------------------------------------------------------------------------
                                  0.51   data required time
                                 -1.00   data arrival time
-----------------------------------------------------------------------------
                                  0.49   slack (MET)


Startpoint: _296_ (rising edge-triggered flip-flop clocked by clk)
Endpoint: _311_ (rising edge-triggered flip-flop clocked by clk)
Path Group: clk
Path Type: min

Fanout     Cap    Slew   Delay    Time   Description
-----------------------------------------------------------------------------
                          0.00    0.00   clock clk (rise edge)
                          0.00    0.00   clock source latency
                  0.04    0.03    0.03 ^ clk (in)
     1    0.01                           clk (net)
                  0.04    0.00    0.03 ^ clkbuf_0_clk/A (sky130_fd_sc_hd__clkbuf_16)
                  0.05    0.13    0.15 ^ clkbuf_0_clk/X (sky130_fd_sc_hd__clkbuf_16)
     4    0.03                           clknet_0_clk (net)
                  0.05    0.00    0.15 ^ clkbuf_2_1__f_clk/A (sky130_fd_sc_hd__clkbuf_16)
                  0.05    0.13    0.29 ^ clkbuf_2_1__f_clk/X (sky130_fd_sc_hd__clkbuf_16)
    11    0.03                           clknet_2_1__leaf_clk (net)
                  0.05    0.00    0.29 ^ _296_/CLK (sky130_fd_sc_hd__dfstp_1)
                  0.10    0.39    0.68 v _296_/Q (sky130_fd_sc_hd__dfstp_1)
     4    0.02                           state[0] (net)
                  0.10    0.00    0.68 v _148_/B (sky130_fd_sc_hd__nand2_4)
                  0.10    0.13    0.80 ^ _148_/Y (sky130_fd_sc_hd__nand2_4)
     9    0.03                           _066_ (net)
                  0.10    0.00    0.80 ^ _153_/S (sky130_fd_sc_hd__mux2_1)
                  0.04    0.13    0.93 ^ _153_/X (sky130_fd_sc_hd__mux2_1)
     1    0.00                           _069_ (net)
                  0.04    0.00    0.93 ^ _154_/A (sky130_fd_sc_hd__clkbuf_1)
                  0.04    0.07    1.01 ^ _154_/X (sky130_fd_sc_hd__clkbuf_1)
     1    0.00                           _063_ (net)
                  0.04    0.00    1.01 ^ _311_/D (sky130_fd_sc_hd__dfrtp_1)
                                  1.01   data arrival time

                          0.00    0.00   clock clk (rise edge)
                          0.00    0.00   clock source latency
                  0.04    0.03    0.03 ^ clk (in)
     1    0.01                           clk (net)
                  0.04    0.00    0.03 ^ clkbuf_0_clk/A (sky130_fd_sc_hd__clkbuf_16)
                  0.05    0.14    0.17 ^ clkbuf_0_clk/X (sky130_fd_sc_hd__clkbuf_16)
     4    0.03                           clknet_0_clk (net)
                  0.05    0.00    0.17 ^ clkbuf_2_3__f_clk/A (sky130_fd_sc_hd__clkbuf_16)
                  0.05    0.14    0.31 ^ clkbuf_2_3__f_clk/X (sky130_fd_sc_hd__clkbuf_16)
     8    0.02                           clknet_2_3__leaf_clk (net)
                  0.05    0.00    0.31 ^ _311_/CLK (sky130_fd_sc_hd__dfrtp_1)
                          0.25    0.56   clock uncertainty
                         -0.02    0.54   clock reconvergence pessimism
                         -0.03    0.51   library hold time
                                  0.51   data required time
-----------------------------------------------------------------------------
                                  0.51   data required time
                                 -1.01   data arrival time
-----------------------------------------------------------------------------
                                  0.49   slack (MET)


Startpoint: _296_ (rising edge-triggered flip-flop clocked by clk)
Endpoint: _313_ (rising edge-triggered flip-flop clocked by clk)
Path Group: clk
Path Type: min

Fanout     Cap    Slew   Delay    Time   Description
-----------------------------------------------------------------------------
                          0.00    0.00   clock clk (rise edge)
                          0.00    0.00   clock source latency
                  0.04    0.03    0.03 ^ clk (in)
     1    0.01                           clk (net)
                  0.04    0.00    0.03 ^ clkbuf_0_clk/A (sky130_fd_sc_hd__clkbuf_16)
                  0.05    0.13    0.15 ^ clkbuf_0_clk/X (sky130_fd_sc_hd__clkbuf_16)
     4    0.03                           clknet_0_clk (net)
                  0.05    0.00    0.15 ^ clkbuf_2_1__f_clk/A (sky130_fd_sc_hd__clkbuf_16)
                  0.05    0.13    0.29 ^ clkbuf_2_1__f_clk/X (sky130_fd_sc_hd__clkbuf_16)
    11    0.03                           clknet_2_1__leaf_clk (net)
                  0.05    0.00    0.29 ^ _296_/CLK (sky130_fd_sc_hd__dfstp_1)
                  0.10    0.39    0.68 v _296_/Q (sky130_fd_sc_hd__dfstp_1)
     4    0.02                           state[0] (net)
                  0.10    0.00    0.68 v _148_/B (sky130_fd_sc_hd__nand2_4)
                  0.10    0.13    0.80 ^ _148_/Y (sky130_fd_sc_hd__nand2_4)
     9    0.03                           _066_ (net)
                  0.10    0.00    0.80 ^ _149_/S (sky130_fd_sc_hd__mux2_1)
                  0.04    0.13    0.93 ^ _149_/X (sky130_fd_sc_hd__mux2_1)
     1    0.00                           _067_ (net)
                  0.04    0.00    0.93 ^ _150_/A (sky130_fd_sc_hd__clkbuf_1)
                  0.04    0.07    1.01 ^ _150_/X (sky130_fd_sc_hd__clkbuf_1)
     1    0.00                           _065_ (net)
                  0.04    0.00    1.01 ^ _313_/D (sky130_fd_sc_hd__dfrtp_1)
                                  1.01   data arrival time

                          0.00    0.00   clock clk (rise edge)
                          0.00    0.00   clock source latency
                  0.04    0.03    0.03 ^ clk (in)
     1    0.01                           clk (net)
                  0.04    0.00    0.03 ^ clkbuf_0_clk/A (sky130_fd_sc_hd__clkbuf_16)
                  0.05    0.14    0.17 ^ clkbuf_0_clk/X (sky130_fd_sc_hd__clkbuf_16)
     4    0.03                           clknet_0_clk (net)
                  0.05    0.00    0.17 ^ clkbuf_2_3__f_clk/A (sky130_fd_sc_hd__clkbuf_16)
                  0.05    0.14    0.31 ^ clkbuf_2_3__f_clk/X (sky130_fd_sc_hd__clkbuf_16)
     8    0.02                           clknet_2_3__leaf_clk (net)
                  0.05    0.00    0.31 ^ _313_/CLK (sky130_fd_sc_hd__dfrtp_1)
                          0.25    0.56   clock uncertainty
                         -0.02    0.54   clock reconvergence pessimism
                         -0.03    0.51   library hold time
                                  0.51   data required time
-----------------------------------------------------------------------------
                                  0.51   data required time
                                 -1.01   data arrival time
-----------------------------------------------------------------------------
                                  0.50   slack (MET)


Startpoint: _296_ (rising edge-triggered flip-flop clocked by clk)
Endpoint: _310_ (rising edge-triggered flip-flop clocked by clk)
Path Group: clk
Path Type: min

Fanout     Cap    Slew   Delay    Time   Description
-----------------------------------------------------------------------------
                          0.00    0.00   clock clk (rise edge)
                          0.00    0.00   clock source latency
                  0.04    0.03    0.03 ^ clk (in)
     1    0.01                           clk (net)
                  0.04    0.00    0.03 ^ clkbuf_0_clk/A (sky130_fd_sc_hd__clkbuf_16)
                  0.05    0.13    0.15 ^ clkbuf_0_clk/X (sky130_fd_sc_hd__clkbuf_16)
     4    0.03                           clknet_0_clk (net)
                  0.05    0.00    0.15 ^ clkbuf_2_1__f_clk/A (sky130_fd_sc_hd__clkbuf_16)
                  0.05    0.13    0.29 ^ clkbuf_2_1__f_clk/X (sky130_fd_sc_hd__clkbuf_16)
    11    0.03                           clknet_2_1__leaf_clk (net)
                  0.05    0.00    0.29 ^ _296_/CLK (sky130_fd_sc_hd__dfstp_1)
                  0.10    0.39    0.68 v _296_/Q (sky130_fd_sc_hd__dfstp_1)
     4    0.02                           state[0] (net)
                  0.10    0.00    0.68 v _148_/B (sky130_fd_sc_hd__nand2_4)
                  0.10    0.13    0.80 ^ _148_/Y (sky130_fd_sc_hd__nand2_4)
     9    0.03                           _066_ (net)
                  0.10    0.00    0.80 ^ _155_/S (sky130_fd_sc_hd__mux2_1)
                  0.04    0.13    0.93 ^ _155_/X (sky130_fd_sc_hd__mux2_1)
     1    0.00                           _070_ (net)
                  0.04    0.00    0.93 ^ _156_/A (sky130_fd_sc_hd__clkbuf_1)
                  0.05    0.08    1.01 ^ _156_/X (sky130_fd_sc_hd__clkbuf_1)
     1    0.00                           _062_ (net)
                  0.05    0.00    1.01 ^ _310_/D (sky130_fd_sc_hd__dfrtp_1)
                                  1.01   data arrival time

                          0.00    0.00   clock clk (rise edge)
                          0.00    0.00   clock source latency
                  0.04    0.03    0.03 ^ clk (in)
     1    0.01                           clk (net)
                  0.04    0.00    0.03 ^ clkbuf_0_clk/A (sky130_fd_sc_hd__clkbuf_16)
                  0.05    0.14    0.17 ^ clkbuf_0_clk/X (sky130_fd_sc_hd__clkbuf_16)
     4    0.03                           clknet_0_clk (net)
                  0.05    0.00    0.17 ^ clkbuf_2_3__f_clk/A (sky130_fd_sc_hd__clkbuf_16)
                  0.05    0.14    0.31 ^ clkbuf_2_3__f_clk/X (sky130_fd_sc_hd__clkbuf_16)
     8    0.02                           clknet_2_3__leaf_clk (net)
                  0.05    0.00    0.31 ^ _310_/CLK (sky130_fd_sc_hd__dfrtp_1)
                          0.25    0.56   clock uncertainty
                         -0.02    0.54   clock reconvergence pessimism
                         -0.04    0.51   library hold time
                                  0.51   data required time
-----------------------------------------------------------------------------
                                  0.51   data required time
                                 -1.01   data arrival time
-----------------------------------------------------------------------------
                                  0.50   slack (MET)


Startpoint: _296_ (rising edge-triggered flip-flop clocked by clk)
Endpoint: _312_ (rising edge-triggered flip-flop clocked by clk)
Path Group: clk
Path Type: min

Fanout     Cap    Slew   Delay    Time   Description
-----------------------------------------------------------------------------
                          0.00    0.00   clock clk (rise edge)
                          0.00    0.00   clock source latency
                  0.04    0.03    0.03 ^ clk (in)
     1    0.01                           clk (net)
                  0.04    0.00    0.03 ^ clkbuf_0_clk/A (sky130_fd_sc_hd__clkbuf_16)
                  0.05    0.13    0.15 ^ clkbuf_0_clk/X (sky130_fd_sc_hd__clkbuf_16)
     4    0.03                           clknet_0_clk (net)
                  0.05    0.00    0.15 ^ clkbuf_2_1__f_clk/A (sky130_fd_sc_hd__clkbuf_16)
                  0.05    0.13    0.29 ^ clkbuf_2_1__f_clk/X (sky130_fd_sc_hd__clkbuf_16)
    11    0.03                           clknet_2_1__leaf_clk (net)
                  0.05    0.00    0.29 ^ _296_/CLK (sky130_fd_sc_hd__dfstp_1)
                  0.10    0.39    0.68 v _296_/Q (sky130_fd_sc_hd__dfstp_1)
     4    0.02                           state[0] (net)
                  0.10    0.00    0.68 v _148_/B (sky130_fd_sc_hd__nand2_4)
                  0.10    0.13    0.80 ^ _148_/Y (sky130_fd_sc_hd__nand2_4)
     9    0.03                           _066_ (net)
                  0.10    0.00    0.80 ^ _151_/S (sky130_fd_sc_hd__mux2_1)
                  0.05    0.14    0.94 ^ _151_/X (sky130_fd_sc_hd__mux2_1)
     1    0.00                           _068_ (net)
                  0.05    0.00    0.94 ^ _152_/A (sky130_fd_sc_hd__clkbuf_1)
                  0.05    0.08    1.02 ^ _152_/X (sky130_fd_sc_hd__clkbuf_1)
     1    0.00                           _064_ (net)
                  0.05    0.00    1.02 ^ _312_/D (sky130_fd_sc_hd__dfrtp_1)
                                  1.02   data arrival time

                          0.00    0.00   clock clk (rise edge)
                          0.00    0.00   clock source latency
                  0.04    0.03    0.03 ^ clk (in)
     1    0.01                           clk (net)
                  0.04    0.00    0.03 ^ clkbuf_0_clk/A (sky130_fd_sc_hd__clkbuf_16)
                  0.05    0.14    0.17 ^ clkbuf_0_clk/X (sky130_fd_sc_hd__clkbuf_16)
     4    0.03                           clknet_0_clk (net)
                  0.05    0.00    0.17 ^ clkbuf_2_3__f_clk/A (sky130_fd_sc_hd__clkbuf_16)
                  0.05    0.14    0.31 ^ clkbuf_2_3__f_clk/X (sky130_fd_sc_hd__clkbuf_16)
     8    0.02                           clknet_2_3__leaf_clk (net)
                  0.05    0.00    0.31 ^ _312_/CLK (sky130_fd_sc_hd__dfrtp_1)
                          0.25    0.56   clock uncertainty
                         -0.02    0.54   clock reconvergence pessimism
                         -0.04    0.51   library hold time
                                  0.51   data required time
-----------------------------------------------------------------------------
                                  0.51   data required time
                                 -1.02   data arrival time
-----------------------------------------------------------------------------
                                  0.51   slack (MET)


Startpoint: _297_ (rising edge-triggered flip-flop clocked by clk)
Endpoint: _303_ (rising edge-triggered flip-flop clocked by clk)
Path Group: clk
Path Type: min

Fanout     Cap    Slew   Delay    Time   Description
-----------------------------------------------------------------------------
                          0.00    0.00   clock clk (rise edge)
                          0.00    0.00   clock source latency
                  0.04    0.03    0.03 ^ clk (in)
     1    0.01                           clk (net)
                  0.04    0.00    0.03 ^ clkbuf_0_clk/A (sky130_fd_sc_hd__clkbuf_16)
                  0.05    0.13    0.15 ^ clkbuf_0_clk/X (sky130_fd_sc_hd__clkbuf_16)
     4    0.03                           clknet_0_clk (net)
                  0.05    0.00    0.15 ^ clkbuf_2_2__f_clk/A (sky130_fd_sc_hd__clkbuf_16)
                  0.04    0.12    0.27 ^ clkbuf_2_2__f_clk/X (sky130_fd_sc_hd__clkbuf_16)
     6    0.02                           clknet_2_2__leaf_clk (net)
                  0.04    0.00    0.27 ^ _297_/CLK (sky130_fd_sc_hd__dfrtp_4)
                  0.10    0.42    0.69 ^ _297_/Q (sky130_fd_sc_hd__dfrtp_4)
     8    0.02                           state[1] (net)
                  0.10    0.00    0.69 ^ _172_/A1 (sky130_fd_sc_hd__a21bo_1)
                  0.05    0.12    0.81 ^ _172_/X (sky130_fd_sc_hd__a21bo_1)
     2    0.00                           _082_ (net)
                  0.05    0.00    0.81 ^ _173_/B (sky130_fd_sc_hd__and2_1)
                  0.05    0.11    0.92 ^ _173_/X (sky130_fd_sc_hd__and2_1)
     1    0.00                           _083_ (net)
                  0.05    0.00    0.92 ^ _174_/A (sky130_fd_sc_hd__clkbuf_1)
                  0.05    0.08    1.00 ^ _174_/X (sky130_fd_sc_hd__clkbuf_1)
     1    0.00                           _057_ (net)
                  0.05    0.00    1.00 ^ _303_/D (sky130_fd_sc_hd__dfrtp_1)
                                  1.00   data arrival time

                          0.00    0.00   clock clk (rise edge)
                          0.00    0.00   clock source latency
                  0.04    0.03    0.03 ^ clk (in)
     1    0.01                           clk (net)
                  0.04    0.00    0.03 ^ clkbuf_0_clk/A (sky130_fd_sc_hd__clkbuf_16)
                  0.05    0.14    0.17 ^ clkbuf_0_clk/X (sky130_fd_sc_hd__clkbuf_16)
     4    0.03                           clknet_0_clk (net)
                  0.05    0.00    0.17 ^ clkbuf_2_2__f_clk/A (sky130_fd_sc_hd__clkbuf_16)
                  0.04    0.13    0.30 ^ clkbuf_2_2__f_clk/X (sky130_fd_sc_hd__clkbuf_16)
     6    0.02                           clknet_2_2__leaf_clk (net)
                  0.04    0.00    0.30 ^ _303_/CLK (sky130_fd_sc_hd__dfrtp_1)
                          0.25    0.55   clock uncertainty
                         -0.03    0.52   clock reconvergence pessimism
                         -0.04    0.49   library hold time
                                  0.49   data required time
-----------------------------------------------------------------------------
                                  0.49   data required time
                                 -1.00   data arrival time
-----------------------------------------------------------------------------
                                  0.51   slack (MET)


Startpoint: _296_ (rising edge-triggered flip-flop clocked by clk)
Endpoint: _308_ (rising edge-triggered flip-flop clocked by clk)
Path Group: clk
Path Type: min

Fanout     Cap    Slew   Delay    Time   Description
-----------------------------------------------------------------------------
                          0.00    0.00   clock clk (rise edge)
                          0.00    0.00   clock source latency
                  0.04    0.03    0.03 ^ clk (in)
     1    0.01                           clk (net)
                  0.04    0.00    0.03 ^ clkbuf_0_clk/A (sky130_fd_sc_hd__clkbuf_16)
                  0.05    0.13    0.15 ^ clkbuf_0_clk/X (sky130_fd_sc_hd__clkbuf_16)
     4    0.03                           clknet_0_clk (net)
                  0.05    0.00    0.15 ^ clkbuf_2_1__f_clk/A (sky130_fd_sc_hd__clkbuf_16)
                  0.05    0.13    0.29 ^ clkbuf_2_1__f_clk/X (sky130_fd_sc_hd__clkbuf_16)
    11    0.03                           clknet_2_1__leaf_clk (net)
                  0.05    0.00    0.29 ^ _296_/CLK (sky130_fd_sc_hd__dfstp_1)
                  0.10    0.39    0.68 v _296_/Q (sky130_fd_sc_hd__dfstp_1)
     4    0.02                           state[0] (net)
                  0.10    0.00    0.68 v _148_/B (sky130_fd_sc_hd__nand2_4)
                  0.10    0.13    0.80 ^ _148_/Y (sky130_fd_sc_hd__nand2_4)
     9    0.03                           _066_ (net)
                  0.10    0.00    0.80 ^ _159_/S (sky130_fd_sc_hd__mux2_1)
                  0.04    0.13    0.94 ^ _159_/X (sky130_fd_sc_hd__mux2_1)
     1    0.00                           _072_ (net)
                  0.04    0.00    0.94 ^ _160_/A (sky130_fd_sc_hd__clkbuf_1)
                  0.05    0.08    1.01 ^ _160_/X (sky130_fd_sc_hd__clkbuf_1)
     1    0.00                           _060_ (net)
                  0.05    0.00    1.01 ^ _308_/D (sky130_fd_sc_hd__dfrtp_1)
                                  1.01   data arrival time

                          0.00    0.00   clock clk (rise edge)
                          0.00    0.00   clock source latency
                  0.04    0.03    0.03 ^ clk (in)
     1    0.01                           clk (net)
                  0.04    0.00    0.03 ^ clkbuf_0_clk/A (sky130_fd_sc_hd__clkbuf_16)
                  0.05    0.14    0.17 ^ clkbuf_0_clk/X (sky130_fd_sc_hd__clkbuf_16)
     4    0.03                           clknet_0_clk (net)
                  0.05    0.00    0.17 ^ clkbuf_2_1__f_clk/A (sky130_fd_sc_hd__clkbuf_16)
                  0.05    0.15    0.32 ^ clkbuf_2_1__f_clk/X (sky130_fd_sc_hd__clkbuf_16)
    11    0.03                           clknet_2_1__leaf_clk (net)
                  0.05    0.00    0.32 ^ _308_/CLK (sky130_fd_sc_hd__dfrtp_1)
                          0.25    0.57   clock uncertainty
                         -0.03    0.54   clock reconvergence pessimism
                         -0.03    0.50   library hold time
                                  0.50   data required time
-----------------------------------------------------------------------------
                                  0.50   data required time
                                 -1.01   data arrival time
-----------------------------------------------------------------------------
                                  0.51   slack (MET)


Startpoint: _296_ (rising edge-triggered flip-flop clocked by clk)
Endpoint: _307_ (rising edge-triggered flip-flop clocked by clk)
Path Group: clk
Path Type: min

Fanout     Cap    Slew   Delay    Time   Description
-----------------------------------------------------------------------------
                          0.00    0.00   clock clk (rise edge)
                          0.00    0.00   clock source latency
                  0.04    0.03    0.03 ^ clk (in)
     1    0.01                           clk (net)
                  0.04    0.00    0.03 ^ clkbuf_0_clk/A (sky130_fd_sc_hd__clkbuf_16)
                  0.05    0.13    0.15 ^ clkbuf_0_clk/X (sky130_fd_sc_hd__clkbuf_16)
     4    0.03                           clknet_0_clk (net)
                  0.05    0.00    0.15 ^ clkbuf_2_1__f_clk/A (sky130_fd_sc_hd__clkbuf_16)
                  0.05    0.13    0.29 ^ clkbuf_2_1__f_clk/X (sky130_fd_sc_hd__clkbuf_16)
    11    0.03                           clknet_2_1__leaf_clk (net)
                  0.05    0.00    0.29 ^ _296_/CLK (sky130_fd_sc_hd__dfstp_1)
                  0.10    0.39    0.68 v _296_/Q (sky130_fd_sc_hd__dfstp_1)
     4    0.02                           state[0] (net)
                  0.10    0.00    0.68 v _148_/B (sky130_fd_sc_hd__nand2_4)
                  0.10    0.13    0.80 ^ _148_/Y (sky130_fd_sc_hd__nand2_4)
     9    0.03                           _066_ (net)
                  0.10    0.00    0.80 ^ _161_/S (sky130_fd_sc_hd__mux2_1)
                  0.04    0.13    0.93 ^ _161_/X (sky130_fd_sc_hd__mux2_1)
     1    0.00                           _073_ (net)
                  0.04    0.00    0.93 ^ _162_/A (sky130_fd_sc_hd__clkbuf_1)
                  0.05    0.08    1.01 ^ _162_/X (sky130_fd_sc_hd__clkbuf_1)
     1    0.00                           _059_ (net)
                  0.05    0.00    1.01 ^ _307_/D (sky130_fd_sc_hd__dfrtp_1)
                                  1.01   data arrival time

                          0.00    0.00   clock clk (rise edge)
                          0.00    0.00   clock source latency
                  0.04    0.03    0.03 ^ clk (in)
     1    0.01                           clk (net)
                  0.04    0.00    0.03 ^ clkbuf_0_clk/A (sky130_fd_sc_hd__clkbuf_16)
                  0.05    0.14    0.17 ^ clkbuf_0_clk/X (sky130_fd_sc_hd__clkbuf_16)
     4    0.03                           clknet_0_clk (net)
                  0.05    0.00    0.17 ^ clkbuf_2_1__f_clk/A (sky130_fd_sc_hd__clkbuf_16)
                  0.05    0.15    0.32 ^ clkbuf_2_1__f_clk/X (sky130_fd_sc_hd__clkbuf_16)
    11    0.03                           clknet_2_1__leaf_clk (net)
                  0.05    0.00    0.32 ^ _307_/CLK (sky130_fd_sc_hd__dfrtp_1)
                          0.25    0.57   clock uncertainty
                         -0.03    0.54   clock reconvergence pessimism
                         -0.04    0.50   library hold time
                                  0.50   data required time
-----------------------------------------------------------------------------
                                  0.50   data required time
                                 -1.01   data arrival time
-----------------------------------------------------------------------------
                                  0.51   slack (MET)


Startpoint: _296_ (rising edge-triggered flip-flop clocked by clk)
Endpoint: _306_ (rising edge-triggered flip-flop clocked by clk)
Path Group: clk
Path Type: min

Fanout     Cap    Slew   Delay    Time   Description
-----------------------------------------------------------------------------
                          0.00    0.00   clock clk (rise edge)
                          0.00    0.00   clock source latency
                  0.04    0.03    0.03 ^ clk (in)
     1    0.01                           clk (net)
                  0.04    0.00    0.03 ^ clkbuf_0_clk/A (sky130_fd_sc_hd__clkbuf_16)
                  0.05    0.13    0.15 ^ clkbuf_0_clk/X (sky130_fd_sc_hd__clkbuf_16)
     4    0.03                           clknet_0_clk (net)
                  0.05    0.00    0.15 ^ clkbuf_2_1__f_clk/A (sky130_fd_sc_hd__clkbuf_16)
                  0.05    0.13    0.29 ^ clkbuf_2_1__f_clk/X (sky130_fd_sc_hd__clkbuf_16)
    11    0.03                           clknet_2_1__leaf_clk (net)
                  0.05    0.00    0.29 ^ _296_/CLK (sky130_fd_sc_hd__dfstp_1)
                  0.10    0.39    0.68 v _296_/Q (sky130_fd_sc_hd__dfstp_1)
     4    0.02                           state[0] (net)
                  0.10    0.00    0.68 v _148_/B (sky130_fd_sc_hd__nand2_4)
                  0.10    0.13    0.80 ^ _148_/Y (sky130_fd_sc_hd__nand2_4)
     9    0.03                           _066_ (net)
                  0.10    0.00    0.80 ^ _163_/S (sky130_fd_sc_hd__mux2_1)
                  0.05    0.14    0.94 ^ _163_/X (sky130_fd_sc_hd__mux2_1)
     1    0.00                           _074_ (net)
                  0.05    0.00    0.94 ^ _164_/A (sky130_fd_sc_hd__clkbuf_1)
                  0.05    0.08    1.02 ^ _164_/X (sky130_fd_sc_hd__clkbuf_1)
     1    0.00                           _058_ (net)
                  0.05    0.00    1.02 ^ _306_/D (sky130_fd_sc_hd__dfrtp_1)
                                  1.02   data arrival time

                          0.00    0.00   clock clk (rise edge)
                          0.00    0.00   clock source latency
                  0.04    0.03    0.03 ^ clk (in)
     1    0.01                           clk (net)
                  0.04    0.00    0.03 ^ clkbuf_0_clk/A (sky130_fd_sc_hd__clkbuf_16)
                  0.05    0.14    0.17 ^ clkbuf_0_clk/X (sky130_fd_sc_hd__clkbuf_16)
     4    0.03                           clknet_0_clk (net)
                  0.05    0.00    0.17 ^ clkbuf_2_1__f_clk/A (sky130_fd_sc_hd__clkbuf_16)
                  0.05    0.15    0.32 ^ clkbuf_2_1__f_clk/X (sky130_fd_sc_hd__clkbuf_16)
    11    0.03                           clknet_2_1__leaf_clk (net)
                  0.05    0.00    0.32 ^ _306_/CLK (sky130_fd_sc_hd__dfrtp_1)
                          0.25    0.57   clock uncertainty
                         -0.03    0.54   clock reconvergence pessimism
                         -0.03    0.50   library hold time
                                  0.50   data required time
-----------------------------------------------------------------------------
                                  0.50   data required time
                                 -1.02   data arrival time
-----------------------------------------------------------------------------
                                  0.51   slack (MET)


Startpoint: _320_ (rising edge-triggered flip-flop clocked by clk)
Endpoint: _320_ (rising edge-triggered flip-flop clocked by clk)
Path Group: clk
Path Type: min

Fanout     Cap    Slew   Delay    Time   Description
-----------------------------------------------------------------------------
                          0.00    0.00   clock clk (rise edge)
                          0.00    0.00   clock source latency
                  0.04    0.03    0.03 ^ clk (in)
     1    0.01                           clk (net)
                  0.04    0.00    0.03 ^ clkbuf_0_clk/A (sky130_fd_sc_hd__clkbuf_16)
                  0.05    0.13    0.15 ^ clkbuf_0_clk/X (sky130_fd_sc_hd__clkbuf_16)
     4    0.03                           clknet_0_clk (net)
                  0.05    0.00    0.15 ^ clkbuf_2_0__f_clk/A (sky130_fd_sc_hd__clkbuf_16)
                  0.05    0.13    0.28 ^ clkbuf_2_0__f_clk/X (sky130_fd_sc_hd__clkbuf_16)
     9    0.03                           clknet_2_0__leaf_clk (net)
                  0.05    0.00    0.28 ^ _320_/CLK (sky130_fd_sc_hd__dfrtp_1)
                  0.12    0.36    0.65 ^ _320_/Q (sky130_fd_sc_hd__dfrtp_1)
     5    0.01                           baud_count[6] (net)
                  0.12    0.00    0.65 ^ _216_/A1 (sky130_fd_sc_hd__a21boi_1)
                  0.04    0.08    0.73 v _216_/Y (sky130_fd_sc_hd__a21boi_1)
     1    0.00                           _112_ (net)
                  0.04    0.00    0.73 v _217_/B1 (sky130_fd_sc_hd__o21a_1)
                  0.03    0.09    0.82 v _217_/X (sky130_fd_sc_hd__o21a_1)
     1    0.00                           _012_ (net)
                  0.03    0.00    0.82 v hold10/A (sky130_fd_sc_hd__dlygate4sd3_1)
                  0.06    0.52    1.35 v hold10/X (sky130_fd_sc_hd__dlygate4sd3_1)
     1    0.00                           net23 (net)
                  0.06    0.00    1.35 v _320_/D (sky130_fd_sc_hd__dfrtp_1)
                                  1.35   data arrival time

                          0.00    0.00   clock clk (rise edge)
                          0.00    0.00   clock source latency
                  0.04    0.03    0.03 ^ clk (in)
     1    0.01                           clk (net)
                  0.04    0.00    0.03 ^ clkbuf_0_clk/A (sky130_fd_sc_hd__clkbuf_16)
                  0.05    0.14    0.17 ^ clkbuf_0_clk/X (sky130_fd_sc_hd__clkbuf_16)
     4    0.03                           clknet_0_clk (net)
                  0.05    0.00    0.17 ^ clkbuf_2_0__f_clk/A (sky130_fd_sc_hd__clkbuf_16)
                  0.05    0.14    0.31 ^ clkbuf_2_0__f_clk/X (sky130_fd_sc_hd__clkbuf_16)
     9    0.03                           clknet_2_0__leaf_clk (net)
                  0.05    0.00    0.31 ^ _320_/CLK (sky130_fd_sc_hd__dfrtp_1)
                          0.25    0.56   clock uncertainty
                         -0.03    0.53   clock reconvergence pessimism
                         -0.05    0.48   library hold time
                                  0.48   data required time
-----------------------------------------------------------------------------
                                  0.48   data required time
                                 -1.35   data arrival time
-----------------------------------------------------------------------------
                                  0.86   slack (MET)


Startpoint: reset (input port clocked by clk)
Endpoint: _328_ (removal check against rising-edge clock clk)
Path Group: asynchronous
Path Type: min

Fanout     Cap    Slew   Delay    Time   Description
-----------------------------------------------------------------------------
                          0.00    0.00   clock clk (rise edge)
                          0.00    0.00   clock network delay (propagated)
                          2.00    2.00 v input external delay
                  0.01    0.00    2.00 v reset (in)
     1    0.00                           reset (net)
                  0.01    0.00    2.00 v input9/A (sky130_fd_sc_hd__buf_2)
                  0.08    0.15    2.15 v input9/X (sky130_fd_sc_hd__buf_2)
     7    0.03                           net9 (net)
                  0.08    0.00    2.15 v _294_/A (sky130_fd_sc_hd__inv_2)
                  0.03    0.06    2.21 ^ _294_/Y (sky130_fd_sc_hd__inv_2)
     1    0.00                           _035_ (net)
                  0.03    0.00    2.21 ^ _328_/RESET_B (sky130_fd_sc_hd__dfrtp_1)
                                  2.21   data arrival time

                          0.00    0.00   clock clk (rise edge)
                          0.00    0.00   clock source latency
                  0.04    0.03    0.03 ^ clk (in)
     1    0.01                           clk (net)
                  0.04    0.00    0.03 ^ clkbuf_0_clk/A (sky130_fd_sc_hd__clkbuf_16)
                  0.05    0.14    0.17 ^ clkbuf_0_clk/X (sky130_fd_sc_hd__clkbuf_16)
     4    0.03                           clknet_0_clk (net)
                  0.05    0.00    0.17 ^ clkbuf_2_1__f_clk/A (sky130_fd_sc_hd__clkbuf_16)
                  0.05    0.15    0.32 ^ clkbuf_2_1__f_clk/X (sky130_fd_sc_hd__clkbuf_16)
    11    0.03                           clknet_2_1__leaf_clk (net)
                  0.05    0.00    0.32 ^ _328_/CLK (sky130_fd_sc_hd__dfrtp_1)
                          0.25    0.57   clock uncertainty
                          0.00    0.57   clock reconvergence pessimism
                          0.32    0.89   library removal time
                                  0.89   data required time
-----------------------------------------------------------------------------
                                  0.89   data required time
                                 -2.21   data arrival time
-----------------------------------------------------------------------------
                                  1.32   slack (MET)


Startpoint: reset (input port clocked by clk)
Endpoint: _327_ (removal check against rising-edge clock clk)
Path Group: asynchronous
Path Type: min

Fanout     Cap    Slew   Delay    Time   Description
-----------------------------------------------------------------------------
                          0.00    0.00   clock clk (rise edge)
                          0.00    0.00   clock network delay (propagated)
                          2.00    2.00 v input external delay
                  0.01    0.00    2.00 v reset (in)
     1    0.00                           reset (net)
                  0.01    0.00    2.00 v input9/A (sky130_fd_sc_hd__buf_2)
                  0.08    0.15    2.15 v input9/X (sky130_fd_sc_hd__buf_2)
     7    0.03                           net9 (net)
                  0.08    0.00    2.15 v _293_/A (sky130_fd_sc_hd__inv_2)
                  0.03    0.06    2.21 ^ _293_/Y (sky130_fd_sc_hd__inv_2)
     1    0.00                           _034_ (net)
                  0.03    0.00    2.21 ^ _327_/RESET_B (sky130_fd_sc_hd__dfrtp_1)
                                  2.21   data arrival time

                          0.00    0.00   clock clk (rise edge)
                          0.00    0.00   clock source latency
                  0.04    0.03    0.03 ^ clk (in)
     1    0.01                           clk (net)
                  0.04    0.00    0.03 ^ clkbuf_0_clk/A (sky130_fd_sc_hd__clkbuf_16)
                  0.05    0.14    0.17 ^ clkbuf_0_clk/X (sky130_fd_sc_hd__clkbuf_16)
     4    0.03                           clknet_0_clk (net)
                  0.05    0.00    0.17 ^ clkbuf_2_1__f_clk/A (sky130_fd_sc_hd__clkbuf_16)
                  0.05    0.15    0.32 ^ clkbuf_2_1__f_clk/X (sky130_fd_sc_hd__clkbuf_16)
    11    0.03                           clknet_2_1__leaf_clk (net)
                  0.05    0.00    0.32 ^ _327_/CLK (sky130_fd_sc_hd__dfrtp_1)
                          0.25    0.57   clock uncertainty
                          0.00    0.57   clock reconvergence pessimism
                          0.32    0.89   library removal time
                                  0.89   data required time
-----------------------------------------------------------------------------
                                  0.89   data required time
                                 -2.21   data arrival time
-----------------------------------------------------------------------------
                                  1.32   slack (MET)


Startpoint: reset (input port clocked by clk)
Endpoint: _329_ (removal check against rising-edge clock clk)
Path Group: asynchronous
Path Type: min

Fanout     Cap    Slew   Delay    Time   Description
-----------------------------------------------------------------------------
                          0.00    0.00   clock clk (rise edge)
                          0.00    0.00   clock network delay (propagated)
                          2.00    2.00 v input external delay
                  0.01    0.00    2.00 v reset (in)
     1    0.00                           reset (net)
                  0.01    0.00    2.00 v input9/A (sky130_fd_sc_hd__buf_2)
                  0.08    0.15    2.15 v input9/X (sky130_fd_sc_hd__buf_2)
     7    0.03                           net9 (net)
                  0.08    0.00    2.15 v _295_/A (sky130_fd_sc_hd__inv_2)
                  0.03    0.06    2.21 ^ _295_/Y (sky130_fd_sc_hd__inv_2)
     1    0.00                           _036_ (net)
                  0.03    0.00    2.21 ^ _329_/RESET_B (sky130_fd_sc_hd__dfrtp_1)
                                  2.21   data arrival time

                          0.00    0.00   clock clk (rise edge)
                          0.00    0.00   clock source latency
                  0.04    0.03    0.03 ^ clk (in)
     1    0.01                           clk (net)
                  0.04    0.00    0.03 ^ clkbuf_0_clk/A (sky130_fd_sc_hd__clkbuf_16)
                  0.05    0.14    0.17 ^ clkbuf_0_clk/X (sky130_fd_sc_hd__clkbuf_16)
     4    0.03                           clknet_0_clk (net)
                  0.05    0.00    0.17 ^ clkbuf_2_1__f_clk/A (sky130_fd_sc_hd__clkbuf_16)
                  0.05    0.15    0.32 ^ clkbuf_2_1__f_clk/X (sky130_fd_sc_hd__clkbuf_16)
    11    0.03                           clknet_2_1__leaf_clk (net)
                  0.05    0.00    0.32 ^ _329_/CLK (sky130_fd_sc_hd__dfrtp_1)
                          0.25    0.57   clock uncertainty
                          0.00    0.57   clock reconvergence pessimism
                          0.32    0.89   library removal time
                                  0.89   data required time
-----------------------------------------------------------------------------
                                  0.89   data required time
                                 -2.21   data arrival time
-----------------------------------------------------------------------------
                                  1.32   slack (MET)


Startpoint: reset (input port clocked by clk)
Endpoint: _326_ (removal check against rising-edge clock clk)
Path Group: asynchronous
Path Type: min

Fanout     Cap    Slew   Delay    Time   Description
-----------------------------------------------------------------------------
                          0.00    0.00   clock clk (rise edge)
                          0.00    0.00   clock network delay (propagated)
                          2.00    2.00 v input external delay
                  0.01    0.00    2.00 v reset (in)
     1    0.00                           reset (net)
                  0.01    0.00    2.00 v input9/A (sky130_fd_sc_hd__buf_2)
                  0.08    0.15    2.15 v input9/X (sky130_fd_sc_hd__buf_2)
     7    0.03                           net9 (net)
                  0.08    0.00    2.15 v _292_/A (sky130_fd_sc_hd__inv_2)
                  0.03    0.06    2.21 ^ _292_/Y (sky130_fd_sc_hd__inv_2)
     1    0.00                           _033_ (net)
                  0.03    0.00    2.21 ^ _326_/RESET_B (sky130_fd_sc_hd__dfrtp_1)
                                  2.21   data arrival time

                          0.00    0.00   clock clk (rise edge)
                          0.00    0.00   clock source latency
                  0.04    0.03    0.03 ^ clk (in)
     1    0.01                           clk (net)
                  0.04    0.00    0.03 ^ clkbuf_0_clk/A (sky130_fd_sc_hd__clkbuf_16)
                  0.05    0.14    0.17 ^ clkbuf_0_clk/X (sky130_fd_sc_hd__clkbuf_16)
     4    0.03                           clknet_0_clk (net)
                  0.05    0.00    0.17 ^ clkbuf_2_1__f_clk/A (sky130_fd_sc_hd__clkbuf_16)
                  0.05    0.15    0.32 ^ clkbuf_2_1__f_clk/X (sky130_fd_sc_hd__clkbuf_16)
    11    0.03                           clknet_2_1__leaf_clk (net)
                  0.05    0.00    0.32 ^ _326_/CLK (sky130_fd_sc_hd__dfrtp_1)
                          0.25    0.57   clock uncertainty
                          0.00    0.57   clock reconvergence pessimism
                          0.32    0.89   library removal time
                                  0.89   data required time
-----------------------------------------------------------------------------
                                  0.89   data required time
                                 -2.21   data arrival time
-----------------------------------------------------------------------------
                                  1.32   slack (MET)


Startpoint: reset (input port clocked by clk)
Endpoint: _307_ (removal check against rising-edge clock clk)
Path Group: asynchronous
Path Type: min

Fanout     Cap    Slew   Delay    Time   Description
-----------------------------------------------------------------------------
                          0.00    0.00   clock clk (rise edge)
                          0.00    0.00   clock network delay (propagated)
                          2.00    2.00 v input external delay
                  0.01    0.00    2.00 v reset (in)
     1    0.00                           reset (net)
                  0.01    0.00    2.00 v input9/A (sky130_fd_sc_hd__buf_2)
                  0.08    0.15    2.15 v input9/X (sky130_fd_sc_hd__buf_2)
     7    0.03                           net9 (net)
                  0.08    0.00    2.15 v _270_/A (sky130_fd_sc_hd__buf_4)
                  0.07    0.18    2.34 v _270_/X (sky130_fd_sc_hd__buf_4)
    10    0.04                           _144_ (net)
                  0.07    0.00    2.34 v _272_/A (sky130_fd_sc_hd__inv_2)
                  0.03    0.05    2.39 ^ _272_/Y (sky130_fd_sc_hd__inv_2)
     1    0.00                           _048_ (net)
                  0.03    0.00    2.39 ^ _307_/RESET_B (sky130_fd_sc_hd__dfrtp_1)
                                  2.39   data arrival time

                          0.00    0.00   clock clk (rise edge)
                          0.00    0.00   clock source latency
                  0.04    0.03    0.03 ^ clk (in)
     1    0.01                           clk (net)
                  0.04    0.00    0.03 ^ clkbuf_0_clk/A (sky130_fd_sc_hd__clkbuf_16)
                  0.05    0.14    0.17 ^ clkbuf_0_clk/X (sky130_fd_sc_hd__clkbuf_16)
     4    0.03                           clknet_0_clk (net)
                  0.05    0.00    0.17 ^ clkbuf_2_1__f_clk/A (sky130_fd_sc_hd__clkbuf_16)
                  0.05    0.15    0.32 ^ clkbuf_2_1__f_clk/X (sky130_fd_sc_hd__clkbuf_16)
    11    0.03                           clknet_2_1__leaf_clk (net)
                  0.05    0.00    0.32 ^ _307_/CLK (sky130_fd_sc_hd__dfrtp_1)
                          0.25    0.57   clock uncertainty
                          0.00    0.57   clock reconvergence pessimism
                          0.32    0.89   library removal time
                                  0.89   data required time
-----------------------------------------------------------------------------
                                  0.89   data required time
                                 -2.39   data arrival time
-----------------------------------------------------------------------------
                                  1.51   slack (MET)


Startpoint: reset (input port clocked by clk)
Endpoint: _325_ (removal check against rising-edge clock clk)
Path Group: asynchronous
Path Type: min

Fanout     Cap    Slew   Delay    Time   Description
-----------------------------------------------------------------------------
                          0.00    0.00   clock clk (rise edge)
                          0.00    0.00   clock network delay (propagated)
                          2.00    2.00 v input external delay
                  0.01    0.00    2.00 v reset (in)
     1    0.00                           reset (net)
                  0.01    0.00    2.00 v input9/A (sky130_fd_sc_hd__buf_2)
                  0.08    0.15    2.15 v input9/X (sky130_fd_sc_hd__buf_2)
     7    0.03                           net9 (net)
                  0.08    0.00    2.15 v _281_/A (sky130_fd_sc_hd__buf_4)
                  0.07    0.18    2.34 v _281_/X (sky130_fd_sc_hd__buf_4)
    10    0.04                           _145_ (net)
                  0.07    0.00    2.34 v _291_/A (sky130_fd_sc_hd__inv_2)
                  0.03    0.05    2.39 ^ _291_/Y (sky130_fd_sc_hd__inv_2)
     1    0.00                           _032_ (net)
                  0.03    0.00    2.39 ^ _325_/RESET_B (sky130_fd_sc_hd__dfrtp_1)
                                  2.39   data arrival time

                          0.00    0.00   clock clk (rise edge)
                          0.00    0.00   clock source latency
                  0.04    0.03    0.03 ^ clk (in)
     1    0.01                           clk (net)
                  0.04    0.00    0.03 ^ clkbuf_0_clk/A (sky130_fd_sc_hd__clkbuf_16)
                  0.05    0.14    0.17 ^ clkbuf_0_clk/X (sky130_fd_sc_hd__clkbuf_16)
     4    0.03                           clknet_0_clk (net)
                  0.05    0.00    0.17 ^ clkbuf_2_1__f_clk/A (sky130_fd_sc_hd__clkbuf_16)
                  0.05    0.15    0.32 ^ clkbuf_2_1__f_clk/X (sky130_fd_sc_hd__clkbuf_16)
    11    0.03                           clknet_2_1__leaf_clk (net)
                  0.05    0.00    0.32 ^ _325_/CLK (sky130_fd_sc_hd__dfrtp_1)
                          0.25    0.57   clock uncertainty
                          0.00    0.57   clock reconvergence pessimism
                          0.32    0.88   library removal time
                                  0.88   data required time
-----------------------------------------------------------------------------
                                  0.88   data required time
                                 -2.39   data arrival time
-----------------------------------------------------------------------------
                                  1.51   slack (MET)


Startpoint: reset (input port clocked by clk)
Endpoint: _306_ (removal check against rising-edge clock clk)
Path Group: asynchronous
Path Type: min

Fanout     Cap    Slew   Delay    Time   Description
-----------------------------------------------------------------------------
                          0.00    0.00   clock clk (rise edge)
                          0.00    0.00   clock network delay (propagated)
                          2.00    2.00 v input external delay
                  0.01    0.00    2.00 v reset (in)
     1    0.00                           reset (net)
                  0.01    0.00    2.00 v input9/A (sky130_fd_sc_hd__buf_2)
                  0.08    0.15    2.15 v input9/X (sky130_fd_sc_hd__buf_2)
     7    0.03                           net9 (net)
                  0.08    0.00    2.15 v _270_/A (sky130_fd_sc_hd__buf_4)
                  0.07    0.18    2.34 v _270_/X (sky130_fd_sc_hd__buf_4)
    10    0.04                           _144_ (net)
                  0.07    0.00    2.34 v _271_/A (sky130_fd_sc_hd__inv_2)
                  0.03    0.05    2.39 ^ _271_/Y (sky130_fd_sc_hd__inv_2)
     1    0.00                           _047_ (net)
                  0.03    0.00    2.39 ^ _306_/RESET_B (sky130_fd_sc_hd__dfrtp_1)
                                  2.39   data arrival time

                          0.00    0.00   clock clk (rise edge)
                          0.00    0.00   clock source latency
                  0.04    0.03    0.03 ^ clk (in)
     1    0.01                           clk (net)
                  0.04    0.00    0.03 ^ clkbuf_0_clk/A (sky130_fd_sc_hd__clkbuf_16)
                  0.05    0.14    0.17 ^ clkbuf_0_clk/X (sky130_fd_sc_hd__clkbuf_16)
     4    0.03                           clknet_0_clk (net)
                  0.05    0.00    0.17 ^ clkbuf_2_1__f_clk/A (sky130_fd_sc_hd__clkbuf_16)
                  0.05    0.15    0.32 ^ clkbuf_2_1__f_clk/X (sky130_fd_sc_hd__clkbuf_16)
    11    0.03                           clknet_2_1__leaf_clk (net)
                  0.05    0.00    0.32 ^ _306_/CLK (sky130_fd_sc_hd__dfrtp_1)
                          0.25    0.57   clock uncertainty
                          0.00    0.57   clock reconvergence pessimism
                          0.32    0.89   library removal time
                                  0.89   data required time
-----------------------------------------------------------------------------
                                  0.89   data required time
                                 -2.39   data arrival time
-----------------------------------------------------------------------------
                                  1.51   slack (MET)


Startpoint: reset (input port clocked by clk)
Endpoint: _323_ (removal check against rising-edge clock clk)
Path Group: asynchronous
Path Type: min

Fanout     Cap    Slew   Delay    Time   Description
-----------------------------------------------------------------------------
                          0.00    0.00   clock clk (rise edge)
                          0.00    0.00   clock network delay (propagated)
                          2.00    2.00 v input external delay
                  0.01    0.00    2.00 v reset (in)
     1    0.00                           reset (net)
                  0.01    0.00    2.00 v input9/A (sky130_fd_sc_hd__buf_2)
                  0.08    0.15    2.15 v input9/X (sky130_fd_sc_hd__buf_2)
     7    0.03                           net9 (net)
                  0.08    0.00    2.15 v _281_/A (sky130_fd_sc_hd__buf_4)
                  0.07    0.18    2.34 v _281_/X (sky130_fd_sc_hd__buf_4)
    10    0.04                           _145_ (net)
                  0.07    0.00    2.34 v _289_/A (sky130_fd_sc_hd__inv_2)
                  0.03    0.05    2.39 ^ _289_/Y (sky130_fd_sc_hd__inv_2)
     1    0.00                           _030_ (net)
                  0.03    0.00    2.39 ^ _323_/RESET_B (sky130_fd_sc_hd__dfrtp_1)
                                  2.39   data arrival time

                          0.00    0.00   clock clk (rise edge)
                          0.00    0.00   clock source latency
                  0.04    0.03    0.03 ^ clk (in)
     1    0.01                           clk (net)
                  0.04    0.00    0.03 ^ clkbuf_0_clk/A (sky130_fd_sc_hd__clkbuf_16)
                  0.05    0.14    0.17 ^ clkbuf_0_clk/X (sky130_fd_sc_hd__clkbuf_16)
     4    0.03                           clknet_0_clk (net)
                  0.05    0.00    0.17 ^ clkbuf_2_1__f_clk/A (sky130_fd_sc_hd__clkbuf_16)
                  0.05    0.15    0.32 ^ clkbuf_2_1__f_clk/X (sky130_fd_sc_hd__clkbuf_16)
    11    0.03                           clknet_2_1__leaf_clk (net)
                  0.05    0.00    0.32 ^ _323_/CLK (sky130_fd_sc_hd__dfrtp_1)
                          0.25    0.57   clock uncertainty
                          0.00    0.57   clock reconvergence pessimism
                          0.32    0.89   library removal time
                                  0.89   data required time
-----------------------------------------------------------------------------
                                  0.89   data required time
                                 -2.39   data arrival time
-----------------------------------------------------------------------------
                                  1.51   slack (MET)


Startpoint: reset (input port clocked by clk)
Endpoint: _308_ (removal check against rising-edge clock clk)
Path Group: asynchronous
Path Type: min

Fanout     Cap    Slew   Delay    Time   Description
-----------------------------------------------------------------------------
                          0.00    0.00   clock clk (rise edge)
                          0.00    0.00   clock network delay (propagated)
                          2.00    2.00 v input external delay
                  0.01    0.00    2.00 v reset (in)
     1    0.00                           reset (net)
                  0.01    0.00    2.00 v input9/A (sky130_fd_sc_hd__buf_2)
                  0.08    0.15    2.15 v input9/X (sky130_fd_sc_hd__buf_2)
     7    0.03                           net9 (net)
                  0.08    0.00    2.15 v _270_/A (sky130_fd_sc_hd__buf_4)
                  0.07    0.18    2.34 v _270_/X (sky130_fd_sc_hd__buf_4)
    10    0.04                           _144_ (net)
                  0.07    0.00    2.34 v _273_/A (sky130_fd_sc_hd__inv_2)
                  0.04    0.06    2.39 ^ _273_/Y (sky130_fd_sc_hd__inv_2)
     1    0.01                           _049_ (net)
                  0.04    0.00    2.39 ^ _308_/RESET_B (sky130_fd_sc_hd__dfrtp_1)
                                  2.39   data arrival time

                          0.00    0.00   clock clk (rise edge)
                          0.00    0.00   clock source latency
                  0.04    0.03    0.03 ^ clk (in)
     1    0.01                           clk (net)
                  0.04    0.00    0.03 ^ clkbuf_0_clk/A (sky130_fd_sc_hd__clkbuf_16)
                  0.05    0.14    0.17 ^ clkbuf_0_clk/X (sky130_fd_sc_hd__clkbuf_16)
     4    0.03                           clknet_0_clk (net)
                  0.05    0.00    0.17 ^ clkbuf_2_1__f_clk/A (sky130_fd_sc_hd__clkbuf_16)
                  0.05    0.15    0.32 ^ clkbuf_2_1__f_clk/X (sky130_fd_sc_hd__clkbuf_16)
    11    0.03                           clknet_2_1__leaf_clk (net)
                  0.05    0.00    0.32 ^ _308_/CLK (sky130_fd_sc_hd__dfrtp_1)
                          0.25    0.57   clock uncertainty
                          0.00    0.57   clock reconvergence pessimism
                          0.32    0.89   library removal time
                                  0.89   data required time
-----------------------------------------------------------------------------
                                  0.89   data required time
                                 -2.39   data arrival time
-----------------------------------------------------------------------------
                                  1.51   slack (MET)


Startpoint: reset (input port clocked by clk)
Endpoint: _318_ (removal check against rising-edge clock clk)
Path Group: asynchronous
Path Type: min

Fanout     Cap    Slew   Delay    Time   Description
-----------------------------------------------------------------------------
                          0.00    0.00   clock clk (rise edge)
                          0.00    0.00   clock network delay (propagated)
                          2.00    2.00 v input external delay
                  0.01    0.00    2.00 v reset (in)
     1    0.00                           reset (net)
                  0.01    0.00    2.00 v input9/A (sky130_fd_sc_hd__buf_2)
                  0.08    0.15    2.15 v input9/X (sky130_fd_sc_hd__buf_2)
     7    0.03                           net9 (net)
                  0.08    0.00    2.15 v _281_/A (sky130_fd_sc_hd__buf_4)
                  0.07    0.18    2.34 v _281_/X (sky130_fd_sc_hd__buf_4)
    10    0.04                           _145_ (net)
                  0.07    0.00    2.34 v _284_/A (sky130_fd_sc_hd__inv_2)
                  0.03    0.05    2.39 ^ _284_/Y (sky130_fd_sc_hd__inv_2)
     1    0.00                           _025_ (net)
                  0.03    0.00    2.39 ^ _318_/RESET_B (sky130_fd_sc_hd__dfrtp_1)
                                  2.39   data arrival time

                          0.00    0.00   clock clk (rise edge)
                          0.00    0.00   clock source latency
                  0.04    0.03    0.03 ^ clk (in)
     1    0.01                           clk (net)
                  0.04    0.00    0.03 ^ clkbuf_0_clk/A (sky130_fd_sc_hd__clkbuf_16)
                  0.05    0.14    0.17 ^ clkbuf_0_clk/X (sky130_fd_sc_hd__clkbuf_16)
     4    0.03                           clknet_0_clk (net)
                  0.05    0.00    0.17 ^ clkbuf_2_0__f_clk/A (sky130_fd_sc_hd__clkbuf_16)
                  0.05    0.14    0.31 ^ clkbuf_2_0__f_clk/X (sky130_fd_sc_hd__clkbuf_16)
     9    0.03                           clknet_2_0__leaf_clk (net)
                  0.05    0.00    0.31 ^ _318_/CLK (sky130_fd_sc_hd__dfrtp_1)
                          0.25    0.56   clock uncertainty
                          0.00    0.56   clock reconvergence pessimism
                          0.32    0.88   library removal time
                                  0.88   data required time
-----------------------------------------------------------------------------
                                  0.88   data required time
                                 -2.39   data arrival time
-----------------------------------------------------------------------------
                                  1.51   slack (MET)


Startpoint: reset (input port clocked by clk)
Endpoint: _298_ (removal check against rising-edge clock clk)
Path Group: asynchronous
Path Type: min

Fanout     Cap    Slew   Delay    Time   Description
-----------------------------------------------------------------------------
                          0.00    0.00   clock clk (rise edge)
                          0.00    0.00   clock network delay (propagated)
                          2.00    2.00 v input external delay
                  0.01    0.00    2.00 v reset (in)
     1    0.00                           reset (net)
                  0.01    0.00    2.00 v input9/A (sky130_fd_sc_hd__buf_2)
                  0.08    0.15    2.15 v input9/X (sky130_fd_sc_hd__buf_2)
     7    0.03                           net9 (net)
                  0.08    0.00    2.15 v _259_/A (sky130_fd_sc_hd__buf_4)
                  0.07    0.18    2.34 v _259_/X (sky130_fd_sc_hd__buf_4)
    10    0.04                           _143_ (net)
                  0.07    0.00    2.34 v _262_/A (sky130_fd_sc_hd__inv_2)
                  0.03    0.05    2.39 ^ _262_/Y (sky130_fd_sc_hd__inv_2)
     1    0.00                           _039_ (net)
                  0.03    0.00    2.39 ^ _298_/RESET_B (sky130_fd_sc_hd__dfrtp_1)
                                  2.39   data arrival time

                          0.00    0.00   clock clk (rise edge)
                          0.00    0.00   clock source latency
                  0.04    0.03    0.03 ^ clk (in)
     1    0.01                           clk (net)
                  0.04    0.00    0.03 ^ clkbuf_0_clk/A (sky130_fd_sc_hd__clkbuf_16)
                  0.05    0.14    0.17 ^ clkbuf_0_clk/X (sky130_fd_sc_hd__clkbuf_16)
     4    0.03                           clknet_0_clk (net)
                  0.05    0.00    0.17 ^ clkbuf_2_0__f_clk/A (sky130_fd_sc_hd__clkbuf_16)
                  0.05    0.14    0.31 ^ clkbuf_2_0__f_clk/X (sky130_fd_sc_hd__clkbuf_16)
     9    0.03                           clknet_2_0__leaf_clk (net)
                  0.05    0.00    0.31 ^ _298_/CLK (sky130_fd_sc_hd__dfrtp_1)
                          0.25    0.56   clock uncertainty
                          0.00    0.56   clock reconvergence pessimism
                          0.32    0.88   library removal time
                                  0.88   data required time
-----------------------------------------------------------------------------
                                  0.88   data required time
                                 -2.39   data arrival time
-----------------------------------------------------------------------------
                                  1.51   slack (MET)


Startpoint: reset (input port clocked by clk)
Endpoint: _316_ (removal check against rising-edge clock clk)
Path Group: asynchronous
Path Type: min

Fanout     Cap    Slew   Delay    Time   Description
-----------------------------------------------------------------------------
                          0.00    0.00   clock clk (rise edge)
                          0.00    0.00   clock network delay (propagated)
                          2.00    2.00 v input external delay
                  0.01    0.00    2.00 v reset (in)
     1    0.00                           reset (net)
                  0.01    0.00    2.00 v input9/A (sky130_fd_sc_hd__buf_2)
                  0.08    0.15    2.15 v input9/X (sky130_fd_sc_hd__buf_2)
     7    0.03                           net9 (net)
                  0.08    0.00    2.15 v _281_/A (sky130_fd_sc_hd__buf_4)
                  0.07    0.18    2.34 v _281_/X (sky130_fd_sc_hd__buf_4)
    10    0.04                           _145_ (net)
                  0.07    0.00    2.34 v _282_/A (sky130_fd_sc_hd__inv_2)
                  0.03    0.05    2.39 ^ _282_/Y (sky130_fd_sc_hd__inv_2)
     1    0.00                           _023_ (net)
                  0.03    0.00    2.39 ^ _316_/RESET_B (sky130_fd_sc_hd__dfrtp_1)
                                  2.39   data arrival time

                          0.00    0.00   clock clk (rise edge)
                          0.00    0.00   clock source latency
                  0.04    0.03    0.03 ^ clk (in)
     1    0.01                           clk (net)
                  0.04    0.00    0.03 ^ clkbuf_0_clk/A (sky130_fd_sc_hd__clkbuf_16)
                  0.05    0.14    0.17 ^ clkbuf_0_clk/X (sky130_fd_sc_hd__clkbuf_16)
     4    0.03                           clknet_0_clk (net)
                  0.05    0.00    0.17 ^ clkbuf_2_0__f_clk/A (sky130_fd_sc_hd__clkbuf_16)
                  0.05    0.14    0.31 ^ clkbuf_2_0__f_clk/X (sky130_fd_sc_hd__clkbuf_16)
     9    0.03                           clknet_2_0__leaf_clk (net)
                  0.05    0.00    0.31 ^ _316_/CLK (sky130_fd_sc_hd__dfrtp_1)
                          0.25    0.56   clock uncertainty
                          0.00    0.56   clock reconvergence pessimism
                          0.32    0.88   library removal time
                                  0.88   data required time
-----------------------------------------------------------------------------
                                  0.88   data required time
                                 -2.39   data arrival time
-----------------------------------------------------------------------------
                                  1.51   slack (MET)


Startpoint: reset (input port clocked by clk)
Endpoint: _324_ (removal check against rising-edge clock clk)
Path Group: asynchronous
Path Type: min

Fanout     Cap    Slew   Delay    Time   Description
-----------------------------------------------------------------------------
                          0.00    0.00   clock clk (rise edge)
                          0.00    0.00   clock network delay (propagated)
                          2.00    2.00 v input external delay
                  0.01    0.00    2.00 v reset (in)
     1    0.00                           reset (net)
                  0.01    0.00    2.00 v input9/A (sky130_fd_sc_hd__buf_2)
                  0.08    0.15    2.15 v input9/X (sky130_fd_sc_hd__buf_2)
     7    0.03                           net9 (net)
                  0.08    0.00    2.15 v _281_/A (sky130_fd_sc_hd__buf_4)
                  0.07    0.18    2.34 v _281_/X (sky130_fd_sc_hd__buf_4)
    10    0.04                           _145_ (net)
                  0.07    0.00    2.34 v _290_/A (sky130_fd_sc_hd__inv_2)
                  0.04    0.06    2.39 ^ _290_/Y (sky130_fd_sc_hd__inv_2)
     1    0.01                           _031_ (net)
                  0.04    0.00    2.39 ^ _324_/RESET_B (sky130_fd_sc_hd__dfrtp_1)
                                  2.39   data arrival time

                          0.00    0.00   clock clk (rise edge)
                          0.00    0.00   clock source latency
                  0.04    0.03    0.03 ^ clk (in)
     1    0.01                           clk (net)
                  0.04    0.00    0.03 ^ clkbuf_0_clk/A (sky130_fd_sc_hd__clkbuf_16)
                  0.05    0.14    0.17 ^ clkbuf_0_clk/X (sky130_fd_sc_hd__clkbuf_16)
     4    0.03                           clknet_0_clk (net)
                  0.05    0.00    0.17 ^ clkbuf_2_1__f_clk/A (sky130_fd_sc_hd__clkbuf_16)
                  0.05    0.15    0.32 ^ clkbuf_2_1__f_clk/X (sky130_fd_sc_hd__clkbuf_16)
    11    0.03                           clknet_2_1__leaf_clk (net)
                  0.05    0.00    0.32 ^ _324_/CLK (sky130_fd_sc_hd__dfrtp_1)
                          0.25    0.57   clock uncertainty
                          0.00    0.57   clock reconvergence pessimism
                          0.32    0.89   library removal time
                                  0.89   data required time
-----------------------------------------------------------------------------
                                  0.89   data required time
                                 -2.39   data arrival time
-----------------------------------------------------------------------------
                                  1.51   slack (MET)


Startpoint: reset (input port clocked by clk)
Endpoint: _321_ (removal check against rising-edge clock clk)
Path Group: asynchronous
Path Type: min

Fanout     Cap    Slew   Delay    Time   Description
-----------------------------------------------------------------------------
                          0.00    0.00   clock clk (rise edge)
                          0.00    0.00   clock network delay (propagated)
                          2.00    2.00 v input external delay
                  0.01    0.00    2.00 v reset (in)
     1    0.00                           reset (net)
                  0.01    0.00    2.00 v input9/A (sky130_fd_sc_hd__buf_2)
                  0.08    0.15    2.15 v input9/X (sky130_fd_sc_hd__buf_2)
     7    0.03                           net9 (net)
                  0.08    0.00    2.15 v _281_/A (sky130_fd_sc_hd__buf_4)
                  0.07    0.18    2.34 v _281_/X (sky130_fd_sc_hd__buf_4)
    10    0.04                           _145_ (net)
                  0.07    0.00    2.34 v _287_/A (sky130_fd_sc_hd__inv_2)
                  0.03    0.05    2.39 ^ _287_/Y (sky130_fd_sc_hd__inv_2)
     1    0.00                           _028_ (net)
                  0.03    0.00    2.39 ^ _321_/RESET_B (sky130_fd_sc_hd__dfrtp_1)
                                  2.39   data arrival time

                          0.00    0.00   clock clk (rise edge)
                          0.00    0.00   clock source latency
                  0.04    0.03    0.03 ^ clk (in)
     1    0.01                           clk (net)
                  0.04    0.00    0.03 ^ clkbuf_0_clk/A (sky130_fd_sc_hd__clkbuf_16)
                  0.05    0.14    0.17 ^ clkbuf_0_clk/X (sky130_fd_sc_hd__clkbuf_16)
     4    0.03                           clknet_0_clk (net)
                  0.05    0.00    0.17 ^ clkbuf_2_0__f_clk/A (sky130_fd_sc_hd__clkbuf_16)
                  0.05    0.14    0.31 ^ clkbuf_2_0__f_clk/X (sky130_fd_sc_hd__clkbuf_16)
     9    0.03                           clknet_2_0__leaf_clk (net)
                  0.05    0.00    0.31 ^ _321_/CLK (sky130_fd_sc_hd__dfrtp_1)
                          0.25    0.56   clock uncertainty
                          0.00    0.56   clock reconvergence pessimism
                          0.32    0.88   library removal time
                                  0.88   data required time
-----------------------------------------------------------------------------
                                  0.88   data required time
                                 -2.39   data arrival time
-----------------------------------------------------------------------------
                                  1.51   slack (MET)


Startpoint: reset (input port clocked by clk)
Endpoint: _319_ (removal check against rising-edge clock clk)
Path Group: asynchronous
Path Type: min

Fanout     Cap    Slew   Delay    Time   Description
-----------------------------------------------------------------------------
                          0.00    0.00   clock clk (rise edge)
                          0.00    0.00   clock network delay (propagated)
                          2.00    2.00 v input external delay
                  0.01    0.00    2.00 v reset (in)
     1    0.00                           reset (net)
                  0.01    0.00    2.00 v input9/A (sky130_fd_sc_hd__buf_2)
                  0.08    0.15    2.15 v input9/X (sky130_fd_sc_hd__buf_2)
     7    0.03                           net9 (net)
                  0.08    0.00    2.15 v _281_/A (sky130_fd_sc_hd__buf_4)
                  0.07    0.18    2.34 v _281_/X (sky130_fd_sc_hd__buf_4)
    10    0.04                           _145_ (net)
                  0.07    0.00    2.34 v _285_/A (sky130_fd_sc_hd__inv_2)
                  0.03    0.05    2.39 ^ _285_/Y (sky130_fd_sc_hd__inv_2)
     1    0.00                           _026_ (net)
                  0.03    0.00    2.39 ^ _319_/RESET_B (sky130_fd_sc_hd__dfrtp_1)
                                  2.39   data arrival time

                          0.00    0.00   clock clk (rise edge)
                          0.00    0.00   clock source latency
                  0.04    0.03    0.03 ^ clk (in)
     1    0.01                           clk (net)
                  0.04    0.00    0.03 ^ clkbuf_0_clk/A (sky130_fd_sc_hd__clkbuf_16)
                  0.05    0.14    0.17 ^ clkbuf_0_clk/X (sky130_fd_sc_hd__clkbuf_16)
     4    0.03                           clknet_0_clk (net)
                  0.05    0.00    0.17 ^ clkbuf_2_0__f_clk/A (sky130_fd_sc_hd__clkbuf_16)
                  0.05    0.14    0.31 ^ clkbuf_2_0__f_clk/X (sky130_fd_sc_hd__clkbuf_16)
     9    0.03                           clknet_2_0__leaf_clk (net)
                  0.05    0.00    0.31 ^ _319_/CLK (sky130_fd_sc_hd__dfrtp_1)
                          0.25    0.56   clock uncertainty
                          0.00    0.56   clock reconvergence pessimism
                          0.32    0.88   library removal time
                                  0.88   data required time
-----------------------------------------------------------------------------
                                  0.88   data required time
                                 -2.39   data arrival time
-----------------------------------------------------------------------------
                                  1.51   slack (MET)


Startpoint: reset (input port clocked by clk)
Endpoint: _322_ (removal check against rising-edge clock clk)
Path Group: asynchronous
Path Type: min

Fanout     Cap    Slew   Delay    Time   Description
-----------------------------------------------------------------------------
                          0.00    0.00   clock clk (rise edge)
                          0.00    0.00   clock network delay (propagated)
                          2.00    2.00 v input external delay
                  0.01    0.00    2.00 v reset (in)
     1    0.00                           reset (net)
                  0.01    0.00    2.00 v input9/A (sky130_fd_sc_hd__buf_2)
                  0.08    0.15    2.15 v input9/X (sky130_fd_sc_hd__buf_2)
     7    0.03                           net9 (net)
                  0.08    0.00    2.15 v _281_/A (sky130_fd_sc_hd__buf_4)
                  0.07    0.18    2.34 v _281_/X (sky130_fd_sc_hd__buf_4)
    10    0.04                           _145_ (net)
                  0.07    0.00    2.34 v _288_/A (sky130_fd_sc_hd__inv_2)
                  0.03    0.05    2.39 ^ _288_/Y (sky130_fd_sc_hd__inv_2)
     1    0.00                           _029_ (net)
                  0.03    0.00    2.39 ^ _322_/RESET_B (sky130_fd_sc_hd__dfrtp_2)
                                  2.39   data arrival time

                          0.00    0.00   clock clk (rise edge)
                          0.00    0.00   clock source latency
                  0.04    0.03    0.03 ^ clk (in)
     1    0.01                           clk (net)
                  0.04    0.00    0.03 ^ clkbuf_0_clk/A (sky130_fd_sc_hd__clkbuf_16)
                  0.05    0.14    0.17 ^ clkbuf_0_clk/X (sky130_fd_sc_hd__clkbuf_16)
     4    0.03                           clknet_0_clk (net)
                  0.05    0.00    0.17 ^ clkbuf_2_0__f_clk/A (sky130_fd_sc_hd__clkbuf_16)
                  0.05    0.14    0.31 ^ clkbuf_2_0__f_clk/X (sky130_fd_sc_hd__clkbuf_16)
     9    0.03                           clknet_2_0__leaf_clk (net)
                  0.05    0.00    0.31 ^ _322_/CLK (sky130_fd_sc_hd__dfrtp_2)
                          0.25    0.56   clock uncertainty
                          0.00    0.56   clock reconvergence pessimism
                          0.32    0.88   library removal time
                                  0.88   data required time
-----------------------------------------------------------------------------
                                  0.88   data required time
                                 -2.39   data arrival time
-----------------------------------------------------------------------------
                                  1.51   slack (MET)


Startpoint: reset (input port clocked by clk)
Endpoint: _320_ (removal check against rising-edge clock clk)
Path Group: asynchronous
Path Type: min

Fanout     Cap    Slew   Delay    Time   Description
-----------------------------------------------------------------------------
                          0.00    0.00   clock clk (rise edge)
                          0.00    0.00   clock network delay (propagated)
                          2.00    2.00 v input external delay
                  0.01    0.00    2.00 v reset (in)
     1    0.00                           reset (net)
                  0.01    0.00    2.00 v input9/A (sky130_fd_sc_hd__buf_2)
                  0.08    0.15    2.15 v input9/X (sky130_fd_sc_hd__buf_2)
     7    0.03                           net9 (net)
                  0.08    0.00    2.15 v _281_/A (sky130_fd_sc_hd__buf_4)
                  0.07    0.18    2.34 v _281_/X (sky130_fd_sc_hd__buf_4)
    10    0.04                           _145_ (net)
                  0.07    0.00    2.34 v _286_/A (sky130_fd_sc_hd__inv_2)
                  0.03    0.05    2.39 ^ _286_/Y (sky130_fd_sc_hd__inv_2)
     1    0.00                           _027_ (net)
                  0.03    0.00    2.39 ^ _320_/RESET_B (sky130_fd_sc_hd__dfrtp_1)
                                  2.39   data arrival time

                          0.00    0.00   clock clk (rise edge)
                          0.00    0.00   clock source latency
                  0.04    0.03    0.03 ^ clk (in)
     1    0.01                           clk (net)
                  0.04    0.00    0.03 ^ clkbuf_0_clk/A (sky130_fd_sc_hd__clkbuf_16)
                  0.05    0.14    0.17 ^ clkbuf_0_clk/X (sky130_fd_sc_hd__clkbuf_16)
     4    0.03                           clknet_0_clk (net)
                  0.05    0.00    0.17 ^ clkbuf_2_0__f_clk/A (sky130_fd_sc_hd__clkbuf_16)
                  0.05    0.14    0.31 ^ clkbuf_2_0__f_clk/X (sky130_fd_sc_hd__clkbuf_16)
     9    0.03                           clknet_2_0__leaf_clk (net)
                  0.05    0.00    0.31 ^ _320_/CLK (sky130_fd_sc_hd__dfrtp_1)
                          0.25    0.56   clock uncertainty
                          0.00    0.56   clock reconvergence pessimism
                          0.32    0.88   library removal time
                                  0.88   data required time
-----------------------------------------------------------------------------
                                  0.88   data required time
                                 -2.39   data arrival time
-----------------------------------------------------------------------------
                                  1.51   slack (MET)


Startpoint: reset (input port clocked by clk)
Endpoint: _314_ (removal check against rising-edge clock clk)
Path Group: asynchronous
Path Type: min

Fanout     Cap    Slew   Delay    Time   Description
-----------------------------------------------------------------------------
                          0.00    0.00   clock clk (rise edge)
                          0.00    0.00   clock network delay (propagated)
                          2.00    2.00 v input external delay
                  0.01    0.00    2.00 v reset (in)
     1    0.00                           reset (net)
                  0.01    0.00    2.00 v input9/A (sky130_fd_sc_hd__buf_2)
                  0.08    0.15    2.15 v input9/X (sky130_fd_sc_hd__buf_2)
     7    0.03                           net9 (net)
                  0.08    0.00    2.15 v _270_/A (sky130_fd_sc_hd__buf_4)
                  0.07    0.18    2.34 v _270_/X (sky130_fd_sc_hd__buf_4)
    10    0.04                           _144_ (net)
                  0.07    0.00    2.34 v _279_/A (sky130_fd_sc_hd__inv_2)
                  0.04    0.06    2.39 ^ _279_/Y (sky130_fd_sc_hd__inv_2)
     1    0.01                           _021_ (net)
                  0.04    0.00    2.39 ^ _314_/RESET_B (sky130_fd_sc_hd__dfrtp_4)
                                  2.39   data arrival time

                          0.00    0.00   clock clk (rise edge)
                          0.00    0.00   clock source latency
                  0.04    0.03    0.03 ^ clk (in)
     1    0.01                           clk (net)
                  0.04    0.00    0.03 ^ clkbuf_0_clk/A (sky130_fd_sc_hd__clkbuf_16)
                  0.05    0.14    0.17 ^ clkbuf_0_clk/X (sky130_fd_sc_hd__clkbuf_16)
     4    0.03                           clknet_0_clk (net)
                  0.05    0.00    0.17 ^ clkbuf_2_0__f_clk/A (sky130_fd_sc_hd__clkbuf_16)
                  0.05    0.14    0.31 ^ clkbuf_2_0__f_clk/X (sky130_fd_sc_hd__clkbuf_16)
     9    0.03                           clknet_2_0__leaf_clk (net)
                  0.05    0.00    0.31 ^ _314_/CLK (sky130_fd_sc_hd__dfrtp_4)
                          0.25    0.56   clock uncertainty
                          0.00    0.56   clock reconvergence pessimism
                          0.32    0.88   library removal time
                                  0.88   data required time
-----------------------------------------------------------------------------
                                  0.88   data required time
                                 -2.39   data arrival time
-----------------------------------------------------------------------------
                                  1.51   slack (MET)


Startpoint: reset (input port clocked by clk)
Endpoint: _317_ (removal check against rising-edge clock clk)
Path Group: asynchronous
Path Type: min

Fanout     Cap    Slew   Delay    Time   Description
-----------------------------------------------------------------------------
                          0.00    0.00   clock clk (rise edge)
                          0.00    0.00   clock network delay (propagated)
                          2.00    2.00 v input external delay
                  0.01    0.00    2.00 v reset (in)
     1    0.00                           reset (net)
                  0.01    0.00    2.00 v input9/A (sky130_fd_sc_hd__buf_2)
                  0.08    0.15    2.15 v input9/X (sky130_fd_sc_hd__buf_2)
     7    0.03                           net9 (net)
                  0.08    0.00    2.15 v _281_/A (sky130_fd_sc_hd__buf_4)
                  0.07    0.18    2.34 v _281_/X (sky130_fd_sc_hd__buf_4)
    10    0.04                           _145_ (net)
                  0.07    0.00    2.34 v _283_/A (sky130_fd_sc_hd__inv_2)
                  0.04    0.06    2.39 ^ _283_/Y (sky130_fd_sc_hd__inv_2)
     1    0.01                           _024_ (net)
                  0.04    0.00    2.39 ^ _317_/RESET_B (sky130_fd_sc_hd__dfrtp_1)
                                  2.39   data arrival time

                          0.00    0.00   clock clk (rise edge)
                          0.00    0.00   clock source latency
                  0.04    0.03    0.03 ^ clk (in)
     1    0.01                           clk (net)
                  0.04    0.00    0.03 ^ clkbuf_0_clk/A (sky130_fd_sc_hd__clkbuf_16)
                  0.05    0.14    0.17 ^ clkbuf_0_clk/X (sky130_fd_sc_hd__clkbuf_16)
     4    0.03                           clknet_0_clk (net)
                  0.05    0.00    0.17 ^ clkbuf_2_0__f_clk/A (sky130_fd_sc_hd__clkbuf_16)
                  0.05    0.14    0.31 ^ clkbuf_2_0__f_clk/X (sky130_fd_sc_hd__clkbuf_16)
     9    0.03                           clknet_2_0__leaf_clk (net)
                  0.05    0.00    0.31 ^ _317_/CLK (sky130_fd_sc_hd__dfrtp_1)
                          0.25    0.56   clock uncertainty
                          0.00    0.56   clock reconvergence pessimism
                          0.32    0.88   library removal time
                                  0.88   data required time
-----------------------------------------------------------------------------
                                  0.88   data required time
                                 -2.39   data arrival time
-----------------------------------------------------------------------------
                                  1.51   slack (MET)


Startpoint: reset (input port clocked by clk)
Endpoint: _311_ (removal check against rising-edge clock clk)
Path Group: asynchronous
Path Type: min

Fanout     Cap    Slew   Delay    Time   Description
-----------------------------------------------------------------------------
                          0.00    0.00   clock clk (rise edge)
                          0.00    0.00   clock network delay (propagated)
                          2.00    2.00 v input external delay
                  0.01    0.00    2.00 v reset (in)
     1    0.00                           reset (net)
                  0.01    0.00    2.00 v input9/A (sky130_fd_sc_hd__buf_2)
                  0.08    0.15    2.15 v input9/X (sky130_fd_sc_hd__buf_2)
     7    0.03                           net9 (net)
                  0.08    0.00    2.15 v _270_/A (sky130_fd_sc_hd__buf_4)
                  0.07    0.18    2.34 v _270_/X (sky130_fd_sc_hd__buf_4)
    10    0.04                           _144_ (net)
                  0.07    0.00    2.34 v _276_/A (sky130_fd_sc_hd__inv_2)
                  0.03    0.05    2.39 ^ _276_/Y (sky130_fd_sc_hd__inv_2)
     1    0.00                           _052_ (net)
                  0.03    0.00    2.39 ^ _311_/RESET_B (sky130_fd_sc_hd__dfrtp_1)
                                  2.39   data arrival time

                          0.00    0.00   clock clk (rise edge)
                          0.00    0.00   clock source latency
                  0.04    0.03    0.03 ^ clk (in)
     1    0.01                           clk (net)
                  0.04    0.00    0.03 ^ clkbuf_0_clk/A (sky130_fd_sc_hd__clkbuf_16)
                  0.05    0.14    0.17 ^ clkbuf_0_clk/X (sky130_fd_sc_hd__clkbuf_16)
     4    0.03                           clknet_0_clk (net)
                  0.05    0.00    0.17 ^ clkbuf_2_3__f_clk/A (sky130_fd_sc_hd__clkbuf_16)
                  0.05    0.14    0.31 ^ clkbuf_2_3__f_clk/X (sky130_fd_sc_hd__clkbuf_16)
     8    0.02                           clknet_2_3__leaf_clk (net)
                  0.05    0.00    0.31 ^ _311_/CLK (sky130_fd_sc_hd__dfrtp_1)
                          0.25    0.56   clock uncertainty
                          0.00    0.56   clock reconvergence pessimism
                          0.32    0.88   library removal time
                                  0.88   data required time
-----------------------------------------------------------------------------
                                  0.88   data required time
                                 -2.39   data arrival time
-----------------------------------------------------------------------------
                                  1.51   slack (MET)


Startpoint: reset (input port clocked by clk)
Endpoint: _300_ (removal check against rising-edge clock clk)
Path Group: asynchronous
Path Type: min

Fanout     Cap    Slew   Delay    Time   Description
-----------------------------------------------------------------------------
                          0.00    0.00   clock clk (rise edge)
                          0.00    0.00   clock network delay (propagated)
                          2.00    2.00 v input external delay
                  0.01    0.00    2.00 v reset (in)
     1    0.00                           reset (net)
                  0.01    0.00    2.00 v input9/A (sky130_fd_sc_hd__buf_2)
                  0.08    0.15    2.15 v input9/X (sky130_fd_sc_hd__buf_2)
     7    0.03                           net9 (net)
                  0.08    0.00    2.15 v _259_/A (sky130_fd_sc_hd__buf_4)
                  0.07    0.18    2.34 v _259_/X (sky130_fd_sc_hd__buf_4)
    10    0.04                           _143_ (net)
                  0.07    0.00    2.34 v _264_/A (sky130_fd_sc_hd__inv_2)
                  0.03    0.05    2.39 ^ _264_/Y (sky130_fd_sc_hd__inv_2)
     1    0.00                           _041_ (net)
                  0.03    0.00    2.39 ^ _300_/RESET_B (sky130_fd_sc_hd__dfrtp_4)
                                  2.39   data arrival time

                          0.00    0.00   clock clk (rise edge)
                          0.00    0.00   clock source latency
                  0.04    0.03    0.03 ^ clk (in)
     1    0.01                           clk (net)
                  0.04    0.00    0.03 ^ clkbuf_0_clk/A (sky130_fd_sc_hd__clkbuf_16)
                  0.05    0.14    0.17 ^ clkbuf_0_clk/X (sky130_fd_sc_hd__clkbuf_16)
     4    0.03                           clknet_0_clk (net)
                  0.05    0.00    0.17 ^ clkbuf_2_3__f_clk/A (sky130_fd_sc_hd__clkbuf_16)
                  0.05    0.14    0.31 ^ clkbuf_2_3__f_clk/X (sky130_fd_sc_hd__clkbuf_16)
     8    0.02                           clknet_2_3__leaf_clk (net)
                  0.05    0.00    0.31 ^ _300_/CLK (sky130_fd_sc_hd__dfrtp_4)
                          0.25    0.56   clock uncertainty
                          0.00    0.56   clock reconvergence pessimism
                          0.32    0.88   library removal time
                                  0.88   data required time
-----------------------------------------------------------------------------
                                  0.88   data required time
                                 -2.39   data arrival time
-----------------------------------------------------------------------------
                                  1.51   slack (MET)


Startpoint: reset (input port clocked by clk)
Endpoint: _313_ (removal check against rising-edge clock clk)
Path Group: asynchronous
Path Type: min

Fanout     Cap    Slew   Delay    Time   Description
-----------------------------------------------------------------------------
                          0.00    0.00   clock clk (rise edge)
                          0.00    0.00   clock network delay (propagated)
                          2.00    2.00 v input external delay
                  0.01    0.00    2.00 v reset (in)
     1    0.00                           reset (net)
                  0.01    0.00    2.00 v input9/A (sky130_fd_sc_hd__buf_2)
                  0.08    0.15    2.15 v input9/X (sky130_fd_sc_hd__buf_2)
     7    0.03                           net9 (net)
                  0.08    0.00    2.15 v _270_/A (sky130_fd_sc_hd__buf_4)
                  0.07    0.18    2.34 v _270_/X (sky130_fd_sc_hd__buf_4)
    10    0.04                           _144_ (net)
                  0.07    0.00    2.34 v _278_/A (sky130_fd_sc_hd__inv_2)
                  0.03    0.05    2.39 ^ _278_/Y (sky130_fd_sc_hd__inv_2)
     1    0.00                           _020_ (net)
                  0.03    0.00    2.39 ^ _313_/RESET_B (sky130_fd_sc_hd__dfrtp_1)
                                  2.39   data arrival time

                          0.00    0.00   clock clk (rise edge)
                          0.00    0.00   clock source latency
                  0.04    0.03    0.03 ^ clk (in)
     1    0.01                           clk (net)
                  0.04    0.00    0.03 ^ clkbuf_0_clk/A (sky130_fd_sc_hd__clkbuf_16)
                  0.05    0.14    0.17 ^ clkbuf_0_clk/X (sky130_fd_sc_hd__clkbuf_16)
     4    0.03                           clknet_0_clk (net)
                  0.05    0.00    0.17 ^ clkbuf_2_3__f_clk/A (sky130_fd_sc_hd__clkbuf_16)
                  0.05    0.14    0.31 ^ clkbuf_2_3__f_clk/X (sky130_fd_sc_hd__clkbuf_16)
     8    0.02                           clknet_2_3__leaf_clk (net)
                  0.05    0.00    0.31 ^ _313_/CLK (sky130_fd_sc_hd__dfrtp_1)
                          0.25    0.56   clock uncertainty
                          0.00    0.56   clock reconvergence pessimism
                          0.32    0.88   library removal time
                                  0.88   data required time
-----------------------------------------------------------------------------
                                  0.88   data required time
                                 -2.39   data arrival time
-----------------------------------------------------------------------------
                                  1.51   slack (MET)


Startpoint: reset (input port clocked by clk)
Endpoint: _309_ (removal check against rising-edge clock clk)
Path Group: asynchronous
Path Type: min

Fanout     Cap    Slew   Delay    Time   Description
-----------------------------------------------------------------------------
                          0.00    0.00   clock clk (rise edge)
                          0.00    0.00   clock network delay (propagated)
                          2.00    2.00 v input external delay
                  0.01    0.00    2.00 v reset (in)
     1    0.00                           reset (net)
                  0.01    0.00    2.00 v input9/A (sky130_fd_sc_hd__buf_2)
                  0.08    0.15    2.15 v input9/X (sky130_fd_sc_hd__buf_2)
     7    0.03                           net9 (net)
                  0.08    0.00    2.15 v _270_/A (sky130_fd_sc_hd__buf_4)
                  0.07    0.18    2.34 v _270_/X (sky130_fd_sc_hd__buf_4)
    10    0.04                           _144_ (net)
                  0.07    0.00    2.34 v _274_/A (sky130_fd_sc_hd__inv_2)
                  0.03    0.05    2.39 ^ _274_/Y (sky130_fd_sc_hd__inv_2)
     1    0.00                           _050_ (net)
                  0.03    0.00    2.39 ^ _309_/RESET_B (sky130_fd_sc_hd__dfrtp_1)
                                  2.39   data arrival time

                          0.00    0.00   clock clk (rise edge)
                          0.00    0.00   clock source latency
                  0.04    0.03    0.03 ^ clk (in)
     1    0.01                           clk (net)
                  0.04    0.00    0.03 ^ clkbuf_0_clk/A (sky130_fd_sc_hd__clkbuf_16)
                  0.05    0.14    0.17 ^ clkbuf_0_clk/X (sky130_fd_sc_hd__clkbuf_16)
     4    0.03                           clknet_0_clk (net)
                  0.05    0.00    0.17 ^ clkbuf_2_3__f_clk/A (sky130_fd_sc_hd__clkbuf_16)
                  0.05    0.14    0.31 ^ clkbuf_2_3__f_clk/X (sky130_fd_sc_hd__clkbuf_16)
     8    0.02                           clknet_2_3__leaf_clk (net)
                  0.05    0.00    0.31 ^ _309_/CLK (sky130_fd_sc_hd__dfrtp_1)
                          0.25    0.56   clock uncertainty
                          0.00    0.56   clock reconvergence pessimism
                          0.32    0.88   library removal time
                                  0.88   data required time
-----------------------------------------------------------------------------
                                  0.88   data required time
                                 -2.39   data arrival time
-----------------------------------------------------------------------------
                                  1.51   slack (MET)


Startpoint: reset (input port clocked by clk)
Endpoint: _312_ (removal check against rising-edge clock clk)
Path Group: asynchronous
Path Type: min

Fanout     Cap    Slew   Delay    Time   Description
-----------------------------------------------------------------------------
                          0.00    0.00   clock clk (rise edge)
                          0.00    0.00   clock network delay (propagated)
                          2.00    2.00 v input external delay
                  0.01    0.00    2.00 v reset (in)
     1    0.00                           reset (net)
                  0.01    0.00    2.00 v input9/A (sky130_fd_sc_hd__buf_2)
                  0.08    0.15    2.15 v input9/X (sky130_fd_sc_hd__buf_2)
     7    0.03                           net9 (net)
                  0.08    0.00    2.15 v _270_/A (sky130_fd_sc_hd__buf_4)
                  0.07    0.18    2.34 v _270_/X (sky130_fd_sc_hd__buf_4)
    10    0.04                           _144_ (net)
                  0.07    0.00    2.34 v _277_/A (sky130_fd_sc_hd__inv_2)
                  0.03    0.05    2.39 ^ _277_/Y (sky130_fd_sc_hd__inv_2)
     1    0.00                           _053_ (net)
                  0.03    0.00    2.39 ^ _312_/RESET_B (sky130_fd_sc_hd__dfrtp_1)
                                  2.39   data arrival time

                          0.00    0.00   clock clk (rise edge)
                          0.00    0.00   clock source latency
                  0.04    0.03    0.03 ^ clk (in)
     1    0.01                           clk (net)
                  0.04    0.00    0.03 ^ clkbuf_0_clk/A (sky130_fd_sc_hd__clkbuf_16)
                  0.05    0.14    0.17 ^ clkbuf_0_clk/X (sky130_fd_sc_hd__clkbuf_16)
     4    0.03                           clknet_0_clk (net)
                  0.05    0.00    0.17 ^ clkbuf_2_3__f_clk/A (sky130_fd_sc_hd__clkbuf_16)
                  0.05    0.14    0.31 ^ clkbuf_2_3__f_clk/X (sky130_fd_sc_hd__clkbuf_16)
     8    0.02                           clknet_2_3__leaf_clk (net)
                  0.05    0.00    0.31 ^ _312_/CLK (sky130_fd_sc_hd__dfrtp_1)
                          0.25    0.56   clock uncertainty
                          0.00    0.56   clock reconvergence pessimism
                          0.32    0.88   library removal time
                                  0.88   data required time
-----------------------------------------------------------------------------
                                  0.88   data required time
                                 -2.39   data arrival time
-----------------------------------------------------------------------------
                                  1.51   slack (MET)


Startpoint: reset (input port clocked by clk)
Endpoint: _310_ (removal check against rising-edge clock clk)
Path Group: asynchronous
Path Type: min

Fanout     Cap    Slew   Delay    Time   Description
-----------------------------------------------------------------------------
                          0.00    0.00   clock clk (rise edge)
                          0.00    0.00   clock network delay (propagated)
                          2.00    2.00 v input external delay
                  0.01    0.00    2.00 v reset (in)
     1    0.00                           reset (net)
                  0.01    0.00    2.00 v input9/A (sky130_fd_sc_hd__buf_2)
                  0.08    0.15    2.15 v input9/X (sky130_fd_sc_hd__buf_2)
     7    0.03                           net9 (net)
                  0.08    0.00    2.15 v _270_/A (sky130_fd_sc_hd__buf_4)
                  0.07    0.18    2.34 v _270_/X (sky130_fd_sc_hd__buf_4)
    10    0.04                           _144_ (net)
                  0.07    0.00    2.34 v _275_/A (sky130_fd_sc_hd__inv_2)
                  0.03    0.05    2.39 ^ _275_/Y (sky130_fd_sc_hd__inv_2)
     1    0.00                           _051_ (net)
                  0.03    0.00    2.39 ^ _310_/RESET_B (sky130_fd_sc_hd__dfrtp_1)
                                  2.39   data arrival time

                          0.00    0.00   clock clk (rise edge)
                          0.00    0.00   clock source latency
                  0.04    0.03    0.03 ^ clk (in)
     1    0.01                           clk (net)
                  0.04    0.00    0.03 ^ clkbuf_0_clk/A (sky130_fd_sc_hd__clkbuf_16)
                  0.05    0.14    0.17 ^ clkbuf_0_clk/X (sky130_fd_sc_hd__clkbuf_16)
     4    0.03                           clknet_0_clk (net)
                  0.05    0.00    0.17 ^ clkbuf_2_3__f_clk/A (sky130_fd_sc_hd__clkbuf_16)
                  0.05    0.14    0.31 ^ clkbuf_2_3__f_clk/X (sky130_fd_sc_hd__clkbuf_16)
     8    0.02                           clknet_2_3__leaf_clk (net)
                  0.05    0.00    0.31 ^ _310_/CLK (sky130_fd_sc_hd__dfrtp_1)
                          0.25    0.56   clock uncertainty
                          0.00    0.56   clock reconvergence pessimism
                          0.32    0.88   library removal time
                                  0.88   data required time
-----------------------------------------------------------------------------
                                  0.88   data required time
                                 -2.39   data arrival time
-----------------------------------------------------------------------------
                                  1.52   slack (MET)


Startpoint: reset (input port clocked by clk)
Endpoint: _302_ (removal check against rising-edge clock clk)
Path Group: asynchronous
Path Type: min

Fanout     Cap    Slew   Delay    Time   Description
-----------------------------------------------------------------------------
                          0.00    0.00   clock clk (rise edge)
                          0.00    0.00   clock network delay (propagated)
                          2.00    2.00 v input external delay
                  0.01    0.00    2.00 v reset (in)
     1    0.00                           reset (net)
                  0.01    0.00    2.00 v input9/A (sky130_fd_sc_hd__buf_2)
                  0.08    0.15    2.15 v input9/X (sky130_fd_sc_hd__buf_2)
     7    0.03                           net9 (net)
                  0.08    0.00    2.15 v _259_/A (sky130_fd_sc_hd__buf_4)
                  0.07    0.18    2.34 v _259_/X (sky130_fd_sc_hd__buf_4)
    10    0.04                           _143_ (net)
                  0.07    0.00    2.34 v _266_/A (sky130_fd_sc_hd__inv_2)
                  0.03    0.05    2.39 ^ _266_/Y (sky130_fd_sc_hd__inv_2)
     1    0.00                           _043_ (net)
                  0.03    0.00    2.39 ^ _302_/RESET_B (sky130_fd_sc_hd__dfrtp_1)
                                  2.39   data arrival time

                          0.00    0.00   clock clk (rise edge)
                          0.00    0.00   clock source latency
                  0.04    0.03    0.03 ^ clk (in)
     1    0.01                           clk (net)
                  0.04    0.00    0.03 ^ clkbuf_0_clk/A (sky130_fd_sc_hd__clkbuf_16)
                  0.05    0.14    0.17 ^ clkbuf_0_clk/X (sky130_fd_sc_hd__clkbuf_16)
     4    0.03                           clknet_0_clk (net)
                  0.05    0.00    0.17 ^ clkbuf_2_3__f_clk/A (sky130_fd_sc_hd__clkbuf_16)
                  0.05    0.14    0.31 ^ clkbuf_2_3__f_clk/X (sky130_fd_sc_hd__clkbuf_16)
     8    0.02                           clknet_2_3__leaf_clk (net)
                  0.05    0.00    0.31 ^ _302_/CLK (sky130_fd_sc_hd__dfrtp_1)
                          0.25    0.56   clock uncertainty
                          0.00    0.56   clock reconvergence pessimism
                          0.32    0.88   library removal time
                                  0.88   data required time
-----------------------------------------------------------------------------
                                  0.88   data required time
                                 -2.39   data arrival time
-----------------------------------------------------------------------------
                                  1.52   slack (MET)


Startpoint: reset (input port clocked by clk)
Endpoint: _301_ (removal check against rising-edge clock clk)
Path Group: asynchronous
Path Type: min

Fanout     Cap    Slew   Delay    Time   Description
-----------------------------------------------------------------------------
                          0.00    0.00   clock clk (rise edge)
                          0.00    0.00   clock network delay (propagated)
                          2.00    2.00 v input external delay
                  0.01    0.00    2.00 v reset (in)
     1    0.00                           reset (net)
                  0.01    0.00    2.00 v input9/A (sky130_fd_sc_hd__buf_2)
                  0.08    0.15    2.15 v input9/X (sky130_fd_sc_hd__buf_2)
     7    0.03                           net9 (net)
                  0.08    0.00    2.15 v _259_/A (sky130_fd_sc_hd__buf_4)
                  0.07    0.18    2.34 v _259_/X (sky130_fd_sc_hd__buf_4)
    10    0.04                           _143_ (net)
                  0.07    0.00    2.34 v _265_/A (sky130_fd_sc_hd__inv_2)
                  0.03    0.05    2.39 ^ _265_/Y (sky130_fd_sc_hd__inv_2)
     1    0.00                           _042_ (net)
                  0.03    0.00    2.39 ^ _301_/RESET_B (sky130_fd_sc_hd__dfrtp_2)
                                  2.39   data arrival time

                          0.00    0.00   clock clk (rise edge)
                          0.00    0.00   clock source latency
                  0.04    0.03    0.03 ^ clk (in)
     1    0.01                           clk (net)
                  0.04    0.00    0.03 ^ clkbuf_0_clk/A (sky130_fd_sc_hd__clkbuf_16)
                  0.05    0.14    0.17 ^ clkbuf_0_clk/X (sky130_fd_sc_hd__clkbuf_16)
     4    0.03                           clknet_0_clk (net)
                  0.05    0.00    0.17 ^ clkbuf_2_3__f_clk/A (sky130_fd_sc_hd__clkbuf_16)
                  0.05    0.14    0.31 ^ clkbuf_2_3__f_clk/X (sky130_fd_sc_hd__clkbuf_16)
     8    0.02                           clknet_2_3__leaf_clk (net)
                  0.05    0.00    0.31 ^ _301_/CLK (sky130_fd_sc_hd__dfrtp_2)
                          0.25    0.56   clock uncertainty
                          0.00    0.56   clock reconvergence pessimism
                          0.32    0.88   library removal time
                                  0.88   data required time
-----------------------------------------------------------------------------
                                  0.88   data required time
                                 -2.39   data arrival time
-----------------------------------------------------------------------------
                                  1.52   slack (MET)


Startpoint: reset (input port clocked by clk)
Endpoint: _315_ (removal check against rising-edge clock clk)
Path Group: asynchronous
Path Type: min

Fanout     Cap    Slew   Delay    Time   Description
-----------------------------------------------------------------------------
                          0.00    0.00   clock clk (rise edge)
                          0.00    0.00   clock network delay (propagated)
                          2.00    2.00 v input external delay
                  0.01    0.00    2.00 v reset (in)
     1    0.00                           reset (net)
                  0.01    0.00    2.00 v input9/A (sky130_fd_sc_hd__buf_2)
                  0.08    0.15    2.15 v input9/X (sky130_fd_sc_hd__buf_2)
     7    0.03                           net9 (net)
                  0.08    0.00    2.15 v _270_/A (sky130_fd_sc_hd__buf_4)
                  0.07    0.18    2.34 v _270_/X (sky130_fd_sc_hd__buf_4)
    10    0.04                           _144_ (net)
                  0.07    0.00    2.34 v _280_/A (sky130_fd_sc_hd__inv_2)
                  0.03    0.05    2.39 ^ _280_/Y (sky130_fd_sc_hd__inv_2)
     1    0.00                           _022_ (net)
                  0.03    0.00    2.39 ^ _315_/RESET_B (sky130_fd_sc_hd__dfrtp_2)
                                  2.39   data arrival time

                          0.00    0.00   clock clk (rise edge)
                          0.00    0.00   clock source latency
                  0.04    0.03    0.03 ^ clk (in)
     1    0.01                           clk (net)
                  0.04    0.00    0.03 ^ clkbuf_0_clk/A (sky130_fd_sc_hd__clkbuf_16)
                  0.05    0.14    0.17 ^ clkbuf_0_clk/X (sky130_fd_sc_hd__clkbuf_16)
     4    0.03                           clknet_0_clk (net)
                  0.05    0.00    0.17 ^ clkbuf_2_2__f_clk/A (sky130_fd_sc_hd__clkbuf_16)
                  0.04    0.13    0.30 ^ clkbuf_2_2__f_clk/X (sky130_fd_sc_hd__clkbuf_16)
     6    0.02                           clknet_2_2__leaf_clk (net)
                  0.04    0.00    0.30 ^ _315_/CLK (sky130_fd_sc_hd__dfrtp_2)
                          0.25    0.55   clock uncertainty
                          0.00    0.55   clock reconvergence pessimism
                          0.31    0.87   library removal time
                                  0.87   data required time
-----------------------------------------------------------------------------
                                  0.87   data required time
                                 -2.39   data arrival time
-----------------------------------------------------------------------------
                                  1.52   slack (MET)


Startpoint: reset (input port clocked by clk)
Endpoint: _305_ (removal check against rising-edge clock clk)
Path Group: asynchronous
Path Type: min

Fanout     Cap    Slew   Delay    Time   Description
-----------------------------------------------------------------------------
                          0.00    0.00   clock clk (rise edge)
                          0.00    0.00   clock network delay (propagated)
                          2.00    2.00 v input external delay
                  0.01    0.00    2.00 v reset (in)
     1    0.00                           reset (net)
                  0.01    0.00    2.00 v input9/A (sky130_fd_sc_hd__buf_2)
                  0.08    0.15    2.15 v input9/X (sky130_fd_sc_hd__buf_2)
     7    0.03                           net9 (net)
                  0.08    0.00    2.15 v _259_/A (sky130_fd_sc_hd__buf_4)
                  0.07    0.18    2.34 v _259_/X (sky130_fd_sc_hd__buf_4)
    10    0.04                           _143_ (net)
                  0.07    0.00    2.34 v _269_/A (sky130_fd_sc_hd__inv_2)
                  0.03    0.05    2.39 ^ _269_/Y (sky130_fd_sc_hd__inv_2)
     1    0.00                           _046_ (net)
                  0.03    0.00    2.39 ^ _305_/RESET_B (sky130_fd_sc_hd__dfrtp_1)
                                  2.39   data arrival time

                          0.00    0.00   clock clk (rise edge)
                          0.00    0.00   clock source latency
                  0.04    0.03    0.03 ^ clk (in)
     1    0.01                           clk (net)
                  0.04    0.00    0.03 ^ clkbuf_0_clk/A (sky130_fd_sc_hd__clkbuf_16)
                  0.05    0.14    0.17 ^ clkbuf_0_clk/X (sky130_fd_sc_hd__clkbuf_16)
     4    0.03                           clknet_0_clk (net)
                  0.05    0.00    0.17 ^ clkbuf_2_2__f_clk/A (sky130_fd_sc_hd__clkbuf_16)
                  0.04    0.13    0.30 ^ clkbuf_2_2__f_clk/X (sky130_fd_sc_hd__clkbuf_16)
     6    0.02                           clknet_2_2__leaf_clk (net)
                  0.04    0.00    0.30 ^ _305_/CLK (sky130_fd_sc_hd__dfrtp_1)
                          0.25    0.55   clock uncertainty
                          0.00    0.55   clock reconvergence pessimism
                          0.31    0.87   library removal time
                                  0.87   data required time
-----------------------------------------------------------------------------
                                  0.87   data required time
                                 -2.39   data arrival time
-----------------------------------------------------------------------------
                                  1.52   slack (MET)


Startpoint: reset (input port clocked by clk)
Endpoint: _297_ (removal check against rising-edge clock clk)
Path Group: asynchronous
Path Type: min

Fanout     Cap    Slew   Delay    Time   Description
-----------------------------------------------------------------------------
                          0.00    0.00   clock clk (rise edge)
                          0.00    0.00   clock network delay (propagated)
                          2.00    2.00 v input external delay
                  0.01    0.00    2.00 v reset (in)
     1    0.00                           reset (net)
                  0.01    0.00    2.00 v input9/A (sky130_fd_sc_hd__buf_2)
                  0.08    0.15    2.15 v input9/X (sky130_fd_sc_hd__buf_2)
     7    0.03                           net9 (net)
                  0.08    0.00    2.15 v _259_/A (sky130_fd_sc_hd__buf_4)
                  0.07    0.18    2.34 v _259_/X (sky130_fd_sc_hd__buf_4)
    10    0.04                           _143_ (net)
                  0.07    0.00    2.34 v _261_/A (sky130_fd_sc_hd__inv_2)
                  0.03    0.05    2.39 ^ _261_/Y (sky130_fd_sc_hd__inv_2)
     1    0.00                           _038_ (net)
                  0.03    0.00    2.39 ^ _297_/RESET_B (sky130_fd_sc_hd__dfrtp_4)
                                  2.39   data arrival time

                          0.00    0.00   clock clk (rise edge)
                          0.00    0.00   clock source latency
                  0.04    0.03    0.03 ^ clk (in)
     1    0.01                           clk (net)
                  0.04    0.00    0.03 ^ clkbuf_0_clk/A (sky130_fd_sc_hd__clkbuf_16)
                  0.05    0.14    0.17 ^ clkbuf_0_clk/X (sky130_fd_sc_hd__clkbuf_16)
     4    0.03                           clknet_0_clk (net)
                  0.05    0.00    0.17 ^ clkbuf_2_2__f_clk/A (sky130_fd_sc_hd__clkbuf_16)
                  0.04    0.13    0.30 ^ clkbuf_2_2__f_clk/X (sky130_fd_sc_hd__clkbuf_16)
     6    0.02                           clknet_2_2__leaf_clk (net)
                  0.04    0.00    0.30 ^ _297_/CLK (sky130_fd_sc_hd__dfrtp_4)
                          0.25    0.55   clock uncertainty
                          0.00    0.55   clock reconvergence pessimism
                          0.32    0.87   library removal time
                                  0.87   data required time
-----------------------------------------------------------------------------
                                  0.87   data required time
                                 -2.39   data arrival time
-----------------------------------------------------------------------------
                                  1.52   slack (MET)


Startpoint: reset (input port clocked by clk)
Endpoint: _299_ (removal check against rising-edge clock clk)
Path Group: asynchronous
Path Type: min

Fanout     Cap    Slew   Delay    Time   Description
-----------------------------------------------------------------------------
                          0.00    0.00   clock clk (rise edge)
                          0.00    0.00   clock network delay (propagated)
                          2.00    2.00 v input external delay
                  0.01    0.00    2.00 v reset (in)
     1    0.00                           reset (net)
                  0.01    0.00    2.00 v input9/A (sky130_fd_sc_hd__buf_2)
                  0.08    0.15    2.15 v input9/X (sky130_fd_sc_hd__buf_2)
     7    0.03                           net9 (net)
                  0.08    0.00    2.15 v _259_/A (sky130_fd_sc_hd__buf_4)
                  0.07    0.18    2.34 v _259_/X (sky130_fd_sc_hd__buf_4)
    10    0.04                           _143_ (net)
                  0.07    0.00    2.34 v _263_/A (sky130_fd_sc_hd__inv_2)
                  0.03    0.05    2.39 ^ _263_/Y (sky130_fd_sc_hd__inv_2)
     1    0.00                           _040_ (net)
                  0.03    0.00    2.39 ^ _299_/RESET_B (sky130_fd_sc_hd__dfrtp_1)
                                  2.39   data arrival time

                          0.00    0.00   clock clk (rise edge)
                          0.00    0.00   clock source latency
                  0.04    0.03    0.03 ^ clk (in)
     1    0.01                           clk (net)
                  0.04    0.00    0.03 ^ clkbuf_0_clk/A (sky130_fd_sc_hd__clkbuf_16)
                  0.05    0.14    0.17 ^ clkbuf_0_clk/X (sky130_fd_sc_hd__clkbuf_16)
     4    0.03                           clknet_0_clk (net)
                  0.05    0.00    0.17 ^ clkbuf_2_2__f_clk/A (sky130_fd_sc_hd__clkbuf_16)
                  0.04    0.13    0.30 ^ clkbuf_2_2__f_clk/X (sky130_fd_sc_hd__clkbuf_16)
     6    0.02                           clknet_2_2__leaf_clk (net)
                  0.04    0.00    0.30 ^ _299_/CLK (sky130_fd_sc_hd__dfrtp_1)
                          0.25    0.55   clock uncertainty
                          0.00    0.55   clock reconvergence pessimism
                          0.32    0.87   library removal time
                                  0.87   data required time
-----------------------------------------------------------------------------
                                  0.87   data required time
                                 -2.39   data arrival time
-----------------------------------------------------------------------------
                                  1.52   slack (MET)


Startpoint: reset (input port clocked by clk)
Endpoint: _303_ (removal check against rising-edge clock clk)
Path Group: asynchronous
Path Type: min

Fanout     Cap    Slew   Delay    Time   Description
-----------------------------------------------------------------------------
                          0.00    0.00   clock clk (rise edge)
                          0.00    0.00   clock network delay (propagated)
                          2.00    2.00 v input external delay
                  0.01    0.00    2.00 v reset (in)
     1    0.00                           reset (net)
                  0.01    0.00    2.00 v input9/A (sky130_fd_sc_hd__buf_2)
                  0.08    0.15    2.15 v input9/X (sky130_fd_sc_hd__buf_2)
     7    0.03                           net9 (net)
                  0.08    0.00    2.15 v _259_/A (sky130_fd_sc_hd__buf_4)
                  0.07    0.18    2.34 v _259_/X (sky130_fd_sc_hd__buf_4)
    10    0.04                           _143_ (net)
                  0.07    0.00    2.34 v _267_/A (sky130_fd_sc_hd__inv_2)
                  0.03    0.05    2.39 ^ _267_/Y (sky130_fd_sc_hd__inv_2)
     1    0.00                           _044_ (net)
                  0.03    0.00    2.39 ^ _303_/RESET_B (sky130_fd_sc_hd__dfrtp_1)
                                  2.39   data arrival time

                          0.00    0.00   clock clk (rise edge)
                          0.00    0.00   clock source latency
                  0.04    0.03    0.03 ^ clk (in)
     1    0.01                           clk (net)
                  0.04    0.00    0.03 ^ clkbuf_0_clk/A (sky130_fd_sc_hd__clkbuf_16)
                  0.05    0.14    0.17 ^ clkbuf_0_clk/X (sky130_fd_sc_hd__clkbuf_16)
     4    0.03                           clknet_0_clk (net)
                  0.05    0.00    0.17 ^ clkbuf_2_2__f_clk/A (sky130_fd_sc_hd__clkbuf_16)
                  0.04    0.13    0.30 ^ clkbuf_2_2__f_clk/X (sky130_fd_sc_hd__clkbuf_16)
     6    0.02                           clknet_2_2__leaf_clk (net)
                  0.04    0.00    0.30 ^ _303_/CLK (sky130_fd_sc_hd__dfrtp_1)
                          0.25    0.55   clock uncertainty
                          0.00    0.55   clock reconvergence pessimism
                          0.32    0.87   library removal time
                                  0.87   data required time
-----------------------------------------------------------------------------
                                  0.87   data required time
                                 -2.39   data arrival time
-----------------------------------------------------------------------------
                                  1.52   slack (MET)


Startpoint: reset (input port clocked by clk)
Endpoint: _296_ (removal check against rising-edge clock clk)
Path Group: asynchronous
Path Type: min

Fanout     Cap    Slew   Delay    Time   Description
-----------------------------------------------------------------------------
                          0.00    0.00   clock clk (rise edge)
                          0.00    0.00   clock network delay (propagated)
                          2.00    2.00 v input external delay
                  0.01    0.00    2.00 v reset (in)
     1    0.00                           reset (net)
                  0.01    0.00    2.00 v input9/A (sky130_fd_sc_hd__buf_2)
                  0.08    0.15    2.15 v input9/X (sky130_fd_sc_hd__buf_2)
     7    0.03                           net9 (net)
                  0.08    0.00    2.15 v _259_/A (sky130_fd_sc_hd__buf_4)
                  0.07    0.18    2.34 v _259_/X (sky130_fd_sc_hd__buf_4)
    10    0.04                           _143_ (net)
                  0.07    0.00    2.34 v _260_/A (sky130_fd_sc_hd__inv_2)
                  0.03    0.05    2.39 ^ _260_/Y (sky130_fd_sc_hd__inv_2)
     1    0.00                           _037_ (net)
                  0.03    0.00    2.39 ^ _296_/SET_B (sky130_fd_sc_hd__dfstp_1)
                                  2.39   data arrival time

                          0.00    0.00   clock clk (rise edge)
                          0.00    0.00   clock source latency
                  0.04    0.03    0.03 ^ clk (in)
     1    0.01                           clk (net)
                  0.04    0.00    0.03 ^ clkbuf_0_clk/A (sky130_fd_sc_hd__clkbuf_16)
                  0.05    0.14    0.17 ^ clkbuf_0_clk/X (sky130_fd_sc_hd__clkbuf_16)
     4    0.03                           clknet_0_clk (net)
                  0.05    0.00    0.17 ^ clkbuf_2_1__f_clk/A (sky130_fd_sc_hd__clkbuf_16)
                  0.05    0.15    0.32 ^ clkbuf_2_1__f_clk/X (sky130_fd_sc_hd__clkbuf_16)
    11    0.03                           clknet_2_1__leaf_clk (net)
                  0.05    0.00    0.32 ^ _296_/CLK (sky130_fd_sc_hd__dfstp_1)
                          0.25    0.57   clock uncertainty
                          0.00    0.57   clock reconvergence pessimism
                          0.16    0.72   library removal time
                                  0.72   data required time
-----------------------------------------------------------------------------
                                  0.72   data required time
                                 -2.39   data arrival time
-----------------------------------------------------------------------------
                                  1.67   slack (MET)


Startpoint: reset (input port clocked by clk)
Endpoint: _304_ (removal check against rising-edge clock clk)
Path Group: asynchronous
Path Type: min

Fanout     Cap    Slew   Delay    Time   Description
-----------------------------------------------------------------------------
                          0.00    0.00   clock clk (rise edge)
                          0.00    0.00   clock network delay (propagated)
                          2.00    2.00 v input external delay
                  0.01    0.00    2.00 v reset (in)
     1    0.00                           reset (net)
                  0.01    0.00    2.00 v input9/A (sky130_fd_sc_hd__buf_2)
                  0.08    0.15    2.15 v input9/X (sky130_fd_sc_hd__buf_2)
     7    0.03                           net9 (net)
                  0.08    0.00    2.15 v _259_/A (sky130_fd_sc_hd__buf_4)
                  0.07    0.18    2.34 v _259_/X (sky130_fd_sc_hd__buf_4)
    10    0.04                           _143_ (net)
                  0.07    0.00    2.34 v _268_/A (sky130_fd_sc_hd__inv_2)
                  0.03    0.05    2.39 ^ _268_/Y (sky130_fd_sc_hd__inv_2)
     1    0.00                           _045_ (net)
                  0.03    0.00    2.39 ^ _304_/SET_B (sky130_fd_sc_hd__dfstp_1)
                                  2.39   data arrival time

                          0.00    0.00   clock clk (rise edge)
                          0.00    0.00   clock source latency
                  0.04    0.03    0.03 ^ clk (in)
     1    0.01                           clk (net)
                  0.04    0.00    0.03 ^ clkbuf_0_clk/A (sky130_fd_sc_hd__clkbuf_16)
                  0.05    0.14    0.17 ^ clkbuf_0_clk/X (sky130_fd_sc_hd__clkbuf_16)
     4    0.03                           clknet_0_clk (net)
                  0.05    0.00    0.17 ^ clkbuf_2_2__f_clk/A (sky130_fd_sc_hd__clkbuf_16)
                  0.04    0.13    0.30 ^ clkbuf_2_2__f_clk/X (sky130_fd_sc_hd__clkbuf_16)
     6    0.02                           clknet_2_2__leaf_clk (net)
                  0.04    0.00    0.30 ^ _304_/CLK (sky130_fd_sc_hd__dfstp_1)
                          0.25    0.55   clock uncertainty
                          0.00    0.55   clock reconvergence pessimism
                          0.15    0.71   library removal time
                                  0.71   data required time
-----------------------------------------------------------------------------
                                  0.71   data required time
                                 -2.39   data arrival time
-----------------------------------------------------------------------------
                                  1.68   slack (MET)


Startpoint: _305_ (rising edge-triggered flip-flop clocked by clk)
Endpoint: busy (output port clocked by clk)
Path Group: clk
Path Type: min

Fanout     Cap    Slew   Delay    Time   Description
-----------------------------------------------------------------------------
                          0.00    0.00   clock clk (rise edge)
                          0.00    0.00   clock source latency
                  0.04    0.03    0.03 ^ clk (in)
     1    0.01                           clk (net)
                  0.04    0.00    0.03 ^ clkbuf_0_clk/A (sky130_fd_sc_hd__clkbuf_16)
                  0.05    0.13    0.15 ^ clkbuf_0_clk/X (sky130_fd_sc_hd__clkbuf_16)
     4    0.03                           clknet_0_clk (net)
                  0.05    0.00    0.15 ^ clkbuf_2_2__f_clk/A (sky130_fd_sc_hd__clkbuf_16)
                  0.04    0.12    0.27 ^ clkbuf_2_2__f_clk/X (sky130_fd_sc_hd__clkbuf_16)
     6    0.02                           clknet_2_2__leaf_clk (net)
                  0.04    0.00    0.27 ^ _305_/CLK (sky130_fd_sc_hd__dfrtp_1)
                  0.04    0.29    0.57 ^ _305_/Q (sky130_fd_sc_hd__dfrtp_1)
     1    0.00                           net11 (net)
                  0.04    0.00    0.57 ^ output11/A (sky130_fd_sc_hd__clkbuf_4)
                  0.11    0.17    0.74 ^ output11/X (sky130_fd_sc_hd__clkbuf_4)
     1    0.03                           busy (net)
                  0.11    0.00    0.74 ^ busy (out)
                                  0.74   data arrival time

                          0.00    0.00   clock clk (rise edge)
                          0.00    0.00   clock network delay (propagated)
                          0.25    0.25   clock uncertainty
                          0.00    0.25   clock reconvergence pessimism
                         -2.00   -1.75   output external delay
                                 -1.75   data required time
-----------------------------------------------------------------------------
                                 -1.75   data required time
                                 -0.74   data arrival time
-----------------------------------------------------------------------------
                                  2.49   slack (MET)


Startpoint: _304_ (rising edge-triggered flip-flop clocked by clk)
Endpoint: tx (output port clocked by clk)
Path Group: clk
Path Type: min

Fanout     Cap    Slew   Delay    Time   Description
-----------------------------------------------------------------------------
                          0.00    0.00   clock clk (rise edge)
                          0.00    0.00   clock source latency
                  0.04    0.03    0.03 ^ clk (in)
     1    0.01                           clk (net)
                  0.04    0.00    0.03 ^ clkbuf_0_clk/A (sky130_fd_sc_hd__clkbuf_16)
                  0.05    0.13    0.15 ^ clkbuf_0_clk/X (sky130_fd_sc_hd__clkbuf_16)
     4    0.03                           clknet_0_clk (net)
                  0.05    0.00    0.15 ^ clkbuf_2_2__f_clk/A (sky130_fd_sc_hd__clkbuf_16)
                  0.04    0.12    0.27 ^ clkbuf_2_2__f_clk/X (sky130_fd_sc_hd__clkbuf_16)
     6    0.02                           clknet_2_2__leaf_clk (net)
                  0.04    0.00    0.27 ^ _304_/CLK (sky130_fd_sc_hd__dfstp_1)
                  0.04    0.34    0.61 v _304_/Q (sky130_fd_sc_hd__dfstp_1)
     1    0.01                           net12 (net)
                  0.04    0.00    0.61 v output12/A (sky130_fd_sc_hd__clkbuf_4)
                  0.08    0.17    0.79 v output12/X (sky130_fd_sc_hd__clkbuf_4)
     1    0.03                           tx (net)
                  0.08    0.00    0.79 v tx (out)
                                  0.79   data arrival time

                          0.00    0.00   clock clk (rise edge)
                          0.00    0.00   clock network delay (propagated)
                          0.25    0.25   clock uncertainty
                          0.00    0.25   clock reconvergence pessimism
                         -2.00   -1.75   output external delay
                                 -1.75   data required time
-----------------------------------------------------------------------------
                                 -1.75   data required time
                                 -0.79   data arrival time
-----------------------------------------------------------------------------
                                  2.54   slack (MET)



