
===========================================================================
report_checks -path_delay max (Setup)
============================================================================
======================= Typical Corner ===================================

Startpoint: _304_ (rising edge-triggered flip-flop clocked by clk)
Endpoint: tx (output port clocked by clk)
Path Group: clk
Path Type: max

Fanout     Cap    Slew   Delay    Time   Description
-----------------------------------------------------------------------------
                          0.00    0.00   clock clk (rise edge)
                          0.00    0.00   clock source latency
                  0.04    0.03    0.03 ^ clk (in)
     1    0.01                           clk (net)
                  0.04    0.00    0.03 ^ clkbuf_0_clk/A (sky130_fd_sc_hd__clkbuf_16)
                  0.05    0.14    0.17 ^ clkbuf_0_clk/X (sky130_fd_sc_hd__clkbuf_16)
     4    0.03                           clknet_0_clk (net)
                  0.05    0.00    0.17 ^ clkbuf_2_2__f_clk/A (sky130_fd_sc_hd__clkbuf_16)
                  0.04    0.13    0.30 ^ clkbuf_2_2__f_clk/X (sky130_fd_sc_hd__clkbuf_16)
     6    0.02                           clknet_2_2__leaf_clk (net)
                  0.04    0.00    0.30 ^ _304_/CLK (sky130_fd_sc_hd__dfstp_1)
                  0.07    0.54    0.84 ^ _304_/Q (sky130_fd_sc_hd__dfstp_1)
     1    0.01                           net12 (net)
                  0.07    0.00    0.84 ^ output12/A (sky130_fd_sc_hd__clkbuf_4)
                  0.11    0.20    1.05 ^ output12/X (sky130_fd_sc_hd__clkbuf_4)
     1    0.03                           tx (net)
                  0.11    0.00    1.05 ^ tx (out)
                                  1.05   data arrival time

                         10.00   10.00   clock clk (rise edge)
                          0.00   10.00   clock network delay (propagated)
                         -0.25    9.75   clock uncertainty
                          0.00    9.75   clock reconvergence pessimism
                         -2.00    7.75   output external delay
                                  7.75   data required time
-----------------------------------------------------------------------------
                                  7.75   data required time
                                 -1.05   data arrival time
-----------------------------------------------------------------------------
                                  6.70   slack (MET)


Startpoint: _305_ (rising edge-triggered flip-flop clocked by clk)
Endpoint: busy (output port clocked by clk)
Path Group: clk
Path Type: max

Fanout     Cap    Slew   Delay    Time   Description
-----------------------------------------------------------------------------
                          0.00    0.00   clock clk (rise edge)
                          0.00    0.00   clock source latency
                  0.04    0.03    0.03 ^ clk (in)
     1    0.01                           clk (net)
                  0.04    0.00    0.03 ^ clkbuf_0_clk/A (sky130_fd_sc_hd__clkbuf_16)
                  0.05    0.14    0.17 ^ clkbuf_0_clk/X (sky130_fd_sc_hd__clkbuf_16)
     4    0.03                           clknet_0_clk (net)
                  0.05    0.00    0.17 ^ clkbuf_2_2__f_clk/A (sky130_fd_sc_hd__clkbuf_16)
                  0.04    0.13    0.30 ^ clkbuf_2_2__f_clk/X (sky130_fd_sc_hd__clkbuf_16)
     6    0.02                           clknet_2_2__leaf_clk (net)
                  0.04    0.00    0.30 ^ _305_/CLK (sky130_fd_sc_hd__dfrtp_1)
                  0.04    0.36    0.66 v _305_/Q (sky130_fd_sc_hd__dfrtp_1)
     1    0.00                           net11 (net)
                  0.04    0.00    0.66 v output11/A (sky130_fd_sc_hd__clkbuf_4)
                  0.08    0.19    0.85 v output11/X (sky130_fd_sc_hd__clkbuf_4)
     1    0.03                           busy (net)
                  0.08    0.00    0.85 v busy (out)
                                  0.85   data arrival time

                         10.00   10.00   clock clk (rise edge)
                          0.00   10.00   clock network delay (propagated)
                         -0.25    9.75   clock uncertainty
                          0.00    9.75   clock reconvergence pessimism
                         -2.00    7.75   output external delay
                                  7.75   data required time
-----------------------------------------------------------------------------
                                  7.75   data required time
                                 -0.85   data arrival time
-----------------------------------------------------------------------------
                                  6.90   slack (MET)


Startpoint: start (input port clocked by clk)
Endpoint: _305_ (rising edge-triggered flip-flop clocked by clk)
Path Group: clk
Path Type: max

Fanout     Cap    Slew   Delay    Time   Description
-----------------------------------------------------------------------------
                          0.00    0.00   clock clk (rise edge)
                          0.00    0.00   clock network delay (propagated)
                          2.00    2.00 v input external delay
                  0.01    0.01    2.01 v start (in)
     1    0.00                           start (net)
                  0.01    0.00    2.01 v input10/A (sky130_fd_sc_hd__clkbuf_2)
                  0.06    0.12    2.13 v input10/X (sky130_fd_sc_hd__clkbuf_2)
     3    0.01                           net10 (net)
                  0.06    0.00    2.13 v _251_/A0 (sky130_fd_sc_hd__mux2_1)
                  0.05    0.29    2.42 v _251_/X (sky130_fd_sc_hd__mux2_1)
     1    0.00                           _137_ (net)
                  0.05    0.00    2.42 v _252_/C (sky130_fd_sc_hd__or3_1)
                  0.07    0.32    2.74 v _252_/X (sky130_fd_sc_hd__or3_1)
     1    0.00                           _138_ (net)
                  0.07    0.00    2.74 v _253_/A (sky130_fd_sc_hd__clkbuf_1)
                  0.03    0.10    2.84 v _253_/X (sky130_fd_sc_hd__clkbuf_1)
     1    0.00                           _146_ (net)
                  0.03    0.00    2.84 v _305_/D (sky130_fd_sc_hd__dfrtp_1)
                                  2.84   data arrival time

                         10.00   10.00   clock clk (rise edge)
                          0.00   10.00   clock source latency
                  0.04    0.03   10.03 ^ clk (in)
     1    0.01                           clk (net)
                  0.04    0.00   10.03 ^ clkbuf_0_clk/A (sky130_fd_sc_hd__clkbuf_16)
                  0.05    0.13   10.15 ^ clkbuf_0_clk/X (sky130_fd_sc_hd__clkbuf_16)
     4    0.03                           clknet_0_clk (net)
                  0.05    0.00   10.15 ^ clkbuf_2_2__f_clk/A (sky130_fd_sc_hd__clkbuf_16)
                  0.04    0.12   10.27 ^ clkbuf_2_2__f_clk/X (sky130_fd_sc_hd__clkbuf_16)
     6    0.02                           clknet_2_2__leaf_clk (net)
                  0.04    0.00   10.27 ^ _305_/CLK (sky130_fd_sc_hd__dfrtp_1)
                         -0.25   10.02   clock uncertainty
                          0.00   10.02   clock reconvergence pessimism
                         -0.11    9.92   library setup time
                                  9.92   data required time
-----------------------------------------------------------------------------
                                  9.92   data required time
                                 -2.84   data arrival time
-----------------------------------------------------------------------------
                                  7.07   slack (MET)


Startpoint: _326_ (rising edge-triggered flip-flop clocked by clk)
Endpoint: _299_ (rising edge-triggered flip-flop clocked by clk)
Path Group: clk
Path Type: max

Fanout     Cap    Slew   Delay    Time   Description
-----------------------------------------------------------------------------
                          0.00    0.00   clock clk (rise edge)
                          0.00    0.00   clock source latency
                  0.04    0.03    0.03 ^ clk (in)
     1    0.01                           clk (net)
                  0.04    0.00    0.03 ^ clkbuf_0_clk/A (sky130_fd_sc_hd__clkbuf_16)
                  0.05    0.14    0.17 ^ clkbuf_0_clk/X (sky130_fd_sc_hd__clkbuf_16)
     4    0.03                           clknet_0_clk (net)
                  0.05    0.00    0.17 ^ clkbuf_2_1__f_clk/A (sky130_fd_sc_hd__clkbuf_16)
                  0.05    0.15    0.32 ^ clkbuf_2_1__f_clk/X (sky130_fd_sc_hd__clkbuf_16)
    11    0.03                           clknet_2_1__leaf_clk (net)
                  0.05    0.00    0.32 ^ _326_/CLK (sky130_fd_sc_hd__dfrtp_1)
                  0.09    0.43    0.75 v _326_/Q (sky130_fd_sc_hd__dfrtp_1)
     6    0.01                           baud_count[12] (net)
                  0.09    0.00    0.75 v _167_/B (sky130_fd_sc_hd__or4_1)
                  0.09    0.54    1.29 v _167_/X (sky130_fd_sc_hd__or4_1)
     2    0.00                           _077_ (net)
                  0.09    0.00    1.29 v _184_/B (sky130_fd_sc_hd__or4_2)
                  0.15    0.77    2.06 v _184_/X (sky130_fd_sc_hd__or4_2)
     6    0.02                           _090_ (net)
                  0.15    0.00    2.06 v _186_/C (sky130_fd_sc_hd__or4_1)
                  0.08    0.51    2.57 v _186_/X (sky130_fd_sc_hd__or4_1)
     1    0.00                           _091_ (net)
                  0.08    0.00    2.57 v _187_/B1_N (sky130_fd_sc_hd__a21bo_1)
                  0.04    0.20    2.77 ^ _187_/X (sky130_fd_sc_hd__a21bo_1)
     1    0.00                           _019_ (net)
                  0.04    0.00    2.77 ^ _299_/D (sky130_fd_sc_hd__dfrtp_1)
                                  2.77   data arrival time

                         10.00   10.00   clock clk (rise edge)
                          0.00   10.00   clock source latency
                  0.04    0.03   10.03 ^ clk (in)
     1    0.01                           clk (net)
                  0.04    0.00   10.03 ^ clkbuf_0_clk/A (sky130_fd_sc_hd__clkbuf_16)
                  0.05    0.13   10.15 ^ clkbuf_0_clk/X (sky130_fd_sc_hd__clkbuf_16)
     4    0.03                           clknet_0_clk (net)
                  0.05    0.00   10.15 ^ clkbuf_2_2__f_clk/A (sky130_fd_sc_hd__clkbuf_16)
                  0.04    0.12   10.27 ^ clkbuf_2_2__f_clk/X (sky130_fd_sc_hd__clkbuf_16)
     6    0.02                           clknet_2_2__leaf_clk (net)
                  0.04    0.00   10.27 ^ _299_/CLK (sky130_fd_sc_hd__dfrtp_1)
                         -0.25   10.02   clock uncertainty
                          0.02   10.04   clock reconvergence pessimism
                         -0.06    9.98   library setup time
                                  9.98   data required time
-----------------------------------------------------------------------------
                                  9.98   data required time
                                 -2.77   data arrival time
-----------------------------------------------------------------------------
                                  7.21   slack (MET)


Startpoint: start (input port clocked by clk)
Endpoint: _312_ (rising edge-triggered flip-flop clocked by clk)
Path Group: clk
Path Type: max

Fanout     Cap    Slew   Delay    Time   Description
-----------------------------------------------------------------------------
                          0.00    0.00   clock clk (rise edge)
                          0.00    0.00   clock network delay (propagated)
                          2.00    2.00 v input external delay
                  0.01    0.01    2.01 v start (in)
     1    0.00                           start (net)
                  0.01    0.00    2.01 v input10/A (sky130_fd_sc_hd__clkbuf_2)
                  0.06    0.12    2.13 v input10/X (sky130_fd_sc_hd__clkbuf_2)
     3    0.01                           net10 (net)
                  0.06    0.00    2.13 v _148_/A (sky130_fd_sc_hd__nand2_4)
                  0.11    0.11    2.24 ^ _148_/Y (sky130_fd_sc_hd__nand2_4)
     9    0.03                           _066_ (net)
                  0.11    0.00    2.24 ^ _151_/S (sky130_fd_sc_hd__mux2_1)
                  0.06    0.35    2.59 v _151_/X (sky130_fd_sc_hd__mux2_1)
     1    0.00                           _068_ (net)
                  0.06    0.00    2.59 v _152_/A (sky130_fd_sc_hd__clkbuf_1)
                  0.03    0.10    2.69 v _152_/X (sky130_fd_sc_hd__clkbuf_1)
     1    0.00                           _064_ (net)
                  0.03    0.00    2.69 v _312_/D (sky130_fd_sc_hd__dfrtp_1)
                                  2.69   data arrival time

                         10.00   10.00   clock clk (rise edge)
                          0.00   10.00   clock source latency
                  0.04    0.03   10.03 ^ clk (in)
     1    0.01                           clk (net)
                  0.04    0.00   10.03 ^ clkbuf_0_clk/A (sky130_fd_sc_hd__clkbuf_16)
                  0.05    0.13   10.15 ^ clkbuf_0_clk/X (sky130_fd_sc_hd__clkbuf_16)
     4    0.03                           clknet_0_clk (net)
                  0.05    0.00   10.15 ^ clkbuf_2_3__f_clk/A (sky130_fd_sc_hd__clkbuf_16)
                  0.05    0.13   10.28 ^ clkbuf_2_3__f_clk/X (sky130_fd_sc_hd__clkbuf_16)
     8    0.02                           clknet_2_3__leaf_clk (net)
                  0.05    0.00   10.28 ^ _312_/CLK (sky130_fd_sc_hd__dfrtp_1)
                         -0.25   10.03   clock uncertainty
                          0.00   10.03   clock reconvergence pessimism
                         -0.11    9.92   library setup time
                                  9.92   data required time
-----------------------------------------------------------------------------
                                  9.92   data required time
                                 -2.69   data arrival time
-----------------------------------------------------------------------------
                                  7.23   slack (MET)


Startpoint: start (input port clocked by clk)
Endpoint: _310_ (rising edge-triggered flip-flop clocked by clk)
Path Group: clk
Path Type: max

Fanout     Cap    Slew   Delay    Time   Description
-----------------------------------------------------------------------------
                          0.00    0.00   clock clk (rise edge)
                          0.00    0.00   clock network delay (propagated)
                          2.00    2.00 v input external delay
                  0.01    0.01    2.01 v start (in)
     1    0.00                           start (net)
                  0.01    0.00    2.01 v input10/A (sky130_fd_sc_hd__clkbuf_2)
                  0.06    0.12    2.13 v input10/X (sky130_fd_sc_hd__clkbuf_2)
     3    0.01                           net10 (net)
                  0.06    0.00    2.13 v _148_/A (sky130_fd_sc_hd__nand2_4)
                  0.11    0.11    2.24 ^ _148_/Y (sky130_fd_sc_hd__nand2_4)
     9    0.03                           _066_ (net)
                  0.11    0.00    2.24 ^ _155_/S (sky130_fd_sc_hd__mux2_1)
                  0.05    0.34    2.58 v _155_/X (sky130_fd_sc_hd__mux2_1)
     1    0.00                           _070_ (net)
                  0.05    0.00    2.58 v _156_/A (sky130_fd_sc_hd__clkbuf_1)
                  0.03    0.10    2.68 v _156_/X (sky130_fd_sc_hd__clkbuf_1)
     1    0.00                           _062_ (net)
                  0.03    0.00    2.68 v _310_/D (sky130_fd_sc_hd__dfrtp_1)
                                  2.68   data arrival time

                         10.00   10.00   clock clk (rise edge)
                          0.00   10.00   clock source latency
                  0.04    0.03   10.03 ^ clk (in)
     1    0.01                           clk (net)
                  0.04    0.00   10.03 ^ clkbuf_0_clk/A (sky130_fd_sc_hd__clkbuf_16)
                  0.05    0.13   10.15 ^ clkbuf_0_clk/X (sky130_fd_sc_hd__clkbuf_16)
     4    0.03                           clknet_0_clk (net)
                  0.05    0.00   10.15 ^ clkbuf_2_3__f_clk/A (sky130_fd_sc_hd__clkbuf_16)
                  0.05    0.13   10.28 ^ clkbuf_2_3__f_clk/X (sky130_fd_sc_hd__clkbuf_16)
     8    0.02                           clknet_2_3__leaf_clk (net)
                  0.05    0.00   10.28 ^ _310_/CLK (sky130_fd_sc_hd__dfrtp_1)
                         -0.25   10.03   clock uncertainty
                          0.00   10.03   clock reconvergence pessimism
                         -0.11    9.92   library setup time
                                  9.92   data required time
-----------------------------------------------------------------------------
                                  9.92   data required time
                                 -2.68   data arrival time
-----------------------------------------------------------------------------
                                  7.24   slack (MET)


Startpoint: start (input port clocked by clk)
Endpoint: _306_ (rising edge-triggered flip-flop clocked by clk)
Path Group: clk
Path Type: max

Fanout     Cap    Slew   Delay    Time   Description
-----------------------------------------------------------------------------
                          0.00    0.00   clock clk (rise edge)
                          0.00    0.00   clock network delay (propagated)
                          2.00    2.00 v input external delay
                  0.01    0.01    2.01 v start (in)
     1    0.00                           start (net)
                  0.01    0.00    2.01 v input10/A (sky130_fd_sc_hd__clkbuf_2)
                  0.06    0.12    2.13 v input10/X (sky130_fd_sc_hd__clkbuf_2)
     3    0.01                           net10 (net)
                  0.06    0.00    2.13 v _148_/A (sky130_fd_sc_hd__nand2_4)
                  0.11    0.11    2.24 ^ _148_/Y (sky130_fd_sc_hd__nand2_4)
     9    0.03                           _066_ (net)
                  0.11    0.00    2.24 ^ _163_/S (sky130_fd_sc_hd__mux2_1)
                  0.06    0.35    2.59 v _163_/X (sky130_fd_sc_hd__mux2_1)
     1    0.00                           _074_ (net)
                  0.06    0.00    2.59 v _164_/A (sky130_fd_sc_hd__clkbuf_1)
                  0.03    0.10    2.69 v _164_/X (sky130_fd_sc_hd__clkbuf_1)
     1    0.00                           _058_ (net)
                  0.03    0.00    2.69 v _306_/D (sky130_fd_sc_hd__dfrtp_1)
                                  2.69   data arrival time

                         10.00   10.00   clock clk (rise edge)
                          0.00   10.00   clock source latency
                  0.04    0.03   10.03 ^ clk (in)
     1    0.01                           clk (net)
                  0.04    0.00   10.03 ^ clkbuf_0_clk/A (sky130_fd_sc_hd__clkbuf_16)
                  0.05    0.13   10.15 ^ clkbuf_0_clk/X (sky130_fd_sc_hd__clkbuf_16)
     4    0.03                           clknet_0_clk (net)
                  0.05    0.00   10.15 ^ clkbuf_2_1__f_clk/A (sky130_fd_sc_hd__clkbuf_16)
                  0.05    0.13   10.29 ^ clkbuf_2_1__f_clk/X (sky130_fd_sc_hd__clkbuf_16)
    11    0.03                           clknet_2_1__leaf_clk (net)
                  0.05    0.00   10.29 ^ _306_/CLK (sky130_fd_sc_hd__dfrtp_1)
                         -0.25   10.04   clock uncertainty
                          0.00   10.04   clock reconvergence pessimism
                         -0.11    9.93   library setup time
                                  9.93   data required time
-----------------------------------------------------------------------------
                                  9.93   data required time
                                 -2.69   data arrival time
-----------------------------------------------------------------------------
                                  7.24   slack (MET)


Startpoint: start (input port clocked by clk)
Endpoint: _313_ (rising edge-triggered flip-flop clocked by clk)
Path Group: clk
Path Type: max

Fanout     Cap    Slew   Delay    Time   Description
-----------------------------------------------------------------------------
                          0.00    0.00   clock clk (rise edge)
                          0.00    0.00   clock network delay (propagated)
                          2.00    2.00 v input external delay
                  0.01    0.01    2.01 v start (in)
     1    0.00                           start (net)
                  0.01    0.00    2.01 v input10/A (sky130_fd_sc_hd__clkbuf_2)
                  0.06    0.12    2.13 v input10/X (sky130_fd_sc_hd__clkbuf_2)
     3    0.01                           net10 (net)
                  0.06    0.00    2.13 v _148_/A (sky130_fd_sc_hd__nand2_4)
                  0.11    0.11    2.24 ^ _148_/Y (sky130_fd_sc_hd__nand2_4)
     9    0.03                           _066_ (net)
                  0.11    0.00    2.24 ^ _149_/S (sky130_fd_sc_hd__mux2_1)
                  0.06    0.34    2.59 v _149_/X (sky130_fd_sc_hd__mux2_1)
     1    0.00                           _067_ (net)
                  0.06    0.00    2.59 v _150_/A (sky130_fd_sc_hd__clkbuf_1)
                  0.03    0.10    2.68 v _150_/X (sky130_fd_sc_hd__clkbuf_1)
     1    0.00                           _065_ (net)
                  0.03    0.00    2.68 v _313_/D (sky130_fd_sc_hd__dfrtp_1)
                                  2.68   data arrival time

                         10.00   10.00   clock clk (rise edge)
                          0.00   10.00   clock source latency
                  0.04    0.03   10.03 ^ clk (in)
     1    0.01                           clk (net)
                  0.04    0.00   10.03 ^ clkbuf_0_clk/A (sky130_fd_sc_hd__clkbuf_16)
                  0.05    0.13   10.15 ^ clkbuf_0_clk/X (sky130_fd_sc_hd__clkbuf_16)
     4    0.03                           clknet_0_clk (net)
                  0.05    0.00   10.15 ^ clkbuf_2_3__f_clk/A (sky130_fd_sc_hd__clkbuf_16)
                  0.05    0.13   10.28 ^ clkbuf_2_3__f_clk/X (sky130_fd_sc_hd__clkbuf_16)
     8    0.02                           clknet_2_3__leaf_clk (net)
                  0.05    0.00   10.28 ^ _313_/CLK (sky130_fd_sc_hd__dfrtp_1)
                         -0.25   10.03   clock uncertainty
                          0.00   10.03   clock reconvergence pessimism
                         -0.11    9.93   library setup time
                                  9.93   data required time
-----------------------------------------------------------------------------
                                  9.93   data required time
                                 -2.68   data arrival time
-----------------------------------------------------------------------------
                                  7.24   slack (MET)


Startpoint: start (input port clocked by clk)
Endpoint: _308_ (rising edge-triggered flip-flop clocked by clk)
Path Group: clk
Path Type: max

Fanout     Cap    Slew   Delay    Time   Description
-----------------------------------------------------------------------------
                          0.00    0.00   clock clk (rise edge)
                          0.00    0.00   clock network delay (propagated)
                          2.00    2.00 v input external delay
                  0.01    0.01    2.01 v start (in)
     1    0.00                           start (net)
                  0.01    0.00    2.01 v input10/A (sky130_fd_sc_hd__clkbuf_2)
                  0.06    0.12    2.13 v input10/X (sky130_fd_sc_hd__clkbuf_2)
     3    0.01                           net10 (net)
                  0.06    0.00    2.13 v _148_/A (sky130_fd_sc_hd__nand2_4)
                  0.11    0.11    2.24 ^ _148_/Y (sky130_fd_sc_hd__nand2_4)
     9    0.03                           _066_ (net)
                  0.11    0.00    2.24 ^ _159_/S (sky130_fd_sc_hd__mux2_1)
                  0.06    0.34    2.59 v _159_/X (sky130_fd_sc_hd__mux2_1)
     1    0.00                           _072_ (net)
                  0.06    0.00    2.59 v _160_/A (sky130_fd_sc_hd__clkbuf_1)
                  0.03    0.10    2.68 v _160_/X (sky130_fd_sc_hd__clkbuf_1)
     1    0.00                           _060_ (net)
                  0.03    0.00    2.68 v _308_/D (sky130_fd_sc_hd__dfrtp_1)
                                  2.68   data arrival time

                         10.00   10.00   clock clk (rise edge)
                          0.00   10.00   clock source latency
                  0.04    0.03   10.03 ^ clk (in)
     1    0.01                           clk (net)
                  0.04    0.00   10.03 ^ clkbuf_0_clk/A (sky130_fd_sc_hd__clkbuf_16)
                  0.05    0.13   10.15 ^ clkbuf_0_clk/X (sky130_fd_sc_hd__clkbuf_16)
     4    0.03                           clknet_0_clk (net)
                  0.05    0.00   10.15 ^ clkbuf_2_1__f_clk/A (sky130_fd_sc_hd__clkbuf_16)
                  0.05    0.13   10.29 ^ clkbuf_2_1__f_clk/X (sky130_fd_sc_hd__clkbuf_16)
    11    0.03                           clknet_2_1__leaf_clk (net)
                  0.05    0.00   10.29 ^ _308_/CLK (sky130_fd_sc_hd__dfrtp_1)
                         -0.25   10.04   clock uncertainty
                          0.00   10.04   clock reconvergence pessimism
                         -0.11    9.93   library setup time
                                  9.93   data required time
-----------------------------------------------------------------------------
                                  9.93   data required time
                                 -2.68   data arrival time
-----------------------------------------------------------------------------
                                  7.25   slack (MET)


Startpoint: start (input port clocked by clk)
Endpoint: _307_ (rising edge-triggered flip-flop clocked by clk)
Path Group: clk
Path Type: max

Fanout     Cap    Slew   Delay    Time   Description
-----------------------------------------------------------------------------
                          0.00    0.00   clock clk (rise edge)
                          0.00    0.00   clock network delay (propagated)
                          2.00    2.00 v input external delay
                  0.01    0.01    2.01 v start (in)
     1    0.00                           start (net)
                  0.01    0.00    2.01 v input10/A (sky130_fd_sc_hd__clkbuf_2)
                  0.06    0.12    2.13 v input10/X (sky130_fd_sc_hd__clkbuf_2)
     3    0.01                           net10 (net)
                  0.06    0.00    2.13 v _148_/A (sky130_fd_sc_hd__nand2_4)
                  0.11    0.11    2.24 ^ _148_/Y (sky130_fd_sc_hd__nand2_4)
     9    0.03                           _066_ (net)
                  0.11    0.00    2.24 ^ _161_/S (sky130_fd_sc_hd__mux2_1)
                  0.05    0.34    2.58 v _161_/X (sky130_fd_sc_hd__mux2_1)
     1    0.00                           _073_ (net)
                  0.05    0.00    2.58 v _162_/A (sky130_fd_sc_hd__clkbuf_1)
                  0.03    0.10    2.68 v _162_/X (sky130_fd_sc_hd__clkbuf_1)
     1    0.00                           _059_ (net)
                  0.03    0.00    2.68 v _307_/D (sky130_fd_sc_hd__dfrtp_1)
                                  2.68   data arrival time

                         10.00   10.00   clock clk (rise edge)
                          0.00   10.00   clock source latency
                  0.04    0.03   10.03 ^ clk (in)
     1    0.01                           clk (net)
                  0.04    0.00   10.03 ^ clkbuf_0_clk/A (sky130_fd_sc_hd__clkbuf_16)
                  0.05    0.13   10.15 ^ clkbuf_0_clk/X (sky130_fd_sc_hd__clkbuf_16)
     4    0.03                           clknet_0_clk (net)
                  0.05    0.00   10.15 ^ clkbuf_2_1__f_clk/A (sky130_fd_sc_hd__clkbuf_16)
                  0.05    0.13   10.29 ^ clkbuf_2_1__f_clk/X (sky130_fd_sc_hd__clkbuf_16)
    11    0.03                           clknet_2_1__leaf_clk (net)
                  0.05    0.00   10.29 ^ _307_/CLK (sky130_fd_sc_hd__dfrtp_1)
                         -0.25   10.04   clock uncertainty
                          0.00   10.04   clock reconvergence pessimism
                         -0.11    9.93   library setup time
                                  9.93   data required time
-----------------------------------------------------------------------------
                                  9.93   data required time
                                 -2.68   data arrival time
-----------------------------------------------------------------------------
                                  7.25   slack (MET)


Startpoint: start (input port clocked by clk)
Endpoint: _311_ (rising edge-triggered flip-flop clocked by clk)
Path Group: clk
Path Type: max

Fanout     Cap    Slew   Delay    Time   Description
-----------------------------------------------------------------------------
                          0.00    0.00   clock clk (rise edge)
                          0.00    0.00   clock network delay (propagated)
                          2.00    2.00 v input external delay
                  0.01    0.01    2.01 v start (in)
     1    0.00                           start (net)
                  0.01    0.00    2.01 v input10/A (sky130_fd_sc_hd__clkbuf_2)
                  0.06    0.12    2.13 v input10/X (sky130_fd_sc_hd__clkbuf_2)
     3    0.01                           net10 (net)
                  0.06    0.00    2.13 v _148_/A (sky130_fd_sc_hd__nand2_4)
                  0.11    0.11    2.24 ^ _148_/Y (sky130_fd_sc_hd__nand2_4)
     9    0.03                           _066_ (net)
                  0.11    0.00    2.24 ^ _153_/S (sky130_fd_sc_hd__mux2_1)
                  0.05    0.34    2.58 v _153_/X (sky130_fd_sc_hd__mux2_1)
     1    0.00                           _069_ (net)
                  0.05    0.00    2.58 v _154_/A (sky130_fd_sc_hd__clkbuf_1)
                  0.02    0.09    2.68 v _154_/X (sky130_fd_sc_hd__clkbuf_1)
     1    0.00                           _063_ (net)
                  0.02    0.00    2.68 v _311_/D (sky130_fd_sc_hd__dfrtp_1)
                                  2.68   data arrival time

                         10.00   10.00   clock clk (rise edge)
                          0.00   10.00   clock source latency
                  0.04    0.03   10.03 ^ clk (in)
     1    0.01                           clk (net)
                  0.04    0.00   10.03 ^ clkbuf_0_clk/A (sky130_fd_sc_hd__clkbuf_16)
                  0.05    0.13   10.15 ^ clkbuf_0_clk/X (sky130_fd_sc_hd__clkbuf_16)
     4    0.03                           clknet_0_clk (net)
                  0.05    0.00   10.15 ^ clkbuf_2_3__f_clk/A (sky130_fd_sc_hd__clkbuf_16)
                  0.05    0.13   10.28 ^ clkbuf_2_3__f_clk/X (sky130_fd_sc_hd__clkbuf_16)
     8    0.02                           clknet_2_3__leaf_clk (net)
                  0.05    0.00   10.28 ^ _311_/CLK (sky130_fd_sc_hd__dfrtp_1)
                         -0.25   10.03   clock uncertainty
                          0.00   10.03   clock reconvergence pessimism
                         -0.11    9.93   library setup time
                                  9.93   data required time
-----------------------------------------------------------------------------
                                  9.93   data required time
                                 -2.68   data arrival time
-----------------------------------------------------------------------------
                                  7.25   slack (MET)


Startpoint: start (input port clocked by clk)
Endpoint: _309_ (rising edge-triggered flip-flop clocked by clk)
Path Group: clk
Path Type: max

Fanout     Cap    Slew   Delay    Time   Description
-----------------------------------------------------------------------------
                          0.00    0.00   clock clk (rise edge)
                          0.00    0.00   clock network delay (propagated)
                          2.00    2.00 v input external delay
                  0.01    0.01    2.01 v start (in)
     1    0.00                           start (net)
                  0.01    0.00    2.01 v input10/A (sky130_fd_sc_hd__clkbuf_2)
                  0.06    0.12    2.13 v input10/X (sky130_fd_sc_hd__clkbuf_2)
     3    0.01                           net10 (net)
                  0.06    0.00    2.13 v _148_/A (sky130_fd_sc_hd__nand2_4)
                  0.11    0.11    2.24 ^ _148_/Y (sky130_fd_sc_hd__nand2_4)
     9    0.03                           _066_ (net)
                  0.11    0.00    2.24 ^ _157_/S (sky130_fd_sc_hd__mux2_1)
                  0.05    0.34    2.58 v _157_/X (sky130_fd_sc_hd__mux2_1)
     1    0.00                           _071_ (net)
                  0.05    0.00    2.58 v _158_/A (sky130_fd_sc_hd__clkbuf_1)
                  0.02    0.09    2.67 v _158_/X (sky130_fd_sc_hd__clkbuf_1)
     1    0.00                           _061_ (net)
                  0.02    0.00    2.67 v _309_/D (sky130_fd_sc_hd__dfrtp_1)
                                  2.67   data arrival time

                         10.00   10.00   clock clk (rise edge)
                          0.00   10.00   clock source latency
                  0.04    0.03   10.03 ^ clk (in)
     1    0.01                           clk (net)
                  0.04    0.00   10.03 ^ clkbuf_0_clk/A (sky130_fd_sc_hd__clkbuf_16)
                  0.05    0.13   10.15 ^ clkbuf_0_clk/X (sky130_fd_sc_hd__clkbuf_16)
     4    0.03                           clknet_0_clk (net)
                  0.05    0.00   10.15 ^ clkbuf_2_3__f_clk/A (sky130_fd_sc_hd__clkbuf_16)
                  0.05    0.13   10.28 ^ clkbuf_2_3__f_clk/X (sky130_fd_sc_hd__clkbuf_16)
     8    0.02                           clknet_2_3__leaf_clk (net)
                  0.05    0.00   10.28 ^ _309_/CLK (sky130_fd_sc_hd__dfrtp_1)
                         -0.25   10.03   clock uncertainty
                          0.00   10.03   clock reconvergence pessimism
                         -0.11    9.93   library setup time
                                  9.93   data required time
-----------------------------------------------------------------------------
                                  9.93   data required time
                                 -2.67   data arrival time
-----------------------------------------------------------------------------
                                  7.25   slack (MET)


Startpoint: _326_ (rising edge-triggered flip-flop clocked by clk)
Endpoint: _297_ (rising edge-triggered flip-flop clocked by clk)
Path Group: clk
Path Type: max

Fanout     Cap    Slew   Delay    Time   Description
-----------------------------------------------------------------------------
                          0.00    0.00   clock clk (rise edge)
                          0.00    0.00   clock source latency
                  0.04    0.03    0.03 ^ clk (in)
     1    0.01                           clk (net)
                  0.04    0.00    0.03 ^ clkbuf_0_clk/A (sky130_fd_sc_hd__clkbuf_16)
                  0.05    0.14    0.17 ^ clkbuf_0_clk/X (sky130_fd_sc_hd__clkbuf_16)
     4    0.03                           clknet_0_clk (net)
                  0.05    0.00    0.17 ^ clkbuf_2_1__f_clk/A (sky130_fd_sc_hd__clkbuf_16)
                  0.05    0.15    0.32 ^ clkbuf_2_1__f_clk/X (sky130_fd_sc_hd__clkbuf_16)
    11    0.03                           clknet_2_1__leaf_clk (net)
                  0.05    0.00    0.32 ^ _326_/CLK (sky130_fd_sc_hd__dfrtp_1)
                  0.09    0.43    0.75 v _326_/Q (sky130_fd_sc_hd__dfrtp_1)
     6    0.01                           baud_count[12] (net)
                  0.09    0.00    0.75 v _167_/B (sky130_fd_sc_hd__or4_1)
                  0.09    0.54    1.29 v _167_/X (sky130_fd_sc_hd__or4_1)
     2    0.00                           _077_ (net)
                  0.09    0.00    1.29 v _184_/B (sky130_fd_sc_hd__or4_2)
                  0.15    0.77    2.06 v _184_/X (sky130_fd_sc_hd__or4_2)
     6    0.02                           _090_ (net)
                  0.15    0.00    2.06 v _188_/B (sky130_fd_sc_hd__or3_1)
                  0.07    0.40    2.46 v _188_/X (sky130_fd_sc_hd__or3_1)
     1    0.00                           _092_ (net)
                  0.07    0.00    2.46 v _189_/B1 (sky130_fd_sc_hd__a22o_1)
                  0.04    0.19    2.65 v _189_/X (sky130_fd_sc_hd__a22o_1)
     1    0.00                           _017_ (net)
                  0.04    0.00    2.65 v _297_/D (sky130_fd_sc_hd__dfrtp_4)
                                  2.65   data arrival time

                         10.00   10.00   clock clk (rise edge)
                          0.00   10.00   clock source latency
                  0.04    0.03   10.03 ^ clk (in)
     1    0.01                           clk (net)
                  0.04    0.00   10.03 ^ clkbuf_0_clk/A (sky130_fd_sc_hd__clkbuf_16)
                  0.05    0.13   10.15 ^ clkbuf_0_clk/X (sky130_fd_sc_hd__clkbuf_16)
     4    0.03                           clknet_0_clk (net)
                  0.05    0.00   10.15 ^ clkbuf_2_2__f_clk/A (sky130_fd_sc_hd__clkbuf_16)
                  0.04    0.12   10.27 ^ clkbuf_2_2__f_clk/X (sky130_fd_sc_hd__clkbuf_16)
     6    0.02                           clknet_2_2__leaf_clk (net)
                  0.04    0.00   10.27 ^ _297_/CLK (sky130_fd_sc_hd__dfrtp_4)
                         -0.25   10.02   clock uncertainty
                          0.02   10.04   clock reconvergence pessimism
                         -0.11    9.93   library setup time
                                  9.93   data required time
-----------------------------------------------------------------------------
                                  9.93   data required time
                                 -2.65   data arrival time
-----------------------------------------------------------------------------
                                  7.28   slack (MET)


Startpoint: _326_ (rising edge-triggered flip-flop clocked by clk)
Endpoint: _303_ (rising edge-triggered flip-flop clocked by clk)
Path Group: clk
Path Type: max

Fanout     Cap    Slew   Delay    Time   Description
-----------------------------------------------------------------------------
                          0.00    0.00   clock clk (rise edge)
                          0.00    0.00   clock source latency
                  0.04    0.03    0.03 ^ clk (in)
     1    0.01                           clk (net)
                  0.04    0.00    0.03 ^ clkbuf_0_clk/A (sky130_fd_sc_hd__clkbuf_16)
                  0.05    0.14    0.17 ^ clkbuf_0_clk/X (sky130_fd_sc_hd__clkbuf_16)
     4    0.03                           clknet_0_clk (net)
                  0.05    0.00    0.17 ^ clkbuf_2_1__f_clk/A (sky130_fd_sc_hd__clkbuf_16)
                  0.05    0.15    0.32 ^ clkbuf_2_1__f_clk/X (sky130_fd_sc_hd__clkbuf_16)
    11    0.03                           clknet_2_1__leaf_clk (net)
                  0.05    0.00    0.32 ^ _326_/CLK (sky130_fd_sc_hd__dfrtp_1)
                  0.09    0.43    0.75 v _326_/Q (sky130_fd_sc_hd__dfrtp_1)
     6    0.01                           baud_count[12] (net)
                  0.09    0.00    0.75 v _167_/B (sky130_fd_sc_hd__or4_1)
                  0.09    0.54    1.29 v _167_/X (sky130_fd_sc_hd__or4_1)
     2    0.00                           _077_ (net)
                  0.09    0.00    1.29 v _170_/B (sky130_fd_sc_hd__nor4_1)
                  0.41    0.44    1.73 ^ _170_/Y (sky130_fd_sc_hd__nor4_1)
     2    0.01                           _080_ (net)
                  0.41    0.00    1.73 ^ max_cap13/A (sky130_fd_sc_hd__buf_1)
                  0.13    0.20    1.93 ^ max_cap13/X (sky130_fd_sc_hd__buf_1)
     3    0.01                           net13 (net)
                  0.13    0.00    1.93 ^ _171_/A1 (sky130_fd_sc_hd__mux2_2)
                  0.10    0.23    2.16 ^ _171_/X (sky130_fd_sc_hd__mux2_2)
     5    0.02                           _081_ (net)
                  0.10    0.00    2.16 ^ _172_/B1_N (sky130_fd_sc_hd__a21bo_1)
                  0.04    0.22    2.39 v _172_/X (sky130_fd_sc_hd__a21bo_1)
     2    0.00                           _082_ (net)
                  0.04    0.00    2.39 v _173_/B (sky130_fd_sc_hd__and2_1)
                  0.04    0.16    2.54 v _173_/X (sky130_fd_sc_hd__and2_1)
     1    0.00                           _083_ (net)
                  0.04    0.00    2.54 v _174_/A (sky130_fd_sc_hd__clkbuf_1)
                  0.03    0.09    2.63 v _174_/X (sky130_fd_sc_hd__clkbuf_1)
     1    0.00                           _057_ (net)
                  0.03    0.00    2.63 v _303_/D (sky130_fd_sc_hd__dfrtp_1)
                                  2.63   data arrival time

                         10.00   10.00   clock clk (rise edge)
                          0.00   10.00   clock source latency
                  0.04    0.03   10.03 ^ clk (in)
     1    0.01                           clk (net)
                  0.04    0.00   10.03 ^ clkbuf_0_clk/A (sky130_fd_sc_hd__clkbuf_16)
                  0.05    0.13   10.15 ^ clkbuf_0_clk/X (sky130_fd_sc_hd__clkbuf_16)
     4    0.03                           clknet_0_clk (net)
                  0.05    0.00   10.15 ^ clkbuf_2_2__f_clk/A (sky130_fd_sc_hd__clkbuf_16)
                  0.04    0.12   10.27 ^ clkbuf_2_2__f_clk/X (sky130_fd_sc_hd__clkbuf_16)
     6    0.02                           clknet_2_2__leaf_clk (net)
                  0.04    0.00   10.27 ^ _303_/CLK (sky130_fd_sc_hd__dfrtp_1)
                         -0.25   10.02   clock uncertainty
                          0.02   10.04   clock reconvergence pessimism
                         -0.11    9.93   library setup time
                                  9.93   data required time
-----------------------------------------------------------------------------
                                  9.93   data required time
                                 -2.63   data arrival time
-----------------------------------------------------------------------------
                                  7.30   slack (MET)


Startpoint: _326_ (rising edge-triggered flip-flop clocked by clk)
Endpoint: _302_ (rising edge-triggered flip-flop clocked by clk)
Path Group: clk
Path Type: max

Fanout     Cap    Slew   Delay    Time   Description
-----------------------------------------------------------------------------
                          0.00    0.00   clock clk (rise edge)
                          0.00    0.00   clock source latency
                  0.04    0.03    0.03 ^ clk (in)
     1    0.01                           clk (net)
                  0.04    0.00    0.03 ^ clkbuf_0_clk/A (sky130_fd_sc_hd__clkbuf_16)
                  0.05    0.14    0.17 ^ clkbuf_0_clk/X (sky130_fd_sc_hd__clkbuf_16)
     4    0.03                           clknet_0_clk (net)
                  0.05    0.00    0.17 ^ clkbuf_2_1__f_clk/A (sky130_fd_sc_hd__clkbuf_16)
                  0.05    0.15    0.32 ^ clkbuf_2_1__f_clk/X (sky130_fd_sc_hd__clkbuf_16)
    11    0.03                           clknet_2_1__leaf_clk (net)
                  0.05    0.00    0.32 ^ _326_/CLK (sky130_fd_sc_hd__dfrtp_1)
                  0.09    0.43    0.75 v _326_/Q (sky130_fd_sc_hd__dfrtp_1)
     6    0.01                           baud_count[12] (net)
                  0.09    0.00    0.75 v _167_/B (sky130_fd_sc_hd__or4_1)
                  0.09    0.54    1.29 v _167_/X (sky130_fd_sc_hd__or4_1)
     2    0.00                           _077_ (net)
                  0.09    0.00    1.29 v _170_/B (sky130_fd_sc_hd__nor4_1)
                  0.41    0.44    1.73 ^ _170_/Y (sky130_fd_sc_hd__nor4_1)
     2    0.01                           _080_ (net)
                  0.41    0.00    1.73 ^ max_cap13/A (sky130_fd_sc_hd__buf_1)
                  0.13    0.20    1.93 ^ max_cap13/X (sky130_fd_sc_hd__buf_1)
     3    0.01                           net13 (net)
                  0.13    0.00    1.93 ^ _171_/A1 (sky130_fd_sc_hd__mux2_2)
                  0.10    0.23    2.16 ^ _171_/X (sky130_fd_sc_hd__mux2_2)
     5    0.02                           _081_ (net)
                  0.10    0.00    2.16 ^ _172_/B1_N (sky130_fd_sc_hd__a21bo_1)
                  0.04    0.22    2.39 v _172_/X (sky130_fd_sc_hd__a21bo_1)
     2    0.00                           _082_ (net)
                  0.04    0.00    2.39 v _176_/A (sky130_fd_sc_hd__and2_1)
                  0.04    0.14    2.53 v _176_/X (sky130_fd_sc_hd__and2_1)
     1    0.00                           _085_ (net)
                  0.04    0.00    2.53 v _177_/A (sky130_fd_sc_hd__clkbuf_1)
                  0.02    0.08    2.62 v _177_/X (sky130_fd_sc_hd__clkbuf_1)
     1    0.00                           _056_ (net)
                  0.02    0.00    2.62 v _302_/D (sky130_fd_sc_hd__dfrtp_1)
                                  2.62   data arrival time

                         10.00   10.00   clock clk (rise edge)
                          0.00   10.00   clock source latency
                  0.04    0.03   10.03 ^ clk (in)
     1    0.01                           clk (net)
                  0.04    0.00   10.03 ^ clkbuf_0_clk/A (sky130_fd_sc_hd__clkbuf_16)
                  0.05    0.13   10.15 ^ clkbuf_0_clk/X (sky130_fd_sc_hd__clkbuf_16)
     4    0.03                           clknet_0_clk (net)
                  0.05    0.00   10.15 ^ clkbuf_2_3__f_clk/A (sky130_fd_sc_hd__clkbuf_16)
                  0.05    0.13   10.28 ^ clkbuf_2_3__f_clk/X (sky130_fd_sc_hd__clkbuf_16)
     8    0.02                           clknet_2_3__leaf_clk (net)
                  0.05    0.00   10.28 ^ _302_/CLK (sky130_fd_sc_hd__dfrtp_1)
                         -0.25   10.03   clock uncertainty
                          0.02   10.05   clock reconvergence pessimism
                         -0.10    9.94   library setup time
                                  9.94   data required time
-----------------------------------------------------------------------------
                                  9.94   data required time
                                 -2.62   data arrival time
-----------------------------------------------------------------------------
                                  7.33   slack (MET)


Startpoint: start (input port clocked by clk)
Endpoint: _298_ (rising edge-triggered flip-flop clocked by clk)
Path Group: clk
Path Type: max

Fanout     Cap    Slew   Delay    Time   Description
-----------------------------------------------------------------------------
                          0.00    0.00   clock clk (rise edge)
                          0.00    0.00   clock network delay (propagated)
                          2.00    2.00 v input external delay
                  0.01    0.01    2.01 v start (in)
     1    0.00                           start (net)
                  0.01    0.00    2.01 v input10/A (sky130_fd_sc_hd__clkbuf_2)
                  0.06    0.12    2.13 v input10/X (sky130_fd_sc_hd__clkbuf_2)
     3    0.01                           net10 (net)
                  0.06    0.00    2.13 v _148_/A (sky130_fd_sc_hd__nand2_4)
                  0.11    0.11    2.24 ^ _148_/Y (sky130_fd_sc_hd__nand2_4)
     9    0.03                           _066_ (net)
                  0.11    0.00    2.24 ^ _185_/B1_N (sky130_fd_sc_hd__a21bo_1)
                  0.03    0.22    2.46 v _185_/X (sky130_fd_sc_hd__a21bo_1)
     1    0.00                           _018_ (net)
                  0.03    0.00    2.46 v _298_/D (sky130_fd_sc_hd__dfrtp_1)
                                  2.46   data arrival time

                         10.00   10.00   clock clk (rise edge)
                          0.00   10.00   clock source latency
                  0.04    0.03   10.03 ^ clk (in)
     1    0.01                           clk (net)
                  0.04    0.00   10.03 ^ clkbuf_0_clk/A (sky130_fd_sc_hd__clkbuf_16)
                  0.05    0.13   10.15 ^ clkbuf_0_clk/X (sky130_fd_sc_hd__clkbuf_16)
     4    0.03                           clknet_0_clk (net)
                  0.05    0.00   10.15 ^ clkbuf_2_0__f_clk/A (sky130_fd_sc_hd__clkbuf_16)
                  0.05    0.13   10.28 ^ clkbuf_2_0__f_clk/X (sky130_fd_sc_hd__clkbuf_16)
     9    0.03                           clknet_2_0__leaf_clk (net)
                  0.05    0.00   10.28 ^ _298_/CLK (sky130_fd_sc_hd__dfrtp_1)
                         -0.25   10.03   clock uncertainty
                          0.00   10.03   clock reconvergence pessimism
                         -0.11    9.93   library setup time
                                  9.93   data required time
-----------------------------------------------------------------------------
                                  9.93   data required time
                                 -2.46   data arrival time
-----------------------------------------------------------------------------
                                  7.47   slack (MET)


Startpoint: start (input port clocked by clk)
Endpoint: _296_ (rising edge-triggered flip-flop clocked by clk)
Path Group: clk
Path Type: max

Fanout     Cap    Slew   Delay    Time   Description
-----------------------------------------------------------------------------
                          0.00    0.00   clock clk (rise edge)
                          0.00    0.00   clock network delay (propagated)
                          2.00    2.00 ^ input external delay
                  0.02    0.01    2.01 ^ start (in)
     1    0.00                           start (net)
                  0.02    0.00    2.01 ^ input10/A (sky130_fd_sc_hd__clkbuf_2)
                  0.09    0.14    2.15 ^ input10/X (sky130_fd_sc_hd__clkbuf_2)
     3    0.02                           net10 (net)
                  0.09    0.00    2.15 ^ _190_/A (sky130_fd_sc_hd__inv_2)
                  0.02    0.04    2.19 v _190_/Y (sky130_fd_sc_hd__inv_2)
     1    0.00                           _093_ (net)
                  0.02    0.00    2.19 v _191_/A1 (sky130_fd_sc_hd__a22o_1)
                  0.04    0.21    2.39 v _191_/X (sky130_fd_sc_hd__a22o_1)
     1    0.00                           _016_ (net)
                  0.04    0.00    2.40 v _296_/D (sky130_fd_sc_hd__dfstp_1)
                                  2.40   data arrival time

                         10.00   10.00   clock clk (rise edge)
                          0.00   10.00   clock source latency
                  0.04    0.03   10.03 ^ clk (in)
     1    0.01                           clk (net)
                  0.04    0.00   10.03 ^ clkbuf_0_clk/A (sky130_fd_sc_hd__clkbuf_16)
                  0.05    0.13   10.15 ^ clkbuf_0_clk/X (sky130_fd_sc_hd__clkbuf_16)
     4    0.03                           clknet_0_clk (net)
                  0.05    0.00   10.15 ^ clkbuf_2_1__f_clk/A (sky130_fd_sc_hd__clkbuf_16)
                  0.05    0.13   10.29 ^ clkbuf_2_1__f_clk/X (sky130_fd_sc_hd__clkbuf_16)
    11    0.03                           clknet_2_1__leaf_clk (net)
                  0.05    0.00   10.29 ^ _296_/CLK (sky130_fd_sc_hd__dfstp_1)
                         -0.25   10.04   clock uncertainty
                          0.00   10.04   clock reconvergence pessimism
                         -0.07    9.97   library setup time
                                  9.97   data required time
-----------------------------------------------------------------------------
                                  9.97   data required time
                                 -2.40   data arrival time
-----------------------------------------------------------------------------
                                  7.57   slack (MET)


Startpoint: _326_ (rising edge-triggered flip-flop clocked by clk)
Endpoint: _301_ (rising edge-triggered flip-flop clocked by clk)
Path Group: clk
Path Type: max

Fanout     Cap    Slew   Delay    Time   Description
-----------------------------------------------------------------------------
                          0.00    0.00   clock clk (rise edge)
                          0.00    0.00   clock source latency
                  0.04    0.03    0.03 ^ clk (in)
     1    0.01                           clk (net)
                  0.04    0.00    0.03 ^ clkbuf_0_clk/A (sky130_fd_sc_hd__clkbuf_16)
                  0.05    0.14    0.17 ^ clkbuf_0_clk/X (sky130_fd_sc_hd__clkbuf_16)
     4    0.03                           clknet_0_clk (net)
                  0.05    0.00    0.17 ^ clkbuf_2_1__f_clk/A (sky130_fd_sc_hd__clkbuf_16)
                  0.05    0.15    0.32 ^ clkbuf_2_1__f_clk/X (sky130_fd_sc_hd__clkbuf_16)
    11    0.03                           clknet_2_1__leaf_clk (net)
                  0.05    0.00    0.32 ^ _326_/CLK (sky130_fd_sc_hd__dfrtp_1)
                  0.09    0.43    0.75 v _326_/Q (sky130_fd_sc_hd__dfrtp_1)
     6    0.01                           baud_count[12] (net)
                  0.09    0.00    0.75 v _167_/B (sky130_fd_sc_hd__or4_1)
                  0.09    0.54    1.29 v _167_/X (sky130_fd_sc_hd__or4_1)
     2    0.00                           _077_ (net)
                  0.09    0.00    1.29 v _170_/B (sky130_fd_sc_hd__nor4_1)
                  0.41    0.44    1.73 ^ _170_/Y (sky130_fd_sc_hd__nor4_1)
     2    0.01                           _080_ (net)
                  0.41    0.00    1.73 ^ max_cap13/A (sky130_fd_sc_hd__buf_1)
                  0.13    0.20    1.93 ^ max_cap13/X (sky130_fd_sc_hd__buf_1)
     3    0.01                           net13 (net)
                  0.13    0.00    1.93 ^ _171_/A1 (sky130_fd_sc_hd__mux2_2)
                  0.10    0.23    2.16 ^ _171_/X (sky130_fd_sc_hd__mux2_2)
     5    0.02                           _081_ (net)
                  0.10    0.00    2.16 ^ _180_/A2 (sky130_fd_sc_hd__a21oi_1)
                  0.05    0.08    2.24 v _180_/Y (sky130_fd_sc_hd__a21oi_1)
     1    0.00                           _088_ (net)
                  0.05    0.00    2.24 v _181_/B1 (sky130_fd_sc_hd__a21oi_1)
                  0.13    0.14    2.38 ^ _181_/Y (sky130_fd_sc_hd__a21oi_1)
     1    0.00                           _055_ (net)
                  0.13    0.00    2.38 ^ _301_/D (sky130_fd_sc_hd__dfrtp_2)
                                  2.38   data arrival time

                         10.00   10.00   clock clk (rise edge)
                          0.00   10.00   clock source latency
                  0.04    0.03   10.03 ^ clk (in)
     1    0.01                           clk (net)
                  0.04    0.00   10.03 ^ clkbuf_0_clk/A (sky130_fd_sc_hd__clkbuf_16)
                  0.05    0.13   10.15 ^ clkbuf_0_clk/X (sky130_fd_sc_hd__clkbuf_16)
     4    0.03                           clknet_0_clk (net)
                  0.05    0.00   10.15 ^ clkbuf_2_3__f_clk/A (sky130_fd_sc_hd__clkbuf_16)
                  0.05    0.13   10.28 ^ clkbuf_2_3__f_clk/X (sky130_fd_sc_hd__clkbuf_16)
     8    0.02                           clknet_2_3__leaf_clk (net)
                  0.05    0.00   10.28 ^ _301_/CLK (sky130_fd_sc_hd__dfrtp_2)
                         -0.25   10.03   clock uncertainty
                          0.02   10.05   clock reconvergence pessimism
                         -0.08    9.96   library setup time
                                  9.96   data required time
-----------------------------------------------------------------------------
                                  9.96   data required time
                                 -2.38   data arrival time
-----------------------------------------------------------------------------
                                  7.58   slack (MET)


Startpoint: _297_ (rising edge-triggered flip-flop clocked by clk)
Endpoint: _320_ (rising edge-triggered flip-flop clocked by clk)
Path Group: clk
Path Type: max

Fanout     Cap    Slew   Delay    Time   Description
-----------------------------------------------------------------------------
                          0.00    0.00   clock clk (rise edge)
                          0.00    0.00   clock source latency
                  0.04    0.03    0.03 ^ clk (in)
     1    0.01                           clk (net)
                  0.04    0.00    0.03 ^ clkbuf_0_clk/A (sky130_fd_sc_hd__clkbuf_16)
                  0.05    0.14    0.17 ^ clkbuf_0_clk/X (sky130_fd_sc_hd__clkbuf_16)
     4    0.03                           clknet_0_clk (net)
                  0.05    0.00    0.17 ^ clkbuf_2_2__f_clk/A (sky130_fd_sc_hd__clkbuf_16)
                  0.04    0.13    0.30 ^ clkbuf_2_2__f_clk/X (sky130_fd_sc_hd__clkbuf_16)
     6    0.02                           clknet_2_2__leaf_clk (net)
                  0.04    0.00    0.30 ^ _297_/CLK (sky130_fd_sc_hd__dfrtp_4)
                  0.09    0.53    0.84 v _297_/Q (sky130_fd_sc_hd__dfrtp_4)
     8    0.03                           state[1] (net)
                  0.09    0.00    0.84 v _192_/B (sky130_fd_sc_hd__or3_4)
                  0.08    0.41    1.25 v _192_/X (sky130_fd_sc_hd__or3_4)
     7    0.01                           _094_ (net)
                  0.08    0.00    1.25 v _193_/A (sky130_fd_sc_hd__buf_2)
                  0.06    0.17    1.42 v _193_/X (sky130_fd_sc_hd__buf_2)
    10    0.02                           _095_ (net)
                  0.06    0.00    1.42 v _216_/B1_N (sky130_fd_sc_hd__a21boi_1)
                  0.06    0.14    1.56 v _216_/Y (sky130_fd_sc_hd__a21boi_1)
     1    0.00                           _112_ (net)
                  0.06    0.00    1.56 v _217_/B1 (sky130_fd_sc_hd__o21a_1)
                  0.04    0.11    1.68 v _217_/X (sky130_fd_sc_hd__o21a_1)
     1    0.00                           _012_ (net)
                  0.04    0.00    1.68 v hold10/A (sky130_fd_sc_hd__dlygate4sd3_1)
                  0.06    0.58    2.26 v hold10/X (sky130_fd_sc_hd__dlygate4sd3_1)
     1    0.00                           net23 (net)
                  0.06    0.00    2.26 v _320_/D (sky130_fd_sc_hd__dfrtp_1)
                                  2.26   data arrival time

                         10.00   10.00   clock clk (rise edge)
                          0.00   10.00   clock source latency
                  0.04    0.03   10.03 ^ clk (in)
     1    0.01                           clk (net)
                  0.04    0.00   10.03 ^ clkbuf_0_clk/A (sky130_fd_sc_hd__clkbuf_16)
                  0.05    0.13   10.15 ^ clkbuf_0_clk/X (sky130_fd_sc_hd__clkbuf_16)
     4    0.03                           clknet_0_clk (net)
                  0.05    0.00   10.15 ^ clkbuf_2_0__f_clk/A (sky130_fd_sc_hd__clkbuf_16)
                  0.05    0.13   10.28 ^ clkbuf_2_0__f_clk/X (sky130_fd_sc_hd__clkbuf_16)
     9    0.03                           clknet_2_0__leaf_clk (net)
                  0.05    0.00   10.28 ^ _320_/CLK (sky130_fd_sc_hd__dfrtp_1)
                         -0.25   10.03   clock uncertainty
                          0.02   10.05   clock reconvergence pessimism
                         -0.12    9.93   library setup time
                                  9.93   data required time
-----------------------------------------------------------------------------
                                  9.93   data required time
                                 -2.26   data arrival time
-----------------------------------------------------------------------------
                                  7.67   slack (MET)


Startpoint: _326_ (rising edge-triggered flip-flop clocked by clk)
Endpoint: _300_ (rising edge-triggered flip-flop clocked by clk)
Path Group: clk
Path Type: max

Fanout     Cap    Slew   Delay    Time   Description
-----------------------------------------------------------------------------
                          0.00    0.00   clock clk (rise edge)
                          0.00    0.00   clock source latency
                  0.04    0.03    0.03 ^ clk (in)
     1    0.01                           clk (net)
                  0.04    0.00    0.03 ^ clkbuf_0_clk/A (sky130_fd_sc_hd__clkbuf_16)
                  0.05    0.14    0.17 ^ clkbuf_0_clk/X (sky130_fd_sc_hd__clkbuf_16)
     4    0.03                           clknet_0_clk (net)
                  0.05    0.00    0.17 ^ clkbuf_2_1__f_clk/A (sky130_fd_sc_hd__clkbuf_16)
                  0.05    0.15    0.32 ^ clkbuf_2_1__f_clk/X (sky130_fd_sc_hd__clkbuf_16)
    11    0.03                           clknet_2_1__leaf_clk (net)
                  0.05    0.00    0.32 ^ _326_/CLK (sky130_fd_sc_hd__dfrtp_1)
                  0.09    0.43    0.75 v _326_/Q (sky130_fd_sc_hd__dfrtp_1)
     6    0.01                           baud_count[12] (net)
                  0.09    0.00    0.75 v _167_/B (sky130_fd_sc_hd__or4_1)
                  0.09    0.54    1.29 v _167_/X (sky130_fd_sc_hd__or4_1)
     2    0.00                           _077_ (net)
                  0.09    0.00    1.29 v _170_/B (sky130_fd_sc_hd__nor4_1)
                  0.41    0.44    1.73 ^ _170_/Y (sky130_fd_sc_hd__nor4_1)
     2    0.01                           _080_ (net)
                  0.41    0.00    1.73 ^ max_cap13/A (sky130_fd_sc_hd__buf_1)
                  0.13    0.20    1.93 ^ max_cap13/X (sky130_fd_sc_hd__buf_1)
     3    0.01                           net13 (net)
                  0.13    0.00    1.93 ^ _171_/A1 (sky130_fd_sc_hd__mux2_2)
                  0.10    0.23    2.16 ^ _171_/X (sky130_fd_sc_hd__mux2_2)
     5    0.02                           _081_ (net)
                  0.10    0.00    2.16 ^ _183_/A2 (sky130_fd_sc_hd__a21oi_1)
                  0.05    0.08    2.24 v _183_/Y (sky130_fd_sc_hd__a21oi_1)
     1    0.00                           _054_ (net)
                  0.05    0.00    2.24 v _300_/D (sky130_fd_sc_hd__dfrtp_4)
                                  2.24   data arrival time

                         10.00   10.00   clock clk (rise edge)
                          0.00   10.00   clock source latency
                  0.04    0.03   10.03 ^ clk (in)
     1    0.01                           clk (net)
                  0.04    0.00   10.03 ^ clkbuf_0_clk/A (sky130_fd_sc_hd__clkbuf_16)
                  0.05    0.13   10.15 ^ clkbuf_0_clk/X (sky130_fd_sc_hd__clkbuf_16)
     4    0.03                           clknet_0_clk (net)
                  0.05    0.00   10.15 ^ clkbuf_2_3__f_clk/A (sky130_fd_sc_hd__clkbuf_16)
                  0.05    0.13   10.28 ^ clkbuf_2_3__f_clk/X (sky130_fd_sc_hd__clkbuf_16)
     8    0.02                           clknet_2_3__leaf_clk (net)
                  0.05    0.00   10.28 ^ _300_/CLK (sky130_fd_sc_hd__dfrtp_4)
                         -0.25   10.03   clock uncertainty
                          0.02   10.05   clock reconvergence pessimism
                         -0.11    9.93   library setup time
                                  9.93   data required time
-----------------------------------------------------------------------------
                                  9.93   data required time
                                 -2.24   data arrival time
-----------------------------------------------------------------------------
                                  7.69   slack (MET)


Startpoint: _326_ (rising edge-triggered flip-flop clocked by clk)
Endpoint: _318_ (rising edge-triggered flip-flop clocked by clk)
Path Group: clk
Path Type: max

Fanout     Cap    Slew   Delay    Time   Description
-----------------------------------------------------------------------------
                          0.00    0.00   clock clk (rise edge)
                          0.00    0.00   clock source latency
                  0.04    0.03    0.03 ^ clk (in)
     1    0.01                           clk (net)
                  0.04    0.00    0.03 ^ clkbuf_0_clk/A (sky130_fd_sc_hd__clkbuf_16)
                  0.05    0.14    0.17 ^ clkbuf_0_clk/X (sky130_fd_sc_hd__clkbuf_16)
     4    0.03                           clknet_0_clk (net)
                  0.05    0.00    0.17 ^ clkbuf_2_1__f_clk/A (sky130_fd_sc_hd__clkbuf_16)
                  0.05    0.15    0.32 ^ clkbuf_2_1__f_clk/X (sky130_fd_sc_hd__clkbuf_16)
    11    0.03                           clknet_2_1__leaf_clk (net)
                  0.05    0.00    0.32 ^ _326_/CLK (sky130_fd_sc_hd__dfrtp_1)
                  0.09    0.43    0.75 v _326_/Q (sky130_fd_sc_hd__dfrtp_1)
     6    0.01                           baud_count[12] (net)
                  0.09    0.00    0.75 v _167_/B (sky130_fd_sc_hd__or4_1)
                  0.09    0.54    1.29 v _167_/X (sky130_fd_sc_hd__or4_1)
     2    0.00                           _077_ (net)
                  0.09    0.00    1.29 v _184_/B (sky130_fd_sc_hd__or4_2)
                  0.15    0.77    2.06 v _184_/X (sky130_fd_sc_hd__or4_2)
     6    0.02                           _090_ (net)
                  0.15    0.00    2.06 v _209_/B1 (sky130_fd_sc_hd__o211a_1)
                  0.04    0.17    2.23 v _209_/X (sky130_fd_sc_hd__o211a_1)
     1    0.00                           _010_ (net)
                  0.04    0.00    2.23 v _318_/D (sky130_fd_sc_hd__dfrtp_1)
                                  2.23   data arrival time

                         10.00   10.00   clock clk (rise edge)
                          0.00   10.00   clock source latency
                  0.04    0.03   10.03 ^ clk (in)
     1    0.01                           clk (net)
                  0.04    0.00   10.03 ^ clkbuf_0_clk/A (sky130_fd_sc_hd__clkbuf_16)
                  0.05    0.13   10.15 ^ clkbuf_0_clk/X (sky130_fd_sc_hd__clkbuf_16)
     4    0.03                           clknet_0_clk (net)
                  0.05    0.00   10.15 ^ clkbuf_2_0__f_clk/A (sky130_fd_sc_hd__clkbuf_16)
                  0.05    0.13   10.28 ^ clkbuf_2_0__f_clk/X (sky130_fd_sc_hd__clkbuf_16)
     9    0.03                           clknet_2_0__leaf_clk (net)
                  0.05    0.00   10.28 ^ _318_/CLK (sky130_fd_sc_hd__dfrtp_1)
                         -0.25   10.03   clock uncertainty
                          0.02   10.05   clock reconvergence pessimism
                         -0.11    9.94   library setup time
                                  9.94   data required time
-----------------------------------------------------------------------------
                                  9.94   data required time
                                 -2.23   data arrival time
-----------------------------------------------------------------------------
                                  7.71   slack (MET)


Startpoint: reset (input port clocked by clk)
Endpoint: _304_ (recovery check against rising-edge clock clk)
Path Group: asynchronous
Path Type: max

Fanout     Cap    Slew   Delay    Time   Description
-----------------------------------------------------------------------------
                          0.00    0.00   clock clk (rise edge)
                          0.00    0.00   clock network delay (propagated)
                          2.00    2.00 v input external delay
                  0.01    0.00    2.00 v reset (in)
     1    0.00                           reset (net)
                  0.01    0.00    2.00 v input9/A (sky130_fd_sc_hd__buf_2)
                  0.08    0.16    2.17 v input9/X (sky130_fd_sc_hd__buf_2)
     7    0.03                           net9 (net)
                  0.08    0.00    2.17 v _259_/A (sky130_fd_sc_hd__buf_4)
                  0.07    0.20    2.37 v _259_/X (sky130_fd_sc_hd__buf_4)
    10    0.04                           _143_ (net)
                  0.07    0.00    2.37 v _268_/A (sky130_fd_sc_hd__inv_2)
                  0.03    0.06    2.43 ^ _268_/Y (sky130_fd_sc_hd__inv_2)
     1    0.00                           _045_ (net)
                  0.03    0.00    2.43 ^ _304_/SET_B (sky130_fd_sc_hd__dfstp_1)
                                  2.43   data arrival time

                         10.00   10.00   clock clk (rise edge)
                          0.00   10.00   clock source latency
                  0.04    0.03   10.03 ^ clk (in)
     1    0.01                           clk (net)
                  0.04    0.00   10.03 ^ clkbuf_0_clk/A (sky130_fd_sc_hd__clkbuf_16)
                  0.05    0.13   10.15 ^ clkbuf_0_clk/X (sky130_fd_sc_hd__clkbuf_16)
     4    0.03                           clknet_0_clk (net)
                  0.05    0.00   10.15 ^ clkbuf_2_2__f_clk/A (sky130_fd_sc_hd__clkbuf_16)
                  0.04    0.12   10.27 ^ clkbuf_2_2__f_clk/X (sky130_fd_sc_hd__clkbuf_16)
     6    0.02                           clknet_2_2__leaf_clk (net)
                  0.04    0.00   10.27 ^ _304_/CLK (sky130_fd_sc_hd__dfstp_1)
                         -0.25   10.02   clock uncertainty
                          0.00   10.02   clock reconvergence pessimism
                          0.14   10.16   library recovery time
                                 10.16   data required time
-----------------------------------------------------------------------------
                                 10.16   data required time
                                 -2.43   data arrival time
-----------------------------------------------------------------------------
                                  7.73   slack (MET)


Startpoint: reset (input port clocked by clk)
Endpoint: _296_ (recovery check against rising-edge clock clk)
Path Group: asynchronous
Path Type: max

Fanout     Cap    Slew   Delay    Time   Description
-----------------------------------------------------------------------------
                          0.00    0.00   clock clk (rise edge)
                          0.00    0.00   clock network delay (propagated)
                          2.00    2.00 v input external delay
                  0.01    0.00    2.00 v reset (in)
     1    0.00                           reset (net)
                  0.01    0.00    2.00 v input9/A (sky130_fd_sc_hd__buf_2)
                  0.08    0.16    2.17 v input9/X (sky130_fd_sc_hd__buf_2)
     7    0.03                           net9 (net)
                  0.08    0.00    2.17 v _259_/A (sky130_fd_sc_hd__buf_4)
                  0.07    0.20    2.37 v _259_/X (sky130_fd_sc_hd__buf_4)
    10    0.04                           _143_ (net)
                  0.07    0.00    2.37 v _260_/A (sky130_fd_sc_hd__inv_2)
                  0.03    0.06    2.43 ^ _260_/Y (sky130_fd_sc_hd__inv_2)
     1    0.00                           _037_ (net)
                  0.03    0.00    2.43 ^ _296_/SET_B (sky130_fd_sc_hd__dfstp_1)
                                  2.43   data arrival time

                         10.00   10.00   clock clk (rise edge)
                          0.00   10.00   clock source latency
                  0.04    0.03   10.03 ^ clk (in)
     1    0.01                           clk (net)
                  0.04    0.00   10.03 ^ clkbuf_0_clk/A (sky130_fd_sc_hd__clkbuf_16)
                  0.05    0.13   10.15 ^ clkbuf_0_clk/X (sky130_fd_sc_hd__clkbuf_16)
     4    0.03                           clknet_0_clk (net)
                  0.05    0.00   10.15 ^ clkbuf_2_1__f_clk/A (sky130_fd_sc_hd__clkbuf_16)
                  0.05    0.13   10.29 ^ clkbuf_2_1__f_clk/X (sky130_fd_sc_hd__clkbuf_16)
    11    0.03                           clknet_2_1__leaf_clk (net)
                  0.05    0.00   10.29 ^ _296_/CLK (sky130_fd_sc_hd__dfstp_1)
                         -0.25   10.04   clock uncertainty
                          0.00   10.04   clock reconvergence pessimism
                          0.14   10.18   library recovery time
                                 10.18   data required time
-----------------------------------------------------------------------------
                                 10.18   data required time
                                 -2.43   data arrival time
-----------------------------------------------------------------------------
                                  7.74   slack (MET)


Startpoint: reset (input port clocked by clk)
Endpoint: _315_ (recovery check against rising-edge clock clk)
Path Group: asynchronous
Path Type: max

Fanout     Cap    Slew   Delay    Time   Description
-----------------------------------------------------------------------------
                          0.00    0.00   clock clk (rise edge)
                          0.00    0.00   clock network delay (propagated)
                          2.00    2.00 v input external delay
                  0.01    0.00    2.00 v reset (in)
     1    0.00                           reset (net)
                  0.01    0.00    2.00 v input9/A (sky130_fd_sc_hd__buf_2)
                  0.08    0.16    2.17 v input9/X (sky130_fd_sc_hd__buf_2)
     7    0.03                           net9 (net)
                  0.08    0.00    2.17 v _270_/A (sky130_fd_sc_hd__buf_4)
                  0.07    0.20    2.37 v _270_/X (sky130_fd_sc_hd__buf_4)
    10    0.04                           _144_ (net)
                  0.07    0.00    2.37 v _280_/A (sky130_fd_sc_hd__inv_2)
                  0.04    0.06    2.44 ^ _280_/Y (sky130_fd_sc_hd__inv_2)
     1    0.01                           _022_ (net)
                  0.04    0.00    2.44 ^ _315_/RESET_B (sky130_fd_sc_hd__dfrtp_2)
                                  2.44   data arrival time

                         10.00   10.00   clock clk (rise edge)
                          0.00   10.00   clock source latency
                  0.04    0.03   10.03 ^ clk (in)
     1    0.01                           clk (net)
                  0.04    0.00   10.03 ^ clkbuf_0_clk/A (sky130_fd_sc_hd__clkbuf_16)
                  0.05    0.13   10.15 ^ clkbuf_0_clk/X (sky130_fd_sc_hd__clkbuf_16)
     4    0.03                           clknet_0_clk (net)
                  0.05    0.00   10.15 ^ clkbuf_2_2__f_clk/A (sky130_fd_sc_hd__clkbuf_16)
                  0.04    0.12   10.27 ^ clkbuf_2_2__f_clk/X (sky130_fd_sc_hd__clkbuf_16)
     6    0.02                           clknet_2_2__leaf_clk (net)
                  0.04    0.00   10.27 ^ _315_/CLK (sky130_fd_sc_hd__dfrtp_2)
                         -0.25   10.02   clock uncertainty
                          0.00   10.02   clock reconvergence pessimism
                          0.22   10.24   library recovery time
                                 10.24   data required time
-----------------------------------------------------------------------------
                                 10.24   data required time
                                 -2.44   data arrival time
-----------------------------------------------------------------------------
                                  7.81   slack (MET)


Startpoint: reset (input port clocked by clk)
Endpoint: _297_ (recovery check against rising-edge clock clk)
Path Group: asynchronous
Path Type: max

Fanout     Cap    Slew   Delay    Time   Description
-----------------------------------------------------------------------------
                          0.00    0.00   clock clk (rise edge)
                          0.00    0.00   clock network delay (propagated)
                          2.00    2.00 v input external delay
                  0.01    0.00    2.00 v reset (in)
     1    0.00                           reset (net)
                  0.01    0.00    2.00 v input9/A (sky130_fd_sc_hd__buf_2)
                  0.08    0.16    2.17 v input9/X (sky130_fd_sc_hd__buf_2)
     7    0.03                           net9 (net)
                  0.08    0.00    2.17 v _259_/A (sky130_fd_sc_hd__buf_4)
                  0.07    0.20    2.37 v _259_/X (sky130_fd_sc_hd__buf_4)
    10    0.04                           _143_ (net)
                  0.07    0.00    2.37 v _261_/A (sky130_fd_sc_hd__inv_2)
                  0.03    0.06    2.43 ^ _261_/Y (sky130_fd_sc_hd__inv_2)
     1    0.00                           _038_ (net)
                  0.03    0.00    2.43 ^ _297_/RESET_B (sky130_fd_sc_hd__dfrtp_4)
                                  2.43   data arrival time

                         10.00   10.00   clock clk (rise edge)
                          0.00   10.00   clock source latency
                  0.04    0.03   10.03 ^ clk (in)
     1    0.01                           clk (net)
                  0.04    0.00   10.03 ^ clkbuf_0_clk/A (sky130_fd_sc_hd__clkbuf_16)
                  0.05    0.13   10.15 ^ clkbuf_0_clk/X (sky130_fd_sc_hd__clkbuf_16)
     4    0.03                           clknet_0_clk (net)
                  0.05    0.00   10.15 ^ clkbuf_2_2__f_clk/A (sky130_fd_sc_hd__clkbuf_16)
                  0.04    0.12   10.27 ^ clkbuf_2_2__f_clk/X (sky130_fd_sc_hd__clkbuf_16)
     6    0.02                           clknet_2_2__leaf_clk (net)
                  0.04    0.00   10.27 ^ _297_/CLK (sky130_fd_sc_hd__dfrtp_4)
                         -0.25   10.02   clock uncertainty
                          0.00   10.02   clock reconvergence pessimism
                          0.22   10.24   library recovery time
                                 10.24   data required time
-----------------------------------------------------------------------------
                                 10.24   data required time
                                 -2.43   data arrival time
-----------------------------------------------------------------------------
                                  7.81   slack (MET)


Startpoint: reset (input port clocked by clk)
Endpoint: _301_ (recovery check against rising-edge clock clk)
Path Group: asynchronous
Path Type: max

Fanout     Cap    Slew   Delay    Time   Description
-----------------------------------------------------------------------------
                          0.00    0.00   clock clk (rise edge)
                          0.00    0.00   clock network delay (propagated)
                          2.00    2.00 v input external delay
                  0.01    0.00    2.00 v reset (in)
     1    0.00                           reset (net)
                  0.01    0.00    2.00 v input9/A (sky130_fd_sc_hd__buf_2)
                  0.08    0.16    2.17 v input9/X (sky130_fd_sc_hd__buf_2)
     7    0.03                           net9 (net)
                  0.08    0.00    2.17 v _259_/A (sky130_fd_sc_hd__buf_4)
                  0.07    0.20    2.37 v _259_/X (sky130_fd_sc_hd__buf_4)
    10    0.04                           _143_ (net)
                  0.07    0.00    2.37 v _265_/A (sky130_fd_sc_hd__inv_2)
                  0.03    0.06    2.43 ^ _265_/Y (sky130_fd_sc_hd__inv_2)
     1    0.00                           _042_ (net)
                  0.03    0.00    2.43 ^ _301_/RESET_B (sky130_fd_sc_hd__dfrtp_2)
                                  2.43   data arrival time

                         10.00   10.00   clock clk (rise edge)
                          0.00   10.00   clock source latency
                  0.04    0.03   10.03 ^ clk (in)
     1    0.01                           clk (net)
                  0.04    0.00   10.03 ^ clkbuf_0_clk/A (sky130_fd_sc_hd__clkbuf_16)
                  0.05    0.13   10.15 ^ clkbuf_0_clk/X (sky130_fd_sc_hd__clkbuf_16)
     4    0.03                           clknet_0_clk (net)
                  0.05    0.00   10.15 ^ clkbuf_2_3__f_clk/A (sky130_fd_sc_hd__clkbuf_16)
                  0.05    0.13   10.28 ^ clkbuf_2_3__f_clk/X (sky130_fd_sc_hd__clkbuf_16)
     8    0.02                           clknet_2_3__leaf_clk (net)
                  0.05    0.00   10.28 ^ _301_/CLK (sky130_fd_sc_hd__dfrtp_2)
                         -0.25   10.03   clock uncertainty
                          0.00   10.03   clock reconvergence pessimism
                          0.22   10.25   library recovery time
                                 10.25   data required time
-----------------------------------------------------------------------------
                                 10.25   data required time
                                 -2.43   data arrival time
-----------------------------------------------------------------------------
                                  7.82   slack (MET)


Startpoint: reset (input port clocked by clk)
Endpoint: _314_ (recovery check against rising-edge clock clk)
Path Group: asynchronous
Path Type: max

Fanout     Cap    Slew   Delay    Time   Description
-----------------------------------------------------------------------------
                          0.00    0.00   clock clk (rise edge)
                          0.00    0.00   clock network delay (propagated)
                          2.00    2.00 v input external delay
                  0.01    0.00    2.00 v reset (in)
     1    0.00                           reset (net)
                  0.01    0.00    2.00 v input9/A (sky130_fd_sc_hd__buf_2)
                  0.08    0.16    2.17 v input9/X (sky130_fd_sc_hd__buf_2)
     7    0.03                           net9 (net)
                  0.08    0.00    2.17 v _270_/A (sky130_fd_sc_hd__buf_4)
                  0.07    0.20    2.37 v _270_/X (sky130_fd_sc_hd__buf_4)
    10    0.04                           _144_ (net)
                  0.07    0.00    2.37 v _279_/A (sky130_fd_sc_hd__inv_2)
                  0.04    0.06    2.44 ^ _279_/Y (sky130_fd_sc_hd__inv_2)
     1    0.01                           _021_ (net)
                  0.04    0.00    2.44 ^ _314_/RESET_B (sky130_fd_sc_hd__dfrtp_4)
                                  2.44   data arrival time

                         10.00   10.00   clock clk (rise edge)
                          0.00   10.00   clock source latency
                  0.04    0.03   10.03 ^ clk (in)
     1    0.01                           clk (net)
                  0.04    0.00   10.03 ^ clkbuf_0_clk/A (sky130_fd_sc_hd__clkbuf_16)
                  0.05    0.13   10.15 ^ clkbuf_0_clk/X (sky130_fd_sc_hd__clkbuf_16)
     4    0.03                           clknet_0_clk (net)
                  0.05    0.00   10.15 ^ clkbuf_2_0__f_clk/A (sky130_fd_sc_hd__clkbuf_16)
                  0.05    0.13   10.28 ^ clkbuf_2_0__f_clk/X (sky130_fd_sc_hd__clkbuf_16)
     9    0.03                           clknet_2_0__leaf_clk (net)
                  0.05    0.00   10.28 ^ _314_/CLK (sky130_fd_sc_hd__dfrtp_4)
                         -0.25   10.03   clock uncertainty
                          0.00   10.03   clock reconvergence pessimism
                          0.22   10.26   library recovery time
                                 10.26   data required time
-----------------------------------------------------------------------------
                                 10.26   data required time
                                 -2.44   data arrival time
-----------------------------------------------------------------------------
                                  7.82   slack (MET)


Startpoint: reset (input port clocked by clk)
Endpoint: _303_ (recovery check against rising-edge clock clk)
Path Group: asynchronous
Path Type: max

Fanout     Cap    Slew   Delay    Time   Description
-----------------------------------------------------------------------------
                          0.00    0.00   clock clk (rise edge)
                          0.00    0.00   clock network delay (propagated)
                          2.00    2.00 v input external delay
                  0.01    0.00    2.00 v reset (in)
     1    0.00                           reset (net)
                  0.01    0.00    2.00 v input9/A (sky130_fd_sc_hd__buf_2)
                  0.08    0.16    2.17 v input9/X (sky130_fd_sc_hd__buf_2)
     7    0.03                           net9 (net)
                  0.08    0.00    2.17 v _259_/A (sky130_fd_sc_hd__buf_4)
                  0.07    0.20    2.37 v _259_/X (sky130_fd_sc_hd__buf_4)
    10    0.04                           _143_ (net)
                  0.07    0.00    2.37 v _267_/A (sky130_fd_sc_hd__inv_2)
                  0.03    0.06    2.43 ^ _267_/Y (sky130_fd_sc_hd__inv_2)
     1    0.00                           _044_ (net)
                  0.03    0.00    2.43 ^ _303_/RESET_B (sky130_fd_sc_hd__dfrtp_1)
                                  2.43   data arrival time

                         10.00   10.00   clock clk (rise edge)
                          0.00   10.00   clock source latency
                  0.04    0.03   10.03 ^ clk (in)
     1    0.01                           clk (net)
                  0.04    0.00   10.03 ^ clkbuf_0_clk/A (sky130_fd_sc_hd__clkbuf_16)
                  0.05    0.13   10.15 ^ clkbuf_0_clk/X (sky130_fd_sc_hd__clkbuf_16)
     4    0.03                           clknet_0_clk (net)
                  0.05    0.00   10.15 ^ clkbuf_2_2__f_clk/A (sky130_fd_sc_hd__clkbuf_16)
                  0.04    0.12   10.27 ^ clkbuf_2_2__f_clk/X (sky130_fd_sc_hd__clkbuf_16)
     6    0.02                           clknet_2_2__leaf_clk (net)
                  0.04    0.00   10.27 ^ _303_/CLK (sky130_fd_sc_hd__dfrtp_1)
                         -0.25   10.02   clock uncertainty
                          0.00   10.02   clock reconvergence pessimism
                          0.23   10.25   library recovery time
                                 10.25   data required time
-----------------------------------------------------------------------------
                                 10.25   data required time
                                 -2.43   data arrival time
-----------------------------------------------------------------------------
                                  7.82   slack (MET)


Startpoint: reset (input port clocked by clk)
Endpoint: _299_ (recovery check against rising-edge clock clk)
Path Group: asynchronous
Path Type: max

Fanout     Cap    Slew   Delay    Time   Description
-----------------------------------------------------------------------------
                          0.00    0.00   clock clk (rise edge)
                          0.00    0.00   clock network delay (propagated)
                          2.00    2.00 v input external delay
                  0.01    0.00    2.00 v reset (in)
     1    0.00                           reset (net)
                  0.01    0.00    2.00 v input9/A (sky130_fd_sc_hd__buf_2)
                  0.08    0.16    2.17 v input9/X (sky130_fd_sc_hd__buf_2)
     7    0.03                           net9 (net)
                  0.08    0.00    2.17 v _259_/A (sky130_fd_sc_hd__buf_4)
                  0.07    0.20    2.37 v _259_/X (sky130_fd_sc_hd__buf_4)
    10    0.04                           _143_ (net)
                  0.07    0.00    2.37 v _263_/A (sky130_fd_sc_hd__inv_2)
                  0.03    0.06    2.43 ^ _263_/Y (sky130_fd_sc_hd__inv_2)
     1    0.00                           _040_ (net)
                  0.03    0.00    2.43 ^ _299_/RESET_B (sky130_fd_sc_hd__dfrtp_1)
                                  2.43   data arrival time

                         10.00   10.00   clock clk (rise edge)
                          0.00   10.00   clock source latency
                  0.04    0.03   10.03 ^ clk (in)
     1    0.01                           clk (net)
                  0.04    0.00   10.03 ^ clkbuf_0_clk/A (sky130_fd_sc_hd__clkbuf_16)
                  0.05    0.13   10.15 ^ clkbuf_0_clk/X (sky130_fd_sc_hd__clkbuf_16)
     4    0.03                           clknet_0_clk (net)
                  0.05    0.00   10.15 ^ clkbuf_2_2__f_clk/A (sky130_fd_sc_hd__clkbuf_16)
                  0.04    0.12   10.27 ^ clkbuf_2_2__f_clk/X (sky130_fd_sc_hd__clkbuf_16)
     6    0.02                           clknet_2_2__leaf_clk (net)
                  0.04    0.00   10.27 ^ _299_/CLK (sky130_fd_sc_hd__dfrtp_1)
                         -0.25   10.02   clock uncertainty
                          0.00   10.02   clock reconvergence pessimism
                          0.23   10.25   library recovery time
                                 10.25   data required time
-----------------------------------------------------------------------------
                                 10.25   data required time
                                 -2.43   data arrival time
-----------------------------------------------------------------------------
                                  7.82   slack (MET)


Startpoint: reset (input port clocked by clk)
Endpoint: _300_ (recovery check against rising-edge clock clk)
Path Group: asynchronous
Path Type: max

Fanout     Cap    Slew   Delay    Time   Description
-----------------------------------------------------------------------------
                          0.00    0.00   clock clk (rise edge)
                          0.00    0.00   clock network delay (propagated)
                          2.00    2.00 v input external delay
                  0.01    0.00    2.00 v reset (in)
     1    0.00                           reset (net)
                  0.01    0.00    2.00 v input9/A (sky130_fd_sc_hd__buf_2)
                  0.08    0.16    2.17 v input9/X (sky130_fd_sc_hd__buf_2)
     7    0.03                           net9 (net)
                  0.08    0.00    2.17 v _259_/A (sky130_fd_sc_hd__buf_4)
                  0.07    0.20    2.37 v _259_/X (sky130_fd_sc_hd__buf_4)
    10    0.04                           _143_ (net)
                  0.07    0.00    2.37 v _264_/A (sky130_fd_sc_hd__inv_2)
                  0.03    0.06    2.43 ^ _264_/Y (sky130_fd_sc_hd__inv_2)
     1    0.00                           _041_ (net)
                  0.03    0.00    2.43 ^ _300_/RESET_B (sky130_fd_sc_hd__dfrtp_4)
                                  2.43   data arrival time

                         10.00   10.00   clock clk (rise edge)
                          0.00   10.00   clock source latency
                  0.04    0.03   10.03 ^ clk (in)
     1    0.01                           clk (net)
                  0.04    0.00   10.03 ^ clkbuf_0_clk/A (sky130_fd_sc_hd__clkbuf_16)
                  0.05    0.13   10.15 ^ clkbuf_0_clk/X (sky130_fd_sc_hd__clkbuf_16)
     4    0.03                           clknet_0_clk (net)
                  0.05    0.00   10.15 ^ clkbuf_2_3__f_clk/A (sky130_fd_sc_hd__clkbuf_16)
                  0.05    0.13   10.28 ^ clkbuf_2_3__f_clk/X (sky130_fd_sc_hd__clkbuf_16)
     8    0.02                           clknet_2_3__leaf_clk (net)
                  0.05    0.00   10.28 ^ _300_/CLK (sky130_fd_sc_hd__dfrtp_4)
                         -0.25   10.03   clock uncertainty
                          0.00   10.03   clock reconvergence pessimism
                          0.22   10.25   library recovery time
                                 10.25   data required time
-----------------------------------------------------------------------------
                                 10.25   data required time
                                 -2.43   data arrival time
-----------------------------------------------------------------------------
                                  7.82   slack (MET)


Startpoint: reset (input port clocked by clk)
Endpoint: _322_ (recovery check against rising-edge clock clk)
Path Group: asynchronous
Path Type: max

Fanout     Cap    Slew   Delay    Time   Description
-----------------------------------------------------------------------------
                          0.00    0.00   clock clk (rise edge)
                          0.00    0.00   clock network delay (propagated)
                          2.00    2.00 v input external delay
                  0.01    0.00    2.00 v reset (in)
     1    0.00                           reset (net)
                  0.01    0.00    2.00 v input9/A (sky130_fd_sc_hd__buf_2)
                  0.08    0.16    2.17 v input9/X (sky130_fd_sc_hd__buf_2)
     7    0.03                           net9 (net)
                  0.08    0.00    2.17 v _281_/A (sky130_fd_sc_hd__buf_4)
                  0.07    0.20    2.37 v _281_/X (sky130_fd_sc_hd__buf_4)
    10    0.04                           _145_ (net)
                  0.07    0.00    2.37 v _288_/A (sky130_fd_sc_hd__inv_2)
                  0.03    0.06    2.43 ^ _288_/Y (sky130_fd_sc_hd__inv_2)
     1    0.00                           _029_ (net)
                  0.03    0.00    2.43 ^ _322_/RESET_B (sky130_fd_sc_hd__dfrtp_2)
                                  2.43   data arrival time

                         10.00   10.00   clock clk (rise edge)
                          0.00   10.00   clock source latency
                  0.04    0.03   10.03 ^ clk (in)
     1    0.01                           clk (net)
                  0.04    0.00   10.03 ^ clkbuf_0_clk/A (sky130_fd_sc_hd__clkbuf_16)
                  0.05    0.13   10.15 ^ clkbuf_0_clk/X (sky130_fd_sc_hd__clkbuf_16)
     4    0.03                           clknet_0_clk (net)
                  0.05    0.00   10.15 ^ clkbuf_2_0__f_clk/A (sky130_fd_sc_hd__clkbuf_16)
                  0.05    0.13   10.28 ^ clkbuf_2_0__f_clk/X (sky130_fd_sc_hd__clkbuf_16)
     9    0.03                           clknet_2_0__leaf_clk (net)
                  0.05    0.00   10.28 ^ _322_/CLK (sky130_fd_sc_hd__dfrtp_2)
                         -0.25   10.03   clock uncertainty
                          0.00   10.03   clock reconvergence pessimism
                          0.22   10.26   library recovery time
                                 10.26   data required time
-----------------------------------------------------------------------------
                                 10.26   data required time
                                 -2.43   data arrival time
-----------------------------------------------------------------------------
                                  7.82   slack (MET)


Startpoint: reset (input port clocked by clk)
Endpoint: _305_ (recovery check against rising-edge clock clk)
Path Group: asynchronous
Path Type: max

Fanout     Cap    Slew   Delay    Time   Description
-----------------------------------------------------------------------------
                          0.00    0.00   clock clk (rise edge)
                          0.00    0.00   clock network delay (propagated)
                          2.00    2.00 v input external delay
                  0.01    0.00    2.00 v reset (in)
     1    0.00                           reset (net)
                  0.01    0.00    2.00 v input9/A (sky130_fd_sc_hd__buf_2)
                  0.08    0.16    2.17 v input9/X (sky130_fd_sc_hd__buf_2)
     7    0.03                           net9 (net)
                  0.08    0.00    2.17 v _259_/A (sky130_fd_sc_hd__buf_4)
                  0.07    0.20    2.37 v _259_/X (sky130_fd_sc_hd__buf_4)
    10    0.04                           _143_ (net)
                  0.07    0.00    2.37 v _269_/A (sky130_fd_sc_hd__inv_2)
                  0.03    0.06    2.43 ^ _269_/Y (sky130_fd_sc_hd__inv_2)
     1    0.00                           _046_ (net)
                  0.03    0.00    2.43 ^ _305_/RESET_B (sky130_fd_sc_hd__dfrtp_1)
                                  2.43   data arrival time

                         10.00   10.00   clock clk (rise edge)
                          0.00   10.00   clock source latency
                  0.04    0.03   10.03 ^ clk (in)
     1    0.01                           clk (net)
                  0.04    0.00   10.03 ^ clkbuf_0_clk/A (sky130_fd_sc_hd__clkbuf_16)
                  0.05    0.13   10.15 ^ clkbuf_0_clk/X (sky130_fd_sc_hd__clkbuf_16)
     4    0.03                           clknet_0_clk (net)
                  0.05    0.00   10.15 ^ clkbuf_2_2__f_clk/A (sky130_fd_sc_hd__clkbuf_16)
                  0.04    0.12   10.27 ^ clkbuf_2_2__f_clk/X (sky130_fd_sc_hd__clkbuf_16)
     6    0.02                           clknet_2_2__leaf_clk (net)
                  0.04    0.00   10.27 ^ _305_/CLK (sky130_fd_sc_hd__dfrtp_1)
                         -0.25   10.02   clock uncertainty
                          0.00   10.02   clock reconvergence pessimism
                          0.23   10.26   library recovery time
                                 10.26   data required time
-----------------------------------------------------------------------------
                                 10.26   data required time
                                 -2.43   data arrival time
-----------------------------------------------------------------------------
                                  7.82   slack (MET)


Startpoint: reset (input port clocked by clk)
Endpoint: _302_ (recovery check against rising-edge clock clk)
Path Group: asynchronous
Path Type: max

Fanout     Cap    Slew   Delay    Time   Description
-----------------------------------------------------------------------------
                          0.00    0.00   clock clk (rise edge)
                          0.00    0.00   clock network delay (propagated)
                          2.00    2.00 v input external delay
                  0.01    0.00    2.00 v reset (in)
     1    0.00                           reset (net)
                  0.01    0.00    2.00 v input9/A (sky130_fd_sc_hd__buf_2)
                  0.08    0.16    2.17 v input9/X (sky130_fd_sc_hd__buf_2)
     7    0.03                           net9 (net)
                  0.08    0.00    2.17 v _259_/A (sky130_fd_sc_hd__buf_4)
                  0.07    0.20    2.37 v _259_/X (sky130_fd_sc_hd__buf_4)
    10    0.04                           _143_ (net)
                  0.07    0.00    2.37 v _266_/A (sky130_fd_sc_hd__inv_2)
                  0.03    0.06    2.43 ^ _266_/Y (sky130_fd_sc_hd__inv_2)
     1    0.00                           _043_ (net)
                  0.03    0.00    2.43 ^ _302_/RESET_B (sky130_fd_sc_hd__dfrtp_1)
                                  2.43   data arrival time

                         10.00   10.00   clock clk (rise edge)
                          0.00   10.00   clock source latency
                  0.04    0.03   10.03 ^ clk (in)
     1    0.01                           clk (net)
                  0.04    0.00   10.03 ^ clkbuf_0_clk/A (sky130_fd_sc_hd__clkbuf_16)
                  0.05    0.13   10.15 ^ clkbuf_0_clk/X (sky130_fd_sc_hd__clkbuf_16)
     4    0.03                           clknet_0_clk (net)
                  0.05    0.00   10.15 ^ clkbuf_2_3__f_clk/A (sky130_fd_sc_hd__clkbuf_16)
                  0.05    0.13   10.28 ^ clkbuf_2_3__f_clk/X (sky130_fd_sc_hd__clkbuf_16)
     8    0.02                           clknet_2_3__leaf_clk (net)
                  0.05    0.00   10.28 ^ _302_/CLK (sky130_fd_sc_hd__dfrtp_1)
                         -0.25   10.03   clock uncertainty
                          0.00   10.03   clock reconvergence pessimism
                          0.23   10.26   library recovery time
                                 10.26   data required time
-----------------------------------------------------------------------------
                                 10.26   data required time
                                 -2.43   data arrival time
-----------------------------------------------------------------------------
                                  7.83   slack (MET)


Startpoint: reset (input port clocked by clk)
Endpoint: _310_ (recovery check against rising-edge clock clk)
Path Group: asynchronous
Path Type: max

Fanout     Cap    Slew   Delay    Time   Description
-----------------------------------------------------------------------------
                          0.00    0.00   clock clk (rise edge)
                          0.00    0.00   clock network delay (propagated)
                          2.00    2.00 v input external delay
                  0.01    0.00    2.00 v reset (in)
     1    0.00                           reset (net)
                  0.01    0.00    2.00 v input9/A (sky130_fd_sc_hd__buf_2)
                  0.08    0.16    2.17 v input9/X (sky130_fd_sc_hd__buf_2)
     7    0.03                           net9 (net)
                  0.08    0.00    2.17 v _270_/A (sky130_fd_sc_hd__buf_4)
                  0.07    0.20    2.37 v _270_/X (sky130_fd_sc_hd__buf_4)
    10    0.04                           _144_ (net)
                  0.07    0.00    2.37 v _275_/A (sky130_fd_sc_hd__inv_2)
                  0.03    0.06    2.43 ^ _275_/Y (sky130_fd_sc_hd__inv_2)
     1    0.00                           _051_ (net)
                  0.03    0.00    2.43 ^ _310_/RESET_B (sky130_fd_sc_hd__dfrtp_1)
                                  2.43   data arrival time

                         10.00   10.00   clock clk (rise edge)
                          0.00   10.00   clock source latency
                  0.04    0.03   10.03 ^ clk (in)
     1    0.01                           clk (net)
                  0.04    0.00   10.03 ^ clkbuf_0_clk/A (sky130_fd_sc_hd__clkbuf_16)
                  0.05    0.13   10.15 ^ clkbuf_0_clk/X (sky130_fd_sc_hd__clkbuf_16)
     4    0.03                           clknet_0_clk (net)
                  0.05    0.00   10.15 ^ clkbuf_2_3__f_clk/A (sky130_fd_sc_hd__clkbuf_16)
                  0.05    0.13   10.28 ^ clkbuf_2_3__f_clk/X (sky130_fd_sc_hd__clkbuf_16)
     8    0.02                           clknet_2_3__leaf_clk (net)
                  0.05    0.00   10.28 ^ _310_/CLK (sky130_fd_sc_hd__dfrtp_1)
                         -0.25   10.03   clock uncertainty
                          0.00   10.03   clock reconvergence pessimism
                          0.23   10.26   library recovery time
                                 10.26   data required time
-----------------------------------------------------------------------------
                                 10.26   data required time
                                 -2.43   data arrival time
-----------------------------------------------------------------------------
                                  7.83   slack (MET)


Startpoint: reset (input port clocked by clk)
Endpoint: _312_ (recovery check against rising-edge clock clk)
Path Group: asynchronous
Path Type: max

Fanout     Cap    Slew   Delay    Time   Description
-----------------------------------------------------------------------------
                          0.00    0.00   clock clk (rise edge)
                          0.00    0.00   clock network delay (propagated)
                          2.00    2.00 v input external delay
                  0.01    0.00    2.00 v reset (in)
     1    0.00                           reset (net)
                  0.01    0.00    2.00 v input9/A (sky130_fd_sc_hd__buf_2)
                  0.08    0.16    2.17 v input9/X (sky130_fd_sc_hd__buf_2)
     7    0.03                           net9 (net)
                  0.08    0.00    2.17 v _270_/A (sky130_fd_sc_hd__buf_4)
                  0.07    0.20    2.37 v _270_/X (sky130_fd_sc_hd__buf_4)
    10    0.04                           _144_ (net)
                  0.07    0.00    2.37 v _277_/A (sky130_fd_sc_hd__inv_2)
                  0.03    0.06    2.43 ^ _277_/Y (sky130_fd_sc_hd__inv_2)
     1    0.00                           _053_ (net)
                  0.03    0.00    2.43 ^ _312_/RESET_B (sky130_fd_sc_hd__dfrtp_1)
                                  2.43   data arrival time

                         10.00   10.00   clock clk (rise edge)
                          0.00   10.00   clock source latency
                  0.04    0.03   10.03 ^ clk (in)
     1    0.01                           clk (net)
                  0.04    0.00   10.03 ^ clkbuf_0_clk/A (sky130_fd_sc_hd__clkbuf_16)
                  0.05    0.13   10.15 ^ clkbuf_0_clk/X (sky130_fd_sc_hd__clkbuf_16)
     4    0.03                           clknet_0_clk (net)
                  0.05    0.00   10.15 ^ clkbuf_2_3__f_clk/A (sky130_fd_sc_hd__clkbuf_16)
                  0.05    0.13   10.28 ^ clkbuf_2_3__f_clk/X (sky130_fd_sc_hd__clkbuf_16)
     8    0.02                           clknet_2_3__leaf_clk (net)
                  0.05    0.00   10.28 ^ _312_/CLK (sky130_fd_sc_hd__dfrtp_1)
                         -0.25   10.03   clock uncertainty
                          0.00   10.03   clock reconvergence pessimism
                          0.23   10.26   library recovery time
                                 10.26   data required time
-----------------------------------------------------------------------------
                                 10.26   data required time
                                 -2.43   data arrival time
-----------------------------------------------------------------------------
                                  7.83   slack (MET)


Startpoint: reset (input port clocked by clk)
Endpoint: _309_ (recovery check against rising-edge clock clk)
Path Group: asynchronous
Path Type: max

Fanout     Cap    Slew   Delay    Time   Description
-----------------------------------------------------------------------------
                          0.00    0.00   clock clk (rise edge)
                          0.00    0.00   clock network delay (propagated)
                          2.00    2.00 v input external delay
                  0.01    0.00    2.00 v reset (in)
     1    0.00                           reset (net)
                  0.01    0.00    2.00 v input9/A (sky130_fd_sc_hd__buf_2)
                  0.08    0.16    2.17 v input9/X (sky130_fd_sc_hd__buf_2)
     7    0.03                           net9 (net)
                  0.08    0.00    2.17 v _270_/A (sky130_fd_sc_hd__buf_4)
                  0.07    0.20    2.37 v _270_/X (sky130_fd_sc_hd__buf_4)
    10    0.04                           _144_ (net)
                  0.07    0.00    2.37 v _274_/A (sky130_fd_sc_hd__inv_2)
                  0.03    0.06    2.43 ^ _274_/Y (sky130_fd_sc_hd__inv_2)
     1    0.00                           _050_ (net)
                  0.03    0.00    2.43 ^ _309_/RESET_B (sky130_fd_sc_hd__dfrtp_1)
                                  2.43   data arrival time

                         10.00   10.00   clock clk (rise edge)
                          0.00   10.00   clock source latency
                  0.04    0.03   10.03 ^ clk (in)
     1    0.01                           clk (net)
                  0.04    0.00   10.03 ^ clkbuf_0_clk/A (sky130_fd_sc_hd__clkbuf_16)
                  0.05    0.13   10.15 ^ clkbuf_0_clk/X (sky130_fd_sc_hd__clkbuf_16)
     4    0.03                           clknet_0_clk (net)
                  0.05    0.00   10.15 ^ clkbuf_2_3__f_clk/A (sky130_fd_sc_hd__clkbuf_16)
                  0.05    0.13   10.28 ^ clkbuf_2_3__f_clk/X (sky130_fd_sc_hd__clkbuf_16)
     8    0.02                           clknet_2_3__leaf_clk (net)
                  0.05    0.00   10.28 ^ _309_/CLK (sky130_fd_sc_hd__dfrtp_1)
                         -0.25   10.03   clock uncertainty
                          0.00   10.03   clock reconvergence pessimism
                          0.23   10.26   library recovery time
                                 10.26   data required time
-----------------------------------------------------------------------------
                                 10.26   data required time
                                 -2.43   data arrival time
-----------------------------------------------------------------------------
                                  7.83   slack (MET)


Startpoint: reset (input port clocked by clk)
Endpoint: _313_ (recovery check against rising-edge clock clk)
Path Group: asynchronous
Path Type: max

Fanout     Cap    Slew   Delay    Time   Description
-----------------------------------------------------------------------------
                          0.00    0.00   clock clk (rise edge)
                          0.00    0.00   clock network delay (propagated)
                          2.00    2.00 v input external delay
                  0.01    0.00    2.00 v reset (in)
     1    0.00                           reset (net)
                  0.01    0.00    2.00 v input9/A (sky130_fd_sc_hd__buf_2)
                  0.08    0.16    2.17 v input9/X (sky130_fd_sc_hd__buf_2)
     7    0.03                           net9 (net)
                  0.08    0.00    2.17 v _270_/A (sky130_fd_sc_hd__buf_4)
                  0.07    0.20    2.37 v _270_/X (sky130_fd_sc_hd__buf_4)
    10    0.04                           _144_ (net)
                  0.07    0.00    2.37 v _278_/A (sky130_fd_sc_hd__inv_2)
                  0.03    0.06    2.43 ^ _278_/Y (sky130_fd_sc_hd__inv_2)
     1    0.00                           _020_ (net)
                  0.03    0.00    2.43 ^ _313_/RESET_B (sky130_fd_sc_hd__dfrtp_1)
                                  2.43   data arrival time

                         10.00   10.00   clock clk (rise edge)
                          0.00   10.00   clock source latency
                  0.04    0.03   10.03 ^ clk (in)
     1    0.01                           clk (net)
                  0.04    0.00   10.03 ^ clkbuf_0_clk/A (sky130_fd_sc_hd__clkbuf_16)
                  0.05    0.13   10.15 ^ clkbuf_0_clk/X (sky130_fd_sc_hd__clkbuf_16)
     4    0.03                           clknet_0_clk (net)
                  0.05    0.00   10.15 ^ clkbuf_2_3__f_clk/A (sky130_fd_sc_hd__clkbuf_16)
                  0.05    0.13   10.28 ^ clkbuf_2_3__f_clk/X (sky130_fd_sc_hd__clkbuf_16)
     8    0.02                           clknet_2_3__leaf_clk (net)
                  0.05    0.00   10.28 ^ _313_/CLK (sky130_fd_sc_hd__dfrtp_1)
                         -0.25   10.03   clock uncertainty
                          0.00   10.03   clock reconvergence pessimism
                          0.23   10.26   library recovery time
                                 10.26   data required time
-----------------------------------------------------------------------------
                                 10.26   data required time
                                 -2.43   data arrival time
-----------------------------------------------------------------------------
                                  7.83   slack (MET)


Startpoint: reset (input port clocked by clk)
Endpoint: _317_ (recovery check against rising-edge clock clk)
Path Group: asynchronous
Path Type: max

Fanout     Cap    Slew   Delay    Time   Description
-----------------------------------------------------------------------------
                          0.00    0.00   clock clk (rise edge)
                          0.00    0.00   clock network delay (propagated)
                          2.00    2.00 v input external delay
                  0.01    0.00    2.00 v reset (in)
     1    0.00                           reset (net)
                  0.01    0.00    2.00 v input9/A (sky130_fd_sc_hd__buf_2)
                  0.08    0.16    2.17 v input9/X (sky130_fd_sc_hd__buf_2)
     7    0.03                           net9 (net)
                  0.08    0.00    2.17 v _281_/A (sky130_fd_sc_hd__buf_4)
                  0.07    0.20    2.37 v _281_/X (sky130_fd_sc_hd__buf_4)
    10    0.04                           _145_ (net)
                  0.07    0.00    2.37 v _283_/A (sky130_fd_sc_hd__inv_2)
                  0.04    0.06    2.44 ^ _283_/Y (sky130_fd_sc_hd__inv_2)
     1    0.01                           _024_ (net)
                  0.04    0.00    2.44 ^ _317_/RESET_B (sky130_fd_sc_hd__dfrtp_1)
                                  2.44   data arrival time

                         10.00   10.00   clock clk (rise edge)
                          0.00   10.00   clock source latency
                  0.04    0.03   10.03 ^ clk (in)
     1    0.01                           clk (net)
                  0.04    0.00   10.03 ^ clkbuf_0_clk/A (sky130_fd_sc_hd__clkbuf_16)
                  0.05    0.13   10.15 ^ clkbuf_0_clk/X (sky130_fd_sc_hd__clkbuf_16)
     4    0.03                           clknet_0_clk (net)
                  0.05    0.00   10.15 ^ clkbuf_2_0__f_clk/A (sky130_fd_sc_hd__clkbuf_16)
                  0.05    0.13   10.28 ^ clkbuf_2_0__f_clk/X (sky130_fd_sc_hd__clkbuf_16)
     9    0.03                           clknet_2_0__leaf_clk (net)
                  0.05    0.00   10.28 ^ _317_/CLK (sky130_fd_sc_hd__dfrtp_1)
                         -0.25   10.03   clock uncertainty
                          0.00   10.03   clock reconvergence pessimism
                          0.23   10.27   library recovery time
                                 10.27   data required time
-----------------------------------------------------------------------------
                                 10.27   data required time
                                 -2.44   data arrival time
-----------------------------------------------------------------------------
                                  7.83   slack (MET)


Startpoint: reset (input port clocked by clk)
Endpoint: _311_ (recovery check against rising-edge clock clk)
Path Group: asynchronous
Path Type: max

Fanout     Cap    Slew   Delay    Time   Description
-----------------------------------------------------------------------------
                          0.00    0.00   clock clk (rise edge)
                          0.00    0.00   clock network delay (propagated)
                          2.00    2.00 v input external delay
                  0.01    0.00    2.00 v reset (in)
     1    0.00                           reset (net)
                  0.01    0.00    2.00 v input9/A (sky130_fd_sc_hd__buf_2)
                  0.08    0.16    2.17 v input9/X (sky130_fd_sc_hd__buf_2)
     7    0.03                           net9 (net)
                  0.08    0.00    2.17 v _270_/A (sky130_fd_sc_hd__buf_4)
                  0.07    0.20    2.37 v _270_/X (sky130_fd_sc_hd__buf_4)
    10    0.04                           _144_ (net)
                  0.07    0.00    2.37 v _276_/A (sky130_fd_sc_hd__inv_2)
                  0.03    0.06    2.43 ^ _276_/Y (sky130_fd_sc_hd__inv_2)
     1    0.00                           _052_ (net)
                  0.03    0.00    2.43 ^ _311_/RESET_B (sky130_fd_sc_hd__dfrtp_1)
                                  2.43   data arrival time

                         10.00   10.00   clock clk (rise edge)
                          0.00   10.00   clock source latency
                  0.04    0.03   10.03 ^ clk (in)
     1    0.01                           clk (net)
                  0.04    0.00   10.03 ^ clkbuf_0_clk/A (sky130_fd_sc_hd__clkbuf_16)
                  0.05    0.13   10.15 ^ clkbuf_0_clk/X (sky130_fd_sc_hd__clkbuf_16)
     4    0.03                           clknet_0_clk (net)
                  0.05    0.00   10.15 ^ clkbuf_2_3__f_clk/A (sky130_fd_sc_hd__clkbuf_16)
                  0.05    0.13   10.28 ^ clkbuf_2_3__f_clk/X (sky130_fd_sc_hd__clkbuf_16)
     8    0.02                           clknet_2_3__leaf_clk (net)
                  0.05    0.00   10.28 ^ _311_/CLK (sky130_fd_sc_hd__dfrtp_1)
                         -0.25   10.03   clock uncertainty
                          0.00   10.03   clock reconvergence pessimism
                          0.23   10.26   library recovery time
                                 10.26   data required time
-----------------------------------------------------------------------------
                                 10.26   data required time
                                 -2.43   data arrival time
-----------------------------------------------------------------------------
                                  7.83   slack (MET)


Startpoint: reset (input port clocked by clk)
Endpoint: _320_ (recovery check against rising-edge clock clk)
Path Group: asynchronous
Path Type: max

Fanout     Cap    Slew   Delay    Time   Description
-----------------------------------------------------------------------------
                          0.00    0.00   clock clk (rise edge)
                          0.00    0.00   clock network delay (propagated)
                          2.00    2.00 v input external delay
                  0.01    0.00    2.00 v reset (in)
     1    0.00                           reset (net)
                  0.01    0.00    2.00 v input9/A (sky130_fd_sc_hd__buf_2)
                  0.08    0.16    2.17 v input9/X (sky130_fd_sc_hd__buf_2)
     7    0.03                           net9 (net)
                  0.08    0.00    2.17 v _281_/A (sky130_fd_sc_hd__buf_4)
                  0.07    0.20    2.37 v _281_/X (sky130_fd_sc_hd__buf_4)
    10    0.04                           _145_ (net)
                  0.07    0.00    2.37 v _286_/A (sky130_fd_sc_hd__inv_2)
                  0.03    0.06    2.43 ^ _286_/Y (sky130_fd_sc_hd__inv_2)
     1    0.00                           _027_ (net)
                  0.03    0.00    2.43 ^ _320_/RESET_B (sky130_fd_sc_hd__dfrtp_1)
                                  2.43   data arrival time

                         10.00   10.00   clock clk (rise edge)
                          0.00   10.00   clock source latency
                  0.04    0.03   10.03 ^ clk (in)
     1    0.01                           clk (net)
                  0.04    0.00   10.03 ^ clkbuf_0_clk/A (sky130_fd_sc_hd__clkbuf_16)
                  0.05    0.13   10.15 ^ clkbuf_0_clk/X (sky130_fd_sc_hd__clkbuf_16)
     4    0.03                           clknet_0_clk (net)
                  0.05    0.00   10.15 ^ clkbuf_2_0__f_clk/A (sky130_fd_sc_hd__clkbuf_16)
                  0.05    0.13   10.28 ^ clkbuf_2_0__f_clk/X (sky130_fd_sc_hd__clkbuf_16)
     9    0.03                           clknet_2_0__leaf_clk (net)
                  0.05    0.00   10.28 ^ _320_/CLK (sky130_fd_sc_hd__dfrtp_1)
                         -0.25   10.03   clock uncertainty
                          0.00   10.03   clock reconvergence pessimism
                          0.23   10.27   library recovery time
                                 10.27   data required time
-----------------------------------------------------------------------------
                                 10.27   data required time
                                 -2.43   data arrival time
-----------------------------------------------------------------------------
                                  7.83   slack (MET)


Startpoint: reset (input port clocked by clk)
Endpoint: _324_ (recovery check against rising-edge clock clk)
Path Group: asynchronous
Path Type: max

Fanout     Cap    Slew   Delay    Time   Description
-----------------------------------------------------------------------------
                          0.00    0.00   clock clk (rise edge)
                          0.00    0.00   clock network delay (propagated)
                          2.00    2.00 v input external delay
                  0.01    0.00    2.00 v reset (in)
     1    0.00                           reset (net)
                  0.01    0.00    2.00 v input9/A (sky130_fd_sc_hd__buf_2)
                  0.08    0.16    2.17 v input9/X (sky130_fd_sc_hd__buf_2)
     7    0.03                           net9 (net)
                  0.08    0.00    2.17 v _281_/A (sky130_fd_sc_hd__buf_4)
                  0.07    0.20    2.37 v _281_/X (sky130_fd_sc_hd__buf_4)
    10    0.04                           _145_ (net)
                  0.07    0.00    2.37 v _290_/A (sky130_fd_sc_hd__inv_2)
                  0.04    0.06    2.44 ^ _290_/Y (sky130_fd_sc_hd__inv_2)
     1    0.01                           _031_ (net)
                  0.04    0.00    2.44 ^ _324_/RESET_B (sky130_fd_sc_hd__dfrtp_1)
                                  2.44   data arrival time

                         10.00   10.00   clock clk (rise edge)
                          0.00   10.00   clock source latency
                  0.04    0.03   10.03 ^ clk (in)
     1    0.01                           clk (net)
                  0.04    0.00   10.03 ^ clkbuf_0_clk/A (sky130_fd_sc_hd__clkbuf_16)
                  0.05    0.13   10.15 ^ clkbuf_0_clk/X (sky130_fd_sc_hd__clkbuf_16)
     4    0.03                           clknet_0_clk (net)
                  0.05    0.00   10.15 ^ clkbuf_2_1__f_clk/A (sky130_fd_sc_hd__clkbuf_16)
                  0.05    0.13   10.29 ^ clkbuf_2_1__f_clk/X (sky130_fd_sc_hd__clkbuf_16)
    11    0.03                           clknet_2_1__leaf_clk (net)
                  0.05    0.00   10.29 ^ _324_/CLK (sky130_fd_sc_hd__dfrtp_1)
                         -0.25   10.04   clock uncertainty
                          0.00   10.04   clock reconvergence pessimism
                          0.23   10.27   library recovery time
                                 10.27   data required time
-----------------------------------------------------------------------------
                                 10.27   data required time
                                 -2.44   data arrival time
-----------------------------------------------------------------------------
                                  7.83   slack (MET)


Startpoint: reset (input port clocked by clk)
Endpoint: _319_ (recovery check against rising-edge clock clk)
Path Group: asynchronous
Path Type: max

Fanout     Cap    Slew   Delay    Time   Description
-----------------------------------------------------------------------------
                          0.00    0.00   clock clk (rise edge)
                          0.00    0.00   clock network delay (propagated)
                          2.00    2.00 v input external delay
                  0.01    0.00    2.00 v reset (in)
     1    0.00                           reset (net)
                  0.01    0.00    2.00 v input9/A (sky130_fd_sc_hd__buf_2)
                  0.08    0.16    2.17 v input9/X (sky130_fd_sc_hd__buf_2)
     7    0.03                           net9 (net)
                  0.08    0.00    2.17 v _281_/A (sky130_fd_sc_hd__buf_4)
                  0.07    0.20    2.37 v _281_/X (sky130_fd_sc_hd__buf_4)
    10    0.04                           _145_ (net)
                  0.07    0.00    2.37 v _285_/A (sky130_fd_sc_hd__inv_2)
                  0.03    0.06    2.43 ^ _285_/Y (sky130_fd_sc_hd__inv_2)
     1    0.00                           _026_ (net)
                  0.03    0.00    2.43 ^ _319_/RESET_B (sky130_fd_sc_hd__dfrtp_1)
                                  2.43   data arrival time

                         10.00   10.00   clock clk (rise edge)
                          0.00   10.00   clock source latency
                  0.04    0.03   10.03 ^ clk (in)
     1    0.01                           clk (net)
                  0.04    0.00   10.03 ^ clkbuf_0_clk/A (sky130_fd_sc_hd__clkbuf_16)
                  0.05    0.13   10.15 ^ clkbuf_0_clk/X (sky130_fd_sc_hd__clkbuf_16)
     4    0.03                           clknet_0_clk (net)
                  0.05    0.00   10.15 ^ clkbuf_2_0__f_clk/A (sky130_fd_sc_hd__clkbuf_16)
                  0.05    0.13   10.28 ^ clkbuf_2_0__f_clk/X (sky130_fd_sc_hd__clkbuf_16)
     9    0.03                           clknet_2_0__leaf_clk (net)
                  0.05    0.00   10.28 ^ _319_/CLK (sky130_fd_sc_hd__dfrtp_1)
                         -0.25   10.03   clock uncertainty
                          0.00   10.03   clock reconvergence pessimism
                          0.23   10.27   library recovery time
                                 10.27   data required time
-----------------------------------------------------------------------------
                                 10.27   data required time
                                 -2.43   data arrival time
-----------------------------------------------------------------------------
                                  7.83   slack (MET)


Startpoint: reset (input port clocked by clk)
Endpoint: _308_ (recovery check against rising-edge clock clk)
Path Group: asynchronous
Path Type: max

Fanout     Cap    Slew   Delay    Time   Description
-----------------------------------------------------------------------------
                          0.00    0.00   clock clk (rise edge)
                          0.00    0.00   clock network delay (propagated)
                          2.00    2.00 v input external delay
                  0.01    0.00    2.00 v reset (in)
     1    0.00                           reset (net)
                  0.01    0.00    2.00 v input9/A (sky130_fd_sc_hd__buf_2)
                  0.08    0.16    2.17 v input9/X (sky130_fd_sc_hd__buf_2)
     7    0.03                           net9 (net)
                  0.08    0.00    2.17 v _270_/A (sky130_fd_sc_hd__buf_4)
                  0.07    0.20    2.37 v _270_/X (sky130_fd_sc_hd__buf_4)
    10    0.04                           _144_ (net)
                  0.07    0.00    2.37 v _273_/A (sky130_fd_sc_hd__inv_2)
                  0.04    0.06    2.44 ^ _273_/Y (sky130_fd_sc_hd__inv_2)
     1    0.01                           _049_ (net)
                  0.04    0.00    2.44 ^ _308_/RESET_B (sky130_fd_sc_hd__dfrtp_1)
                                  2.44   data arrival time

                         10.00   10.00   clock clk (rise edge)
                          0.00   10.00   clock source latency
                  0.04    0.03   10.03 ^ clk (in)
     1    0.01                           clk (net)
                  0.04    0.00   10.03 ^ clkbuf_0_clk/A (sky130_fd_sc_hd__clkbuf_16)
                  0.05    0.13   10.15 ^ clkbuf_0_clk/X (sky130_fd_sc_hd__clkbuf_16)
     4    0.03                           clknet_0_clk (net)
                  0.05    0.00   10.15 ^ clkbuf_2_1__f_clk/A (sky130_fd_sc_hd__clkbuf_16)
                  0.05    0.13   10.29 ^ clkbuf_2_1__f_clk/X (sky130_fd_sc_hd__clkbuf_16)
    11    0.03                           clknet_2_1__leaf_clk (net)
                  0.05    0.00   10.29 ^ _308_/CLK (sky130_fd_sc_hd__dfrtp_1)
                         -0.25   10.04   clock uncertainty
                          0.00   10.04   clock reconvergence pessimism
                          0.23   10.27   library recovery time
                                 10.27   data required time
-----------------------------------------------------------------------------
                                 10.27   data required time
                                 -2.44   data arrival time
-----------------------------------------------------------------------------
                                  7.84   slack (MET)


Startpoint: reset (input port clocked by clk)
Endpoint: _323_ (recovery check against rising-edge clock clk)
Path Group: asynchronous
Path Type: max

Fanout     Cap    Slew   Delay    Time   Description
-----------------------------------------------------------------------------
                          0.00    0.00   clock clk (rise edge)
                          0.00    0.00   clock network delay (propagated)
                          2.00    2.00 v input external delay
                  0.01    0.00    2.00 v reset (in)
     1    0.00                           reset (net)
                  0.01    0.00    2.00 v input9/A (sky130_fd_sc_hd__buf_2)
                  0.08    0.16    2.17 v input9/X (sky130_fd_sc_hd__buf_2)
     7    0.03                           net9 (net)
                  0.08    0.00    2.17 v _281_/A (sky130_fd_sc_hd__buf_4)
                  0.07    0.20    2.37 v _281_/X (sky130_fd_sc_hd__buf_4)
    10    0.04                           _145_ (net)
                  0.07    0.00    2.37 v _289_/A (sky130_fd_sc_hd__inv_2)
                  0.03    0.06    2.43 ^ _289_/Y (sky130_fd_sc_hd__inv_2)
     1    0.00                           _030_ (net)
                  0.03    0.00    2.43 ^ _323_/RESET_B (sky130_fd_sc_hd__dfrtp_1)
                                  2.43   data arrival time

                         10.00   10.00   clock clk (rise edge)
                          0.00   10.00   clock source latency
                  0.04    0.03   10.03 ^ clk (in)
     1    0.01                           clk (net)
                  0.04    0.00   10.03 ^ clkbuf_0_clk/A (sky130_fd_sc_hd__clkbuf_16)
                  0.05    0.13   10.15 ^ clkbuf_0_clk/X (sky130_fd_sc_hd__clkbuf_16)
     4    0.03                           clknet_0_clk (net)
                  0.05    0.00   10.15 ^ clkbuf_2_1__f_clk/A (sky130_fd_sc_hd__clkbuf_16)
                  0.05    0.13   10.29 ^ clkbuf_2_1__f_clk/X (sky130_fd_sc_hd__clkbuf_16)
    11    0.03                           clknet_2_1__leaf_clk (net)
                  0.05    0.00   10.29 ^ _323_/CLK (sky130_fd_sc_hd__dfrtp_1)
                         -0.25   10.04   clock uncertainty
                          0.00   10.04   clock reconvergence pessimism
                          0.24   10.27   library recovery time
                                 10.27   data required time
-----------------------------------------------------------------------------
                                 10.27   data required time
                                 -2.43   data arrival time
-----------------------------------------------------------------------------
                                  7.84   slack (MET)


Startpoint: reset (input port clocked by clk)
Endpoint: _298_ (recovery check against rising-edge clock clk)
Path Group: asynchronous
Path Type: max

Fanout     Cap    Slew   Delay    Time   Description
-----------------------------------------------------------------------------
                          0.00    0.00   clock clk (rise edge)
                          0.00    0.00   clock network delay (propagated)
                          2.00    2.00 v input external delay
                  0.01    0.00    2.00 v reset (in)
     1    0.00                           reset (net)
                  0.01    0.00    2.00 v input9/A (sky130_fd_sc_hd__buf_2)
                  0.08    0.16    2.17 v input9/X (sky130_fd_sc_hd__buf_2)
     7    0.03                           net9 (net)
                  0.08    0.00    2.17 v _259_/A (sky130_fd_sc_hd__buf_4)
                  0.07    0.20    2.37 v _259_/X (sky130_fd_sc_hd__buf_4)
    10    0.04                           _143_ (net)
                  0.07    0.00    2.37 v _262_/A (sky130_fd_sc_hd__inv_2)
                  0.03    0.06    2.43 ^ _262_/Y (sky130_fd_sc_hd__inv_2)
     1    0.00                           _039_ (net)
                  0.03    0.00    2.43 ^ _298_/RESET_B (sky130_fd_sc_hd__dfrtp_1)
                                  2.43   data arrival time

                         10.00   10.00   clock clk (rise edge)
                          0.00   10.00   clock source latency
                  0.04    0.03   10.03 ^ clk (in)
     1    0.01                           clk (net)
                  0.04    0.00   10.03 ^ clkbuf_0_clk/A (sky130_fd_sc_hd__clkbuf_16)
                  0.05    0.13   10.15 ^ clkbuf_0_clk/X (sky130_fd_sc_hd__clkbuf_16)
     4    0.03                           clknet_0_clk (net)
                  0.05    0.00   10.15 ^ clkbuf_2_0__f_clk/A (sky130_fd_sc_hd__clkbuf_16)
                  0.05    0.13   10.28 ^ clkbuf_2_0__f_clk/X (sky130_fd_sc_hd__clkbuf_16)
     9    0.03                           clknet_2_0__leaf_clk (net)
                  0.05    0.00   10.28 ^ _298_/CLK (sky130_fd_sc_hd__dfrtp_1)
                         -0.25   10.03   clock uncertainty
                          0.00   10.03   clock reconvergence pessimism
                          0.23   10.27   library recovery time
                                 10.27   data required time
-----------------------------------------------------------------------------
                                 10.27   data required time
                                 -2.43   data arrival time
-----------------------------------------------------------------------------
                                  7.84   slack (MET)


Startpoint: reset (input port clocked by clk)
Endpoint: _316_ (recovery check against rising-edge clock clk)
Path Group: asynchronous
Path Type: max

Fanout     Cap    Slew   Delay    Time   Description
-----------------------------------------------------------------------------
                          0.00    0.00   clock clk (rise edge)
                          0.00    0.00   clock network delay (propagated)
                          2.00    2.00 v input external delay
                  0.01    0.00    2.00 v reset (in)
     1    0.00                           reset (net)
                  0.01    0.00    2.00 v input9/A (sky130_fd_sc_hd__buf_2)
                  0.08    0.16    2.17 v input9/X (sky130_fd_sc_hd__buf_2)
     7    0.03                           net9 (net)
                  0.08    0.00    2.17 v _281_/A (sky130_fd_sc_hd__buf_4)
                  0.07    0.20    2.37 v _281_/X (sky130_fd_sc_hd__buf_4)
    10    0.04                           _145_ (net)
                  0.07    0.00    2.37 v _282_/A (sky130_fd_sc_hd__inv_2)
                  0.03    0.06    2.43 ^ _282_/Y (sky130_fd_sc_hd__inv_2)
     1    0.00                           _023_ (net)
                  0.03    0.00    2.43 ^ _316_/RESET_B (sky130_fd_sc_hd__dfrtp_1)
                                  2.43   data arrival time

                         10.00   10.00   clock clk (rise edge)
                          0.00   10.00   clock source latency
                  0.04    0.03   10.03 ^ clk (in)
     1    0.01                           clk (net)
                  0.04    0.00   10.03 ^ clkbuf_0_clk/A (sky130_fd_sc_hd__clkbuf_16)
                  0.05    0.13   10.15 ^ clkbuf_0_clk/X (sky130_fd_sc_hd__clkbuf_16)
     4    0.03                           clknet_0_clk (net)
                  0.05    0.00   10.15 ^ clkbuf_2_0__f_clk/A (sky130_fd_sc_hd__clkbuf_16)
                  0.05    0.13   10.28 ^ clkbuf_2_0__f_clk/X (sky130_fd_sc_hd__clkbuf_16)
     9    0.03                           clknet_2_0__leaf_clk (net)
                  0.05    0.00   10.28 ^ _316_/CLK (sky130_fd_sc_hd__dfrtp_1)
                         -0.25   10.03   clock uncertainty
                          0.00   10.03   clock reconvergence pessimism
                          0.23   10.27   library recovery time
                                 10.27   data required time
-----------------------------------------------------------------------------
                                 10.27   data required time
                                 -2.43   data arrival time
-----------------------------------------------------------------------------
                                  7.84   slack (MET)


Startpoint: reset (input port clocked by clk)
Endpoint: _321_ (recovery check against rising-edge clock clk)
Path Group: asynchronous
Path Type: max

Fanout     Cap    Slew   Delay    Time   Description
-----------------------------------------------------------------------------
                          0.00    0.00   clock clk (rise edge)
                          0.00    0.00   clock network delay (propagated)
                          2.00    2.00 v input external delay
                  0.01    0.00    2.00 v reset (in)
     1    0.00                           reset (net)
                  0.01    0.00    2.00 v input9/A (sky130_fd_sc_hd__buf_2)
                  0.08    0.16    2.17 v input9/X (sky130_fd_sc_hd__buf_2)
     7    0.03                           net9 (net)
                  0.08    0.00    2.17 v _281_/A (sky130_fd_sc_hd__buf_4)
                  0.07    0.20    2.37 v _281_/X (sky130_fd_sc_hd__buf_4)
    10    0.04                           _145_ (net)
                  0.07    0.00    2.37 v _287_/A (sky130_fd_sc_hd__inv_2)
                  0.03    0.06    2.43 ^ _287_/Y (sky130_fd_sc_hd__inv_2)
     1    0.00                           _028_ (net)
                  0.03    0.00    2.43 ^ _321_/RESET_B (sky130_fd_sc_hd__dfrtp_1)
                                  2.43   data arrival time

                         10.00   10.00   clock clk (rise edge)
                          0.00   10.00   clock source latency
                  0.04    0.03   10.03 ^ clk (in)
     1    0.01                           clk (net)
                  0.04    0.00   10.03 ^ clkbuf_0_clk/A (sky130_fd_sc_hd__clkbuf_16)
                  0.05    0.13   10.15 ^ clkbuf_0_clk/X (sky130_fd_sc_hd__clkbuf_16)
     4    0.03                           clknet_0_clk (net)
                  0.05    0.00   10.15 ^ clkbuf_2_0__f_clk/A (sky130_fd_sc_hd__clkbuf_16)
                  0.05    0.13   10.28 ^ clkbuf_2_0__f_clk/X (sky130_fd_sc_hd__clkbuf_16)
     9    0.03                           clknet_2_0__leaf_clk (net)
                  0.05    0.00   10.28 ^ _321_/CLK (sky130_fd_sc_hd__dfrtp_1)
                         -0.25   10.03   clock uncertainty
                          0.00   10.03   clock reconvergence pessimism
                          0.24   10.27   library recovery time
                                 10.27   data required time
-----------------------------------------------------------------------------
                                 10.27   data required time
                                 -2.43   data arrival time
-----------------------------------------------------------------------------
                                  7.84   slack (MET)


Startpoint: reset (input port clocked by clk)
Endpoint: _318_ (recovery check against rising-edge clock clk)
Path Group: asynchronous
Path Type: max

Fanout     Cap    Slew   Delay    Time   Description
-----------------------------------------------------------------------------
                          0.00    0.00   clock clk (rise edge)
                          0.00    0.00   clock network delay (propagated)
                          2.00    2.00 v input external delay
                  0.01    0.00    2.00 v reset (in)
     1    0.00                           reset (net)
                  0.01    0.00    2.00 v input9/A (sky130_fd_sc_hd__buf_2)
                  0.08    0.16    2.17 v input9/X (sky130_fd_sc_hd__buf_2)
     7    0.03                           net9 (net)
                  0.08    0.00    2.17 v _281_/A (sky130_fd_sc_hd__buf_4)
                  0.07    0.20    2.37 v _281_/X (sky130_fd_sc_hd__buf_4)
    10    0.04                           _145_ (net)
                  0.07    0.00    2.37 v _284_/A (sky130_fd_sc_hd__inv_2)
                  0.03    0.06    2.43 ^ _284_/Y (sky130_fd_sc_hd__inv_2)
     1    0.00                           _025_ (net)
                  0.03    0.00    2.43 ^ _318_/RESET_B (sky130_fd_sc_hd__dfrtp_1)
                                  2.43   data arrival time

                         10.00   10.00   clock clk (rise edge)
                          0.00   10.00   clock source latency
                  0.04    0.03   10.03 ^ clk (in)
     1    0.01                           clk (net)
                  0.04    0.00   10.03 ^ clkbuf_0_clk/A (sky130_fd_sc_hd__clkbuf_16)
                  0.05    0.13   10.15 ^ clkbuf_0_clk/X (sky130_fd_sc_hd__clkbuf_16)
     4    0.03                           clknet_0_clk (net)
                  0.05    0.00   10.15 ^ clkbuf_2_0__f_clk/A (sky130_fd_sc_hd__clkbuf_16)
                  0.05    0.13   10.28 ^ clkbuf_2_0__f_clk/X (sky130_fd_sc_hd__clkbuf_16)
     9    0.03                           clknet_2_0__leaf_clk (net)
                  0.05    0.00   10.28 ^ _318_/CLK (sky130_fd_sc_hd__dfrtp_1)
                         -0.25   10.03   clock uncertainty
                          0.00   10.03   clock reconvergence pessimism
                          0.24   10.27   library recovery time
                                 10.27   data required time
-----------------------------------------------------------------------------
                                 10.27   data required time
                                 -2.43   data arrival time
-----------------------------------------------------------------------------
                                  7.84   slack (MET)


Startpoint: reset (input port clocked by clk)
Endpoint: _306_ (recovery check against rising-edge clock clk)
Path Group: asynchronous
Path Type: max

Fanout     Cap    Slew   Delay    Time   Description
-----------------------------------------------------------------------------
                          0.00    0.00   clock clk (rise edge)
                          0.00    0.00   clock network delay (propagated)
                          2.00    2.00 v input external delay
                  0.01    0.00    2.00 v reset (in)
     1    0.00                           reset (net)
                  0.01    0.00    2.00 v input9/A (sky130_fd_sc_hd__buf_2)
                  0.08    0.16    2.17 v input9/X (sky130_fd_sc_hd__buf_2)
     7    0.03                           net9 (net)
                  0.08    0.00    2.17 v _270_/A (sky130_fd_sc_hd__buf_4)
                  0.07    0.20    2.37 v _270_/X (sky130_fd_sc_hd__buf_4)
    10    0.04                           _144_ (net)
                  0.07    0.00    2.37 v _271_/A (sky130_fd_sc_hd__inv_2)
                  0.03    0.06    2.43 ^ _271_/Y (sky130_fd_sc_hd__inv_2)
     1    0.00                           _047_ (net)
                  0.03    0.00    2.43 ^ _306_/RESET_B (sky130_fd_sc_hd__dfrtp_1)
                                  2.43   data arrival time

                         10.00   10.00   clock clk (rise edge)
                          0.00   10.00   clock source latency
                  0.04    0.03   10.03 ^ clk (in)
     1    0.01                           clk (net)
                  0.04    0.00   10.03 ^ clkbuf_0_clk/A (sky130_fd_sc_hd__clkbuf_16)
                  0.05    0.13   10.15 ^ clkbuf_0_clk/X (sky130_fd_sc_hd__clkbuf_16)
     4    0.03                           clknet_0_clk (net)
                  0.05    0.00   10.15 ^ clkbuf_2_1__f_clk/A (sky130_fd_sc_hd__clkbuf_16)
                  0.05    0.13   10.29 ^ clkbuf_2_1__f_clk/X (sky130_fd_sc_hd__clkbuf_16)
    11    0.03                           clknet_2_1__leaf_clk (net)
                  0.05    0.00   10.29 ^ _306_/CLK (sky130_fd_sc_hd__dfrtp_1)
                         -0.25   10.04   clock uncertainty
                          0.00   10.04   clock reconvergence pessimism
                          0.24   10.27   library recovery time
                                 10.27   data required time
-----------------------------------------------------------------------------
                                 10.27   data required time
                                 -2.43   data arrival time
-----------------------------------------------------------------------------
                                  7.84   slack (MET)


Startpoint: reset (input port clocked by clk)
Endpoint: _325_ (recovery check against rising-edge clock clk)
Path Group: asynchronous
Path Type: max

Fanout     Cap    Slew   Delay    Time   Description
-----------------------------------------------------------------------------
                          0.00    0.00   clock clk (rise edge)
                          0.00    0.00   clock network delay (propagated)
                          2.00    2.00 v input external delay
                  0.01    0.00    2.00 v reset (in)
     1    0.00                           reset (net)
                  0.01    0.00    2.00 v input9/A (sky130_fd_sc_hd__buf_2)
                  0.08    0.16    2.17 v input9/X (sky130_fd_sc_hd__buf_2)
     7    0.03                           net9 (net)
                  0.08    0.00    2.17 v _281_/A (sky130_fd_sc_hd__buf_4)
                  0.07    0.20    2.37 v _281_/X (sky130_fd_sc_hd__buf_4)
    10    0.04                           _145_ (net)
                  0.07    0.00    2.37 v _291_/A (sky130_fd_sc_hd__inv_2)
                  0.03    0.06    2.43 ^ _291_/Y (sky130_fd_sc_hd__inv_2)
     1    0.00                           _032_ (net)
                  0.03    0.00    2.43 ^ _325_/RESET_B (sky130_fd_sc_hd__dfrtp_1)
                                  2.43   data arrival time

                         10.00   10.00   clock clk (rise edge)
                          0.00   10.00   clock source latency
                  0.04    0.03   10.03 ^ clk (in)
     1    0.01                           clk (net)
                  0.04    0.00   10.03 ^ clkbuf_0_clk/A (sky130_fd_sc_hd__clkbuf_16)
                  0.05    0.13   10.15 ^ clkbuf_0_clk/X (sky130_fd_sc_hd__clkbuf_16)
     4    0.03                           clknet_0_clk (net)
                  0.05    0.00   10.15 ^ clkbuf_2_1__f_clk/A (sky130_fd_sc_hd__clkbuf_16)
                  0.05    0.13   10.29 ^ clkbuf_2_1__f_clk/X (sky130_fd_sc_hd__clkbuf_16)
    11    0.03                           clknet_2_1__leaf_clk (net)
                  0.05    0.00   10.29 ^ _325_/CLK (sky130_fd_sc_hd__dfrtp_1)
                         -0.25   10.04   clock uncertainty
                          0.00   10.04   clock reconvergence pessimism
                          0.24   10.27   library recovery time
                                 10.27   data required time
-----------------------------------------------------------------------------
                                 10.27   data required time
                                 -2.43   data arrival time
-----------------------------------------------------------------------------
                                  7.84   slack (MET)


Startpoint: reset (input port clocked by clk)
Endpoint: _307_ (recovery check against rising-edge clock clk)
Path Group: asynchronous
Path Type: max

Fanout     Cap    Slew   Delay    Time   Description
-----------------------------------------------------------------------------
                          0.00    0.00   clock clk (rise edge)
                          0.00    0.00   clock network delay (propagated)
                          2.00    2.00 v input external delay
                  0.01    0.00    2.00 v reset (in)
     1    0.00                           reset (net)
                  0.01    0.00    2.00 v input9/A (sky130_fd_sc_hd__buf_2)
                  0.08    0.16    2.17 v input9/X (sky130_fd_sc_hd__buf_2)
     7    0.03                           net9 (net)
                  0.08    0.00    2.17 v _270_/A (sky130_fd_sc_hd__buf_4)
                  0.07    0.20    2.37 v _270_/X (sky130_fd_sc_hd__buf_4)
    10    0.04                           _144_ (net)
                  0.07    0.00    2.37 v _272_/A (sky130_fd_sc_hd__inv_2)
                  0.03    0.06    2.43 ^ _272_/Y (sky130_fd_sc_hd__inv_2)
     1    0.00                           _048_ (net)
                  0.03    0.00    2.43 ^ _307_/RESET_B (sky130_fd_sc_hd__dfrtp_1)
                                  2.43   data arrival time

                         10.00   10.00   clock clk (rise edge)
                          0.00   10.00   clock source latency
                  0.04    0.03   10.03 ^ clk (in)
     1    0.01                           clk (net)
                  0.04    0.00   10.03 ^ clkbuf_0_clk/A (sky130_fd_sc_hd__clkbuf_16)
                  0.05    0.13   10.15 ^ clkbuf_0_clk/X (sky130_fd_sc_hd__clkbuf_16)
     4    0.03                           clknet_0_clk (net)
                  0.05    0.00   10.15 ^ clkbuf_2_1__f_clk/A (sky130_fd_sc_hd__clkbuf_16)
                  0.05    0.13   10.29 ^ clkbuf_2_1__f_clk/X (sky130_fd_sc_hd__clkbuf_16)
    11    0.03                           clknet_2_1__leaf_clk (net)
                  0.05    0.00   10.29 ^ _307_/CLK (sky130_fd_sc_hd__dfrtp_1)
                         -0.25   10.04   clock uncertainty
                          0.00   10.04   clock reconvergence pessimism
                          0.24   10.27   library recovery time
                                 10.27   data required time
-----------------------------------------------------------------------------
                                 10.27   data required time
                                 -2.43   data arrival time
-----------------------------------------------------------------------------
                                  7.84   slack (MET)


Startpoint: _314_ (rising edge-triggered flip-flop clocked by clk)
Endpoint: _324_ (rising edge-triggered flip-flop clocked by clk)
Path Group: clk
Path Type: max

Fanout     Cap    Slew   Delay    Time   Description
-----------------------------------------------------------------------------
                          0.00    0.00   clock clk (rise edge)
                          0.00    0.00   clock source latency
                  0.04    0.03    0.03 ^ clk (in)
     1    0.01                           clk (net)
                  0.04    0.00    0.03 ^ clkbuf_0_clk/A (sky130_fd_sc_hd__clkbuf_16)
                  0.05    0.14    0.17 ^ clkbuf_0_clk/X (sky130_fd_sc_hd__clkbuf_16)
     4    0.03                           clknet_0_clk (net)
                  0.05    0.00    0.17 ^ clkbuf_2_0__f_clk/A (sky130_fd_sc_hd__clkbuf_16)
                  0.05    0.14    0.31 ^ clkbuf_2_0__f_clk/X (sky130_fd_sc_hd__clkbuf_16)
     9    0.03                           clknet_2_0__leaf_clk (net)
                  0.05    0.00    0.31 ^ _314_/CLK (sky130_fd_sc_hd__dfrtp_4)
                  0.10    0.47    0.78 ^ _314_/Q (sky130_fd_sc_hd__dfrtp_4)
     8    0.02                           baud_count[0] (net)
                  0.10    0.00    0.78 ^ _207_/B (sky130_fd_sc_hd__and4_2)
                  0.13    0.31    1.09 ^ _207_/X (sky130_fd_sc_hd__and4_2)
     7    0.02                           _105_ (net)
                  0.13    0.00    1.09 ^ _220_/A (sky130_fd_sc_hd__and3_2)
                  0.12    0.27    1.36 ^ _220_/X (sky130_fd_sc_hd__and3_2)
     5    0.02                           _115_ (net)
                  0.12    0.00    1.36 ^ _227_/C (sky130_fd_sc_hd__nand3_2)
                  0.09    0.12    1.48 v _227_/Y (sky130_fd_sc_hd__nand3_2)
     4    0.01                           _120_ (net)
                  0.09    0.00    1.48 v _231_/B (sky130_fd_sc_hd__or2_1)
                  0.05    0.23    1.71 v _231_/X (sky130_fd_sc_hd__or2_1)
     1    0.00                           _123_ (net)
                  0.05    0.00    1.71 v _232_/C (sky130_fd_sc_hd__and3_1)
                  0.04    0.19    1.90 v _232_/X (sky130_fd_sc_hd__and3_1)
     1    0.00                           _124_ (net)
                  0.04    0.00    1.90 v _233_/A (sky130_fd_sc_hd__clkbuf_1)
                  0.03    0.09    1.99 v _233_/X (sky130_fd_sc_hd__clkbuf_1)
     1    0.00                           _001_ (net)
                  0.03    0.00    1.99 v _324_/D (sky130_fd_sc_hd__dfrtp_1)
                                  1.99   data arrival time

                         10.00   10.00   clock clk (rise edge)
                          0.00   10.00   clock source latency
                  0.04    0.03   10.03 ^ clk (in)
     1    0.01                           clk (net)
                  0.04    0.00   10.03 ^ clkbuf_0_clk/A (sky130_fd_sc_hd__clkbuf_16)
                  0.05    0.13   10.15 ^ clkbuf_0_clk/X (sky130_fd_sc_hd__clkbuf_16)
     4    0.03                           clknet_0_clk (net)
                  0.05    0.00   10.15 ^ clkbuf_2_1__f_clk/A (sky130_fd_sc_hd__clkbuf_16)
                  0.05    0.13   10.29 ^ clkbuf_2_1__f_clk/X (sky130_fd_sc_hd__clkbuf_16)
    11    0.03                           clknet_2_1__leaf_clk (net)
                  0.05    0.00   10.29 ^ _324_/CLK (sky130_fd_sc_hd__dfrtp_1)
                         -0.25   10.04   clock uncertainty
                          0.02   10.05   clock reconvergence pessimism
                         -0.11    9.95   library setup time
                                  9.95   data required time
-----------------------------------------------------------------------------
                                  9.95   data required time
                                 -1.99   data arrival time
-----------------------------------------------------------------------------
                                  7.96   slack (MET)


Startpoint: _300_ (rising edge-triggered flip-flop clocked by clk)
Endpoint: _304_ (rising edge-triggered flip-flop clocked by clk)
Path Group: clk
Path Type: max

Fanout     Cap    Slew   Delay    Time   Description
-----------------------------------------------------------------------------
                          0.00    0.00   clock clk (rise edge)
                          0.00    0.00   clock source latency
                  0.04    0.03    0.03 ^ clk (in)
     1    0.01                           clk (net)
                  0.04    0.00    0.03 ^ clkbuf_0_clk/A (sky130_fd_sc_hd__clkbuf_16)
                  0.05    0.14    0.17 ^ clkbuf_0_clk/X (sky130_fd_sc_hd__clkbuf_16)
     4    0.03                           clknet_0_clk (net)
                  0.05    0.00    0.17 ^ clkbuf_2_3__f_clk/A (sky130_fd_sc_hd__clkbuf_16)
                  0.05    0.14    0.31 ^ clkbuf_2_3__f_clk/X (sky130_fd_sc_hd__clkbuf_16)
     8    0.02                           clknet_2_3__leaf_clk (net)
                  0.05    0.00    0.31 ^ _300_/CLK (sky130_fd_sc_hd__dfrtp_4)
                  0.11    0.48    0.79 ^ _300_/Q (sky130_fd_sc_hd__dfrtp_4)
     8    0.03                           bit_index[0] (net)
                  0.11    0.00    0.79 ^ _256_/S0 (sky130_fd_sc_hd__mux4_1)
                  0.09    0.59    1.38 v _256_/X (sky130_fd_sc_hd__mux4_1)
     1    0.00                           _141_ (net)
                  0.09    0.00    1.38 v _257_/A (sky130_fd_sc_hd__or2b_1)
                  0.06    0.26    1.64 v _257_/X (sky130_fd_sc_hd__or2b_1)
     1    0.01                           _142_ (net)
                  0.06    0.00    1.64 v _258_/A3 (sky130_fd_sc_hd__a311o_1)
                  0.05    0.36    1.99 v _258_/X (sky130_fd_sc_hd__a311o_1)
     1    0.00                           _147_ (net)
                  0.05    0.00    1.99 v _304_/D (sky130_fd_sc_hd__dfstp_1)
                                  1.99   data arrival time

                         10.00   10.00   clock clk (rise edge)
                          0.00   10.00   clock source latency
                  0.04    0.03   10.03 ^ clk (in)
     1    0.01                           clk (net)
                  0.04    0.00   10.03 ^ clkbuf_0_clk/A (sky130_fd_sc_hd__clkbuf_16)
                  0.05    0.13   10.15 ^ clkbuf_0_clk/X (sky130_fd_sc_hd__clkbuf_16)
     4    0.03                           clknet_0_clk (net)
                  0.05    0.00   10.15 ^ clkbuf_2_2__f_clk/A (sky130_fd_sc_hd__clkbuf_16)
                  0.04    0.12   10.27 ^ clkbuf_2_2__f_clk/X (sky130_fd_sc_hd__clkbuf_16)
     6    0.02                           clknet_2_2__leaf_clk (net)
                  0.04    0.00   10.27 ^ _304_/CLK (sky130_fd_sc_hd__dfstp_1)
                         -0.25   10.02   clock uncertainty
                          0.02   10.04   clock reconvergence pessimism
                         -0.07    9.97   library setup time
                                  9.97   data required time
-----------------------------------------------------------------------------
                                  9.97   data required time
                                 -1.99   data arrival time
-----------------------------------------------------------------------------
                                  7.97   slack (MET)


Startpoint: _314_ (rising edge-triggered flip-flop clocked by clk)
Endpoint: _327_ (rising edge-triggered flip-flop clocked by clk)
Path Group: clk
Path Type: max

Fanout     Cap    Slew   Delay    Time   Description
-----------------------------------------------------------------------------
                          0.00    0.00   clock clk (rise edge)
                          0.00    0.00   clock source latency
                  0.04    0.03    0.03 ^ clk (in)
     1    0.01                           clk (net)
                  0.04    0.00    0.03 ^ clkbuf_0_clk/A (sky130_fd_sc_hd__clkbuf_16)
                  0.05    0.14    0.17 ^ clkbuf_0_clk/X (sky130_fd_sc_hd__clkbuf_16)
     4    0.03                           clknet_0_clk (net)
                  0.05    0.00    0.17 ^ clkbuf_2_0__f_clk/A (sky130_fd_sc_hd__clkbuf_16)
                  0.05    0.14    0.31 ^ clkbuf_2_0__f_clk/X (sky130_fd_sc_hd__clkbuf_16)
     9    0.03                           clknet_2_0__leaf_clk (net)
                  0.05    0.00    0.31 ^ _314_/CLK (sky130_fd_sc_hd__dfrtp_4)
                  0.10    0.47    0.78 ^ _314_/Q (sky130_fd_sc_hd__dfrtp_4)
     8    0.02                           baud_count[0] (net)
                  0.10    0.00    0.78 ^ _207_/B (sky130_fd_sc_hd__and4_2)
                  0.13    0.31    1.09 ^ _207_/X (sky130_fd_sc_hd__and4_2)
     7    0.02                           _105_ (net)
                  0.13    0.00    1.09 ^ _236_/A (sky130_fd_sc_hd__and4_2)
                  0.14    0.32    1.41 ^ _236_/X (sky130_fd_sc_hd__and4_2)
     6    0.02                           _127_ (net)
                  0.14    0.00    1.41 ^ _242_/C (sky130_fd_sc_hd__and3_1)
                  0.13    0.25    1.65 ^ _242_/X (sky130_fd_sc_hd__and3_1)
     3    0.01                           _131_ (net)
                  0.13    0.00    1.65 ^ _243_/A (sky130_fd_sc_hd__inv_2)
                  0.03    0.04    1.69 v _243_/Y (sky130_fd_sc_hd__inv_2)
     1    0.00                           _132_ (net)
                  0.03    0.00    1.69 v _244_/C (sky130_fd_sc_hd__and3_1)
                  0.04    0.17    1.87 v _244_/X (sky130_fd_sc_hd__and3_1)
     1    0.00                           _133_ (net)
                  0.04    0.00    1.87 v _245_/A (sky130_fd_sc_hd__clkbuf_1)
                  0.03    0.09    1.96 v _245_/X (sky130_fd_sc_hd__clkbuf_1)
     1    0.00                           _004_ (net)
                  0.03    0.00    1.96 v _327_/D (sky130_fd_sc_hd__dfrtp_1)
                                  1.96   data arrival time

                         10.00   10.00   clock clk (rise edge)
                          0.00   10.00   clock source latency
                  0.04    0.03   10.03 ^ clk (in)
     1    0.01                           clk (net)
                  0.04    0.00   10.03 ^ clkbuf_0_clk/A (sky130_fd_sc_hd__clkbuf_16)
                  0.05    0.13   10.15 ^ clkbuf_0_clk/X (sky130_fd_sc_hd__clkbuf_16)
     4    0.03                           clknet_0_clk (net)
                  0.05    0.00   10.15 ^ clkbuf_2_1__f_clk/A (sky130_fd_sc_hd__clkbuf_16)
                  0.05    0.13   10.29 ^ clkbuf_2_1__f_clk/X (sky130_fd_sc_hd__clkbuf_16)
    11    0.03                           clknet_2_1__leaf_clk (net)
                  0.05    0.00   10.29 ^ _327_/CLK (sky130_fd_sc_hd__dfrtp_1)
                         -0.25   10.04   clock uncertainty
                          0.02   10.05   clock reconvergence pessimism
                         -0.10    9.95   library setup time
                                  9.95   data required time
-----------------------------------------------------------------------------
                                  9.95   data required time
                                 -1.96   data arrival time
-----------------------------------------------------------------------------
                                  7.99   slack (MET)


Startpoint: reset (input port clocked by clk)
Endpoint: _326_ (recovery check against rising-edge clock clk)
Path Group: asynchronous
Path Type: max

Fanout     Cap    Slew   Delay    Time   Description
-----------------------------------------------------------------------------
                          0.00    0.00   clock clk (rise edge)
                          0.00    0.00   clock network delay (propagated)
                          2.00    2.00 v input external delay
                  0.01    0.00    2.00 v reset (in)
     1    0.00                           reset (net)
                  0.01    0.00    2.00 v input9/A (sky130_fd_sc_hd__buf_2)
                  0.08    0.16    2.17 v input9/X (sky130_fd_sc_hd__buf_2)
     7    0.03                           net9 (net)
                  0.08    0.00    2.17 v _292_/A (sky130_fd_sc_hd__inv_2)
                  0.03    0.06    2.23 ^ _292_/Y (sky130_fd_sc_hd__inv_2)
     1    0.00                           _033_ (net)
                  0.03    0.00    2.23 ^ _326_/RESET_B (sky130_fd_sc_hd__dfrtp_1)
                                  2.23   data arrival time

                         10.00   10.00   clock clk (rise edge)
                          0.00   10.00   clock source latency
                  0.04    0.03   10.03 ^ clk (in)
     1    0.01                           clk (net)
                  0.04    0.00   10.03 ^ clkbuf_0_clk/A (sky130_fd_sc_hd__clkbuf_16)
                  0.05    0.13   10.15 ^ clkbuf_0_clk/X (sky130_fd_sc_hd__clkbuf_16)
     4    0.03                           clknet_0_clk (net)
                  0.05    0.00   10.15 ^ clkbuf_2_1__f_clk/A (sky130_fd_sc_hd__clkbuf_16)
                  0.05    0.13   10.29 ^ clkbuf_2_1__f_clk/X (sky130_fd_sc_hd__clkbuf_16)
    11    0.03                           clknet_2_1__leaf_clk (net)
                  0.05    0.00   10.29 ^ _326_/CLK (sky130_fd_sc_hd__dfrtp_1)
                         -0.25   10.04   clock uncertainty
                          0.00   10.04   clock reconvergence pessimism
                          0.24   10.27   library recovery time
                                 10.27   data required time
-----------------------------------------------------------------------------
                                 10.27   data required time
                                 -2.23   data arrival time
-----------------------------------------------------------------------------
                                  8.04   slack (MET)


Startpoint: reset (input port clocked by clk)
Endpoint: _329_ (recovery check against rising-edge clock clk)
Path Group: asynchronous
Path Type: max

Fanout     Cap    Slew   Delay    Time   Description
-----------------------------------------------------------------------------
                          0.00    0.00   clock clk (rise edge)
                          0.00    0.00   clock network delay (propagated)
                          2.00    2.00 v input external delay
                  0.01    0.00    2.00 v reset (in)
     1    0.00                           reset (net)
                  0.01    0.00    2.00 v input9/A (sky130_fd_sc_hd__buf_2)
                  0.08    0.16    2.17 v input9/X (sky130_fd_sc_hd__buf_2)
     7    0.03                           net9 (net)
                  0.08    0.00    2.17 v _295_/A (sky130_fd_sc_hd__inv_2)
                  0.03    0.06    2.23 ^ _295_/Y (sky130_fd_sc_hd__inv_2)
     1    0.00                           _036_ (net)
                  0.03    0.00    2.23 ^ _329_/RESET_B (sky130_fd_sc_hd__dfrtp_1)
                                  2.23   data arrival time

                         10.00   10.00   clock clk (rise edge)
                          0.00   10.00   clock source latency
                  0.04    0.03   10.03 ^ clk (in)
     1    0.01                           clk (net)
                  0.04    0.00   10.03 ^ clkbuf_0_clk/A (sky130_fd_sc_hd__clkbuf_16)
                  0.05    0.13   10.15 ^ clkbuf_0_clk/X (sky130_fd_sc_hd__clkbuf_16)
     4    0.03                           clknet_0_clk (net)
                  0.05    0.00   10.15 ^ clkbuf_2_1__f_clk/A (sky130_fd_sc_hd__clkbuf_16)
                  0.05    0.13   10.29 ^ clkbuf_2_1__f_clk/X (sky130_fd_sc_hd__clkbuf_16)
    11    0.03                           clknet_2_1__leaf_clk (net)
                  0.05    0.00   10.29 ^ _329_/CLK (sky130_fd_sc_hd__dfrtp_1)
                         -0.25   10.04   clock uncertainty
                          0.00   10.04   clock reconvergence pessimism
                          0.24   10.27   library recovery time
                                 10.27   data required time
-----------------------------------------------------------------------------
                                 10.27   data required time
                                 -2.23   data arrival time
-----------------------------------------------------------------------------
                                  8.04   slack (MET)


Startpoint: reset (input port clocked by clk)
Endpoint: _327_ (recovery check against rising-edge clock clk)
Path Group: asynchronous
Path Type: max

Fanout     Cap    Slew   Delay    Time   Description
-----------------------------------------------------------------------------
                          0.00    0.00   clock clk (rise edge)
                          0.00    0.00   clock network delay (propagated)
                          2.00    2.00 v input external delay
                  0.01    0.00    2.00 v reset (in)
     1    0.00                           reset (net)
                  0.01    0.00    2.00 v input9/A (sky130_fd_sc_hd__buf_2)
                  0.08    0.16    2.17 v input9/X (sky130_fd_sc_hd__buf_2)
     7    0.03                           net9 (net)
                  0.08    0.00    2.17 v _293_/A (sky130_fd_sc_hd__inv_2)
                  0.03    0.06    2.23 ^ _293_/Y (sky130_fd_sc_hd__inv_2)
     1    0.00                           _034_ (net)
                  0.03    0.00    2.23 ^ _327_/RESET_B (sky130_fd_sc_hd__dfrtp_1)
                                  2.23   data arrival time

                         10.00   10.00   clock clk (rise edge)
                          0.00   10.00   clock source latency
                  0.04    0.03   10.03 ^ clk (in)
     1    0.01                           clk (net)
                  0.04    0.00   10.03 ^ clkbuf_0_clk/A (sky130_fd_sc_hd__clkbuf_16)
                  0.05    0.13   10.15 ^ clkbuf_0_clk/X (sky130_fd_sc_hd__clkbuf_16)
     4    0.03                           clknet_0_clk (net)
                  0.05    0.00   10.15 ^ clkbuf_2_1__f_clk/A (sky130_fd_sc_hd__clkbuf_16)
                  0.05    0.13   10.29 ^ clkbuf_2_1__f_clk/X (sky130_fd_sc_hd__clkbuf_16)
    11    0.03                           clknet_2_1__leaf_clk (net)
                  0.05    0.00   10.29 ^ _327_/CLK (sky130_fd_sc_hd__dfrtp_1)
                         -0.25   10.04   clock uncertainty
                          0.00   10.04   clock reconvergence pessimism
                          0.24   10.27   library recovery time
                                 10.27   data required time
-----------------------------------------------------------------------------
                                 10.27   data required time
                                 -2.23   data arrival time
-----------------------------------------------------------------------------
                                  8.04   slack (MET)


Startpoint: reset (input port clocked by clk)
Endpoint: _328_ (recovery check against rising-edge clock clk)
Path Group: asynchronous
Path Type: max

Fanout     Cap    Slew   Delay    Time   Description
-----------------------------------------------------------------------------
                          0.00    0.00   clock clk (rise edge)
                          0.00    0.00   clock network delay (propagated)
                          2.00    2.00 v input external delay
                  0.01    0.00    2.00 v reset (in)
     1    0.00                           reset (net)
                  0.01    0.00    2.00 v input9/A (sky130_fd_sc_hd__buf_2)
                  0.08    0.16    2.17 v input9/X (sky130_fd_sc_hd__buf_2)
     7    0.03                           net9 (net)
                  0.08    0.00    2.17 v _294_/A (sky130_fd_sc_hd__inv_2)
                  0.03    0.06    2.23 ^ _294_/Y (sky130_fd_sc_hd__inv_2)
     1    0.00                           _035_ (net)
                  0.03    0.00    2.23 ^ _328_/RESET_B (sky130_fd_sc_hd__dfrtp_1)
                                  2.23   data arrival time

                         10.00   10.00   clock clk (rise edge)
                          0.00   10.00   clock source latency
                  0.04    0.03   10.03 ^ clk (in)
     1    0.01                           clk (net)
                  0.04    0.00   10.03 ^ clkbuf_0_clk/A (sky130_fd_sc_hd__clkbuf_16)
                  0.05    0.13   10.15 ^ clkbuf_0_clk/X (sky130_fd_sc_hd__clkbuf_16)
     4    0.03                           clknet_0_clk (net)
                  0.05    0.00   10.15 ^ clkbuf_2_1__f_clk/A (sky130_fd_sc_hd__clkbuf_16)
                  0.05    0.13   10.29 ^ clkbuf_2_1__f_clk/X (sky130_fd_sc_hd__clkbuf_16)
    11    0.03                           clknet_2_1__leaf_clk (net)
                  0.05    0.00   10.29 ^ _328_/CLK (sky130_fd_sc_hd__dfrtp_1)
                         -0.25   10.04   clock uncertainty
                          0.00   10.04   clock reconvergence pessimism
                          0.24   10.27   library recovery time
                                 10.27   data required time
-----------------------------------------------------------------------------
                                 10.27   data required time
                                 -2.23   data arrival time
-----------------------------------------------------------------------------
                                  8.04   slack (MET)


Startpoint: _314_ (rising edge-triggered flip-flop clocked by clk)
Endpoint: _328_ (rising edge-triggered flip-flop clocked by clk)
Path Group: clk
Path Type: max

Fanout     Cap    Slew   Delay    Time   Description
-----------------------------------------------------------------------------
                          0.00    0.00   clock clk (rise edge)
                          0.00    0.00   clock source latency
                  0.04    0.03    0.03 ^ clk (in)
     1    0.01                           clk (net)
                  0.04    0.00    0.03 ^ clkbuf_0_clk/A (sky130_fd_sc_hd__clkbuf_16)
                  0.05    0.14    0.17 ^ clkbuf_0_clk/X (sky130_fd_sc_hd__clkbuf_16)
     4    0.03                           clknet_0_clk (net)
                  0.05    0.00    0.17 ^ clkbuf_2_0__f_clk/A (sky130_fd_sc_hd__clkbuf_16)
                  0.05    0.14    0.31 ^ clkbuf_2_0__f_clk/X (sky130_fd_sc_hd__clkbuf_16)
     9    0.03                           clknet_2_0__leaf_clk (net)
                  0.05    0.00    0.31 ^ _314_/CLK (sky130_fd_sc_hd__dfrtp_4)
                  0.08    0.53    0.84 v _314_/Q (sky130_fd_sc_hd__dfrtp_4)
     8    0.02                           baud_count[0] (net)
                  0.08    0.00    0.84 v _207_/B (sky130_fd_sc_hd__and4_2)
                  0.08    0.28    1.12 v _207_/X (sky130_fd_sc_hd__and4_2)
     7    0.02                           _105_ (net)
                  0.08    0.00    1.12 v _236_/A (sky130_fd_sc_hd__and4_2)
                  0.08    0.25    1.37 v _236_/X (sky130_fd_sc_hd__and4_2)
     6    0.02                           _127_ (net)
                  0.08    0.00    1.37 v _242_/C (sky130_fd_sc_hd__and3_1)
                  0.07    0.24    1.61 v _242_/X (sky130_fd_sc_hd__and3_1)
     3    0.01                           _131_ (net)
                  0.07    0.00    1.61 v _246_/A2 (sky130_fd_sc_hd__a21boi_1)
                  0.11    0.16    1.77 ^ _246_/Y (sky130_fd_sc_hd__a21boi_1)
     1    0.00                           _134_ (net)
                  0.11    0.00    1.77 ^ _247_/B1 (sky130_fd_sc_hd__o21a_1)
                  0.04    0.14    1.90 ^ _247_/X (sky130_fd_sc_hd__o21a_1)
     1    0.00                           _005_ (net)
                  0.04    0.00    1.90 ^ _328_/D (sky130_fd_sc_hd__dfrtp_1)
                                  1.90   data arrival time

                         10.00   10.00   clock clk (rise edge)
                          0.00   10.00   clock source latency
                  0.04    0.03   10.03 ^ clk (in)
     1    0.01                           clk (net)
                  0.04    0.00   10.03 ^ clkbuf_0_clk/A (sky130_fd_sc_hd__clkbuf_16)
                  0.05    0.13   10.15 ^ clkbuf_0_clk/X (sky130_fd_sc_hd__clkbuf_16)
     4    0.03                           clknet_0_clk (net)
                  0.05    0.00   10.15 ^ clkbuf_2_1__f_clk/A (sky130_fd_sc_hd__clkbuf_16)
                  0.05    0.13   10.29 ^ clkbuf_2_1__f_clk/X (sky130_fd_sc_hd__clkbuf_16)
    11    0.03                           clknet_2_1__leaf_clk (net)
                  0.05    0.00   10.29 ^ _328_/CLK (sky130_fd_sc_hd__dfrtp_1)
                         -0.25   10.04   clock uncertainty
                          0.02   10.05   clock reconvergence pessimism
                         -0.06    9.99   library setup time
                                  9.99   data required time
-----------------------------------------------------------------------------
                                  9.99   data required time
                                 -1.90   data arrival time
-----------------------------------------------------------------------------
                                  8.09   slack (MET)


Startpoint: _314_ (rising edge-triggered flip-flop clocked by clk)
Endpoint: _329_ (rising edge-triggered flip-flop clocked by clk)
Path Group: clk
Path Type: max

Fanout     Cap    Slew   Delay    Time   Description
-----------------------------------------------------------------------------
                          0.00    0.00   clock clk (rise edge)
                          0.00    0.00   clock source latency
                  0.04    0.03    0.03 ^ clk (in)
     1    0.01                           clk (net)
                  0.04    0.00    0.03 ^ clkbuf_0_clk/A (sky130_fd_sc_hd__clkbuf_16)
                  0.05    0.14    0.17 ^ clkbuf_0_clk/X (sky130_fd_sc_hd__clkbuf_16)
     4    0.03                           clknet_0_clk (net)
                  0.05    0.00    0.17 ^ clkbuf_2_0__f_clk/A (sky130_fd_sc_hd__clkbuf_16)
                  0.05    0.14    0.31 ^ clkbuf_2_0__f_clk/X (sky130_fd_sc_hd__clkbuf_16)
     9    0.03                           clknet_2_0__leaf_clk (net)
                  0.05    0.00    0.31 ^ _314_/CLK (sky130_fd_sc_hd__dfrtp_4)
                  0.10    0.47    0.78 ^ _314_/Q (sky130_fd_sc_hd__dfrtp_4)
     8    0.02                           baud_count[0] (net)
                  0.10    0.00    0.78 ^ _207_/B (sky130_fd_sc_hd__and4_2)
                  0.13    0.31    1.09 ^ _207_/X (sky130_fd_sc_hd__and4_2)
     7    0.02                           _105_ (net)
                  0.13    0.00    1.09 ^ _236_/A (sky130_fd_sc_hd__and4_2)
                  0.14    0.32    1.41 ^ _236_/X (sky130_fd_sc_hd__and4_2)
     6    0.02                           _127_ (net)
                  0.14    0.00    1.41 ^ _248_/D (sky130_fd_sc_hd__and4_1)
                  0.09    0.24    1.65 ^ _248_/X (sky130_fd_sc_hd__and4_1)
     2    0.01                           _135_ (net)
                  0.09    0.00    1.65 ^ _249_/A2 (sky130_fd_sc_hd__o21ai_1)
                  0.05    0.07    1.72 v _249_/Y (sky130_fd_sc_hd__o21ai_1)
     1    0.00                           _136_ (net)
                  0.05    0.00    1.72 v _250_/B1 (sky130_fd_sc_hd__a21oi_1)
                  0.12    0.13    1.84 ^ _250_/Y (sky130_fd_sc_hd__a21oi_1)
     1    0.00                           _006_ (net)
                  0.12    0.00    1.84 ^ _329_/D (sky130_fd_sc_hd__dfrtp_1)
                                  1.84   data arrival time

                         10.00   10.00   clock clk (rise edge)
                          0.00   10.00   clock source latency
                  0.04    0.03   10.03 ^ clk (in)
     1    0.01                           clk (net)
                  0.04    0.00   10.03 ^ clkbuf_0_clk/A (sky130_fd_sc_hd__clkbuf_16)
                  0.05    0.13   10.15 ^ clkbuf_0_clk/X (sky130_fd_sc_hd__clkbuf_16)
     4    0.03                           clknet_0_clk (net)
                  0.05    0.00   10.15 ^ clkbuf_2_1__f_clk/A (sky130_fd_sc_hd__clkbuf_16)
                  0.05    0.13   10.29 ^ clkbuf_2_1__f_clk/X (sky130_fd_sc_hd__clkbuf_16)
    11    0.03                           clknet_2_1__leaf_clk (net)
                  0.05    0.00   10.29 ^ _329_/CLK (sky130_fd_sc_hd__dfrtp_1)
                         -0.25   10.04   clock uncertainty
                          0.02   10.05   clock reconvergence pessimism
                         -0.07    9.98   library setup time
                                  9.98   data required time
-----------------------------------------------------------------------------
                                  9.98   data required time
                                 -1.84   data arrival time
-----------------------------------------------------------------------------
                                  8.13   slack (MET)


Startpoint: _314_ (rising edge-triggered flip-flop clocked by clk)
Endpoint: _323_ (rising edge-triggered flip-flop clocked by clk)
Path Group: clk
Path Type: max

Fanout     Cap    Slew   Delay    Time   Description
-----------------------------------------------------------------------------
                          0.00    0.00   clock clk (rise edge)
                          0.00    0.00   clock source latency
                  0.04    0.03    0.03 ^ clk (in)
     1    0.01                           clk (net)
                  0.04    0.00    0.03 ^ clkbuf_0_clk/A (sky130_fd_sc_hd__clkbuf_16)
                  0.05    0.14    0.17 ^ clkbuf_0_clk/X (sky130_fd_sc_hd__clkbuf_16)
     4    0.03                           clknet_0_clk (net)
                  0.05    0.00    0.17 ^ clkbuf_2_0__f_clk/A (sky130_fd_sc_hd__clkbuf_16)
                  0.05    0.14    0.31 ^ clkbuf_2_0__f_clk/X (sky130_fd_sc_hd__clkbuf_16)
     9    0.03                           clknet_2_0__leaf_clk (net)
                  0.05    0.00    0.31 ^ _314_/CLK (sky130_fd_sc_hd__dfrtp_4)
                  0.08    0.53    0.84 v _314_/Q (sky130_fd_sc_hd__dfrtp_4)
     8    0.02                           baud_count[0] (net)
                  0.08    0.00    0.84 v _207_/B (sky130_fd_sc_hd__and4_2)
                  0.08    0.28    1.12 v _207_/X (sky130_fd_sc_hd__and4_2)
     7    0.02                           _105_ (net)
                  0.08    0.00    1.12 v _220_/A (sky130_fd_sc_hd__and3_2)
                  0.07    0.24    1.36 v _220_/X (sky130_fd_sc_hd__and3_2)
     5    0.02                           _115_ (net)
                  0.07    0.00    1.36 v _226_/B (sky130_fd_sc_hd__and2_1)
                  0.04    0.17    1.53 v _226_/X (sky130_fd_sc_hd__and2_1)
     1    0.00                           _119_ (net)
                  0.04    0.00    1.53 v _228_/A2 (sky130_fd_sc_hd__o211a_1)
                  0.04    0.21    1.74 v _228_/X (sky130_fd_sc_hd__o211a_1)
     1    0.00                           _015_ (net)
                  0.04    0.00    1.74 v _323_/D (sky130_fd_sc_hd__dfrtp_1)
                                  1.74   data arrival time

                         10.00   10.00   clock clk (rise edge)
                          0.00   10.00   clock source latency
                  0.04    0.03   10.03 ^ clk (in)
     1    0.01                           clk (net)
                  0.04    0.00   10.03 ^ clkbuf_0_clk/A (sky130_fd_sc_hd__clkbuf_16)
                  0.05    0.13   10.15 ^ clkbuf_0_clk/X (sky130_fd_sc_hd__clkbuf_16)
     4    0.03                           clknet_0_clk (net)
                  0.05    0.00   10.15 ^ clkbuf_2_1__f_clk/A (sky130_fd_sc_hd__clkbuf_16)
                  0.05    0.13   10.29 ^ clkbuf_2_1__f_clk/X (sky130_fd_sc_hd__clkbuf_16)
    11    0.03                           clknet_2_1__leaf_clk (net)
                  0.05    0.00   10.29 ^ _323_/CLK (sky130_fd_sc_hd__dfrtp_1)
                         -0.25   10.04   clock uncertainty
                          0.02   10.05   clock reconvergence pessimism
                         -0.11    9.94   library setup time
                                  9.94   data required time
-----------------------------------------------------------------------------
                                  9.94   data required time
                                 -1.74   data arrival time
-----------------------------------------------------------------------------
                                  8.20   slack (MET)


Startpoint: _314_ (rising edge-triggered flip-flop clocked by clk)
Endpoint: _325_ (rising edge-triggered flip-flop clocked by clk)
Path Group: clk
Path Type: max

Fanout     Cap    Slew   Delay    Time   Description
-----------------------------------------------------------------------------
                          0.00    0.00   clock clk (rise edge)
                          0.00    0.00   clock source latency
                  0.04    0.03    0.03 ^ clk (in)
     1    0.01                           clk (net)
                  0.04    0.00    0.03 ^ clkbuf_0_clk/A (sky130_fd_sc_hd__clkbuf_16)
                  0.05    0.14    0.17 ^ clkbuf_0_clk/X (sky130_fd_sc_hd__clkbuf_16)
     4    0.03                           clknet_0_clk (net)
                  0.05    0.00    0.17 ^ clkbuf_2_0__f_clk/A (sky130_fd_sc_hd__clkbuf_16)
                  0.05    0.14    0.31 ^ clkbuf_2_0__f_clk/X (sky130_fd_sc_hd__clkbuf_16)
     9    0.03                           clknet_2_0__leaf_clk (net)
                  0.05    0.00    0.31 ^ _314_/CLK (sky130_fd_sc_hd__dfrtp_4)
                  0.08    0.53    0.84 v _314_/Q (sky130_fd_sc_hd__dfrtp_4)
     8    0.02                           baud_count[0] (net)
                  0.08    0.00    0.84 v _207_/B (sky130_fd_sc_hd__and4_2)
                  0.08    0.28    1.12 v _207_/X (sky130_fd_sc_hd__and4_2)
     7    0.02                           _105_ (net)
                  0.08    0.00    1.12 v _220_/A (sky130_fd_sc_hd__and3_2)
                  0.07    0.24    1.36 v _220_/X (sky130_fd_sc_hd__and3_2)
     5    0.02                           _115_ (net)
                  0.07    0.00    1.36 v _227_/C (sky130_fd_sc_hd__nand3_2)
                  0.09    0.11    1.47 ^ _227_/Y (sky130_fd_sc_hd__nand3_2)
     4    0.01                           _120_ (net)
                  0.09    0.00    1.47 ^ _234_/B (sky130_fd_sc_hd__nor2_1)
                  0.03    0.05    1.52 v _234_/Y (sky130_fd_sc_hd__nor2_1)
     1    0.00                           _125_ (net)
                  0.03    0.00    1.52 v _238_/A2 (sky130_fd_sc_hd__o211a_1)
                  0.04    0.20    1.73 v _238_/X (sky130_fd_sc_hd__o211a_1)
     1    0.00                           _002_ (net)
                  0.04    0.00    1.73 v _325_/D (sky130_fd_sc_hd__dfrtp_1)
                                  1.73   data arrival time

                         10.00   10.00   clock clk (rise edge)
                          0.00   10.00   clock source latency
                  0.04    0.03   10.03 ^ clk (in)
     1    0.01                           clk (net)
                  0.04    0.00   10.03 ^ clkbuf_0_clk/A (sky130_fd_sc_hd__clkbuf_16)
                  0.05    0.13   10.15 ^ clkbuf_0_clk/X (sky130_fd_sc_hd__clkbuf_16)
     4    0.03                           clknet_0_clk (net)
                  0.05    0.00   10.15 ^ clkbuf_2_1__f_clk/A (sky130_fd_sc_hd__clkbuf_16)
                  0.05    0.13   10.29 ^ clkbuf_2_1__f_clk/X (sky130_fd_sc_hd__clkbuf_16)
    11    0.03                           clknet_2_1__leaf_clk (net)
                  0.05    0.00   10.29 ^ _325_/CLK (sky130_fd_sc_hd__dfrtp_1)
                         -0.25   10.04   clock uncertainty
                          0.02   10.05   clock reconvergence pessimism
                         -0.11    9.94   library setup time
                                  9.94   data required time
-----------------------------------------------------------------------------
                                  9.94   data required time
                                 -1.73   data arrival time
-----------------------------------------------------------------------------
                                  8.22   slack (MET)


Startpoint: _297_ (rising edge-triggered flip-flop clocked by clk)
Endpoint: _314_ (rising edge-triggered flip-flop clocked by clk)
Path Group: clk
Path Type: max

Fanout     Cap    Slew   Delay    Time   Description
-----------------------------------------------------------------------------
                          0.00    0.00   clock clk (rise edge)
                          0.00    0.00   clock source latency
                  0.04    0.03    0.03 ^ clk (in)
     1    0.01                           clk (net)
                  0.04    0.00    0.03 ^ clkbuf_0_clk/A (sky130_fd_sc_hd__clkbuf_16)
                  0.05    0.14    0.17 ^ clkbuf_0_clk/X (sky130_fd_sc_hd__clkbuf_16)
     4    0.03                           clknet_0_clk (net)
                  0.05    0.00    0.17 ^ clkbuf_2_2__f_clk/A (sky130_fd_sc_hd__clkbuf_16)
                  0.04    0.13    0.30 ^ clkbuf_2_2__f_clk/X (sky130_fd_sc_hd__clkbuf_16)
     6    0.02                           clknet_2_2__leaf_clk (net)
                  0.04    0.00    0.30 ^ _297_/CLK (sky130_fd_sc_hd__dfrtp_4)
                  0.09    0.53    0.84 v _297_/Q (sky130_fd_sc_hd__dfrtp_4)
     8    0.03                           state[1] (net)
                  0.09    0.00    0.84 v _192_/B (sky130_fd_sc_hd__or3_4)
                  0.08    0.41    1.25 v _192_/X (sky130_fd_sc_hd__or3_4)
     7    0.01                           _094_ (net)
                  0.08    0.00    1.25 v _193_/A (sky130_fd_sc_hd__buf_2)
                  0.06    0.17    1.42 v _193_/X (sky130_fd_sc_hd__buf_2)
    10    0.02                           _095_ (net)
                  0.06    0.00    1.42 v _194_/B (sky130_fd_sc_hd__and2b_1)
                  0.03    0.16    1.59 v _194_/X (sky130_fd_sc_hd__and2b_1)
     1    0.00                           _096_ (net)
                  0.03    0.00    1.59 v _195_/A (sky130_fd_sc_hd__clkbuf_1)
                  0.03    0.09    1.67 v _195_/X (sky130_fd_sc_hd__clkbuf_1)
     1    0.00                           _000_ (net)
                  0.03    0.00    1.67 v _314_/D (sky130_fd_sc_hd__dfrtp_4)
                                  1.67   data arrival time

                         10.00   10.00   clock clk (rise edge)
                          0.00   10.00   clock source latency
                  0.04    0.03   10.03 ^ clk (in)
     1    0.01                           clk (net)
                  0.04    0.00   10.03 ^ clkbuf_0_clk/A (sky130_fd_sc_hd__clkbuf_16)
                  0.05    0.13   10.15 ^ clkbuf_0_clk/X (sky130_fd_sc_hd__clkbuf_16)
     4    0.03                           clknet_0_clk (net)
                  0.05    0.00   10.15 ^ clkbuf_2_0__f_clk/A (sky130_fd_sc_hd__clkbuf_16)
                  0.05    0.13   10.28 ^ clkbuf_2_0__f_clk/X (sky130_fd_sc_hd__clkbuf_16)
     9    0.03                           clknet_2_0__leaf_clk (net)
                  0.05    0.00   10.28 ^ _314_/CLK (sky130_fd_sc_hd__dfrtp_4)
                         -0.25   10.03   clock uncertainty
                          0.02   10.05   clock reconvergence pessimism
                         -0.11    9.94   library setup time
                                  9.94   data required time
-----------------------------------------------------------------------------
                                  9.94   data required time
                                 -1.67   data arrival time
-----------------------------------------------------------------------------
                                  8.27   slack (MET)


Startpoint: _297_ (rising edge-triggered flip-flop clocked by clk)
Endpoint: _326_ (rising edge-triggered flip-flop clocked by clk)
Path Group: clk
Path Type: max

Fanout     Cap    Slew   Delay    Time   Description
-----------------------------------------------------------------------------
                          0.00    0.00   clock clk (rise edge)
                          0.00    0.00   clock source latency
                  0.04    0.03    0.03 ^ clk (in)
     1    0.01                           clk (net)
                  0.04    0.00    0.03 ^ clkbuf_0_clk/A (sky130_fd_sc_hd__clkbuf_16)
                  0.05    0.14    0.17 ^ clkbuf_0_clk/X (sky130_fd_sc_hd__clkbuf_16)
     4    0.03                           clknet_0_clk (net)
                  0.05    0.00    0.17 ^ clkbuf_2_2__f_clk/A (sky130_fd_sc_hd__clkbuf_16)
                  0.04    0.13    0.30 ^ clkbuf_2_2__f_clk/X (sky130_fd_sc_hd__clkbuf_16)
     6    0.02                           clknet_2_2__leaf_clk (net)
                  0.04    0.00    0.30 ^ _297_/CLK (sky130_fd_sc_hd__dfrtp_4)
                  0.09    0.53    0.84 v _297_/Q (sky130_fd_sc_hd__dfrtp_4)
     8    0.03                           state[1] (net)
                  0.09    0.00    0.84 v _192_/B (sky130_fd_sc_hd__or3_4)
                  0.08    0.41    1.25 v _192_/X (sky130_fd_sc_hd__or3_4)
     7    0.01                           _094_ (net)
                  0.08    0.00    1.25 v _193_/A (sky130_fd_sc_hd__buf_2)
                  0.06    0.17    1.42 v _193_/X (sky130_fd_sc_hd__buf_2)
    10    0.02                           _095_ (net)
                  0.06    0.00    1.42 v _239_/B1_N (sky130_fd_sc_hd__a21boi_1)
                  0.06    0.13    1.56 v _239_/Y (sky130_fd_sc_hd__a21boi_1)
     1    0.00                           _129_ (net)
                  0.06    0.00    1.56 v _240_/B1 (sky130_fd_sc_hd__o21a_1)
                  0.04    0.11    1.67 v _240_/X (sky130_fd_sc_hd__o21a_1)
     1    0.00                           _003_ (net)
                  0.04    0.00    1.67 v _326_/D (sky130_fd_sc_hd__dfrtp_1)
                                  1.67   data arrival time

                         10.00   10.00   clock clk (rise edge)
                          0.00   10.00   clock source latency
                  0.04    0.03   10.03 ^ clk (in)
     1    0.01                           clk (net)
                  0.04    0.00   10.03 ^ clkbuf_0_clk/A (sky130_fd_sc_hd__clkbuf_16)
                  0.05    0.13   10.15 ^ clkbuf_0_clk/X (sky130_fd_sc_hd__clkbuf_16)
     4    0.03                           clknet_0_clk (net)
                  0.05    0.00   10.15 ^ clkbuf_2_1__f_clk/A (sky130_fd_sc_hd__clkbuf_16)
                  0.05    0.13   10.29 ^ clkbuf_2_1__f_clk/X (sky130_fd_sc_hd__clkbuf_16)
    11    0.03                           clknet_2_1__leaf_clk (net)
                  0.05    0.00   10.29 ^ _326_/CLK (sky130_fd_sc_hd__dfrtp_1)
                         -0.25   10.04   clock uncertainty
                          0.02   10.05   clock reconvergence pessimism
                         -0.11    9.94   library setup time
                                  9.94   data required time
-----------------------------------------------------------------------------
                                  9.94   data required time
                                 -1.67   data arrival time
-----------------------------------------------------------------------------
                                  8.27   slack (MET)


Startpoint: _297_ (rising edge-triggered flip-flop clocked by clk)
Endpoint: _322_ (rising edge-triggered flip-flop clocked by clk)
Path Group: clk
Path Type: max

Fanout     Cap    Slew   Delay    Time   Description
-----------------------------------------------------------------------------
                          0.00    0.00   clock clk (rise edge)
                          0.00    0.00   clock source latency
                  0.04    0.03    0.03 ^ clk (in)
     1    0.01                           clk (net)
                  0.04    0.00    0.03 ^ clkbuf_0_clk/A (sky130_fd_sc_hd__clkbuf_16)
                  0.05    0.14    0.17 ^ clkbuf_0_clk/X (sky130_fd_sc_hd__clkbuf_16)
     4    0.03                           clknet_0_clk (net)
                  0.05    0.00    0.17 ^ clkbuf_2_2__f_clk/A (sky130_fd_sc_hd__clkbuf_16)
                  0.04    0.13    0.30 ^ clkbuf_2_2__f_clk/X (sky130_fd_sc_hd__clkbuf_16)
     6    0.02                           clknet_2_2__leaf_clk (net)
                  0.04    0.00    0.30 ^ _297_/CLK (sky130_fd_sc_hd__dfrtp_4)
                  0.09    0.53    0.84 v _297_/Q (sky130_fd_sc_hd__dfrtp_4)
     8    0.03                           state[1] (net)
                  0.09    0.00    0.84 v _192_/B (sky130_fd_sc_hd__or3_4)
                  0.08    0.41    1.25 v _192_/X (sky130_fd_sc_hd__or3_4)
     7    0.01                           _094_ (net)
                  0.08    0.00    1.25 v _193_/A (sky130_fd_sc_hd__buf_2)
                  0.06    0.17    1.42 v _193_/X (sky130_fd_sc_hd__buf_2)
    10    0.02                           _095_ (net)
                  0.06    0.00    1.42 v _224_/B1_N (sky130_fd_sc_hd__a21boi_1)
                  0.05    0.14    1.56 v _224_/Y (sky130_fd_sc_hd__a21boi_1)
     1    0.00                           _118_ (net)
                  0.05    0.00    1.56 v _225_/B1 (sky130_fd_sc_hd__o21a_1)
                  0.03    0.10    1.66 v _225_/X (sky130_fd_sc_hd__o21a_1)
     1    0.00                           _014_ (net)
                  0.03    0.00    1.66 v _322_/D (sky130_fd_sc_hd__dfrtp_2)
                                  1.66   data arrival time

                         10.00   10.00   clock clk (rise edge)
                          0.00   10.00   clock source latency
                  0.04    0.03   10.03 ^ clk (in)
     1    0.01                           clk (net)
                  0.04    0.00   10.03 ^ clkbuf_0_clk/A (sky130_fd_sc_hd__clkbuf_16)
                  0.05    0.13   10.15 ^ clkbuf_0_clk/X (sky130_fd_sc_hd__clkbuf_16)
     4    0.03                           clknet_0_clk (net)
                  0.05    0.00   10.15 ^ clkbuf_2_0__f_clk/A (sky130_fd_sc_hd__clkbuf_16)
                  0.05    0.13   10.28 ^ clkbuf_2_0__f_clk/X (sky130_fd_sc_hd__clkbuf_16)
     9    0.03                           clknet_2_0__leaf_clk (net)
                  0.05    0.00   10.28 ^ _322_/CLK (sky130_fd_sc_hd__dfrtp_2)
                         -0.25   10.03   clock uncertainty
                          0.02   10.05   clock reconvergence pessimism
                         -0.11    9.94   library setup time
                                  9.94   data required time
-----------------------------------------------------------------------------
                                  9.94   data required time
                                 -1.66   data arrival time
-----------------------------------------------------------------------------
                                  8.28   slack (MET)


Startpoint: _297_ (rising edge-triggered flip-flop clocked by clk)
Endpoint: _319_ (rising edge-triggered flip-flop clocked by clk)
Path Group: clk
Path Type: max

Fanout     Cap    Slew   Delay    Time   Description
-----------------------------------------------------------------------------
                          0.00    0.00   clock clk (rise edge)
                          0.00    0.00   clock source latency
                  0.04    0.03    0.03 ^ clk (in)
     1    0.01                           clk (net)
                  0.04    0.00    0.03 ^ clkbuf_0_clk/A (sky130_fd_sc_hd__clkbuf_16)
                  0.05    0.14    0.17 ^ clkbuf_0_clk/X (sky130_fd_sc_hd__clkbuf_16)
     4    0.03                           clknet_0_clk (net)
                  0.05    0.00    0.17 ^ clkbuf_2_2__f_clk/A (sky130_fd_sc_hd__clkbuf_16)
                  0.04    0.13    0.30 ^ clkbuf_2_2__f_clk/X (sky130_fd_sc_hd__clkbuf_16)
     6    0.02                           clknet_2_2__leaf_clk (net)
                  0.04    0.00    0.30 ^ _297_/CLK (sky130_fd_sc_hd__dfrtp_4)
                  0.09    0.53    0.84 v _297_/Q (sky130_fd_sc_hd__dfrtp_4)
     8    0.03                           state[1] (net)
                  0.09    0.00    0.84 v _192_/B (sky130_fd_sc_hd__or3_4)
                  0.08    0.41    1.25 v _192_/X (sky130_fd_sc_hd__or3_4)
     7    0.01                           _094_ (net)
                  0.08    0.00    1.25 v _193_/A (sky130_fd_sc_hd__buf_2)
                  0.06    0.17    1.42 v _193_/X (sky130_fd_sc_hd__buf_2)
    10    0.02                           _095_ (net)
                  0.06    0.00    1.42 v _214_/A (sky130_fd_sc_hd__and3_1)
                  0.04    0.15    1.57 v _214_/X (sky130_fd_sc_hd__and3_1)
     1    0.00                           _111_ (net)
                  0.04    0.00    1.57 v _215_/A (sky130_fd_sc_hd__clkbuf_1)
                  0.03    0.09    1.66 v _215_/X (sky130_fd_sc_hd__clkbuf_1)
     1    0.00                           _011_ (net)
                  0.03    0.00    1.66 v _319_/D (sky130_fd_sc_hd__dfrtp_1)
                                  1.66   data arrival time

                         10.00   10.00   clock clk (rise edge)
                          0.00   10.00   clock source latency
                  0.04    0.03   10.03 ^ clk (in)
     1    0.01                           clk (net)
                  0.04    0.00   10.03 ^ clkbuf_0_clk/A (sky130_fd_sc_hd__clkbuf_16)
                  0.05    0.13   10.15 ^ clkbuf_0_clk/X (sky130_fd_sc_hd__clkbuf_16)
     4    0.03                           clknet_0_clk (net)
                  0.05    0.00   10.15 ^ clkbuf_2_0__f_clk/A (sky130_fd_sc_hd__clkbuf_16)
                  0.05    0.13   10.28 ^ clkbuf_2_0__f_clk/X (sky130_fd_sc_hd__clkbuf_16)
     9    0.03                           clknet_2_0__leaf_clk (net)
                  0.05    0.00   10.28 ^ _319_/CLK (sky130_fd_sc_hd__dfrtp_1)
                         -0.25   10.03   clock uncertainty
                          0.02   10.05   clock reconvergence pessimism
                         -0.11    9.94   library setup time
                                  9.94   data required time
-----------------------------------------------------------------------------
                                  9.94   data required time
                                 -1.66   data arrival time
-----------------------------------------------------------------------------
                                  8.28   slack (MET)


Startpoint: _297_ (rising edge-triggered flip-flop clocked by clk)
Endpoint: _321_ (rising edge-triggered flip-flop clocked by clk)
Path Group: clk
Path Type: max

Fanout     Cap    Slew   Delay    Time   Description
-----------------------------------------------------------------------------
                          0.00    0.00   clock clk (rise edge)
                          0.00    0.00   clock source latency
                  0.04    0.03    0.03 ^ clk (in)
     1    0.01                           clk (net)
                  0.04    0.00    0.03 ^ clkbuf_0_clk/A (sky130_fd_sc_hd__clkbuf_16)
                  0.05    0.14    0.17 ^ clkbuf_0_clk/X (sky130_fd_sc_hd__clkbuf_16)
     4    0.03                           clknet_0_clk (net)
                  0.05    0.00    0.17 ^ clkbuf_2_2__f_clk/A (sky130_fd_sc_hd__clkbuf_16)
                  0.04    0.13    0.30 ^ clkbuf_2_2__f_clk/X (sky130_fd_sc_hd__clkbuf_16)
     6    0.02                           clknet_2_2__leaf_clk (net)
                  0.04    0.00    0.30 ^ _297_/CLK (sky130_fd_sc_hd__dfrtp_4)
                  0.09    0.53    0.84 v _297_/Q (sky130_fd_sc_hd__dfrtp_4)
     8    0.03                           state[1] (net)
                  0.09    0.00    0.84 v _192_/B (sky130_fd_sc_hd__or3_4)
                  0.08    0.41    1.25 v _192_/X (sky130_fd_sc_hd__or3_4)
     7    0.01                           _094_ (net)
                  0.08    0.00    1.25 v _193_/A (sky130_fd_sc_hd__buf_2)
                  0.06    0.17    1.42 v _193_/X (sky130_fd_sc_hd__buf_2)
    10    0.02                           _095_ (net)
                  0.06    0.00    1.42 v _222_/A (sky130_fd_sc_hd__and3_1)
                  0.04    0.15    1.57 v _222_/X (sky130_fd_sc_hd__and3_1)
     1    0.00                           _117_ (net)
                  0.04    0.00    1.57 v _223_/A (sky130_fd_sc_hd__clkbuf_1)
                  0.03    0.09    1.66 v _223_/X (sky130_fd_sc_hd__clkbuf_1)
     1    0.00                           _013_ (net)
                  0.03    0.00    1.66 v _321_/D (sky130_fd_sc_hd__dfrtp_1)
                                  1.66   data arrival time

                         10.00   10.00   clock clk (rise edge)
                          0.00   10.00   clock source latency
                  0.04    0.03   10.03 ^ clk (in)
     1    0.01                           clk (net)
                  0.04    0.00   10.03 ^ clkbuf_0_clk/A (sky130_fd_sc_hd__clkbuf_16)
                  0.05    0.13   10.15 ^ clkbuf_0_clk/X (sky130_fd_sc_hd__clkbuf_16)
     4    0.03                           clknet_0_clk (net)
                  0.05    0.00   10.15 ^ clkbuf_2_0__f_clk/A (sky130_fd_sc_hd__clkbuf_16)
                  0.05    0.13   10.28 ^ clkbuf_2_0__f_clk/X (sky130_fd_sc_hd__clkbuf_16)
     9    0.03                           clknet_2_0__leaf_clk (net)
                  0.05    0.00   10.28 ^ _321_/CLK (sky130_fd_sc_hd__dfrtp_1)
                         -0.25   10.03   clock uncertainty
                          0.02   10.05   clock reconvergence pessimism
                         -0.11    9.94   library setup time
                                  9.94   data required time
-----------------------------------------------------------------------------
                                  9.94   data required time
                                 -1.66   data arrival time
-----------------------------------------------------------------------------
                                  8.28   slack (MET)


Startpoint: _297_ (rising edge-triggered flip-flop clocked by clk)
Endpoint: _316_ (rising edge-triggered flip-flop clocked by clk)
Path Group: clk
Path Type: max

Fanout     Cap    Slew   Delay    Time   Description
-----------------------------------------------------------------------------
                          0.00    0.00   clock clk (rise edge)
                          0.00    0.00   clock source latency
                  0.04    0.03    0.03 ^ clk (in)
     1    0.01                           clk (net)
                  0.04    0.00    0.03 ^ clkbuf_0_clk/A (sky130_fd_sc_hd__clkbuf_16)
                  0.05    0.14    0.17 ^ clkbuf_0_clk/X (sky130_fd_sc_hd__clkbuf_16)
     4    0.03                           clknet_0_clk (net)
                  0.05    0.00    0.17 ^ clkbuf_2_2__f_clk/A (sky130_fd_sc_hd__clkbuf_16)
                  0.04    0.13    0.30 ^ clkbuf_2_2__f_clk/X (sky130_fd_sc_hd__clkbuf_16)
     6    0.02                           clknet_2_2__leaf_clk (net)
                  0.04    0.00    0.30 ^ _297_/CLK (sky130_fd_sc_hd__dfrtp_4)
                  0.09    0.53    0.84 v _297_/Q (sky130_fd_sc_hd__dfrtp_4)
     8    0.03                           state[1] (net)
                  0.09    0.00    0.84 v _192_/B (sky130_fd_sc_hd__or3_4)
                  0.08    0.41    1.25 v _192_/X (sky130_fd_sc_hd__or3_4)
     7    0.01                           _094_ (net)
                  0.08    0.00    1.25 v _202_/B (sky130_fd_sc_hd__and3_1)
                  0.04    0.18    1.44 v _202_/X (sky130_fd_sc_hd__and3_1)
     1    0.00                           _102_ (net)
                  0.04    0.00    1.44 v _203_/A (sky130_fd_sc_hd__clkbuf_1)
                  0.03    0.09    1.52 v _203_/X (sky130_fd_sc_hd__clkbuf_1)
     1    0.00                           _008_ (net)
                  0.03    0.00    1.52 v _316_/D (sky130_fd_sc_hd__dfrtp_1)
                                  1.52   data arrival time

                         10.00   10.00   clock clk (rise edge)
                          0.00   10.00   clock source latency
                  0.04    0.03   10.03 ^ clk (in)
     1    0.01                           clk (net)
                  0.04    0.00   10.03 ^ clkbuf_0_clk/A (sky130_fd_sc_hd__clkbuf_16)
                  0.05    0.13   10.15 ^ clkbuf_0_clk/X (sky130_fd_sc_hd__clkbuf_16)
     4    0.03                           clknet_0_clk (net)
                  0.05    0.00   10.15 ^ clkbuf_2_0__f_clk/A (sky130_fd_sc_hd__clkbuf_16)
                  0.05    0.13   10.28 ^ clkbuf_2_0__f_clk/X (sky130_fd_sc_hd__clkbuf_16)
     9    0.03                           clknet_2_0__leaf_clk (net)
                  0.05    0.00   10.28 ^ _316_/CLK (sky130_fd_sc_hd__dfrtp_1)
                         -0.25   10.03   clock uncertainty
                          0.02   10.05   clock reconvergence pessimism
                         -0.11    9.94   library setup time
                                  9.94   data required time
-----------------------------------------------------------------------------
                                  9.94   data required time
                                 -1.52   data arrival time
-----------------------------------------------------------------------------
                                  8.42   slack (MET)


Startpoint: _297_ (rising edge-triggered flip-flop clocked by clk)
Endpoint: _317_ (rising edge-triggered flip-flop clocked by clk)
Path Group: clk
Path Type: max

Fanout     Cap    Slew   Delay    Time   Description
-----------------------------------------------------------------------------
                          0.00    0.00   clock clk (rise edge)
                          0.00    0.00   clock source latency
                  0.04    0.03    0.03 ^ clk (in)
     1    0.01                           clk (net)
                  0.04    0.00    0.03 ^ clkbuf_0_clk/A (sky130_fd_sc_hd__clkbuf_16)
                  0.05    0.14    0.17 ^ clkbuf_0_clk/X (sky130_fd_sc_hd__clkbuf_16)
     4    0.03                           clknet_0_clk (net)
                  0.05    0.00    0.17 ^ clkbuf_2_2__f_clk/A (sky130_fd_sc_hd__clkbuf_16)
                  0.04    0.13    0.30 ^ clkbuf_2_2__f_clk/X (sky130_fd_sc_hd__clkbuf_16)
     6    0.02                           clknet_2_2__leaf_clk (net)
                  0.04    0.00    0.30 ^ _297_/CLK (sky130_fd_sc_hd__dfrtp_4)
                  0.09    0.53    0.84 v _297_/Q (sky130_fd_sc_hd__dfrtp_4)
     8    0.03                           state[1] (net)
                  0.09    0.00    0.84 v _192_/B (sky130_fd_sc_hd__or3_4)
                  0.08    0.41    1.25 v _192_/X (sky130_fd_sc_hd__or3_4)
     7    0.01                           _094_ (net)
                  0.08    0.00    1.25 v _205_/B (sky130_fd_sc_hd__and3_1)
                  0.04    0.18    1.43 v _205_/X (sky130_fd_sc_hd__and3_1)
     1    0.00                           _104_ (net)
                  0.04    0.00    1.43 v _206_/A (sky130_fd_sc_hd__clkbuf_1)
                  0.03    0.09    1.52 v _206_/X (sky130_fd_sc_hd__clkbuf_1)
     1    0.00                           _009_ (net)
                  0.03    0.00    1.52 v _317_/D (sky130_fd_sc_hd__dfrtp_1)
                                  1.52   data arrival time

                         10.00   10.00   clock clk (rise edge)
                          0.00   10.00   clock source latency
                  0.04    0.03   10.03 ^ clk (in)
     1    0.01                           clk (net)
                  0.04    0.00   10.03 ^ clkbuf_0_clk/A (sky130_fd_sc_hd__clkbuf_16)
                  0.05    0.13   10.15 ^ clkbuf_0_clk/X (sky130_fd_sc_hd__clkbuf_16)
     4    0.03                           clknet_0_clk (net)
                  0.05    0.00   10.15 ^ clkbuf_2_0__f_clk/A (sky130_fd_sc_hd__clkbuf_16)
                  0.05    0.13   10.28 ^ clkbuf_2_0__f_clk/X (sky130_fd_sc_hd__clkbuf_16)
     9    0.03                           clknet_2_0__leaf_clk (net)
                  0.05    0.00   10.28 ^ _317_/CLK (sky130_fd_sc_hd__dfrtp_1)
                         -0.25   10.03   clock uncertainty
                          0.02   10.05   clock reconvergence pessimism
                         -0.11    9.94   library setup time
                                  9.94   data required time
-----------------------------------------------------------------------------
                                  9.94   data required time
                                 -1.52   data arrival time
-----------------------------------------------------------------------------
                                  8.42   slack (MET)


Startpoint: _297_ (rising edge-triggered flip-flop clocked by clk)
Endpoint: _315_ (rising edge-triggered flip-flop clocked by clk)
Path Group: clk
Path Type: max

Fanout     Cap    Slew   Delay    Time   Description
-----------------------------------------------------------------------------
                          0.00    0.00   clock clk (rise edge)
                          0.00    0.00   clock source latency
                  0.04    0.03    0.03 ^ clk (in)
     1    0.01                           clk (net)
                  0.04    0.00    0.03 ^ clkbuf_0_clk/A (sky130_fd_sc_hd__clkbuf_16)
                  0.05    0.14    0.17 ^ clkbuf_0_clk/X (sky130_fd_sc_hd__clkbuf_16)
     4    0.03                           clknet_0_clk (net)
                  0.05    0.00    0.17 ^ clkbuf_2_2__f_clk/A (sky130_fd_sc_hd__clkbuf_16)
                  0.04    0.13    0.30 ^ clkbuf_2_2__f_clk/X (sky130_fd_sc_hd__clkbuf_16)
     6    0.02                           clknet_2_2__leaf_clk (net)
                  0.04    0.00    0.30 ^ _297_/CLK (sky130_fd_sc_hd__dfrtp_4)
                  0.09    0.53    0.84 v _297_/Q (sky130_fd_sc_hd__dfrtp_4)
     8    0.03                           state[1] (net)
                  0.09    0.00    0.84 v _192_/B (sky130_fd_sc_hd__or3_4)
                  0.08    0.41    1.25 v _192_/X (sky130_fd_sc_hd__or3_4)
     7    0.01                           _094_ (net)
                  0.08    0.00    1.25 v _198_/B (sky130_fd_sc_hd__and3_1)
                  0.04    0.18    1.44 v _198_/X (sky130_fd_sc_hd__and3_1)
     1    0.00                           _099_ (net)
                  0.04    0.00    1.44 v _199_/A (sky130_fd_sc_hd__clkbuf_1)
                  0.03    0.09    1.52 v _199_/X (sky130_fd_sc_hd__clkbuf_1)
     1    0.00                           _007_ (net)
                  0.03    0.00    1.52 v _315_/D (sky130_fd_sc_hd__dfrtp_2)
                                  1.52   data arrival time

                         10.00   10.00   clock clk (rise edge)
                          0.00   10.00   clock source latency
                  0.04    0.03   10.03 ^ clk (in)
     1    0.01                           clk (net)
                  0.04    0.00   10.03 ^ clkbuf_0_clk/A (sky130_fd_sc_hd__clkbuf_16)
                  0.05    0.13   10.15 ^ clkbuf_0_clk/X (sky130_fd_sc_hd__clkbuf_16)
     4    0.03                           clknet_0_clk (net)
                  0.05    0.00   10.15 ^ clkbuf_2_2__f_clk/A (sky130_fd_sc_hd__clkbuf_16)
                  0.04    0.12   10.27 ^ clkbuf_2_2__f_clk/X (sky130_fd_sc_hd__clkbuf_16)
     6    0.02                           clknet_2_2__leaf_clk (net)
                  0.04    0.00   10.27 ^ _315_/CLK (sky130_fd_sc_hd__dfrtp_2)
                         -0.25   10.02   clock uncertainty
                          0.03   10.05   clock reconvergence pessimism
                         -0.11    9.94   library setup time
                                  9.94   data required time
-----------------------------------------------------------------------------
                                  9.94   data required time
                                 -1.52   data arrival time
-----------------------------------------------------------------------------
                                  8.42   slack (MET)



