
===========================================================================
report_checks -path_delay min (Hold)
============================================================================
======================= Typical Corner ===================================

Startpoint: _318_ (rising edge-triggered flip-flop clocked by clk)
Endpoint: _318_ (rising edge-triggered flip-flop clocked by clk)
Path Group: clk
Path Type: min

Fanout     Cap    Slew   Delay    Time   Description
-----------------------------------------------------------------------------
                          0.00    0.00   clock clk (rise edge)
                          0.00    0.00   clock source latency
                  0.04    0.03    0.03 ^ clk (in)
     1    0.01                           clk (net)
                  0.04    0.00    0.03 ^ clkbuf_0_clk/A (sky130_fd_sc_hd__clkbuf_16)
                  0.05    0.13    0.15 ^ clkbuf_0_clk/X (sky130_fd_sc_hd__clkbuf_16)
     4    0.03                           clknet_0_clk (net)
                  0.05    0.00    0.15 ^ clkbuf_2_0__f_clk/A (sky130_fd_sc_hd__clkbuf_16)
                  0.04    0.12    0.27 ^ clkbuf_2_0__f_clk/X (sky130_fd_sc_hd__clkbuf_16)
     9    0.02                           clknet_2_0__leaf_clk (net)
                  0.04    0.00    0.27 ^ _318_/CLK (sky130_fd_sc_hd__dfrtp_1)
                  0.10    0.34    0.62 ^ _318_/Q (sky130_fd_sc_hd__dfrtp_1)
     5    0.01                           baud_count[4] (net)
                  0.10    0.00    0.62 ^ _208_/A1 (sky130_fd_sc_hd__a21boi_1)
                  0.04    0.06    0.68 v _208_/Y (sky130_fd_sc_hd__a21boi_1)
     1    0.00                           _106_ (net)
                  0.04    0.00    0.68 v _209_/C1 (sky130_fd_sc_hd__o211a_1)
                  0.03    0.09    0.77 v _209_/X (sky130_fd_sc_hd__o211a_1)
     1    0.00                           _010_ (net)
                  0.03    0.00    0.77 v _318_/D (sky130_fd_sc_hd__dfrtp_1)
                                  0.77   data arrival time

                          0.00    0.00   clock clk (rise edge)
                          0.00    0.00   clock source latency
                  0.04    0.03    0.03 ^ clk (in)
     1    0.01                           clk (net)
                  0.04    0.00    0.03 ^ clkbuf_0_clk/A (sky130_fd_sc_hd__clkbuf_16)
                  0.05    0.14    0.17 ^ clkbuf_0_clk/X (sky130_fd_sc_hd__clkbuf_16)
     4    0.03                           clknet_0_clk (net)
                  0.05    0.00    0.17 ^ clkbuf_2_0__f_clk/A (sky130_fd_sc_hd__clkbuf_16)
                  0.04    0.13    0.30 ^ clkbuf_2_0__f_clk/X (sky130_fd_sc_hd__clkbuf_16)
     9    0.02                           clknet_2_0__leaf_clk (net)
                  0.04    0.00    0.30 ^ _318_/CLK (sky130_fd_sc_hd__dfrtp_1)
                          0.25    0.55   clock uncertainty
                         -0.03    0.52   clock reconvergence pessimism
                         -0.04    0.48   library hold time
                                  0.48   data required time
-----------------------------------------------------------------------------
                                  0.48   data required time
                                 -0.77   data arrival time
-----------------------------------------------------------------------------
                                  0.29   slack (MET)


Startpoint: _322_ (rising edge-triggered flip-flop clocked by clk)
Endpoint: _322_ (rising edge-triggered flip-flop clocked by clk)
Path Group: clk
Path Type: min

Fanout     Cap    Slew   Delay    Time   Description
-----------------------------------------------------------------------------
                          0.00    0.00   clock clk (rise edge)
                          0.00    0.00   clock source latency
                  0.04    0.03    0.03 ^ clk (in)
     1    0.01                           clk (net)
                  0.04    0.00    0.03 ^ clkbuf_0_clk/A (sky130_fd_sc_hd__clkbuf_16)
                  0.05    0.13    0.15 ^ clkbuf_0_clk/X (sky130_fd_sc_hd__clkbuf_16)
     4    0.03                           clknet_0_clk (net)
                  0.05    0.00    0.15 ^ clkbuf_2_0__f_clk/A (sky130_fd_sc_hd__clkbuf_16)
                  0.04    0.12    0.27 ^ clkbuf_2_0__f_clk/X (sky130_fd_sc_hd__clkbuf_16)
     9    0.02                           clknet_2_0__leaf_clk (net)
                  0.04    0.00    0.27 ^ _322_/CLK (sky130_fd_sc_hd__dfrtp_2)
                  0.09    0.36    0.63 ^ _322_/Q (sky130_fd_sc_hd__dfrtp_2)
     6    0.01                           baud_count[8] (net)
                  0.09    0.00    0.63 ^ _224_/A1 (sky130_fd_sc_hd__a21boi_1)
                  0.04    0.06    0.69 v _224_/Y (sky130_fd_sc_hd__a21boi_1)
     1    0.00                           _118_ (net)
                  0.04    0.00    0.69 v _225_/B1 (sky130_fd_sc_hd__o21a_1)
                  0.03    0.08    0.78 v _225_/X (sky130_fd_sc_hd__o21a_1)
     1    0.00                           _014_ (net)
                  0.03    0.00    0.78 v _322_/D (sky130_fd_sc_hd__dfrtp_2)
                                  0.78   data arrival time

                          0.00    0.00   clock clk (rise edge)
                          0.00    0.00   clock source latency
                  0.04    0.03    0.03 ^ clk (in)
     1    0.01                           clk (net)
                  0.04    0.00    0.03 ^ clkbuf_0_clk/A (sky130_fd_sc_hd__clkbuf_16)
                  0.05    0.14    0.17 ^ clkbuf_0_clk/X (sky130_fd_sc_hd__clkbuf_16)
     4    0.03                           clknet_0_clk (net)
                  0.05    0.00    0.17 ^ clkbuf_2_0__f_clk/A (sky130_fd_sc_hd__clkbuf_16)
                  0.04    0.13    0.30 ^ clkbuf_2_0__f_clk/X (sky130_fd_sc_hd__clkbuf_16)
     9    0.02                           clknet_2_0__leaf_clk (net)
                  0.04    0.00    0.30 ^ _322_/CLK (sky130_fd_sc_hd__dfrtp_2)
                          0.25    0.55   clock uncertainty
                         -0.03    0.52   clock reconvergence pessimism
                         -0.04    0.49   library hold time
                                  0.49   data required time
-----------------------------------------------------------------------------
                                  0.49   data required time
                                 -0.78   data arrival time
-----------------------------------------------------------------------------
                                  0.29   slack (MET)


Startpoint: _326_ (rising edge-triggered flip-flop clocked by clk)
Endpoint: _326_ (rising edge-triggered flip-flop clocked by clk)
Path Group: clk
Path Type: min

Fanout     Cap    Slew   Delay    Time   Description
-----------------------------------------------------------------------------
                          0.00    0.00   clock clk (rise edge)
                          0.00    0.00   clock source latency
                  0.04    0.03    0.03 ^ clk (in)
     1    0.01                           clk (net)
                  0.04    0.00    0.03 ^ clkbuf_0_clk/A (sky130_fd_sc_hd__clkbuf_16)
                  0.05    0.13    0.15 ^ clkbuf_0_clk/X (sky130_fd_sc_hd__clkbuf_16)
     4    0.03                           clknet_0_clk (net)
                  0.05    0.00    0.15 ^ clkbuf_2_1__f_clk/A (sky130_fd_sc_hd__clkbuf_16)
                  0.04    0.12    0.28 ^ clkbuf_2_1__f_clk/X (sky130_fd_sc_hd__clkbuf_16)
    11    0.02                           clknet_2_1__leaf_clk (net)
                  0.04    0.00    0.28 ^ _326_/CLK (sky130_fd_sc_hd__dfrtp_1)
                  0.12    0.35    0.63 ^ _326_/Q (sky130_fd_sc_hd__dfrtp_1)
     6    0.01                           baud_count[12] (net)
                  0.12    0.00    0.63 ^ _239_/A1 (sky130_fd_sc_hd__a21boi_1)
                  0.04    0.07    0.70 v _239_/Y (sky130_fd_sc_hd__a21boi_1)
     1    0.00                           _129_ (net)
                  0.04    0.00    0.70 v _240_/B1 (sky130_fd_sc_hd__o21a_1)
                  0.03    0.08    0.78 v _240_/X (sky130_fd_sc_hd__o21a_1)
     1    0.00                           _003_ (net)
                  0.03    0.00    0.78 v _326_/D (sky130_fd_sc_hd__dfrtp_1)
                                  0.78   data arrival time

                          0.00    0.00   clock clk (rise edge)
                          0.00    0.00   clock source latency
                  0.04    0.03    0.03 ^ clk (in)
     1    0.01                           clk (net)
                  0.04    0.00    0.03 ^ clkbuf_0_clk/A (sky130_fd_sc_hd__clkbuf_16)
                  0.05    0.14    0.17 ^ clkbuf_0_clk/X (sky130_fd_sc_hd__clkbuf_16)
     4    0.03                           clknet_0_clk (net)
                  0.05    0.00    0.17 ^ clkbuf_2_1__f_clk/A (sky130_fd_sc_hd__clkbuf_16)
                  0.04    0.14    0.31 ^ clkbuf_2_1__f_clk/X (sky130_fd_sc_hd__clkbuf_16)
    11    0.02                           clknet_2_1__leaf_clk (net)
                  0.04    0.00    0.31 ^ _326_/CLK (sky130_fd_sc_hd__dfrtp_1)
                          0.25    0.56   clock uncertainty
                         -0.03    0.53   clock reconvergence pessimism
                         -0.04    0.49   library hold time
                                  0.49   data required time
-----------------------------------------------------------------------------
                                  0.49   data required time
                                 -0.78   data arrival time
-----------------------------------------------------------------------------
                                  0.29   slack (MET)


Startpoint: _301_ (rising edge-triggered flip-flop clocked by clk)
Endpoint: _301_ (rising edge-triggered flip-flop clocked by clk)
Path Group: clk
Path Type: min

Fanout     Cap    Slew   Delay    Time   Description
-----------------------------------------------------------------------------
                          0.00    0.00   clock clk (rise edge)
                          0.00    0.00   clock source latency
                  0.04    0.03    0.03 ^ clk (in)
     1    0.01                           clk (net)
                  0.04    0.00    0.03 ^ clkbuf_0_clk/A (sky130_fd_sc_hd__clkbuf_16)
                  0.05    0.13    0.15 ^ clkbuf_0_clk/X (sky130_fd_sc_hd__clkbuf_16)
     4    0.03                           clknet_0_clk (net)
                  0.05    0.00    0.15 ^ clkbuf_2_3__f_clk/A (sky130_fd_sc_hd__clkbuf_16)
                  0.04    0.12    0.27 ^ clkbuf_2_3__f_clk/X (sky130_fd_sc_hd__clkbuf_16)
     8    0.01                           clknet_2_3__leaf_clk (net)
                  0.04    0.00    0.27 ^ _301_/CLK (sky130_fd_sc_hd__dfrtp_2)
                  0.09    0.36    0.63 ^ _301_/Q (sky130_fd_sc_hd__dfrtp_2)
     6    0.01                           bit_index[1] (net)
                  0.09    0.00    0.63 ^ _179_/A1 (sky130_fd_sc_hd__a21o_1)
                  0.03    0.10    0.74 ^ _179_/X (sky130_fd_sc_hd__a21o_1)
     1    0.00                           _087_ (net)
                  0.03    0.00    0.74 ^ _181_/A2 (sky130_fd_sc_hd__a21oi_1)
                  0.03    0.05    0.78 v _181_/Y (sky130_fd_sc_hd__a21oi_1)
     1    0.00                           _055_ (net)
                  0.03    0.00    0.78 v _301_/D (sky130_fd_sc_hd__dfrtp_2)
                                  0.78   data arrival time

                          0.00    0.00   clock clk (rise edge)
                          0.00    0.00   clock source latency
                  0.04    0.03    0.03 ^ clk (in)
     1    0.01                           clk (net)
                  0.04    0.00    0.03 ^ clkbuf_0_clk/A (sky130_fd_sc_hd__clkbuf_16)
                  0.05    0.14    0.17 ^ clkbuf_0_clk/X (sky130_fd_sc_hd__clkbuf_16)
     4    0.03                           clknet_0_clk (net)
                  0.05    0.00    0.17 ^ clkbuf_2_3__f_clk/A (sky130_fd_sc_hd__clkbuf_16)
                  0.04    0.13    0.30 ^ clkbuf_2_3__f_clk/X (sky130_fd_sc_hd__clkbuf_16)
     8    0.01                           clknet_2_3__leaf_clk (net)
                  0.04    0.00    0.30 ^ _301_/CLK (sky130_fd_sc_hd__dfrtp_2)
                          0.25    0.55   clock uncertainty
                         -0.03    0.52   clock reconvergence pessimism
                         -0.04    0.48   library hold time
                                  0.48   data required time
-----------------------------------------------------------------------------
                                  0.48   data required time
                                 -0.78   data arrival time
-----------------------------------------------------------------------------
                                  0.30   slack (MET)


Startpoint: _297_ (rising edge-triggered flip-flop clocked by clk)
Endpoint: _297_ (rising edge-triggered flip-flop clocked by clk)
Path Group: clk
Path Type: min

Fanout     Cap    Slew   Delay    Time   Description
-----------------------------------------------------------------------------
                          0.00    0.00   clock clk (rise edge)
                          0.00    0.00   clock source latency
                  0.04    0.03    0.03 ^ clk (in)
     1    0.01                           clk (net)
                  0.04    0.00    0.03 ^ clkbuf_0_clk/A (sky130_fd_sc_hd__clkbuf_16)
                  0.05    0.13    0.15 ^ clkbuf_0_clk/X (sky130_fd_sc_hd__clkbuf_16)
     4    0.03                           clknet_0_clk (net)
                  0.05    0.00    0.15 ^ clkbuf_2_2__f_clk/A (sky130_fd_sc_hd__clkbuf_16)
                  0.03    0.11    0.27 ^ clkbuf_2_2__f_clk/X (sky130_fd_sc_hd__clkbuf_16)
     6    0.01                           clknet_2_2__leaf_clk (net)
                  0.03    0.00    0.27 ^ _297_/CLK (sky130_fd_sc_hd__dfrtp_4)
                  0.10    0.41    0.68 ^ _297_/Q (sky130_fd_sc_hd__dfrtp_4)
     8    0.02                           state[1] (net)
                  0.10    0.00    0.68 ^ _189_/B2 (sky130_fd_sc_hd__a22o_1)
                  0.04    0.12    0.80 ^ _189_/X (sky130_fd_sc_hd__a22o_1)
     1    0.00                           _017_ (net)
                  0.04    0.00    0.80 ^ _297_/D (sky130_fd_sc_hd__dfrtp_4)
                                  0.80   data arrival time

                          0.00    0.00   clock clk (rise edge)
                          0.00    0.00   clock source latency
                  0.04    0.03    0.03 ^ clk (in)
     1    0.01                           clk (net)
                  0.04    0.00    0.03 ^ clkbuf_0_clk/A (sky130_fd_sc_hd__clkbuf_16)
                  0.05    0.14    0.17 ^ clkbuf_0_clk/X (sky130_fd_sc_hd__clkbuf_16)
     4    0.03                           clknet_0_clk (net)
                  0.05    0.00    0.17 ^ clkbuf_2_2__f_clk/A (sky130_fd_sc_hd__clkbuf_16)
                  0.03    0.13    0.30 ^ clkbuf_2_2__f_clk/X (sky130_fd_sc_hd__clkbuf_16)
     6    0.01                           clknet_2_2__leaf_clk (net)
                  0.03    0.00    0.30 ^ _297_/CLK (sky130_fd_sc_hd__dfrtp_4)
                          0.25    0.55   clock uncertainty
                         -0.03    0.52   clock reconvergence pessimism
                         -0.03    0.48   library hold time
                                  0.48   data required time
-----------------------------------------------------------------------------
                                  0.48   data required time
                                 -0.80   data arrival time
-----------------------------------------------------------------------------
                                  0.32   slack (MET)


Startpoint: _323_ (rising edge-triggered flip-flop clocked by clk)
Endpoint: _323_ (rising edge-triggered flip-flop clocked by clk)
Path Group: clk
Path Type: min

Fanout     Cap    Slew   Delay    Time   Description
-----------------------------------------------------------------------------
                          0.00    0.00   clock clk (rise edge)
                          0.00    0.00   clock source latency
                  0.04    0.03    0.03 ^ clk (in)
     1    0.01                           clk (net)
                  0.04    0.00    0.03 ^ clkbuf_0_clk/A (sky130_fd_sc_hd__clkbuf_16)
                  0.05    0.13    0.15 ^ clkbuf_0_clk/X (sky130_fd_sc_hd__clkbuf_16)
     4    0.03                           clknet_0_clk (net)
                  0.05    0.00    0.15 ^ clkbuf_2_1__f_clk/A (sky130_fd_sc_hd__clkbuf_16)
                  0.04    0.12    0.28 ^ clkbuf_2_1__f_clk/X (sky130_fd_sc_hd__clkbuf_16)
    11    0.02                           clknet_2_1__leaf_clk (net)
                  0.04    0.00    0.28 ^ _323_/CLK (sky130_fd_sc_hd__dfrtp_1)
                  0.10    0.34    0.62 ^ _323_/Q (sky130_fd_sc_hd__dfrtp_1)
     4    0.01                           baud_count[9] (net)
                  0.10    0.00    0.62 ^ _227_/A (sky130_fd_sc_hd__nand3_2)
                  0.07    0.08    0.70 v _227_/Y (sky130_fd_sc_hd__nand3_2)
     4    0.01                           _120_ (net)
                  0.07    0.00    0.70 v _228_/B1 (sky130_fd_sc_hd__o211a_1)
                  0.03    0.12    0.82 v _228_/X (sky130_fd_sc_hd__o211a_1)
     1    0.00                           _015_ (net)
                  0.03    0.00    0.82 v _323_/D (sky130_fd_sc_hd__dfrtp_1)
                                  0.82   data arrival time

                          0.00    0.00   clock clk (rise edge)
                          0.00    0.00   clock source latency
                  0.04    0.03    0.03 ^ clk (in)
     1    0.01                           clk (net)
                  0.04    0.00    0.03 ^ clkbuf_0_clk/A (sky130_fd_sc_hd__clkbuf_16)
                  0.05    0.14    0.17 ^ clkbuf_0_clk/X (sky130_fd_sc_hd__clkbuf_16)
     4    0.03                           clknet_0_clk (net)
                  0.05    0.00    0.17 ^ clkbuf_2_1__f_clk/A (sky130_fd_sc_hd__clkbuf_16)
                  0.04    0.14    0.31 ^ clkbuf_2_1__f_clk/X (sky130_fd_sc_hd__clkbuf_16)
    11    0.02                           clknet_2_1__leaf_clk (net)
                  0.04    0.00    0.31 ^ _323_/CLK (sky130_fd_sc_hd__dfrtp_1)
                          0.25    0.56   clock uncertainty
                         -0.03    0.53   clock reconvergence pessimism
                         -0.04    0.49   library hold time
                                  0.49   data required time
-----------------------------------------------------------------------------
                                  0.49   data required time
                                 -0.82   data arrival time
-----------------------------------------------------------------------------
                                  0.33   slack (MET)


Startpoint: _299_ (rising edge-triggered flip-flop clocked by clk)
Endpoint: _296_ (rising edge-triggered flip-flop clocked by clk)
Path Group: clk
Path Type: min

Fanout     Cap    Slew   Delay    Time   Description
-----------------------------------------------------------------------------
                          0.00    0.00   clock clk (rise edge)
                          0.00    0.00   clock source latency
                  0.04    0.03    0.03 ^ clk (in)
     1    0.01                           clk (net)
                  0.04    0.00    0.03 ^ clkbuf_0_clk/A (sky130_fd_sc_hd__clkbuf_16)
                  0.05    0.13    0.15 ^ clkbuf_0_clk/X (sky130_fd_sc_hd__clkbuf_16)
     4    0.03                           clknet_0_clk (net)
                  0.05    0.00    0.15 ^ clkbuf_2_2__f_clk/A (sky130_fd_sc_hd__clkbuf_16)
                  0.03    0.11    0.27 ^ clkbuf_2_2__f_clk/X (sky130_fd_sc_hd__clkbuf_16)
     6    0.01                           clknet_2_2__leaf_clk (net)
                  0.03    0.00    0.27 ^ _299_/CLK (sky130_fd_sc_hd__dfrtp_1)
                  0.09    0.33    0.60 ^ _299_/Q (sky130_fd_sc_hd__dfrtp_1)
     3    0.01                           state[3] (net)
                  0.09    0.00    0.60 ^ hold6/A (sky130_fd_sc_hd__buf_1)
                  0.10    0.12    0.72 ^ hold6/X (sky130_fd_sc_hd__buf_1)
     3    0.01                           net19 (net)
                  0.10    0.00    0.72 ^ _191_/B1 (sky130_fd_sc_hd__a22o_1)
                  0.04    0.12    0.84 ^ _191_/X (sky130_fd_sc_hd__a22o_1)
     1    0.00                           _016_ (net)
                  0.04    0.00    0.84 ^ _296_/D (sky130_fd_sc_hd__dfstp_1)
                                  0.84   data arrival time

                          0.00    0.00   clock clk (rise edge)
                          0.00    0.00   clock source latency
                  0.04    0.03    0.03 ^ clk (in)
     1    0.01                           clk (net)
                  0.04    0.00    0.03 ^ clkbuf_0_clk/A (sky130_fd_sc_hd__clkbuf_16)
                  0.05    0.14    0.17 ^ clkbuf_0_clk/X (sky130_fd_sc_hd__clkbuf_16)
     4    0.03                           clknet_0_clk (net)
                  0.05    0.00    0.17 ^ clkbuf_2_1__f_clk/A (sky130_fd_sc_hd__clkbuf_16)
                  0.04    0.14    0.31 ^ clkbuf_2_1__f_clk/X (sky130_fd_sc_hd__clkbuf_16)
    11    0.02                           clknet_2_1__leaf_clk (net)
                  0.04    0.00    0.31 ^ _296_/CLK (sky130_fd_sc_hd__dfstp_1)
                          0.25    0.56   clock uncertainty
                         -0.02    0.54   clock reconvergence pessimism
                         -0.03    0.51   library hold time
                                  0.51   data required time
-----------------------------------------------------------------------------
                                  0.51   data required time
                                 -0.84   data arrival time
-----------------------------------------------------------------------------
                                  0.34   slack (MET)


Startpoint: _300_ (rising edge-triggered flip-flop clocked by clk)
Endpoint: _300_ (rising edge-triggered flip-flop clocked by clk)
Path Group: clk
Path Type: min

Fanout     Cap    Slew   Delay    Time   Description
-----------------------------------------------------------------------------
                          0.00    0.00   clock clk (rise edge)
                          0.00    0.00   clock source latency
                  0.04    0.03    0.03 ^ clk (in)
     1    0.01                           clk (net)
                  0.04    0.00    0.03 ^ clkbuf_0_clk/A (sky130_fd_sc_hd__clkbuf_16)
                  0.05    0.13    0.15 ^ clkbuf_0_clk/X (sky130_fd_sc_hd__clkbuf_16)
     4    0.03                           clknet_0_clk (net)
                  0.05    0.00    0.15 ^ clkbuf_2_3__f_clk/A (sky130_fd_sc_hd__clkbuf_16)
                  0.04    0.12    0.27 ^ clkbuf_2_3__f_clk/X (sky130_fd_sc_hd__clkbuf_16)
     8    0.01                           clknet_2_3__leaf_clk (net)
                  0.04    0.00    0.27 ^ _300_/CLK (sky130_fd_sc_hd__dfrtp_4)
                  0.10    0.42    0.69 ^ _300_/Q (sky130_fd_sc_hd__dfrtp_4)
     8    0.02                           bit_index[0] (net)
                  0.10    0.00    0.69 ^ _182_/B1 (sky130_fd_sc_hd__a21oi_1)
                  0.04    0.04    0.73 v _182_/Y (sky130_fd_sc_hd__a21oi_1)
     1    0.00                           _089_ (net)
                  0.04    0.00    0.73 v _183_/B1 (sky130_fd_sc_hd__a21oi_1)
                  0.07    0.09    0.82 ^ _183_/Y (sky130_fd_sc_hd__a21oi_1)
     1    0.00                           _054_ (net)
                  0.07    0.00    0.82 ^ _300_/D (sky130_fd_sc_hd__dfrtp_4)
                                  0.82   data arrival time

                          0.00    0.00   clock clk (rise edge)
                          0.00    0.00   clock source latency
                  0.04    0.03    0.03 ^ clk (in)
     1    0.01                           clk (net)
                  0.04    0.00    0.03 ^ clkbuf_0_clk/A (sky130_fd_sc_hd__clkbuf_16)
                  0.05    0.14    0.17 ^ clkbuf_0_clk/X (sky130_fd_sc_hd__clkbuf_16)
     4    0.03                           clknet_0_clk (net)
                  0.05    0.00    0.17 ^ clkbuf_2_3__f_clk/A (sky130_fd_sc_hd__clkbuf_16)
                  0.04    0.13    0.30 ^ clkbuf_2_3__f_clk/X (sky130_fd_sc_hd__clkbuf_16)
     8    0.01                           clknet_2_3__leaf_clk (net)
                  0.04    0.00    0.30 ^ _300_/CLK (sky130_fd_sc_hd__dfrtp_4)
                          0.25    0.55   clock uncertainty
                         -0.03    0.52   clock reconvergence pessimism
                         -0.04    0.48   library hold time
                                  0.48   data required time
-----------------------------------------------------------------------------
                                  0.48   data required time
                                 -0.82   data arrival time
-----------------------------------------------------------------------------
                                  0.34   slack (MET)


Startpoint: _302_ (rising edge-triggered flip-flop clocked by clk)
Endpoint: _304_ (rising edge-triggered flip-flop clocked by clk)
Path Group: clk
Path Type: min

Fanout     Cap    Slew   Delay    Time   Description
-----------------------------------------------------------------------------
                          0.00    0.00   clock clk (rise edge)
                          0.00    0.00   clock source latency
                  0.04    0.03    0.03 ^ clk (in)
     1    0.01                           clk (net)
                  0.04    0.00    0.03 ^ clkbuf_0_clk/A (sky130_fd_sc_hd__clkbuf_16)
                  0.05    0.13    0.15 ^ clkbuf_0_clk/X (sky130_fd_sc_hd__clkbuf_16)
     4    0.03                           clknet_0_clk (net)
                  0.05    0.00    0.15 ^ clkbuf_2_3__f_clk/A (sky130_fd_sc_hd__clkbuf_16)
                  0.04    0.12    0.27 ^ clkbuf_2_3__f_clk/X (sky130_fd_sc_hd__clkbuf_16)
     8    0.01                           clknet_2_3__leaf_clk (net)
                  0.04    0.00    0.27 ^ _302_/CLK (sky130_fd_sc_hd__dfrtp_1)
                  0.09    0.33    0.60 ^ _302_/Q (sky130_fd_sc_hd__dfrtp_1)
     4    0.01                           bit_index[2] (net)
                  0.09    0.00    0.60 ^ _255_/A (sky130_fd_sc_hd__or2_1)
                  0.04    0.10    0.70 ^ _255_/X (sky130_fd_sc_hd__or2_1)
     1    0.00                           _140_ (net)
                  0.04    0.00    0.70 ^ _258_/A2 (sky130_fd_sc_hd__a311o_1)
                  0.04    0.14    0.84 ^ _258_/X (sky130_fd_sc_hd__a311o_1)
     1    0.00                           _147_ (net)
                  0.04    0.00    0.84 ^ _304_/D (sky130_fd_sc_hd__dfstp_1)
                                  0.84   data arrival time

                          0.00    0.00   clock clk (rise edge)
                          0.00    0.00   clock source latency
                  0.04    0.03    0.03 ^ clk (in)
     1    0.01                           clk (net)
                  0.04    0.00    0.03 ^ clkbuf_0_clk/A (sky130_fd_sc_hd__clkbuf_16)
                  0.05    0.14    0.17 ^ clkbuf_0_clk/X (sky130_fd_sc_hd__clkbuf_16)
     4    0.03                           clknet_0_clk (net)
                  0.05    0.00    0.17 ^ clkbuf_2_2__f_clk/A (sky130_fd_sc_hd__clkbuf_16)
                  0.03    0.13    0.30 ^ clkbuf_2_2__f_clk/X (sky130_fd_sc_hd__clkbuf_16)
     6    0.01                           clknet_2_2__leaf_clk (net)
                  0.03    0.00    0.30 ^ _304_/CLK (sky130_fd_sc_hd__dfstp_1)
                          0.25    0.55   clock uncertainty
                         -0.02    0.53   clock reconvergence pessimism
                         -0.04    0.49   library hold time
                                  0.49   data required time
-----------------------------------------------------------------------------
                                  0.49   data required time
                                 -0.84   data arrival time
-----------------------------------------------------------------------------
                                  0.34   slack (MET)


Startpoint: _299_ (rising edge-triggered flip-flop clocked by clk)
Endpoint: _299_ (rising edge-triggered flip-flop clocked by clk)
Path Group: clk
Path Type: min

Fanout     Cap    Slew   Delay    Time   Description
-----------------------------------------------------------------------------
                          0.00    0.00   clock clk (rise edge)
                          0.00    0.00   clock source latency
                  0.04    0.03    0.03 ^ clk (in)
     1    0.01                           clk (net)
                  0.04    0.00    0.03 ^ clkbuf_0_clk/A (sky130_fd_sc_hd__clkbuf_16)
                  0.05    0.13    0.15 ^ clkbuf_0_clk/X (sky130_fd_sc_hd__clkbuf_16)
     4    0.03                           clknet_0_clk (net)
                  0.05    0.00    0.15 ^ clkbuf_2_2__f_clk/A (sky130_fd_sc_hd__clkbuf_16)
                  0.03    0.11    0.27 ^ clkbuf_2_2__f_clk/X (sky130_fd_sc_hd__clkbuf_16)
     6    0.01                           clknet_2_2__leaf_clk (net)
                  0.03    0.00    0.27 ^ _299_/CLK (sky130_fd_sc_hd__dfrtp_1)
                  0.09    0.33    0.60 ^ _299_/Q (sky130_fd_sc_hd__dfrtp_1)
     3    0.01                           state[3] (net)
                  0.09    0.00    0.60 ^ hold6/A (sky130_fd_sc_hd__buf_1)
                  0.10    0.12    0.72 ^ hold6/X (sky130_fd_sc_hd__buf_1)
     3    0.01                           net19 (net)
                  0.10    0.00    0.72 ^ _187_/A1 (sky130_fd_sc_hd__a21bo_1)
                  0.03    0.10    0.83 ^ _187_/X (sky130_fd_sc_hd__a21bo_1)
     1    0.00                           _019_ (net)
                  0.03    0.00    0.83 ^ _299_/D (sky130_fd_sc_hd__dfrtp_1)
                                  0.83   data arrival time

                          0.00    0.00   clock clk (rise edge)
                          0.00    0.00   clock source latency
                  0.04    0.03    0.03 ^ clk (in)
     1    0.01                           clk (net)
                  0.04    0.00    0.03 ^ clkbuf_0_clk/A (sky130_fd_sc_hd__clkbuf_16)
                  0.05    0.14    0.17 ^ clkbuf_0_clk/X (sky130_fd_sc_hd__clkbuf_16)
     4    0.03                           clknet_0_clk (net)
                  0.05    0.00    0.17 ^ clkbuf_2_2__f_clk/A (sky130_fd_sc_hd__clkbuf_16)
                  0.03    0.13    0.30 ^ clkbuf_2_2__f_clk/X (sky130_fd_sc_hd__clkbuf_16)
     6    0.01                           clknet_2_2__leaf_clk (net)
                  0.03    0.00    0.30 ^ _299_/CLK (sky130_fd_sc_hd__dfrtp_1)
                          0.25    0.55   clock uncertainty
                         -0.03    0.52   clock reconvergence pessimism
                         -0.03    0.49   library hold time
                                  0.49   data required time
-----------------------------------------------------------------------------
                                  0.49   data required time
                                 -0.83   data arrival time
-----------------------------------------------------------------------------
                                  0.34   slack (MET)


Startpoint: _328_ (rising edge-triggered flip-flop clocked by clk)
Endpoint: _329_ (rising edge-triggered flip-flop clocked by clk)
Path Group: clk
Path Type: min

Fanout     Cap    Slew   Delay    Time   Description
-----------------------------------------------------------------------------
                          0.00    0.00   clock clk (rise edge)
                          0.00    0.00   clock source latency
                  0.04    0.03    0.03 ^ clk (in)
     1    0.01                           clk (net)
                  0.04    0.00    0.03 ^ clkbuf_0_clk/A (sky130_fd_sc_hd__clkbuf_16)
                  0.05    0.13    0.15 ^ clkbuf_0_clk/X (sky130_fd_sc_hd__clkbuf_16)
     4    0.03                           clknet_0_clk (net)
                  0.05    0.00    0.15 ^ clkbuf_2_1__f_clk/A (sky130_fd_sc_hd__clkbuf_16)
                  0.04    0.12    0.28 ^ clkbuf_2_1__f_clk/X (sky130_fd_sc_hd__clkbuf_16)
    11    0.02                           clknet_2_1__leaf_clk (net)
                  0.04    0.00    0.28 ^ _328_/CLK (sky130_fd_sc_hd__dfrtp_1)
                  0.06    0.31    0.59 ^ _328_/Q (sky130_fd_sc_hd__dfrtp_1)
     3    0.00                           baud_count[14] (net)
                  0.06    0.00    0.59 ^ _248_/C (sky130_fd_sc_hd__and4_1)
                  0.08    0.19    0.78 ^ _248_/X (sky130_fd_sc_hd__and4_1)
     2    0.01                           _135_ (net)
                  0.08    0.00    0.78 ^ _250_/A2 (sky130_fd_sc_hd__a21oi_1)
                  0.03    0.06    0.84 v _250_/Y (sky130_fd_sc_hd__a21oi_1)
     1    0.00                           _006_ (net)
                  0.03    0.00    0.84 v _329_/D (sky130_fd_sc_hd__dfrtp_1)
                                  0.84   data arrival time

                          0.00    0.00   clock clk (rise edge)
                          0.00    0.00   clock source latency
                  0.04    0.03    0.03 ^ clk (in)
     1    0.01                           clk (net)
                  0.04    0.00    0.03 ^ clkbuf_0_clk/A (sky130_fd_sc_hd__clkbuf_16)
                  0.05    0.14    0.17 ^ clkbuf_0_clk/X (sky130_fd_sc_hd__clkbuf_16)
     4    0.03                           clknet_0_clk (net)
                  0.05    0.00    0.17 ^ clkbuf_2_1__f_clk/A (sky130_fd_sc_hd__clkbuf_16)
                  0.04    0.14    0.31 ^ clkbuf_2_1__f_clk/X (sky130_fd_sc_hd__clkbuf_16)
    11    0.02                           clknet_2_1__leaf_clk (net)
                  0.04    0.00    0.31 ^ _329_/CLK (sky130_fd_sc_hd__dfrtp_1)
                          0.25    0.56   clock uncertainty
                         -0.03    0.53   clock reconvergence pessimism
                         -0.04    0.49   library hold time
                                  0.49   data required time
-----------------------------------------------------------------------------
                                  0.49   data required time
                                 -0.84   data arrival time
-----------------------------------------------------------------------------
                                  0.35   slack (MET)


Startpoint: _324_ (rising edge-triggered flip-flop clocked by clk)
Endpoint: _325_ (rising edge-triggered flip-flop clocked by clk)
Path Group: clk
Path Type: min

Fanout     Cap    Slew   Delay    Time   Description
-----------------------------------------------------------------------------
                          0.00    0.00   clock clk (rise edge)
                          0.00    0.00   clock source latency
                  0.04    0.03    0.03 ^ clk (in)
     1    0.01                           clk (net)
                  0.04    0.00    0.03 ^ clkbuf_0_clk/A (sky130_fd_sc_hd__clkbuf_16)
                  0.05    0.13    0.15 ^ clkbuf_0_clk/X (sky130_fd_sc_hd__clkbuf_16)
     4    0.03                           clknet_0_clk (net)
                  0.05    0.00    0.15 ^ clkbuf_2_1__f_clk/A (sky130_fd_sc_hd__clkbuf_16)
                  0.04    0.12    0.28 ^ clkbuf_2_1__f_clk/X (sky130_fd_sc_hd__clkbuf_16)
    11    0.02                           clknet_2_1__leaf_clk (net)
                  0.04    0.00    0.28 ^ _324_/CLK (sky130_fd_sc_hd__dfrtp_1)
                  0.09    0.33    0.61 ^ _324_/Q (sky130_fd_sc_hd__dfrtp_1)
     3    0.01                           baud_count[10] (net)
                  0.09    0.00    0.61 ^ _229_/A (sky130_fd_sc_hd__inv_2)
                  0.03    0.04    0.65 v _229_/Y (sky130_fd_sc_hd__inv_2)
     3    0.01                           _121_ (net)
                  0.03    0.00    0.65 v _234_/A (sky130_fd_sc_hd__nor2_1)
                  0.07    0.08    0.73 ^ _234_/Y (sky130_fd_sc_hd__nor2_1)
     1    0.00                           _125_ (net)
                  0.07    0.00    0.73 ^ _238_/A2 (sky130_fd_sc_hd__o211a_1)
                  0.04    0.12    0.85 ^ _238_/X (sky130_fd_sc_hd__o211a_1)
     1    0.00                           _002_ (net)
                  0.04    0.00    0.85 ^ _325_/D (sky130_fd_sc_hd__dfrtp_1)
                                  0.85   data arrival time

                          0.00    0.00   clock clk (rise edge)
                          0.00    0.00   clock source latency
                  0.04    0.03    0.03 ^ clk (in)
     1    0.01                           clk (net)
                  0.04    0.00    0.03 ^ clkbuf_0_clk/A (sky130_fd_sc_hd__clkbuf_16)
                  0.05    0.14    0.17 ^ clkbuf_0_clk/X (sky130_fd_sc_hd__clkbuf_16)
     4    0.03                           clknet_0_clk (net)
                  0.05    0.00    0.17 ^ clkbuf_2_1__f_clk/A (sky130_fd_sc_hd__clkbuf_16)
                  0.04    0.14    0.31 ^ clkbuf_2_1__f_clk/X (sky130_fd_sc_hd__clkbuf_16)
    11    0.02                           clknet_2_1__leaf_clk (net)
                  0.04    0.00    0.31 ^ _325_/CLK (sky130_fd_sc_hd__dfrtp_1)
                          0.25    0.56   clock uncertainty
                         -0.03    0.53   clock reconvergence pessimism
                         -0.03    0.49   library hold time
                                  0.49   data required time
-----------------------------------------------------------------------------
                                  0.49   data required time
                                 -0.85   data arrival time
-----------------------------------------------------------------------------
                                  0.36   slack (MET)


Startpoint: _319_ (rising edge-triggered flip-flop clocked by clk)
Endpoint: _319_ (rising edge-triggered flip-flop clocked by clk)
Path Group: clk
Path Type: min

Fanout     Cap    Slew   Delay    Time   Description
-----------------------------------------------------------------------------
                          0.00    0.00   clock clk (rise edge)
                          0.00    0.00   clock source latency
                  0.04    0.03    0.03 ^ clk (in)
     1    0.01                           clk (net)
                  0.04    0.00    0.03 ^ clkbuf_0_clk/A (sky130_fd_sc_hd__clkbuf_16)
                  0.05    0.13    0.15 ^ clkbuf_0_clk/X (sky130_fd_sc_hd__clkbuf_16)
     4    0.03                           clknet_0_clk (net)
                  0.05    0.00    0.15 ^ clkbuf_2_0__f_clk/A (sky130_fd_sc_hd__clkbuf_16)
                  0.04    0.12    0.27 ^ clkbuf_2_0__f_clk/X (sky130_fd_sc_hd__clkbuf_16)
     9    0.02                           clknet_2_0__leaf_clk (net)
                  0.04    0.00    0.27 ^ _319_/CLK (sky130_fd_sc_hd__dfrtp_1)
                  0.07    0.32    0.59 ^ _319_/Q (sky130_fd_sc_hd__dfrtp_1)
     3    0.01                           baud_count[5] (net)
                  0.07    0.00    0.59 ^ _210_/B1 (sky130_fd_sc_hd__a21o_1)
                  0.03    0.07    0.66 ^ _210_/X (sky130_fd_sc_hd__a21o_1)
     1    0.00                           _107_ (net)
                  0.03    0.00    0.66 ^ _214_/B (sky130_fd_sc_hd__and3_1)
                  0.05    0.12    0.78 ^ _214_/X (sky130_fd_sc_hd__and3_1)
     1    0.00                           _111_ (net)
                  0.05    0.00    0.78 ^ _215_/A (sky130_fd_sc_hd__clkbuf_1)
                  0.04    0.07    0.85 ^ _215_/X (sky130_fd_sc_hd__clkbuf_1)
     1    0.00                           _011_ (net)
                  0.04    0.00    0.85 ^ _319_/D (sky130_fd_sc_hd__dfrtp_1)
                                  0.85   data arrival time

                          0.00    0.00   clock clk (rise edge)
                          0.00    0.00   clock source latency
                  0.04    0.03    0.03 ^ clk (in)
     1    0.01                           clk (net)
                  0.04    0.00    0.03 ^ clkbuf_0_clk/A (sky130_fd_sc_hd__clkbuf_16)
                  0.05    0.14    0.17 ^ clkbuf_0_clk/X (sky130_fd_sc_hd__clkbuf_16)
     4    0.03                           clknet_0_clk (net)
                  0.05    0.00    0.17 ^ clkbuf_2_0__f_clk/A (sky130_fd_sc_hd__clkbuf_16)
                  0.04    0.13    0.30 ^ clkbuf_2_0__f_clk/X (sky130_fd_sc_hd__clkbuf_16)
     9    0.02                           clknet_2_0__leaf_clk (net)
                  0.04    0.00    0.30 ^ _319_/CLK (sky130_fd_sc_hd__dfrtp_1)
                          0.25    0.55   clock uncertainty
                         -0.03    0.52   clock reconvergence pessimism
                         -0.03    0.49   library hold time
                                  0.49   data required time
-----------------------------------------------------------------------------
                                  0.49   data required time
                                 -0.85   data arrival time
-----------------------------------------------------------------------------
                                  0.36   slack (MET)


Startpoint: _297_ (rising edge-triggered flip-flop clocked by clk)
Endpoint: _305_ (rising edge-triggered flip-flop clocked by clk)
Path Group: clk
Path Type: min

Fanout     Cap    Slew   Delay    Time   Description
-----------------------------------------------------------------------------
                          0.00    0.00   clock clk (rise edge)
                          0.00    0.00   clock source latency
                  0.04    0.03    0.03 ^ clk (in)
     1    0.01                           clk (net)
                  0.04    0.00    0.03 ^ clkbuf_0_clk/A (sky130_fd_sc_hd__clkbuf_16)
                  0.05    0.13    0.15 ^ clkbuf_0_clk/X (sky130_fd_sc_hd__clkbuf_16)
     4    0.03                           clknet_0_clk (net)
                  0.05    0.00    0.15 ^ clkbuf_2_2__f_clk/A (sky130_fd_sc_hd__clkbuf_16)
                  0.03    0.11    0.27 ^ clkbuf_2_2__f_clk/X (sky130_fd_sc_hd__clkbuf_16)
     6    0.01                           clknet_2_2__leaf_clk (net)
                  0.03    0.00    0.27 ^ _297_/CLK (sky130_fd_sc_hd__dfrtp_4)
                  0.10    0.41    0.68 ^ _297_/Q (sky130_fd_sc_hd__dfrtp_4)
     8    0.02                           state[1] (net)
                  0.10    0.00    0.68 ^ _252_/B (sky130_fd_sc_hd__or3_1)
                  0.03    0.10    0.78 ^ _252_/X (sky130_fd_sc_hd__or3_1)
     1    0.00                           _138_ (net)
                  0.03    0.00    0.78 ^ _253_/A (sky130_fd_sc_hd__clkbuf_1)
                  0.04    0.07    0.85 ^ _253_/X (sky130_fd_sc_hd__clkbuf_1)
     1    0.00                           _146_ (net)
                  0.04    0.00    0.85 ^ _305_/D (sky130_fd_sc_hd__dfrtp_1)
                                  0.85   data arrival time

                          0.00    0.00   clock clk (rise edge)
                          0.00    0.00   clock source latency
                  0.04    0.03    0.03 ^ clk (in)
     1    0.01                           clk (net)
                  0.04    0.00    0.03 ^ clkbuf_0_clk/A (sky130_fd_sc_hd__clkbuf_16)
                  0.05    0.14    0.17 ^ clkbuf_0_clk/X (sky130_fd_sc_hd__clkbuf_16)
     4    0.03                           clknet_0_clk (net)
                  0.05    0.00    0.17 ^ clkbuf_2_2__f_clk/A (sky130_fd_sc_hd__clkbuf_16)
                  0.03    0.13    0.30 ^ clkbuf_2_2__f_clk/X (sky130_fd_sc_hd__clkbuf_16)
     6    0.01                           clknet_2_2__leaf_clk (net)
                  0.03    0.00    0.30 ^ _305_/CLK (sky130_fd_sc_hd__dfrtp_1)
                          0.25    0.55   clock uncertainty
                         -0.03    0.52   clock reconvergence pessimism
                         -0.03    0.48   library hold time
                                  0.48   data required time
-----------------------------------------------------------------------------
                                  0.48   data required time
                                 -0.85   data arrival time
-----------------------------------------------------------------------------
                                  0.37   slack (MET)


Startpoint: _302_ (rising edge-triggered flip-flop clocked by clk)
Endpoint: _302_ (rising edge-triggered flip-flop clocked by clk)
Path Group: clk
Path Type: min

Fanout     Cap    Slew   Delay    Time   Description
-----------------------------------------------------------------------------
                          0.00    0.00   clock clk (rise edge)
                          0.00    0.00   clock source latency
                  0.04    0.03    0.03 ^ clk (in)
     1    0.01                           clk (net)
                  0.04    0.00    0.03 ^ clkbuf_0_clk/A (sky130_fd_sc_hd__clkbuf_16)
                  0.05    0.13    0.15 ^ clkbuf_0_clk/X (sky130_fd_sc_hd__clkbuf_16)
     4    0.03                           clknet_0_clk (net)
                  0.05    0.00    0.15 ^ clkbuf_2_3__f_clk/A (sky130_fd_sc_hd__clkbuf_16)
                  0.04    0.12    0.27 ^ clkbuf_2_3__f_clk/X (sky130_fd_sc_hd__clkbuf_16)
     8    0.01                           clknet_2_3__leaf_clk (net)
                  0.04    0.00    0.27 ^ _302_/CLK (sky130_fd_sc_hd__dfrtp_1)
                  0.09    0.33    0.60 ^ _302_/Q (sky130_fd_sc_hd__dfrtp_1)
     4    0.01                           bit_index[2] (net)
                  0.09    0.00    0.60 ^ _175_/B1 (sky130_fd_sc_hd__a31o_1)
                  0.03    0.09    0.69 ^ _175_/X (sky130_fd_sc_hd__a31o_1)
     1    0.00                           _084_ (net)
                  0.03    0.00    0.69 ^ _176_/B (sky130_fd_sc_hd__and2_1)
                  0.04    0.10    0.79 ^ _176_/X (sky130_fd_sc_hd__and2_1)
     1    0.00                           _085_ (net)
                  0.04    0.00    0.79 ^ _177_/A (sky130_fd_sc_hd__clkbuf_1)
                  0.04    0.07    0.86 ^ _177_/X (sky130_fd_sc_hd__clkbuf_1)
     1    0.00                           _056_ (net)
                  0.04    0.00    0.86 ^ _302_/D (sky130_fd_sc_hd__dfrtp_1)
                                  0.86   data arrival time

                          0.00    0.00   clock clk (rise edge)
                          0.00    0.00   clock source latency
                  0.04    0.03    0.03 ^ clk (in)
     1    0.01                           clk (net)
                  0.04    0.00    0.03 ^ clkbuf_0_clk/A (sky130_fd_sc_hd__clkbuf_16)
                  0.05    0.14    0.17 ^ clkbuf_0_clk/X (sky130_fd_sc_hd__clkbuf_16)
     4    0.03                           clknet_0_clk (net)
                  0.05    0.00    0.17 ^ clkbuf_2_3__f_clk/A (sky130_fd_sc_hd__clkbuf_16)
                  0.04    0.13    0.30 ^ clkbuf_2_3__f_clk/X (sky130_fd_sc_hd__clkbuf_16)
     8    0.01                           clknet_2_3__leaf_clk (net)
                  0.04    0.00    0.30 ^ _302_/CLK (sky130_fd_sc_hd__dfrtp_1)
                          0.25    0.55   clock uncertainty
                         -0.03    0.52   clock reconvergence pessimism
                         -0.03    0.49   library hold time
                                  0.49   data required time
-----------------------------------------------------------------------------
                                  0.49   data required time
                                 -0.86   data arrival time
-----------------------------------------------------------------------------
                                  0.37   slack (MET)


Startpoint: _321_ (rising edge-triggered flip-flop clocked by clk)
Endpoint: _321_ (rising edge-triggered flip-flop clocked by clk)
Path Group: clk
Path Type: min

Fanout     Cap    Slew   Delay    Time   Description
-----------------------------------------------------------------------------
                          0.00    0.00   clock clk (rise edge)
                          0.00    0.00   clock source latency
                  0.04    0.03    0.03 ^ clk (in)
     1    0.01                           clk (net)
                  0.04    0.00    0.03 ^ clkbuf_0_clk/A (sky130_fd_sc_hd__clkbuf_16)
                  0.05    0.13    0.15 ^ clkbuf_0_clk/X (sky130_fd_sc_hd__clkbuf_16)
     4    0.03                           clknet_0_clk (net)
                  0.05    0.00    0.15 ^ clkbuf_2_0__f_clk/A (sky130_fd_sc_hd__clkbuf_16)
                  0.04    0.12    0.27 ^ clkbuf_2_0__f_clk/X (sky130_fd_sc_hd__clkbuf_16)
     9    0.02                           clknet_2_0__leaf_clk (net)
                  0.04    0.00    0.27 ^ _321_/CLK (sky130_fd_sc_hd__dfrtp_1)
                  0.07    0.32    0.59 ^ _321_/Q (sky130_fd_sc_hd__dfrtp_1)
     3    0.01                           baud_count[7] (net)
                  0.07    0.00    0.59 ^ _218_/B1 (sky130_fd_sc_hd__a31o_1)
                  0.03    0.08    0.67 ^ _218_/X (sky130_fd_sc_hd__a31o_1)
     1    0.00                           _113_ (net)
                  0.03    0.00    0.67 ^ _222_/B (sky130_fd_sc_hd__and3_1)
                  0.05    0.12    0.79 ^ _222_/X (sky130_fd_sc_hd__and3_1)
     1    0.00                           _117_ (net)
                  0.05    0.00    0.79 ^ _223_/A (sky130_fd_sc_hd__clkbuf_1)
                  0.04    0.07    0.86 ^ _223_/X (sky130_fd_sc_hd__clkbuf_1)
     1    0.00                           _013_ (net)
                  0.04    0.00    0.86 ^ _321_/D (sky130_fd_sc_hd__dfrtp_1)
                                  0.86   data arrival time

                          0.00    0.00   clock clk (rise edge)
                          0.00    0.00   clock source latency
                  0.04    0.03    0.03 ^ clk (in)
     1    0.01                           clk (net)
                  0.04    0.00    0.03 ^ clkbuf_0_clk/A (sky130_fd_sc_hd__clkbuf_16)
                  0.05    0.14    0.17 ^ clkbuf_0_clk/X (sky130_fd_sc_hd__clkbuf_16)
     4    0.03                           clknet_0_clk (net)
                  0.05    0.00    0.17 ^ clkbuf_2_0__f_clk/A (sky130_fd_sc_hd__clkbuf_16)
                  0.04    0.13    0.30 ^ clkbuf_2_0__f_clk/X (sky130_fd_sc_hd__clkbuf_16)
     9    0.02                           clknet_2_0__leaf_clk (net)
                  0.04    0.00    0.30 ^ _321_/CLK (sky130_fd_sc_hd__dfrtp_1)
                          0.25    0.55   clock uncertainty
                         -0.03    0.52   clock reconvergence pessimism
                         -0.03    0.49   library hold time
                                  0.49   data required time
-----------------------------------------------------------------------------
                                  0.49   data required time
                                 -0.86   data arrival time
-----------------------------------------------------------------------------
                                  0.37   slack (MET)


Startpoint: _327_ (rising edge-triggered flip-flop clocked by clk)
Endpoint: _327_ (rising edge-triggered flip-flop clocked by clk)
Path Group: clk
Path Type: min

Fanout     Cap    Slew   Delay    Time   Description
-----------------------------------------------------------------------------
                          0.00    0.00   clock clk (rise edge)
                          0.00    0.00   clock source latency
                  0.04    0.03    0.03 ^ clk (in)
     1    0.01                           clk (net)
                  0.04    0.00    0.03 ^ clkbuf_0_clk/A (sky130_fd_sc_hd__clkbuf_16)
                  0.05    0.13    0.15 ^ clkbuf_0_clk/X (sky130_fd_sc_hd__clkbuf_16)
     4    0.03                           clknet_0_clk (net)
                  0.05    0.00    0.15 ^ clkbuf_2_1__f_clk/A (sky130_fd_sc_hd__clkbuf_16)
                  0.04    0.12    0.28 ^ clkbuf_2_1__f_clk/X (sky130_fd_sc_hd__clkbuf_16)
    11    0.02                           clknet_2_1__leaf_clk (net)
                  0.04    0.00    0.28 ^ _327_/CLK (sky130_fd_sc_hd__dfrtp_1)
                  0.08    0.33    0.60 ^ _327_/Q (sky130_fd_sc_hd__dfrtp_1)
     4    0.01                           baud_count[13] (net)
                  0.08    0.00    0.60 ^ _241_/B1 (sky130_fd_sc_hd__a21o_1)
                  0.03    0.07    0.68 ^ _241_/X (sky130_fd_sc_hd__a21o_1)
     1    0.00                           _130_ (net)
                  0.03    0.00    0.68 ^ _244_/B (sky130_fd_sc_hd__and3_1)
                  0.05    0.12    0.80 ^ _244_/X (sky130_fd_sc_hd__and3_1)
     1    0.00                           _133_ (net)
                  0.05    0.00    0.80 ^ _245_/A (sky130_fd_sc_hd__clkbuf_1)
                  0.04    0.07    0.87 ^ _245_/X (sky130_fd_sc_hd__clkbuf_1)
     1    0.00                           _004_ (net)
                  0.04    0.00    0.87 ^ _327_/D (sky130_fd_sc_hd__dfrtp_1)
                                  0.87   data arrival time

                          0.00    0.00   clock clk (rise edge)
                          0.00    0.00   clock source latency
                  0.04    0.03    0.03 ^ clk (in)
     1    0.01                           clk (net)
                  0.04    0.00    0.03 ^ clkbuf_0_clk/A (sky130_fd_sc_hd__clkbuf_16)
                  0.05    0.14    0.17 ^ clkbuf_0_clk/X (sky130_fd_sc_hd__clkbuf_16)
     4    0.03                           clknet_0_clk (net)
                  0.05    0.00    0.17 ^ clkbuf_2_1__f_clk/A (sky130_fd_sc_hd__clkbuf_16)
                  0.04    0.14    0.31 ^ clkbuf_2_1__f_clk/X (sky130_fd_sc_hd__clkbuf_16)
    11    0.02                           clknet_2_1__leaf_clk (net)
                  0.04    0.00    0.31 ^ _327_/CLK (sky130_fd_sc_hd__dfrtp_1)
                          0.25    0.56   clock uncertainty
                         -0.03    0.53   clock reconvergence pessimism
                         -0.03    0.49   library hold time
                                  0.49   data required time
-----------------------------------------------------------------------------
                                  0.49   data required time
                                 -0.87   data arrival time
-----------------------------------------------------------------------------
                                  0.38   slack (MET)


Startpoint: _315_ (rising edge-triggered flip-flop clocked by clk)
Endpoint: _315_ (rising edge-triggered flip-flop clocked by clk)
Path Group: clk
Path Type: min

Fanout     Cap    Slew   Delay    Time   Description
-----------------------------------------------------------------------------
                          0.00    0.00   clock clk (rise edge)
                          0.00    0.00   clock source latency
                  0.04    0.03    0.03 ^ clk (in)
     1    0.01                           clk (net)
                  0.04    0.00    0.03 ^ clkbuf_0_clk/A (sky130_fd_sc_hd__clkbuf_16)
                  0.05    0.13    0.15 ^ clkbuf_0_clk/X (sky130_fd_sc_hd__clkbuf_16)
     4    0.03                           clknet_0_clk (net)
                  0.05    0.00    0.15 ^ clkbuf_2_2__f_clk/A (sky130_fd_sc_hd__clkbuf_16)
                  0.03    0.11    0.27 ^ clkbuf_2_2__f_clk/X (sky130_fd_sc_hd__clkbuf_16)
     6    0.01                           clknet_2_2__leaf_clk (net)
                  0.03    0.00    0.27 ^ _315_/CLK (sky130_fd_sc_hd__dfrtp_2)
                  0.09    0.36    0.63 ^ _315_/Q (sky130_fd_sc_hd__dfrtp_2)
     7    0.02                           baud_count[1] (net)
                  0.09    0.00    0.63 ^ _196_/A (sky130_fd_sc_hd__nand2_1)
                  0.03    0.04    0.67 v _196_/Y (sky130_fd_sc_hd__nand2_1)
     1    0.00                           _097_ (net)
                  0.03    0.00    0.67 v _198_/A (sky130_fd_sc_hd__and3_1)
                  0.03    0.12    0.79 v _198_/X (sky130_fd_sc_hd__and3_1)
     1    0.00                           _099_ (net)
                  0.03    0.00    0.79 v _199_/A (sky130_fd_sc_hd__clkbuf_1)
                  0.02    0.07    0.87 v _199_/X (sky130_fd_sc_hd__clkbuf_1)
     1    0.00                           _007_ (net)
                  0.02    0.00    0.87 v _315_/D (sky130_fd_sc_hd__dfrtp_2)
                                  0.87   data arrival time

                          0.00    0.00   clock clk (rise edge)
                          0.00    0.00   clock source latency
                  0.04    0.03    0.03 ^ clk (in)
     1    0.01                           clk (net)
                  0.04    0.00    0.03 ^ clkbuf_0_clk/A (sky130_fd_sc_hd__clkbuf_16)
                  0.05    0.14    0.17 ^ clkbuf_0_clk/X (sky130_fd_sc_hd__clkbuf_16)
     4    0.03                           clknet_0_clk (net)
                  0.05    0.00    0.17 ^ clkbuf_2_2__f_clk/A (sky130_fd_sc_hd__clkbuf_16)
                  0.03    0.13    0.30 ^ clkbuf_2_2__f_clk/X (sky130_fd_sc_hd__clkbuf_16)
     6    0.01                           clknet_2_2__leaf_clk (net)
                  0.03    0.00    0.30 ^ _315_/CLK (sky130_fd_sc_hd__dfrtp_2)
                          0.25    0.55   clock uncertainty
                         -0.03    0.52   clock reconvergence pessimism
                         -0.04    0.48   library hold time
                                  0.48   data required time
-----------------------------------------------------------------------------
                                  0.48   data required time
                                 -0.87   data arrival time
-----------------------------------------------------------------------------
                                  0.38   slack (MET)


Startpoint: _324_ (rising edge-triggered flip-flop clocked by clk)
Endpoint: _324_ (rising edge-triggered flip-flop clocked by clk)
Path Group: clk
Path Type: min

Fanout     Cap    Slew   Delay    Time   Description
-----------------------------------------------------------------------------
                          0.00    0.00   clock clk (rise edge)
                          0.00    0.00   clock source latency
                  0.04    0.03    0.03 ^ clk (in)
     1    0.01                           clk (net)
                  0.04    0.00    0.03 ^ clkbuf_0_clk/A (sky130_fd_sc_hd__clkbuf_16)
                  0.05    0.13    0.15 ^ clkbuf_0_clk/X (sky130_fd_sc_hd__clkbuf_16)
     4    0.03                           clknet_0_clk (net)
                  0.05    0.00    0.15 ^ clkbuf_2_1__f_clk/A (sky130_fd_sc_hd__clkbuf_16)
                  0.04    0.12    0.28 ^ clkbuf_2_1__f_clk/X (sky130_fd_sc_hd__clkbuf_16)
    11    0.02                           clknet_2_1__leaf_clk (net)
                  0.04    0.00    0.28 ^ _324_/CLK (sky130_fd_sc_hd__dfrtp_1)
                  0.09    0.33    0.61 ^ _324_/Q (sky130_fd_sc_hd__dfrtp_1)
     3    0.01                           baud_count[10] (net)
                  0.09    0.00    0.61 ^ _229_/A (sky130_fd_sc_hd__inv_2)
                  0.03    0.04    0.65 v _229_/Y (sky130_fd_sc_hd__inv_2)
     3    0.01                           _121_ (net)
                  0.03    0.00    0.65 v _230_/A (sky130_fd_sc_hd__nand2_1)
                  0.03    0.04    0.68 ^ _230_/Y (sky130_fd_sc_hd__nand2_1)
     1    0.00                           _122_ (net)
                  0.03    0.00    0.68 ^ _232_/B (sky130_fd_sc_hd__and3_1)
                  0.05    0.12    0.81 ^ _232_/X (sky130_fd_sc_hd__and3_1)
     1    0.00                           _124_ (net)
                  0.05    0.00    0.81 ^ _233_/A (sky130_fd_sc_hd__clkbuf_1)
                  0.04    0.07    0.88 ^ _233_/X (sky130_fd_sc_hd__clkbuf_1)
     1    0.00                           _001_ (net)
                  0.04    0.00    0.88 ^ _324_/D (sky130_fd_sc_hd__dfrtp_1)
                                  0.88   data arrival time

                          0.00    0.00   clock clk (rise edge)
                          0.00    0.00   clock source latency
                  0.04    0.03    0.03 ^ clk (in)
     1    0.01                           clk (net)
                  0.04    0.00    0.03 ^ clkbuf_0_clk/A (sky130_fd_sc_hd__clkbuf_16)
                  0.05    0.14    0.17 ^ clkbuf_0_clk/X (sky130_fd_sc_hd__clkbuf_16)
     4    0.03                           clknet_0_clk (net)
                  0.05    0.00    0.17 ^ clkbuf_2_1__f_clk/A (sky130_fd_sc_hd__clkbuf_16)
                  0.04    0.14    0.31 ^ clkbuf_2_1__f_clk/X (sky130_fd_sc_hd__clkbuf_16)
    11    0.02                           clknet_2_1__leaf_clk (net)
                  0.04    0.00    0.31 ^ _324_/CLK (sky130_fd_sc_hd__dfrtp_1)
                          0.25    0.56   clock uncertainty
                         -0.03    0.53   clock reconvergence pessimism
                         -0.03    0.49   library hold time
                                  0.49   data required time
-----------------------------------------------------------------------------
                                  0.49   data required time
                                 -0.88   data arrival time
-----------------------------------------------------------------------------
                                  0.38   slack (MET)


Startpoint: _315_ (rising edge-triggered flip-flop clocked by clk)
Endpoint: _316_ (rising edge-triggered flip-flop clocked by clk)
Path Group: clk
Path Type: min

Fanout     Cap    Slew   Delay    Time   Description
-----------------------------------------------------------------------------
                          0.00    0.00   clock clk (rise edge)
                          0.00    0.00   clock source latency
                  0.04    0.03    0.03 ^ clk (in)
     1    0.01                           clk (net)
                  0.04    0.00    0.03 ^ clkbuf_0_clk/A (sky130_fd_sc_hd__clkbuf_16)
                  0.05    0.13    0.15 ^ clkbuf_0_clk/X (sky130_fd_sc_hd__clkbuf_16)
     4    0.03                           clknet_0_clk (net)
                  0.05    0.00    0.15 ^ clkbuf_2_2__f_clk/A (sky130_fd_sc_hd__clkbuf_16)
                  0.03    0.11    0.27 ^ clkbuf_2_2__f_clk/X (sky130_fd_sc_hd__clkbuf_16)
     6    0.01                           clknet_2_2__leaf_clk (net)
                  0.03    0.00    0.27 ^ _315_/CLK (sky130_fd_sc_hd__dfrtp_2)
                  0.09    0.36    0.63 ^ _315_/Q (sky130_fd_sc_hd__dfrtp_2)
     7    0.02                           baud_count[1] (net)
                  0.09    0.00    0.63 ^ _200_/A (sky130_fd_sc_hd__nand3_1)
                  0.04    0.06    0.69 v _200_/Y (sky130_fd_sc_hd__nand3_1)
     1    0.00                           _100_ (net)
                  0.04    0.00    0.69 v _202_/A (sky130_fd_sc_hd__and3_1)
                  0.03    0.13    0.81 v _202_/X (sky130_fd_sc_hd__and3_1)
     1    0.00                           _102_ (net)
                  0.03    0.00    0.81 v _203_/A (sky130_fd_sc_hd__clkbuf_1)
                  0.02    0.07    0.89 v _203_/X (sky130_fd_sc_hd__clkbuf_1)
     1    0.00                           _008_ (net)
                  0.02    0.00    0.89 v _316_/D (sky130_fd_sc_hd__dfrtp_1)
                                  0.89   data arrival time

                          0.00    0.00   clock clk (rise edge)
                          0.00    0.00   clock source latency
                  0.04    0.03    0.03 ^ clk (in)
     1    0.01                           clk (net)
                  0.04    0.00    0.03 ^ clkbuf_0_clk/A (sky130_fd_sc_hd__clkbuf_16)
                  0.05    0.14    0.17 ^ clkbuf_0_clk/X (sky130_fd_sc_hd__clkbuf_16)
     4    0.03                           clknet_0_clk (net)
                  0.05    0.00    0.17 ^ clkbuf_2_0__f_clk/A (sky130_fd_sc_hd__clkbuf_16)
                  0.04    0.13    0.30 ^ clkbuf_2_0__f_clk/X (sky130_fd_sc_hd__clkbuf_16)
     9    0.02                           clknet_2_0__leaf_clk (net)
                  0.04    0.00    0.30 ^ _316_/CLK (sky130_fd_sc_hd__dfrtp_1)
                          0.25    0.55   clock uncertainty
                         -0.02    0.54   clock reconvergence pessimism
                         -0.04    0.50   library hold time
                                  0.50   data required time
-----------------------------------------------------------------------------
                                  0.50   data required time
                                 -0.89   data arrival time
-----------------------------------------------------------------------------
                                  0.39   slack (MET)


Startpoint: _317_ (rising edge-triggered flip-flop clocked by clk)
Endpoint: _317_ (rising edge-triggered flip-flop clocked by clk)
Path Group: clk
Path Type: min

Fanout     Cap    Slew   Delay    Time   Description
-----------------------------------------------------------------------------
                          0.00    0.00   clock clk (rise edge)
                          0.00    0.00   clock source latency
                  0.04    0.03    0.03 ^ clk (in)
     1    0.01                           clk (net)
                  0.04    0.00    0.03 ^ clkbuf_0_clk/A (sky130_fd_sc_hd__clkbuf_16)
                  0.05    0.13    0.15 ^ clkbuf_0_clk/X (sky130_fd_sc_hd__clkbuf_16)
     4    0.03                           clknet_0_clk (net)
                  0.05    0.00    0.15 ^ clkbuf_2_0__f_clk/A (sky130_fd_sc_hd__clkbuf_16)
                  0.04    0.12    0.27 ^ clkbuf_2_0__f_clk/X (sky130_fd_sc_hd__clkbuf_16)
     9    0.02                           clknet_2_0__leaf_clk (net)
                  0.04    0.00    0.27 ^ _317_/CLK (sky130_fd_sc_hd__dfrtp_1)
                  0.08    0.32    0.59 ^ _317_/Q (sky130_fd_sc_hd__dfrtp_1)
     3    0.01                           baud_count[3] (net)
                  0.08    0.00    0.59 ^ _204_/B1 (sky130_fd_sc_hd__a31o_1)
                  0.03    0.08    0.68 ^ _204_/X (sky130_fd_sc_hd__a31o_1)
     1    0.00                           _103_ (net)
                  0.03    0.00    0.68 ^ _205_/C (sky130_fd_sc_hd__and3_1)
                  0.05    0.13    0.81 ^ _205_/X (sky130_fd_sc_hd__and3_1)
     1    0.00                           _104_ (net)
                  0.05    0.00    0.81 ^ _206_/A (sky130_fd_sc_hd__clkbuf_1)
                  0.04    0.07    0.88 ^ _206_/X (sky130_fd_sc_hd__clkbuf_1)
     1    0.00                           _009_ (net)
                  0.04    0.00    0.88 ^ _317_/D (sky130_fd_sc_hd__dfrtp_1)
                                  0.88   data arrival time

                          0.00    0.00   clock clk (rise edge)
                          0.00    0.00   clock source latency
                  0.04    0.03    0.03 ^ clk (in)
     1    0.01                           clk (net)
                  0.04    0.00    0.03 ^ clkbuf_0_clk/A (sky130_fd_sc_hd__clkbuf_16)
                  0.05    0.14    0.17 ^ clkbuf_0_clk/X (sky130_fd_sc_hd__clkbuf_16)
     4    0.03                           clknet_0_clk (net)
                  0.05    0.00    0.17 ^ clkbuf_2_0__f_clk/A (sky130_fd_sc_hd__clkbuf_16)
                  0.04    0.13    0.30 ^ clkbuf_2_0__f_clk/X (sky130_fd_sc_hd__clkbuf_16)
     9    0.02                           clknet_2_0__leaf_clk (net)
                  0.04    0.00    0.30 ^ _317_/CLK (sky130_fd_sc_hd__dfrtp_1)
                          0.25    0.55   clock uncertainty
                         -0.03    0.52   clock reconvergence pessimism
                         -0.03    0.49   library hold time
                                  0.49   data required time
-----------------------------------------------------------------------------
                                  0.49   data required time
                                 -0.88   data arrival time
-----------------------------------------------------------------------------
                                  0.39   slack (MET)


Startpoint: _327_ (rising edge-triggered flip-flop clocked by clk)
Endpoint: _328_ (rising edge-triggered flip-flop clocked by clk)
Path Group: clk
Path Type: min

Fanout     Cap    Slew   Delay    Time   Description
-----------------------------------------------------------------------------
                          0.00    0.00   clock clk (rise edge)
                          0.00    0.00   clock source latency
                  0.04    0.03    0.03 ^ clk (in)
     1    0.01                           clk (net)
                  0.04    0.00    0.03 ^ clkbuf_0_clk/A (sky130_fd_sc_hd__clkbuf_16)
                  0.05    0.13    0.15 ^ clkbuf_0_clk/X (sky130_fd_sc_hd__clkbuf_16)
     4    0.03                           clknet_0_clk (net)
                  0.05    0.00    0.15 ^ clkbuf_2_1__f_clk/A (sky130_fd_sc_hd__clkbuf_16)
                  0.04    0.12    0.28 ^ clkbuf_2_1__f_clk/X (sky130_fd_sc_hd__clkbuf_16)
    11    0.02                           clknet_2_1__leaf_clk (net)
                  0.04    0.00    0.28 ^ _327_/CLK (sky130_fd_sc_hd__dfrtp_1)
                  0.08    0.33    0.60 ^ _327_/Q (sky130_fd_sc_hd__dfrtp_1)
     4    0.01                           baud_count[13] (net)
                  0.08    0.00    0.60 ^ _242_/A (sky130_fd_sc_hd__and3_1)
                  0.11    0.19    0.79 ^ _242_/X (sky130_fd_sc_hd__and3_1)
     3    0.01                           _131_ (net)
                  0.11    0.00    0.79 ^ _247_/A2 (sky130_fd_sc_hd__o21a_1)
                  0.03    0.11    0.90 ^ _247_/X (sky130_fd_sc_hd__o21a_1)
     1    0.00                           _005_ (net)
                  0.03    0.00    0.90 ^ _328_/D (sky130_fd_sc_hd__dfrtp_1)
                                  0.90   data arrival time

                          0.00    0.00   clock clk (rise edge)
                          0.00    0.00   clock source latency
                  0.04    0.03    0.03 ^ clk (in)
     1    0.01                           clk (net)
                  0.04    0.00    0.03 ^ clkbuf_0_clk/A (sky130_fd_sc_hd__clkbuf_16)
                  0.05    0.14    0.17 ^ clkbuf_0_clk/X (sky130_fd_sc_hd__clkbuf_16)
     4    0.03                           clknet_0_clk (net)
                  0.05    0.00    0.17 ^ clkbuf_2_1__f_clk/A (sky130_fd_sc_hd__clkbuf_16)
                  0.04    0.14    0.31 ^ clkbuf_2_1__f_clk/X (sky130_fd_sc_hd__clkbuf_16)
    11    0.02                           clknet_2_1__leaf_clk (net)
                  0.04    0.00    0.31 ^ _328_/CLK (sky130_fd_sc_hd__dfrtp_1)
                          0.25    0.56   clock uncertainty
                         -0.03    0.53   clock reconvergence pessimism
                         -0.03    0.49   library hold time
                                  0.49   data required time
-----------------------------------------------------------------------------
                                  0.49   data required time
                                 -0.90   data arrival time
-----------------------------------------------------------------------------
                                  0.40   slack (MET)


Startpoint: _329_ (rising edge-triggered flip-flop clocked by clk)
Endpoint: _298_ (rising edge-triggered flip-flop clocked by clk)
Path Group: clk
Path Type: min

Fanout     Cap    Slew   Delay    Time   Description
-----------------------------------------------------------------------------
                          0.00    0.00   clock clk (rise edge)
                          0.00    0.00   clock source latency
                  0.04    0.03    0.03 ^ clk (in)
     1    0.01                           clk (net)
                  0.04    0.00    0.03 ^ clkbuf_0_clk/A (sky130_fd_sc_hd__clkbuf_16)
                  0.05    0.13    0.15 ^ clkbuf_0_clk/X (sky130_fd_sc_hd__clkbuf_16)
     4    0.03                           clknet_0_clk (net)
                  0.05    0.00    0.15 ^ clkbuf_2_1__f_clk/A (sky130_fd_sc_hd__clkbuf_16)
                  0.04    0.12    0.28 ^ clkbuf_2_1__f_clk/X (sky130_fd_sc_hd__clkbuf_16)
    11    0.02                           clknet_2_1__leaf_clk (net)
                  0.04    0.00    0.28 ^ _329_/CLK (sky130_fd_sc_hd__dfrtp_1)
                  0.05    0.30    0.58 ^ _329_/Q (sky130_fd_sc_hd__dfrtp_1)
     2    0.00                           baud_count[15] (net)
                  0.05    0.00    0.58 ^ _167_/C (sky130_fd_sc_hd__or4_1)
                  0.05    0.10    0.68 ^ _167_/X (sky130_fd_sc_hd__or4_1)
     2    0.00                           _077_ (net)
                  0.05    0.00    0.68 ^ _184_/B (sky130_fd_sc_hd__or4_2)
                  0.07    0.14    0.82 ^ _184_/X (sky130_fd_sc_hd__or4_2)
     6    0.01                           _090_ (net)
                  0.07    0.00    0.82 ^ _185_/A2 (sky130_fd_sc_hd__a21bo_1)
                  0.03    0.10    0.92 ^ _185_/X (sky130_fd_sc_hd__a21bo_1)
     1    0.00                           _018_ (net)
                  0.03    0.00    0.92 ^ _298_/D (sky130_fd_sc_hd__dfrtp_1)
                                  0.92   data arrival time

                          0.00    0.00   clock clk (rise edge)
                          0.00    0.00   clock source latency
                  0.04    0.03    0.03 ^ clk (in)
     1    0.01                           clk (net)
                  0.04    0.00    0.03 ^ clkbuf_0_clk/A (sky130_fd_sc_hd__clkbuf_16)
                  0.05    0.14    0.17 ^ clkbuf_0_clk/X (sky130_fd_sc_hd__clkbuf_16)
     4    0.03                           clknet_0_clk (net)
                  0.05    0.00    0.17 ^ clkbuf_2_0__f_clk/A (sky130_fd_sc_hd__clkbuf_16)
                  0.04    0.13    0.30 ^ clkbuf_2_0__f_clk/X (sky130_fd_sc_hd__clkbuf_16)
     9    0.02                           clknet_2_0__leaf_clk (net)
                  0.04    0.00    0.30 ^ _298_/CLK (sky130_fd_sc_hd__dfrtp_1)
                          0.25    0.55   clock uncertainty
                         -0.02    0.54   clock reconvergence pessimism
                         -0.03    0.50   library hold time
                                  0.50   data required time
-----------------------------------------------------------------------------
                                  0.50   data required time
                                 -0.92   data arrival time
-----------------------------------------------------------------------------
                                  0.41   slack (MET)


Startpoint: _314_ (rising edge-triggered flip-flop clocked by clk)
Endpoint: _314_ (rising edge-triggered flip-flop clocked by clk)
Path Group: clk
Path Type: min

Fanout     Cap    Slew   Delay    Time   Description
-----------------------------------------------------------------------------
                          0.00    0.00   clock clk (rise edge)
                          0.00    0.00   clock source latency
                  0.04    0.03    0.03 ^ clk (in)
     1    0.01                           clk (net)
                  0.04    0.00    0.03 ^ clkbuf_0_clk/A (sky130_fd_sc_hd__clkbuf_16)
                  0.05    0.13    0.15 ^ clkbuf_0_clk/X (sky130_fd_sc_hd__clkbuf_16)
     4    0.03                           clknet_0_clk (net)
                  0.05    0.00    0.15 ^ clkbuf_2_0__f_clk/A (sky130_fd_sc_hd__clkbuf_16)
                  0.04    0.12    0.27 ^ clkbuf_2_0__f_clk/X (sky130_fd_sc_hd__clkbuf_16)
     9    0.02                           clknet_2_0__leaf_clk (net)
                  0.04    0.00    0.27 ^ _314_/CLK (sky130_fd_sc_hd__dfrtp_4)
                  0.09    0.40    0.68 ^ _314_/Q (sky130_fd_sc_hd__dfrtp_4)
     8    0.02                           baud_count[0] (net)
                  0.09    0.00    0.68 ^ _194_/A_N (sky130_fd_sc_hd__and2b_1)
                  0.03    0.17    0.84 v _194_/X (sky130_fd_sc_hd__and2b_1)
     1    0.00                           _096_ (net)
                  0.03    0.00    0.84 v _195_/A (sky130_fd_sc_hd__clkbuf_1)
                  0.02    0.07    0.92 v _195_/X (sky130_fd_sc_hd__clkbuf_1)
     1    0.00                           _000_ (net)
                  0.02    0.00    0.92 v _314_/D (sky130_fd_sc_hd__dfrtp_4)
                                  0.92   data arrival time

                          0.00    0.00   clock clk (rise edge)
                          0.00    0.00   clock source latency
                  0.04    0.03    0.03 ^ clk (in)
     1    0.01                           clk (net)
                  0.04    0.00    0.03 ^ clkbuf_0_clk/A (sky130_fd_sc_hd__clkbuf_16)
                  0.05    0.14    0.17 ^ clkbuf_0_clk/X (sky130_fd_sc_hd__clkbuf_16)
     4    0.03                           clknet_0_clk (net)
                  0.05    0.00    0.17 ^ clkbuf_2_0__f_clk/A (sky130_fd_sc_hd__clkbuf_16)
                  0.04    0.13    0.30 ^ clkbuf_2_0__f_clk/X (sky130_fd_sc_hd__clkbuf_16)
     9    0.02                           clknet_2_0__leaf_clk (net)
                  0.04    0.00    0.30 ^ _314_/CLK (sky130_fd_sc_hd__dfrtp_4)
                          0.25    0.55   clock uncertainty
                         -0.03    0.52   clock reconvergence pessimism
                         -0.03    0.49   library hold time
                                  0.49   data required time
-----------------------------------------------------------------------------
                                  0.49   data required time
                                 -0.92   data arrival time
-----------------------------------------------------------------------------
                                  0.43   slack (MET)


Startpoint: _296_ (rising edge-triggered flip-flop clocked by clk)
Endpoint: _309_ (rising edge-triggered flip-flop clocked by clk)
Path Group: clk
Path Type: min

Fanout     Cap    Slew   Delay    Time   Description
-----------------------------------------------------------------------------
                          0.00    0.00   clock clk (rise edge)
                          0.00    0.00   clock source latency
                  0.04    0.03    0.03 ^ clk (in)
     1    0.01                           clk (net)
                  0.04    0.00    0.03 ^ clkbuf_0_clk/A (sky130_fd_sc_hd__clkbuf_16)
                  0.05    0.13    0.15 ^ clkbuf_0_clk/X (sky130_fd_sc_hd__clkbuf_16)
     4    0.03                           clknet_0_clk (net)
                  0.05    0.00    0.15 ^ clkbuf_2_1__f_clk/A (sky130_fd_sc_hd__clkbuf_16)
                  0.04    0.12    0.28 ^ clkbuf_2_1__f_clk/X (sky130_fd_sc_hd__clkbuf_16)
    11    0.02                           clknet_2_1__leaf_clk (net)
                  0.04    0.00    0.28 ^ _296_/CLK (sky130_fd_sc_hd__dfstp_1)
                  0.08    0.37    0.65 v _296_/Q (sky130_fd_sc_hd__dfstp_1)
     4    0.01                           state[0] (net)
                  0.08    0.00    0.65 v _148_/B (sky130_fd_sc_hd__nand2_4)
                  0.10    0.12    0.77 ^ _148_/Y (sky130_fd_sc_hd__nand2_4)
     9    0.03                           _066_ (net)
                  0.10    0.00    0.77 ^ _157_/S (sky130_fd_sc_hd__mux2_1)
                  0.04    0.13    0.89 ^ _157_/X (sky130_fd_sc_hd__mux2_1)
     1    0.00                           _071_ (net)
                  0.04    0.00    0.89 ^ _158_/A (sky130_fd_sc_hd__clkbuf_1)
                  0.04    0.07    0.96 ^ _158_/X (sky130_fd_sc_hd__clkbuf_1)
     1    0.00                           _061_ (net)
                  0.04    0.00    0.96 ^ _309_/D (sky130_fd_sc_hd__dfrtp_1)
                                  0.96   data arrival time

                          0.00    0.00   clock clk (rise edge)
                          0.00    0.00   clock source latency
                  0.04    0.03    0.03 ^ clk (in)
     1    0.01                           clk (net)
                  0.04    0.00    0.03 ^ clkbuf_0_clk/A (sky130_fd_sc_hd__clkbuf_16)
                  0.05    0.14    0.17 ^ clkbuf_0_clk/X (sky130_fd_sc_hd__clkbuf_16)
     4    0.03                           clknet_0_clk (net)
                  0.05    0.00    0.17 ^ clkbuf_2_3__f_clk/A (sky130_fd_sc_hd__clkbuf_16)
                  0.04    0.13    0.30 ^ clkbuf_2_3__f_clk/X (sky130_fd_sc_hd__clkbuf_16)
     8    0.01                           clknet_2_3__leaf_clk (net)
                  0.04    0.00    0.30 ^ _309_/CLK (sky130_fd_sc_hd__dfrtp_1)
                          0.25    0.55   clock uncertainty
                         -0.02    0.53   clock reconvergence pessimism
                         -0.03    0.50   library hold time
                                  0.50   data required time
-----------------------------------------------------------------------------
                                  0.50   data required time
                                 -0.96   data arrival time
-----------------------------------------------------------------------------
                                  0.46   slack (MET)


Startpoint: _296_ (rising edge-triggered flip-flop clocked by clk)
Endpoint: _310_ (rising edge-triggered flip-flop clocked by clk)
Path Group: clk
Path Type: min

Fanout     Cap    Slew   Delay    Time   Description
-----------------------------------------------------------------------------
                          0.00    0.00   clock clk (rise edge)
                          0.00    0.00   clock source latency
                  0.04    0.03    0.03 ^ clk (in)
     1    0.01                           clk (net)
                  0.04    0.00    0.03 ^ clkbuf_0_clk/A (sky130_fd_sc_hd__clkbuf_16)
                  0.05    0.13    0.15 ^ clkbuf_0_clk/X (sky130_fd_sc_hd__clkbuf_16)
     4    0.03                           clknet_0_clk (net)
                  0.05    0.00    0.15 ^ clkbuf_2_1__f_clk/A (sky130_fd_sc_hd__clkbuf_16)
                  0.04    0.12    0.28 ^ clkbuf_2_1__f_clk/X (sky130_fd_sc_hd__clkbuf_16)
    11    0.02                           clknet_2_1__leaf_clk (net)
                  0.04    0.00    0.28 ^ _296_/CLK (sky130_fd_sc_hd__dfstp_1)
                  0.08    0.37    0.65 v _296_/Q (sky130_fd_sc_hd__dfstp_1)
     4    0.01                           state[0] (net)
                  0.08    0.00    0.65 v _148_/B (sky130_fd_sc_hd__nand2_4)
                  0.10    0.12    0.77 ^ _148_/Y (sky130_fd_sc_hd__nand2_4)
     9    0.03                           _066_ (net)
                  0.10    0.00    0.77 ^ _155_/S (sky130_fd_sc_hd__mux2_1)
                  0.04    0.13    0.89 ^ _155_/X (sky130_fd_sc_hd__mux2_1)
     1    0.00                           _070_ (net)
                  0.04    0.00    0.89 ^ _156_/A (sky130_fd_sc_hd__clkbuf_1)
                  0.04    0.07    0.96 ^ _156_/X (sky130_fd_sc_hd__clkbuf_1)
     1    0.00                           _062_ (net)
                  0.04    0.00    0.96 ^ _310_/D (sky130_fd_sc_hd__dfrtp_1)
                                  0.96   data arrival time

                          0.00    0.00   clock clk (rise edge)
                          0.00    0.00   clock source latency
                  0.04    0.03    0.03 ^ clk (in)
     1    0.01                           clk (net)
                  0.04    0.00    0.03 ^ clkbuf_0_clk/A (sky130_fd_sc_hd__clkbuf_16)
                  0.05    0.14    0.17 ^ clkbuf_0_clk/X (sky130_fd_sc_hd__clkbuf_16)
     4    0.03                           clknet_0_clk (net)
                  0.05    0.00    0.17 ^ clkbuf_2_3__f_clk/A (sky130_fd_sc_hd__clkbuf_16)
                  0.04    0.13    0.30 ^ clkbuf_2_3__f_clk/X (sky130_fd_sc_hd__clkbuf_16)
     8    0.01                           clknet_2_3__leaf_clk (net)
                  0.04    0.00    0.30 ^ _310_/CLK (sky130_fd_sc_hd__dfrtp_1)
                          0.25    0.55   clock uncertainty
                         -0.02    0.53   clock reconvergence pessimism
                         -0.03    0.50   library hold time
                                  0.50   data required time
-----------------------------------------------------------------------------
                                  0.50   data required time
                                 -0.96   data arrival time
-----------------------------------------------------------------------------
                                  0.46   slack (MET)


Startpoint: _296_ (rising edge-triggered flip-flop clocked by clk)
Endpoint: _311_ (rising edge-triggered flip-flop clocked by clk)
Path Group: clk
Path Type: min

Fanout     Cap    Slew   Delay    Time   Description
-----------------------------------------------------------------------------
                          0.00    0.00   clock clk (rise edge)
                          0.00    0.00   clock source latency
                  0.04    0.03    0.03 ^ clk (in)
     1    0.01                           clk (net)
                  0.04    0.00    0.03 ^ clkbuf_0_clk/A (sky130_fd_sc_hd__clkbuf_16)
                  0.05    0.13    0.15 ^ clkbuf_0_clk/X (sky130_fd_sc_hd__clkbuf_16)
     4    0.03                           clknet_0_clk (net)
                  0.05    0.00    0.15 ^ clkbuf_2_1__f_clk/A (sky130_fd_sc_hd__clkbuf_16)
                  0.04    0.12    0.28 ^ clkbuf_2_1__f_clk/X (sky130_fd_sc_hd__clkbuf_16)
    11    0.02                           clknet_2_1__leaf_clk (net)
                  0.04    0.00    0.28 ^ _296_/CLK (sky130_fd_sc_hd__dfstp_1)
                  0.08    0.37    0.65 v _296_/Q (sky130_fd_sc_hd__dfstp_1)
     4    0.01                           state[0] (net)
                  0.08    0.00    0.65 v _148_/B (sky130_fd_sc_hd__nand2_4)
                  0.10    0.12    0.77 ^ _148_/Y (sky130_fd_sc_hd__nand2_4)
     9    0.03                           _066_ (net)
                  0.10    0.00    0.77 ^ _153_/S (sky130_fd_sc_hd__mux2_1)
                  0.04    0.13    0.89 ^ _153_/X (sky130_fd_sc_hd__mux2_1)
     1    0.00                           _069_ (net)
                  0.04    0.00    0.89 ^ _154_/A (sky130_fd_sc_hd__clkbuf_1)
                  0.04    0.07    0.96 ^ _154_/X (sky130_fd_sc_hd__clkbuf_1)
     1    0.00                           _063_ (net)
                  0.04    0.00    0.96 ^ _311_/D (sky130_fd_sc_hd__dfrtp_1)
                                  0.96   data arrival time

                          0.00    0.00   clock clk (rise edge)
                          0.00    0.00   clock source latency
                  0.04    0.03    0.03 ^ clk (in)
     1    0.01                           clk (net)
                  0.04    0.00    0.03 ^ clkbuf_0_clk/A (sky130_fd_sc_hd__clkbuf_16)
                  0.05    0.14    0.17 ^ clkbuf_0_clk/X (sky130_fd_sc_hd__clkbuf_16)
     4    0.03                           clknet_0_clk (net)
                  0.05    0.00    0.17 ^ clkbuf_2_3__f_clk/A (sky130_fd_sc_hd__clkbuf_16)
                  0.04    0.13    0.30 ^ clkbuf_2_3__f_clk/X (sky130_fd_sc_hd__clkbuf_16)
     8    0.01                           clknet_2_3__leaf_clk (net)
                  0.04    0.00    0.30 ^ _311_/CLK (sky130_fd_sc_hd__dfrtp_1)
                          0.25    0.55   clock uncertainty
                         -0.02    0.53   clock reconvergence pessimism
                         -0.03    0.50   library hold time
                                  0.50   data required time
-----------------------------------------------------------------------------
                                  0.50   data required time
                                 -0.96   data arrival time
-----------------------------------------------------------------------------
                                  0.46   slack (MET)


Startpoint: _296_ (rising edge-triggered flip-flop clocked by clk)
Endpoint: _312_ (rising edge-triggered flip-flop clocked by clk)
Path Group: clk
Path Type: min

Fanout     Cap    Slew   Delay    Time   Description
-----------------------------------------------------------------------------
                          0.00    0.00   clock clk (rise edge)
                          0.00    0.00   clock source latency
                  0.04    0.03    0.03 ^ clk (in)
     1    0.01                           clk (net)
                  0.04    0.00    0.03 ^ clkbuf_0_clk/A (sky130_fd_sc_hd__clkbuf_16)
                  0.05    0.13    0.15 ^ clkbuf_0_clk/X (sky130_fd_sc_hd__clkbuf_16)
     4    0.03                           clknet_0_clk (net)
                  0.05    0.00    0.15 ^ clkbuf_2_1__f_clk/A (sky130_fd_sc_hd__clkbuf_16)
                  0.04    0.12    0.28 ^ clkbuf_2_1__f_clk/X (sky130_fd_sc_hd__clkbuf_16)
    11    0.02                           clknet_2_1__leaf_clk (net)
                  0.04    0.00    0.28 ^ _296_/CLK (sky130_fd_sc_hd__dfstp_1)
                  0.08    0.37    0.65 v _296_/Q (sky130_fd_sc_hd__dfstp_1)
     4    0.01                           state[0] (net)
                  0.08    0.00    0.65 v _148_/B (sky130_fd_sc_hd__nand2_4)
                  0.10    0.12    0.77 ^ _148_/Y (sky130_fd_sc_hd__nand2_4)
     9    0.03                           _066_ (net)
                  0.10    0.00    0.77 ^ _151_/S (sky130_fd_sc_hd__mux2_1)
                  0.04    0.13    0.89 ^ _151_/X (sky130_fd_sc_hd__mux2_1)
     1    0.00                           _068_ (net)
                  0.04    0.00    0.89 ^ _152_/A (sky130_fd_sc_hd__clkbuf_1)
                  0.04    0.07    0.96 ^ _152_/X (sky130_fd_sc_hd__clkbuf_1)
     1    0.00                           _064_ (net)
                  0.04    0.00    0.96 ^ _312_/D (sky130_fd_sc_hd__dfrtp_1)
                                  0.96   data arrival time

                          0.00    0.00   clock clk (rise edge)
                          0.00    0.00   clock source latency
                  0.04    0.03    0.03 ^ clk (in)
     1    0.01                           clk (net)
                  0.04    0.00    0.03 ^ clkbuf_0_clk/A (sky130_fd_sc_hd__clkbuf_16)
                  0.05    0.14    0.17 ^ clkbuf_0_clk/X (sky130_fd_sc_hd__clkbuf_16)
     4    0.03                           clknet_0_clk (net)
                  0.05    0.00    0.17 ^ clkbuf_2_3__f_clk/A (sky130_fd_sc_hd__clkbuf_16)
                  0.04    0.13    0.30 ^ clkbuf_2_3__f_clk/X (sky130_fd_sc_hd__clkbuf_16)
     8    0.01                           clknet_2_3__leaf_clk (net)
                  0.04    0.00    0.30 ^ _312_/CLK (sky130_fd_sc_hd__dfrtp_1)
                          0.25    0.55   clock uncertainty
                         -0.02    0.53   clock reconvergence pessimism
                         -0.03    0.50   library hold time
                                  0.50   data required time
-----------------------------------------------------------------------------
                                  0.50   data required time
                                 -0.96   data arrival time
-----------------------------------------------------------------------------
                                  0.46   slack (MET)


Startpoint: _296_ (rising edge-triggered flip-flop clocked by clk)
Endpoint: _313_ (rising edge-triggered flip-flop clocked by clk)
Path Group: clk
Path Type: min

Fanout     Cap    Slew   Delay    Time   Description
-----------------------------------------------------------------------------
                          0.00    0.00   clock clk (rise edge)
                          0.00    0.00   clock source latency
                  0.04    0.03    0.03 ^ clk (in)
     1    0.01                           clk (net)
                  0.04    0.00    0.03 ^ clkbuf_0_clk/A (sky130_fd_sc_hd__clkbuf_16)
                  0.05    0.13    0.15 ^ clkbuf_0_clk/X (sky130_fd_sc_hd__clkbuf_16)
     4    0.03                           clknet_0_clk (net)
                  0.05    0.00    0.15 ^ clkbuf_2_1__f_clk/A (sky130_fd_sc_hd__clkbuf_16)
                  0.04    0.12    0.28 ^ clkbuf_2_1__f_clk/X (sky130_fd_sc_hd__clkbuf_16)
    11    0.02                           clknet_2_1__leaf_clk (net)
                  0.04    0.00    0.28 ^ _296_/CLK (sky130_fd_sc_hd__dfstp_1)
                  0.08    0.37    0.65 v _296_/Q (sky130_fd_sc_hd__dfstp_1)
     4    0.01                           state[0] (net)
                  0.08    0.00    0.65 v _148_/B (sky130_fd_sc_hd__nand2_4)
                  0.10    0.12    0.77 ^ _148_/Y (sky130_fd_sc_hd__nand2_4)
     9    0.03                           _066_ (net)
                  0.10    0.00    0.77 ^ _149_/S (sky130_fd_sc_hd__mux2_1)
                  0.04    0.13    0.89 ^ _149_/X (sky130_fd_sc_hd__mux2_1)
     1    0.00                           _067_ (net)
                  0.04    0.00    0.89 ^ _150_/A (sky130_fd_sc_hd__clkbuf_1)
                  0.04    0.07    0.96 ^ _150_/X (sky130_fd_sc_hd__clkbuf_1)
     1    0.00                           _065_ (net)
                  0.04    0.00    0.96 ^ _313_/D (sky130_fd_sc_hd__dfrtp_1)
                                  0.96   data arrival time

                          0.00    0.00   clock clk (rise edge)
                          0.00    0.00   clock source latency
                  0.04    0.03    0.03 ^ clk (in)
     1    0.01                           clk (net)
                  0.04    0.00    0.03 ^ clkbuf_0_clk/A (sky130_fd_sc_hd__clkbuf_16)
                  0.05    0.14    0.17 ^ clkbuf_0_clk/X (sky130_fd_sc_hd__clkbuf_16)
     4    0.03                           clknet_0_clk (net)
                  0.05    0.00    0.17 ^ clkbuf_2_3__f_clk/A (sky130_fd_sc_hd__clkbuf_16)
                  0.04    0.13    0.30 ^ clkbuf_2_3__f_clk/X (sky130_fd_sc_hd__clkbuf_16)
     8    0.01                           clknet_2_3__leaf_clk (net)
                  0.04    0.00    0.30 ^ _313_/CLK (sky130_fd_sc_hd__dfrtp_1)
                          0.25    0.55   clock uncertainty
                         -0.02    0.53   clock reconvergence pessimism
                         -0.03    0.50   library hold time
                                  0.50   data required time
-----------------------------------------------------------------------------
                                  0.50   data required time
                                 -0.96   data arrival time
-----------------------------------------------------------------------------
                                  0.46   slack (MET)


Startpoint: _296_ (rising edge-triggered flip-flop clocked by clk)
Endpoint: _306_ (rising edge-triggered flip-flop clocked by clk)
Path Group: clk
Path Type: min

Fanout     Cap    Slew   Delay    Time   Description
-----------------------------------------------------------------------------
                          0.00    0.00   clock clk (rise edge)
                          0.00    0.00   clock source latency
                  0.04    0.03    0.03 ^ clk (in)
     1    0.01                           clk (net)
                  0.04    0.00    0.03 ^ clkbuf_0_clk/A (sky130_fd_sc_hd__clkbuf_16)
                  0.05    0.13    0.15 ^ clkbuf_0_clk/X (sky130_fd_sc_hd__clkbuf_16)
     4    0.03                           clknet_0_clk (net)
                  0.05    0.00    0.15 ^ clkbuf_2_1__f_clk/A (sky130_fd_sc_hd__clkbuf_16)
                  0.04    0.12    0.28 ^ clkbuf_2_1__f_clk/X (sky130_fd_sc_hd__clkbuf_16)
    11    0.02                           clknet_2_1__leaf_clk (net)
                  0.04    0.00    0.28 ^ _296_/CLK (sky130_fd_sc_hd__dfstp_1)
                  0.08    0.37    0.65 v _296_/Q (sky130_fd_sc_hd__dfstp_1)
     4    0.01                           state[0] (net)
                  0.08    0.00    0.65 v _148_/B (sky130_fd_sc_hd__nand2_4)
                  0.10    0.12    0.77 ^ _148_/Y (sky130_fd_sc_hd__nand2_4)
     9    0.03                           _066_ (net)
                  0.10    0.00    0.77 ^ _163_/S (sky130_fd_sc_hd__mux2_1)
                  0.04    0.13    0.89 ^ _163_/X (sky130_fd_sc_hd__mux2_1)
     1    0.00                           _074_ (net)
                  0.04    0.00    0.89 ^ _164_/A (sky130_fd_sc_hd__clkbuf_1)
                  0.04    0.07    0.96 ^ _164_/X (sky130_fd_sc_hd__clkbuf_1)
     1    0.00                           _058_ (net)
                  0.04    0.00    0.96 ^ _306_/D (sky130_fd_sc_hd__dfrtp_1)
                                  0.96   data arrival time

                          0.00    0.00   clock clk (rise edge)
                          0.00    0.00   clock source latency
                  0.04    0.03    0.03 ^ clk (in)
     1    0.01                           clk (net)
                  0.04    0.00    0.03 ^ clkbuf_0_clk/A (sky130_fd_sc_hd__clkbuf_16)
                  0.05    0.14    0.17 ^ clkbuf_0_clk/X (sky130_fd_sc_hd__clkbuf_16)
     4    0.03                           clknet_0_clk (net)
                  0.05    0.00    0.17 ^ clkbuf_2_1__f_clk/A (sky130_fd_sc_hd__clkbuf_16)
                  0.04    0.14    0.31 ^ clkbuf_2_1__f_clk/X (sky130_fd_sc_hd__clkbuf_16)
    11    0.02                           clknet_2_1__leaf_clk (net)
                  0.04    0.00    0.31 ^ _306_/CLK (sky130_fd_sc_hd__dfrtp_1)
                          0.25    0.56   clock uncertainty
                         -0.03    0.53   clock reconvergence pessimism
                         -0.03    0.49   library hold time
                                  0.49   data required time
-----------------------------------------------------------------------------
                                  0.49   data required time
                                 -0.96   data arrival time
-----------------------------------------------------------------------------
                                  0.47   slack (MET)


Startpoint: _296_ (rising edge-triggered flip-flop clocked by clk)
Endpoint: _307_ (rising edge-triggered flip-flop clocked by clk)
Path Group: clk
Path Type: min

Fanout     Cap    Slew   Delay    Time   Description
-----------------------------------------------------------------------------
                          0.00    0.00   clock clk (rise edge)
                          0.00    0.00   clock source latency
                  0.04    0.03    0.03 ^ clk (in)
     1    0.01                           clk (net)
                  0.04    0.00    0.03 ^ clkbuf_0_clk/A (sky130_fd_sc_hd__clkbuf_16)
                  0.05    0.13    0.15 ^ clkbuf_0_clk/X (sky130_fd_sc_hd__clkbuf_16)
     4    0.03                           clknet_0_clk (net)
                  0.05    0.00    0.15 ^ clkbuf_2_1__f_clk/A (sky130_fd_sc_hd__clkbuf_16)
                  0.04    0.12    0.28 ^ clkbuf_2_1__f_clk/X (sky130_fd_sc_hd__clkbuf_16)
    11    0.02                           clknet_2_1__leaf_clk (net)
                  0.04    0.00    0.28 ^ _296_/CLK (sky130_fd_sc_hd__dfstp_1)
                  0.08    0.37    0.65 v _296_/Q (sky130_fd_sc_hd__dfstp_1)
     4    0.01                           state[0] (net)
                  0.08    0.00    0.65 v _148_/B (sky130_fd_sc_hd__nand2_4)
                  0.10    0.12    0.77 ^ _148_/Y (sky130_fd_sc_hd__nand2_4)
     9    0.03                           _066_ (net)
                  0.10    0.00    0.77 ^ _161_/S (sky130_fd_sc_hd__mux2_1)
                  0.04    0.13    0.89 ^ _161_/X (sky130_fd_sc_hd__mux2_1)
     1    0.00                           _073_ (net)
                  0.04    0.00    0.89 ^ _162_/A (sky130_fd_sc_hd__clkbuf_1)
                  0.04    0.07    0.96 ^ _162_/X (sky130_fd_sc_hd__clkbuf_1)
     1    0.00                           _059_ (net)
                  0.04    0.00    0.96 ^ _307_/D (sky130_fd_sc_hd__dfrtp_1)
                                  0.96   data arrival time

                          0.00    0.00   clock clk (rise edge)
                          0.00    0.00   clock source latency
                  0.04    0.03    0.03 ^ clk (in)
     1    0.01                           clk (net)
                  0.04    0.00    0.03 ^ clkbuf_0_clk/A (sky130_fd_sc_hd__clkbuf_16)
                  0.05    0.14    0.17 ^ clkbuf_0_clk/X (sky130_fd_sc_hd__clkbuf_16)
     4    0.03                           clknet_0_clk (net)
                  0.05    0.00    0.17 ^ clkbuf_2_1__f_clk/A (sky130_fd_sc_hd__clkbuf_16)
                  0.04    0.14    0.31 ^ clkbuf_2_1__f_clk/X (sky130_fd_sc_hd__clkbuf_16)
    11    0.02                           clknet_2_1__leaf_clk (net)
                  0.04    0.00    0.31 ^ _307_/CLK (sky130_fd_sc_hd__dfrtp_1)
                          0.25    0.56   clock uncertainty
                         -0.03    0.53   clock reconvergence pessimism
                         -0.03    0.49   library hold time
                                  0.49   data required time
-----------------------------------------------------------------------------
                                  0.49   data required time
                                 -0.96   data arrival time
-----------------------------------------------------------------------------
                                  0.47   slack (MET)


Startpoint: _296_ (rising edge-triggered flip-flop clocked by clk)
Endpoint: _308_ (rising edge-triggered flip-flop clocked by clk)
Path Group: clk
Path Type: min

Fanout     Cap    Slew   Delay    Time   Description
-----------------------------------------------------------------------------
                          0.00    0.00   clock clk (rise edge)
                          0.00    0.00   clock source latency
                  0.04    0.03    0.03 ^ clk (in)
     1    0.01                           clk (net)
                  0.04    0.00    0.03 ^ clkbuf_0_clk/A (sky130_fd_sc_hd__clkbuf_16)
                  0.05    0.13    0.15 ^ clkbuf_0_clk/X (sky130_fd_sc_hd__clkbuf_16)
     4    0.03                           clknet_0_clk (net)
                  0.05    0.00    0.15 ^ clkbuf_2_1__f_clk/A (sky130_fd_sc_hd__clkbuf_16)
                  0.04    0.12    0.28 ^ clkbuf_2_1__f_clk/X (sky130_fd_sc_hd__clkbuf_16)
    11    0.02                           clknet_2_1__leaf_clk (net)
                  0.04    0.00    0.28 ^ _296_/CLK (sky130_fd_sc_hd__dfstp_1)
                  0.08    0.37    0.65 v _296_/Q (sky130_fd_sc_hd__dfstp_1)
     4    0.01                           state[0] (net)
                  0.08    0.00    0.65 v _148_/B (sky130_fd_sc_hd__nand2_4)
                  0.10    0.12    0.77 ^ _148_/Y (sky130_fd_sc_hd__nand2_4)
     9    0.03                           _066_ (net)
                  0.10    0.00    0.77 ^ _159_/S (sky130_fd_sc_hd__mux2_1)
                  0.04    0.13    0.89 ^ _159_/X (sky130_fd_sc_hd__mux2_1)
     1    0.00                           _072_ (net)
                  0.04    0.00    0.89 ^ _160_/A (sky130_fd_sc_hd__clkbuf_1)
                  0.04    0.07    0.96 ^ _160_/X (sky130_fd_sc_hd__clkbuf_1)
     1    0.00                           _060_ (net)
                  0.04    0.00    0.96 ^ _308_/D (sky130_fd_sc_hd__dfrtp_1)
                                  0.96   data arrival time

                          0.00    0.00   clock clk (rise edge)
                          0.00    0.00   clock source latency
                  0.04    0.03    0.03 ^ clk (in)
     1    0.01                           clk (net)
                  0.04    0.00    0.03 ^ clkbuf_0_clk/A (sky130_fd_sc_hd__clkbuf_16)
                  0.05    0.14    0.17 ^ clkbuf_0_clk/X (sky130_fd_sc_hd__clkbuf_16)
     4    0.03                           clknet_0_clk (net)
                  0.05    0.00    0.17 ^ clkbuf_2_1__f_clk/A (sky130_fd_sc_hd__clkbuf_16)
                  0.04    0.14    0.31 ^ clkbuf_2_1__f_clk/X (sky130_fd_sc_hd__clkbuf_16)
    11    0.02                           clknet_2_1__leaf_clk (net)
                  0.04    0.00    0.31 ^ _308_/CLK (sky130_fd_sc_hd__dfrtp_1)
                          0.25    0.56   clock uncertainty
                         -0.03    0.53   clock reconvergence pessimism
                         -0.03    0.49   library hold time
                                  0.49   data required time
-----------------------------------------------------------------------------
                                  0.49   data required time
                                 -0.96   data arrival time
-----------------------------------------------------------------------------
                                  0.47   slack (MET)


Startpoint: _297_ (rising edge-triggered flip-flop clocked by clk)
Endpoint: _303_ (rising edge-triggered flip-flop clocked by clk)
Path Group: clk
Path Type: min

Fanout     Cap    Slew   Delay    Time   Description
-----------------------------------------------------------------------------
                          0.00    0.00   clock clk (rise edge)
                          0.00    0.00   clock source latency
                  0.04    0.03    0.03 ^ clk (in)
     1    0.01                           clk (net)
                  0.04    0.00    0.03 ^ clkbuf_0_clk/A (sky130_fd_sc_hd__clkbuf_16)
                  0.05    0.13    0.15 ^ clkbuf_0_clk/X (sky130_fd_sc_hd__clkbuf_16)
     4    0.03                           clknet_0_clk (net)
                  0.05    0.00    0.15 ^ clkbuf_2_2__f_clk/A (sky130_fd_sc_hd__clkbuf_16)
                  0.03    0.11    0.27 ^ clkbuf_2_2__f_clk/X (sky130_fd_sc_hd__clkbuf_16)
     6    0.01                           clknet_2_2__leaf_clk (net)
                  0.03    0.00    0.27 ^ _297_/CLK (sky130_fd_sc_hd__dfrtp_4)
                  0.10    0.41    0.68 ^ _297_/Q (sky130_fd_sc_hd__dfrtp_4)
     8    0.02                           state[1] (net)
                  0.10    0.00    0.68 ^ _172_/A1 (sky130_fd_sc_hd__a21bo_1)
                  0.04    0.11    0.79 ^ _172_/X (sky130_fd_sc_hd__a21bo_1)
     2    0.00                           _082_ (net)
                  0.04    0.00    0.79 ^ _173_/B (sky130_fd_sc_hd__and2_1)
                  0.04    0.10    0.89 ^ _173_/X (sky130_fd_sc_hd__and2_1)
     1    0.00                           _083_ (net)
                  0.04    0.00    0.89 ^ _174_/A (sky130_fd_sc_hd__clkbuf_1)
                  0.04    0.07    0.96 ^ _174_/X (sky130_fd_sc_hd__clkbuf_1)
     1    0.00                           _057_ (net)
                  0.04    0.00    0.96 ^ _303_/D (sky130_fd_sc_hd__dfrtp_1)
                                  0.96   data arrival time

                          0.00    0.00   clock clk (rise edge)
                          0.00    0.00   clock source latency
                  0.04    0.03    0.03 ^ clk (in)
     1    0.01                           clk (net)
                  0.04    0.00    0.03 ^ clkbuf_0_clk/A (sky130_fd_sc_hd__clkbuf_16)
                  0.05    0.14    0.17 ^ clkbuf_0_clk/X (sky130_fd_sc_hd__clkbuf_16)
     4    0.03                           clknet_0_clk (net)
                  0.05    0.00    0.17 ^ clkbuf_2_2__f_clk/A (sky130_fd_sc_hd__clkbuf_16)
                  0.03    0.13    0.30 ^ clkbuf_2_2__f_clk/X (sky130_fd_sc_hd__clkbuf_16)
     6    0.01                           clknet_2_2__leaf_clk (net)
                  0.03    0.00    0.30 ^ _303_/CLK (sky130_fd_sc_hd__dfrtp_1)
                          0.25    0.55   clock uncertainty
                         -0.03    0.52   clock reconvergence pessimism
                         -0.03    0.48   library hold time
                                  0.48   data required time
-----------------------------------------------------------------------------
                                  0.48   data required time
                                 -0.96   data arrival time
-----------------------------------------------------------------------------
                                  0.48   slack (MET)


Startpoint: _320_ (rising edge-triggered flip-flop clocked by clk)
Endpoint: _320_ (rising edge-triggered flip-flop clocked by clk)
Path Group: clk
Path Type: min

Fanout     Cap    Slew   Delay    Time   Description
-----------------------------------------------------------------------------
                          0.00    0.00   clock clk (rise edge)
                          0.00    0.00   clock source latency
                  0.04    0.03    0.03 ^ clk (in)
     1    0.01                           clk (net)
                  0.04    0.00    0.03 ^ clkbuf_0_clk/A (sky130_fd_sc_hd__clkbuf_16)
                  0.05    0.13    0.15 ^ clkbuf_0_clk/X (sky130_fd_sc_hd__clkbuf_16)
     4    0.03                           clknet_0_clk (net)
                  0.05    0.00    0.15 ^ clkbuf_2_0__f_clk/A (sky130_fd_sc_hd__clkbuf_16)
                  0.04    0.12    0.27 ^ clkbuf_2_0__f_clk/X (sky130_fd_sc_hd__clkbuf_16)
     9    0.02                           clknet_2_0__leaf_clk (net)
                  0.04    0.00    0.27 ^ _320_/CLK (sky130_fd_sc_hd__dfrtp_1)
                  0.10    0.34    0.61 ^ _320_/Q (sky130_fd_sc_hd__dfrtp_1)
     5    0.01                           baud_count[6] (net)
                  0.10    0.00    0.61 ^ _216_/A1 (sky130_fd_sc_hd__a21boi_1)
                  0.04    0.06    0.68 v _216_/Y (sky130_fd_sc_hd__a21boi_1)
     1    0.00                           _112_ (net)
                  0.04    0.00    0.68 v _217_/B1 (sky130_fd_sc_hd__o21a_1)
                  0.02    0.08    0.76 v _217_/X (sky130_fd_sc_hd__o21a_1)
     1    0.00                           _012_ (net)
                  0.02    0.00    0.76 v hold10/A (sky130_fd_sc_hd__dlygate4sd3_1)
                  0.05    0.51    1.27 v hold10/X (sky130_fd_sc_hd__dlygate4sd3_1)
     1    0.00                           net23 (net)
                  0.05    0.00    1.27 v _320_/D (sky130_fd_sc_hd__dfrtp_1)
                                  1.27   data arrival time

                          0.00    0.00   clock clk (rise edge)
                          0.00    0.00   clock source latency
                  0.04    0.03    0.03 ^ clk (in)
     1    0.01                           clk (net)
                  0.04    0.00    0.03 ^ clkbuf_0_clk/A (sky130_fd_sc_hd__clkbuf_16)
                  0.05    0.14    0.17 ^ clkbuf_0_clk/X (sky130_fd_sc_hd__clkbuf_16)
     4    0.03                           clknet_0_clk (net)
                  0.05    0.00    0.17 ^ clkbuf_2_0__f_clk/A (sky130_fd_sc_hd__clkbuf_16)
                  0.04    0.13    0.30 ^ clkbuf_2_0__f_clk/X (sky130_fd_sc_hd__clkbuf_16)
     9    0.02                           clknet_2_0__leaf_clk (net)
                  0.04    0.00    0.30 ^ _320_/CLK (sky130_fd_sc_hd__dfrtp_1)
                          0.25    0.55   clock uncertainty
                         -0.03    0.52   clock reconvergence pessimism
                         -0.05    0.47   library hold time
                                  0.47   data required time
-----------------------------------------------------------------------------
                                  0.47   data required time
                                 -1.27   data arrival time
-----------------------------------------------------------------------------
                                  0.79   slack (MET)


Startpoint: reset (input port clocked by clk)
Endpoint: _326_ (removal check against rising-edge clock clk)
Path Group: asynchronous
Path Type: min

Fanout     Cap    Slew   Delay    Time   Description
-----------------------------------------------------------------------------
                          0.00    0.00   clock clk (rise edge)
                          0.00    0.00   clock network delay (propagated)
                          2.00    2.00 v input external delay
                  0.01    0.00    2.00 v reset (in)
     1    0.00                           reset (net)
                  0.01    0.00    2.00 v input9/A (sky130_fd_sc_hd__buf_2)
                  0.07    0.14    2.14 v input9/X (sky130_fd_sc_hd__buf_2)
     7    0.02                           net9 (net)
                  0.07    0.00    2.14 v _292_/A (sky130_fd_sc_hd__inv_2)
                  0.03    0.05    2.19 ^ _292_/Y (sky130_fd_sc_hd__inv_2)
     1    0.00                           _033_ (net)
                  0.03    0.00    2.19 ^ _326_/RESET_B (sky130_fd_sc_hd__dfrtp_1)
                                  2.19   data arrival time

                          0.00    0.00   clock clk (rise edge)
                          0.00    0.00   clock source latency
                  0.04    0.03    0.03 ^ clk (in)
     1    0.01                           clk (net)
                  0.04    0.00    0.03 ^ clkbuf_0_clk/A (sky130_fd_sc_hd__clkbuf_16)
                  0.05    0.14    0.17 ^ clkbuf_0_clk/X (sky130_fd_sc_hd__clkbuf_16)
     4    0.03                           clknet_0_clk (net)
                  0.05    0.00    0.17 ^ clkbuf_2_1__f_clk/A (sky130_fd_sc_hd__clkbuf_16)
                  0.04    0.14    0.31 ^ clkbuf_2_1__f_clk/X (sky130_fd_sc_hd__clkbuf_16)
    11    0.02                           clknet_2_1__leaf_clk (net)
                  0.04    0.00    0.31 ^ _326_/CLK (sky130_fd_sc_hd__dfrtp_1)
                          0.25    0.56   clock uncertainty
                          0.00    0.56   clock reconvergence pessimism
                          0.32    0.87   library removal time
                                  0.87   data required time
-----------------------------------------------------------------------------
                                  0.87   data required time
                                 -2.19   data arrival time
-----------------------------------------------------------------------------
                                  1.32   slack (MET)


Startpoint: reset (input port clocked by clk)
Endpoint: _327_ (removal check against rising-edge clock clk)
Path Group: asynchronous
Path Type: min

Fanout     Cap    Slew   Delay    Time   Description
-----------------------------------------------------------------------------
                          0.00    0.00   clock clk (rise edge)
                          0.00    0.00   clock network delay (propagated)
                          2.00    2.00 v input external delay
                  0.01    0.00    2.00 v reset (in)
     1    0.00                           reset (net)
                  0.01    0.00    2.00 v input9/A (sky130_fd_sc_hd__buf_2)
                  0.07    0.14    2.14 v input9/X (sky130_fd_sc_hd__buf_2)
     7    0.02                           net9 (net)
                  0.07    0.00    2.14 v _293_/A (sky130_fd_sc_hd__inv_2)
                  0.03    0.05    2.19 ^ _293_/Y (sky130_fd_sc_hd__inv_2)
     1    0.00                           _034_ (net)
                  0.03    0.00    2.19 ^ _327_/RESET_B (sky130_fd_sc_hd__dfrtp_1)
                                  2.19   data arrival time

                          0.00    0.00   clock clk (rise edge)
                          0.00    0.00   clock source latency
                  0.04    0.03    0.03 ^ clk (in)
     1    0.01                           clk (net)
                  0.04    0.00    0.03 ^ clkbuf_0_clk/A (sky130_fd_sc_hd__clkbuf_16)
                  0.05    0.14    0.17 ^ clkbuf_0_clk/X (sky130_fd_sc_hd__clkbuf_16)
     4    0.03                           clknet_0_clk (net)
                  0.05    0.00    0.17 ^ clkbuf_2_1__f_clk/A (sky130_fd_sc_hd__clkbuf_16)
                  0.04    0.14    0.31 ^ clkbuf_2_1__f_clk/X (sky130_fd_sc_hd__clkbuf_16)
    11    0.02                           clknet_2_1__leaf_clk (net)
                  0.04    0.00    0.31 ^ _327_/CLK (sky130_fd_sc_hd__dfrtp_1)
                          0.25    0.56   clock uncertainty
                          0.00    0.56   clock reconvergence pessimism
                          0.32    0.87   library removal time
                                  0.87   data required time
-----------------------------------------------------------------------------
                                  0.87   data required time
                                 -2.19   data arrival time
-----------------------------------------------------------------------------
                                  1.32   slack (MET)


Startpoint: reset (input port clocked by clk)
Endpoint: _328_ (removal check against rising-edge clock clk)
Path Group: asynchronous
Path Type: min

Fanout     Cap    Slew   Delay    Time   Description
-----------------------------------------------------------------------------
                          0.00    0.00   clock clk (rise edge)
                          0.00    0.00   clock network delay (propagated)
                          2.00    2.00 v input external delay
                  0.01    0.00    2.00 v reset (in)
     1    0.00                           reset (net)
                  0.01    0.00    2.00 v input9/A (sky130_fd_sc_hd__buf_2)
                  0.07    0.14    2.14 v input9/X (sky130_fd_sc_hd__buf_2)
     7    0.02                           net9 (net)
                  0.07    0.00    2.14 v _294_/A (sky130_fd_sc_hd__inv_2)
                  0.03    0.05    2.19 ^ _294_/Y (sky130_fd_sc_hd__inv_2)
     1    0.00                           _035_ (net)
                  0.03    0.00    2.19 ^ _328_/RESET_B (sky130_fd_sc_hd__dfrtp_1)
                                  2.19   data arrival time

                          0.00    0.00   clock clk (rise edge)
                          0.00    0.00   clock source latency
                  0.04    0.03    0.03 ^ clk (in)
     1    0.01                           clk (net)
                  0.04    0.00    0.03 ^ clkbuf_0_clk/A (sky130_fd_sc_hd__clkbuf_16)
                  0.05    0.14    0.17 ^ clkbuf_0_clk/X (sky130_fd_sc_hd__clkbuf_16)
     4    0.03                           clknet_0_clk (net)
                  0.05    0.00    0.17 ^ clkbuf_2_1__f_clk/A (sky130_fd_sc_hd__clkbuf_16)
                  0.04    0.14    0.31 ^ clkbuf_2_1__f_clk/X (sky130_fd_sc_hd__clkbuf_16)
    11    0.02                           clknet_2_1__leaf_clk (net)
                  0.04    0.00    0.31 ^ _328_/CLK (sky130_fd_sc_hd__dfrtp_1)
                          0.25    0.56   clock uncertainty
                          0.00    0.56   clock reconvergence pessimism
                          0.32    0.87   library removal time
                                  0.87   data required time
-----------------------------------------------------------------------------
                                  0.87   data required time
                                 -2.19   data arrival time
-----------------------------------------------------------------------------
                                  1.32   slack (MET)


Startpoint: reset (input port clocked by clk)
Endpoint: _329_ (removal check against rising-edge clock clk)
Path Group: asynchronous
Path Type: min

Fanout     Cap    Slew   Delay    Time   Description
-----------------------------------------------------------------------------
                          0.00    0.00   clock clk (rise edge)
                          0.00    0.00   clock network delay (propagated)
                          2.00    2.00 v input external delay
                  0.01    0.00    2.00 v reset (in)
     1    0.00                           reset (net)
                  0.01    0.00    2.00 v input9/A (sky130_fd_sc_hd__buf_2)
                  0.07    0.14    2.14 v input9/X (sky130_fd_sc_hd__buf_2)
     7    0.02                           net9 (net)
                  0.07    0.00    2.14 v _295_/A (sky130_fd_sc_hd__inv_2)
                  0.03    0.05    2.19 ^ _295_/Y (sky130_fd_sc_hd__inv_2)
     1    0.00                           _036_ (net)
                  0.03    0.00    2.19 ^ _329_/RESET_B (sky130_fd_sc_hd__dfrtp_1)
                                  2.19   data arrival time

                          0.00    0.00   clock clk (rise edge)
                          0.00    0.00   clock source latency
                  0.04    0.03    0.03 ^ clk (in)
     1    0.01                           clk (net)
                  0.04    0.00    0.03 ^ clkbuf_0_clk/A (sky130_fd_sc_hd__clkbuf_16)
                  0.05    0.14    0.17 ^ clkbuf_0_clk/X (sky130_fd_sc_hd__clkbuf_16)
     4    0.03                           clknet_0_clk (net)
                  0.05    0.00    0.17 ^ clkbuf_2_1__f_clk/A (sky130_fd_sc_hd__clkbuf_16)
                  0.04    0.14    0.31 ^ clkbuf_2_1__f_clk/X (sky130_fd_sc_hd__clkbuf_16)
    11    0.02                           clknet_2_1__leaf_clk (net)
                  0.04    0.00    0.31 ^ _329_/CLK (sky130_fd_sc_hd__dfrtp_1)
                          0.25    0.56   clock uncertainty
                          0.00    0.56   clock reconvergence pessimism
                          0.32    0.87   library removal time
                                  0.87   data required time
-----------------------------------------------------------------------------
                                  0.87   data required time
                                 -2.19   data arrival time
-----------------------------------------------------------------------------
                                  1.32   slack (MET)


Startpoint: reset (input port clocked by clk)
Endpoint: _306_ (removal check against rising-edge clock clk)
Path Group: asynchronous
Path Type: min

Fanout     Cap    Slew   Delay    Time   Description
-----------------------------------------------------------------------------
                          0.00    0.00   clock clk (rise edge)
                          0.00    0.00   clock network delay (propagated)
                          2.00    2.00 v input external delay
                  0.01    0.00    2.00 v reset (in)
     1    0.00                           reset (net)
                  0.01    0.00    2.00 v input9/A (sky130_fd_sc_hd__buf_2)
                  0.07    0.14    2.14 v input9/X (sky130_fd_sc_hd__buf_2)
     7    0.02                           net9 (net)
                  0.07    0.00    2.14 v _270_/A (sky130_fd_sc_hd__buf_4)
                  0.07    0.18    2.32 v _270_/X (sky130_fd_sc_hd__buf_4)
    10    0.04                           _144_ (net)
                  0.07    0.00    2.32 v _271_/A (sky130_fd_sc_hd__inv_2)
                  0.03    0.05    2.37 ^ _271_/Y (sky130_fd_sc_hd__inv_2)
     1    0.00                           _047_ (net)
                  0.03    0.00    2.37 ^ _306_/RESET_B (sky130_fd_sc_hd__dfrtp_1)
                                  2.37   data arrival time

                          0.00    0.00   clock clk (rise edge)
                          0.00    0.00   clock source latency
                  0.04    0.03    0.03 ^ clk (in)
     1    0.01                           clk (net)
                  0.04    0.00    0.03 ^ clkbuf_0_clk/A (sky130_fd_sc_hd__clkbuf_16)
                  0.05    0.14    0.17 ^ clkbuf_0_clk/X (sky130_fd_sc_hd__clkbuf_16)
     4    0.03                           clknet_0_clk (net)
                  0.05    0.00    0.17 ^ clkbuf_2_1__f_clk/A (sky130_fd_sc_hd__clkbuf_16)
                  0.04    0.14    0.31 ^ clkbuf_2_1__f_clk/X (sky130_fd_sc_hd__clkbuf_16)
    11    0.02                           clknet_2_1__leaf_clk (net)
                  0.04    0.00    0.31 ^ _306_/CLK (sky130_fd_sc_hd__dfrtp_1)
                          0.25    0.56   clock uncertainty
                          0.00    0.56   clock reconvergence pessimism
                          0.32    0.87   library removal time
                                  0.87   data required time
-----------------------------------------------------------------------------
                                  0.87   data required time
                                 -2.37   data arrival time
-----------------------------------------------------------------------------
                                  1.50   slack (MET)


Startpoint: reset (input port clocked by clk)
Endpoint: _307_ (removal check against rising-edge clock clk)
Path Group: asynchronous
Path Type: min

Fanout     Cap    Slew   Delay    Time   Description
-----------------------------------------------------------------------------
                          0.00    0.00   clock clk (rise edge)
                          0.00    0.00   clock network delay (propagated)
                          2.00    2.00 v input external delay
                  0.01    0.00    2.00 v reset (in)
     1    0.00                           reset (net)
                  0.01    0.00    2.00 v input9/A (sky130_fd_sc_hd__buf_2)
                  0.07    0.14    2.14 v input9/X (sky130_fd_sc_hd__buf_2)
     7    0.02                           net9 (net)
                  0.07    0.00    2.14 v _270_/A (sky130_fd_sc_hd__buf_4)
                  0.07    0.18    2.32 v _270_/X (sky130_fd_sc_hd__buf_4)
    10    0.04                           _144_ (net)
                  0.07    0.00    2.32 v _272_/A (sky130_fd_sc_hd__inv_2)
                  0.03    0.05    2.37 ^ _272_/Y (sky130_fd_sc_hd__inv_2)
     1    0.00                           _048_ (net)
                  0.03    0.00    2.37 ^ _307_/RESET_B (sky130_fd_sc_hd__dfrtp_1)
                                  2.37   data arrival time

                          0.00    0.00   clock clk (rise edge)
                          0.00    0.00   clock source latency
                  0.04    0.03    0.03 ^ clk (in)
     1    0.01                           clk (net)
                  0.04    0.00    0.03 ^ clkbuf_0_clk/A (sky130_fd_sc_hd__clkbuf_16)
                  0.05    0.14    0.17 ^ clkbuf_0_clk/X (sky130_fd_sc_hd__clkbuf_16)
     4    0.03                           clknet_0_clk (net)
                  0.05    0.00    0.17 ^ clkbuf_2_1__f_clk/A (sky130_fd_sc_hd__clkbuf_16)
                  0.04    0.14    0.31 ^ clkbuf_2_1__f_clk/X (sky130_fd_sc_hd__clkbuf_16)
    11    0.02                           clknet_2_1__leaf_clk (net)
                  0.04    0.00    0.31 ^ _307_/CLK (sky130_fd_sc_hd__dfrtp_1)
                          0.25    0.56   clock uncertainty
                          0.00    0.56   clock reconvergence pessimism
                          0.32    0.87   library removal time
                                  0.87   data required time
-----------------------------------------------------------------------------
                                  0.87   data required time
                                 -2.37   data arrival time
-----------------------------------------------------------------------------
                                  1.50   slack (MET)


Startpoint: reset (input port clocked by clk)
Endpoint: _308_ (removal check against rising-edge clock clk)
Path Group: asynchronous
Path Type: min

Fanout     Cap    Slew   Delay    Time   Description
-----------------------------------------------------------------------------
                          0.00    0.00   clock clk (rise edge)
                          0.00    0.00   clock network delay (propagated)
                          2.00    2.00 v input external delay
                  0.01    0.00    2.00 v reset (in)
     1    0.00                           reset (net)
                  0.01    0.00    2.00 v input9/A (sky130_fd_sc_hd__buf_2)
                  0.07    0.14    2.14 v input9/X (sky130_fd_sc_hd__buf_2)
     7    0.02                           net9 (net)
                  0.07    0.00    2.14 v _270_/A (sky130_fd_sc_hd__buf_4)
                  0.07    0.18    2.32 v _270_/X (sky130_fd_sc_hd__buf_4)
    10    0.04                           _144_ (net)
                  0.07    0.00    2.32 v _273_/A (sky130_fd_sc_hd__inv_2)
                  0.03    0.05    2.37 ^ _273_/Y (sky130_fd_sc_hd__inv_2)
     1    0.00                           _049_ (net)
                  0.03    0.00    2.37 ^ _308_/RESET_B (sky130_fd_sc_hd__dfrtp_1)
                                  2.37   data arrival time

                          0.00    0.00   clock clk (rise edge)
                          0.00    0.00   clock source latency
                  0.04    0.03    0.03 ^ clk (in)
     1    0.01                           clk (net)
                  0.04    0.00    0.03 ^ clkbuf_0_clk/A (sky130_fd_sc_hd__clkbuf_16)
                  0.05    0.14    0.17 ^ clkbuf_0_clk/X (sky130_fd_sc_hd__clkbuf_16)
     4    0.03                           clknet_0_clk (net)
                  0.05    0.00    0.17 ^ clkbuf_2_1__f_clk/A (sky130_fd_sc_hd__clkbuf_16)
                  0.04    0.14    0.31 ^ clkbuf_2_1__f_clk/X (sky130_fd_sc_hd__clkbuf_16)
    11    0.02                           clknet_2_1__leaf_clk (net)
                  0.04    0.00    0.31 ^ _308_/CLK (sky130_fd_sc_hd__dfrtp_1)
                          0.25    0.56   clock uncertainty
                          0.00    0.56   clock reconvergence pessimism
                          0.32    0.87   library removal time
                                  0.87   data required time
-----------------------------------------------------------------------------
                                  0.87   data required time
                                 -2.37   data arrival time
-----------------------------------------------------------------------------
                                  1.50   slack (MET)


Startpoint: reset (input port clocked by clk)
Endpoint: _323_ (removal check against rising-edge clock clk)
Path Group: asynchronous
Path Type: min

Fanout     Cap    Slew   Delay    Time   Description
-----------------------------------------------------------------------------
                          0.00    0.00   clock clk (rise edge)
                          0.00    0.00   clock network delay (propagated)
                          2.00    2.00 v input external delay
                  0.01    0.00    2.00 v reset (in)
     1    0.00                           reset (net)
                  0.01    0.00    2.00 v input9/A (sky130_fd_sc_hd__buf_2)
                  0.07    0.14    2.14 v input9/X (sky130_fd_sc_hd__buf_2)
     7    0.02                           net9 (net)
                  0.07    0.00    2.14 v _281_/A (sky130_fd_sc_hd__buf_4)
                  0.07    0.18    2.32 v _281_/X (sky130_fd_sc_hd__buf_4)
    10    0.04                           _145_ (net)
                  0.07    0.00    2.32 v _289_/A (sky130_fd_sc_hd__inv_2)
                  0.03    0.05    2.37 ^ _289_/Y (sky130_fd_sc_hd__inv_2)
     1    0.00                           _030_ (net)
                  0.03    0.00    2.37 ^ _323_/RESET_B (sky130_fd_sc_hd__dfrtp_1)
                                  2.37   data arrival time

                          0.00    0.00   clock clk (rise edge)
                          0.00    0.00   clock source latency
                  0.04    0.03    0.03 ^ clk (in)
     1    0.01                           clk (net)
                  0.04    0.00    0.03 ^ clkbuf_0_clk/A (sky130_fd_sc_hd__clkbuf_16)
                  0.05    0.14    0.17 ^ clkbuf_0_clk/X (sky130_fd_sc_hd__clkbuf_16)
     4    0.03                           clknet_0_clk (net)
                  0.05    0.00    0.17 ^ clkbuf_2_1__f_clk/A (sky130_fd_sc_hd__clkbuf_16)
                  0.04    0.14    0.31 ^ clkbuf_2_1__f_clk/X (sky130_fd_sc_hd__clkbuf_16)
    11    0.02                           clknet_2_1__leaf_clk (net)
                  0.04    0.00    0.31 ^ _323_/CLK (sky130_fd_sc_hd__dfrtp_1)
                          0.25    0.56   clock uncertainty
                          0.00    0.56   clock reconvergence pessimism
                          0.32    0.87   library removal time
                                  0.87   data required time
-----------------------------------------------------------------------------
                                  0.87   data required time
                                 -2.37   data arrival time
-----------------------------------------------------------------------------
                                  1.50   slack (MET)


Startpoint: reset (input port clocked by clk)
Endpoint: _324_ (removal check against rising-edge clock clk)
Path Group: asynchronous
Path Type: min

Fanout     Cap    Slew   Delay    Time   Description
-----------------------------------------------------------------------------
                          0.00    0.00   clock clk (rise edge)
                          0.00    0.00   clock network delay (propagated)
                          2.00    2.00 v input external delay
                  0.01    0.00    2.00 v reset (in)
     1    0.00                           reset (net)
                  0.01    0.00    2.00 v input9/A (sky130_fd_sc_hd__buf_2)
                  0.07    0.14    2.14 v input9/X (sky130_fd_sc_hd__buf_2)
     7    0.02                           net9 (net)
                  0.07    0.00    2.14 v _281_/A (sky130_fd_sc_hd__buf_4)
                  0.07    0.18    2.32 v _281_/X (sky130_fd_sc_hd__buf_4)
    10    0.04                           _145_ (net)
                  0.07    0.00    2.32 v _290_/A (sky130_fd_sc_hd__inv_2)
                  0.03    0.05    2.37 ^ _290_/Y (sky130_fd_sc_hd__inv_2)
     1    0.00                           _031_ (net)
                  0.03    0.00    2.37 ^ _324_/RESET_B (sky130_fd_sc_hd__dfrtp_1)
                                  2.37   data arrival time

                          0.00    0.00   clock clk (rise edge)
                          0.00    0.00   clock source latency
                  0.04    0.03    0.03 ^ clk (in)
     1    0.01                           clk (net)
                  0.04    0.00    0.03 ^ clkbuf_0_clk/A (sky130_fd_sc_hd__clkbuf_16)
                  0.05    0.14    0.17 ^ clkbuf_0_clk/X (sky130_fd_sc_hd__clkbuf_16)
     4    0.03                           clknet_0_clk (net)
                  0.05    0.00    0.17 ^ clkbuf_2_1__f_clk/A (sky130_fd_sc_hd__clkbuf_16)
                  0.04    0.14    0.31 ^ clkbuf_2_1__f_clk/X (sky130_fd_sc_hd__clkbuf_16)
    11    0.02                           clknet_2_1__leaf_clk (net)
                  0.04    0.00    0.31 ^ _324_/CLK (sky130_fd_sc_hd__dfrtp_1)
                          0.25    0.56   clock uncertainty
                          0.00    0.56   clock reconvergence pessimism
                          0.32    0.87   library removal time
                                  0.87   data required time
-----------------------------------------------------------------------------
                                  0.87   data required time
                                 -2.37   data arrival time
-----------------------------------------------------------------------------
                                  1.50   slack (MET)


Startpoint: reset (input port clocked by clk)
Endpoint: _325_ (removal check against rising-edge clock clk)
Path Group: asynchronous
Path Type: min

Fanout     Cap    Slew   Delay    Time   Description
-----------------------------------------------------------------------------
                          0.00    0.00   clock clk (rise edge)
                          0.00    0.00   clock network delay (propagated)
                          2.00    2.00 v input external delay
                  0.01    0.00    2.00 v reset (in)
     1    0.00                           reset (net)
                  0.01    0.00    2.00 v input9/A (sky130_fd_sc_hd__buf_2)
                  0.07    0.14    2.14 v input9/X (sky130_fd_sc_hd__buf_2)
     7    0.02                           net9 (net)
                  0.07    0.00    2.14 v _281_/A (sky130_fd_sc_hd__buf_4)
                  0.07    0.18    2.32 v _281_/X (sky130_fd_sc_hd__buf_4)
    10    0.04                           _145_ (net)
                  0.07    0.00    2.32 v _291_/A (sky130_fd_sc_hd__inv_2)
                  0.03    0.05    2.37 ^ _291_/Y (sky130_fd_sc_hd__inv_2)
     1    0.00                           _032_ (net)
                  0.03    0.00    2.37 ^ _325_/RESET_B (sky130_fd_sc_hd__dfrtp_1)
                                  2.37   data arrival time

                          0.00    0.00   clock clk (rise edge)
                          0.00    0.00   clock source latency
                  0.04    0.03    0.03 ^ clk (in)
     1    0.01                           clk (net)
                  0.04    0.00    0.03 ^ clkbuf_0_clk/A (sky130_fd_sc_hd__clkbuf_16)
                  0.05    0.14    0.17 ^ clkbuf_0_clk/X (sky130_fd_sc_hd__clkbuf_16)
     4    0.03                           clknet_0_clk (net)
                  0.05    0.00    0.17 ^ clkbuf_2_1__f_clk/A (sky130_fd_sc_hd__clkbuf_16)
                  0.04    0.14    0.31 ^ clkbuf_2_1__f_clk/X (sky130_fd_sc_hd__clkbuf_16)
    11    0.02                           clknet_2_1__leaf_clk (net)
                  0.04    0.00    0.31 ^ _325_/CLK (sky130_fd_sc_hd__dfrtp_1)
                          0.25    0.56   clock uncertainty
                          0.00    0.56   clock reconvergence pessimism
                          0.32    0.87   library removal time
                                  0.87   data required time
-----------------------------------------------------------------------------
                                  0.87   data required time
                                 -2.37   data arrival time
-----------------------------------------------------------------------------
                                  1.50   slack (MET)


Startpoint: reset (input port clocked by clk)
Endpoint: _322_ (removal check against rising-edge clock clk)
Path Group: asynchronous
Path Type: min

Fanout     Cap    Slew   Delay    Time   Description
-----------------------------------------------------------------------------
                          0.00    0.00   clock clk (rise edge)
                          0.00    0.00   clock network delay (propagated)
                          2.00    2.00 v input external delay
                  0.01    0.00    2.00 v reset (in)
     1    0.00                           reset (net)
                  0.01    0.00    2.00 v input9/A (sky130_fd_sc_hd__buf_2)
                  0.07    0.14    2.14 v input9/X (sky130_fd_sc_hd__buf_2)
     7    0.02                           net9 (net)
                  0.07    0.00    2.14 v _281_/A (sky130_fd_sc_hd__buf_4)
                  0.07    0.18    2.32 v _281_/X (sky130_fd_sc_hd__buf_4)
    10    0.04                           _145_ (net)
                  0.07    0.00    2.32 v _288_/A (sky130_fd_sc_hd__inv_2)
                  0.03    0.05    2.37 ^ _288_/Y (sky130_fd_sc_hd__inv_2)
     1    0.00                           _029_ (net)
                  0.03    0.00    2.37 ^ _322_/RESET_B (sky130_fd_sc_hd__dfrtp_2)
                                  2.37   data arrival time

                          0.00    0.00   clock clk (rise edge)
                          0.00    0.00   clock source latency
                  0.04    0.03    0.03 ^ clk (in)
     1    0.01                           clk (net)
                  0.04    0.00    0.03 ^ clkbuf_0_clk/A (sky130_fd_sc_hd__clkbuf_16)
                  0.05    0.14    0.17 ^ clkbuf_0_clk/X (sky130_fd_sc_hd__clkbuf_16)
     4    0.03                           clknet_0_clk (net)
                  0.05    0.00    0.17 ^ clkbuf_2_0__f_clk/A (sky130_fd_sc_hd__clkbuf_16)
                  0.04    0.13    0.30 ^ clkbuf_2_0__f_clk/X (sky130_fd_sc_hd__clkbuf_16)
     9    0.02                           clknet_2_0__leaf_clk (net)
                  0.04    0.00    0.30 ^ _322_/CLK (sky130_fd_sc_hd__dfrtp_2)
                          0.25    0.55   clock uncertainty
                          0.00    0.55   clock reconvergence pessimism
                          0.32    0.87   library removal time
                                  0.87   data required time
-----------------------------------------------------------------------------
                                  0.87   data required time
                                 -2.37   data arrival time
-----------------------------------------------------------------------------
                                  1.50   slack (MET)


Startpoint: reset (input port clocked by clk)
Endpoint: _314_ (removal check against rising-edge clock clk)
Path Group: asynchronous
Path Type: min

Fanout     Cap    Slew   Delay    Time   Description
-----------------------------------------------------------------------------
                          0.00    0.00   clock clk (rise edge)
                          0.00    0.00   clock network delay (propagated)
                          2.00    2.00 v input external delay
                  0.01    0.00    2.00 v reset (in)
     1    0.00                           reset (net)
                  0.01    0.00    2.00 v input9/A (sky130_fd_sc_hd__buf_2)
                  0.07    0.14    2.14 v input9/X (sky130_fd_sc_hd__buf_2)
     7    0.02                           net9 (net)
                  0.07    0.00    2.14 v _270_/A (sky130_fd_sc_hd__buf_4)
                  0.07    0.18    2.32 v _270_/X (sky130_fd_sc_hd__buf_4)
    10    0.04                           _144_ (net)
                  0.07    0.00    2.32 v _279_/A (sky130_fd_sc_hd__inv_2)
                  0.03    0.05    2.37 ^ _279_/Y (sky130_fd_sc_hd__inv_2)
     1    0.00                           _021_ (net)
                  0.03    0.00    2.37 ^ _314_/RESET_B (sky130_fd_sc_hd__dfrtp_4)
                                  2.37   data arrival time

                          0.00    0.00   clock clk (rise edge)
                          0.00    0.00   clock source latency
                  0.04    0.03    0.03 ^ clk (in)
     1    0.01                           clk (net)
                  0.04    0.00    0.03 ^ clkbuf_0_clk/A (sky130_fd_sc_hd__clkbuf_16)
                  0.05    0.14    0.17 ^ clkbuf_0_clk/X (sky130_fd_sc_hd__clkbuf_16)
     4    0.03                           clknet_0_clk (net)
                  0.05    0.00    0.17 ^ clkbuf_2_0__f_clk/A (sky130_fd_sc_hd__clkbuf_16)
                  0.04    0.13    0.30 ^ clkbuf_2_0__f_clk/X (sky130_fd_sc_hd__clkbuf_16)
     9    0.02                           clknet_2_0__leaf_clk (net)
                  0.04    0.00    0.30 ^ _314_/CLK (sky130_fd_sc_hd__dfrtp_4)
                          0.25    0.55   clock uncertainty
                          0.00    0.55   clock reconvergence pessimism
                          0.32    0.87   library removal time
                                  0.87   data required time
-----------------------------------------------------------------------------
                                  0.87   data required time
                                 -2.37   data arrival time
-----------------------------------------------------------------------------
                                  1.50   slack (MET)


Startpoint: reset (input port clocked by clk)
Endpoint: _298_ (removal check against rising-edge clock clk)
Path Group: asynchronous
Path Type: min

Fanout     Cap    Slew   Delay    Time   Description
-----------------------------------------------------------------------------
                          0.00    0.00   clock clk (rise edge)
                          0.00    0.00   clock network delay (propagated)
                          2.00    2.00 v input external delay
                  0.01    0.00    2.00 v reset (in)
     1    0.00                           reset (net)
                  0.01    0.00    2.00 v input9/A (sky130_fd_sc_hd__buf_2)
                  0.07    0.14    2.14 v input9/X (sky130_fd_sc_hd__buf_2)
     7    0.02                           net9 (net)
                  0.07    0.00    2.14 v _259_/A (sky130_fd_sc_hd__buf_4)
                  0.07    0.18    2.32 v _259_/X (sky130_fd_sc_hd__buf_4)
    10    0.04                           _143_ (net)
                  0.07    0.00    2.32 v _262_/A (sky130_fd_sc_hd__inv_2)
                  0.03    0.05    2.37 ^ _262_/Y (sky130_fd_sc_hd__inv_2)
     1    0.00                           _039_ (net)
                  0.03    0.00    2.37 ^ _298_/RESET_B (sky130_fd_sc_hd__dfrtp_1)
                                  2.37   data arrival time

                          0.00    0.00   clock clk (rise edge)
                          0.00    0.00   clock source latency
                  0.04    0.03    0.03 ^ clk (in)
     1    0.01                           clk (net)
                  0.04    0.00    0.03 ^ clkbuf_0_clk/A (sky130_fd_sc_hd__clkbuf_16)
                  0.05    0.14    0.17 ^ clkbuf_0_clk/X (sky130_fd_sc_hd__clkbuf_16)
     4    0.03                           clknet_0_clk (net)
                  0.05    0.00    0.17 ^ clkbuf_2_0__f_clk/A (sky130_fd_sc_hd__clkbuf_16)
                  0.04    0.13    0.30 ^ clkbuf_2_0__f_clk/X (sky130_fd_sc_hd__clkbuf_16)
     9    0.02                           clknet_2_0__leaf_clk (net)
                  0.04    0.00    0.30 ^ _298_/CLK (sky130_fd_sc_hd__dfrtp_1)
                          0.25    0.55   clock uncertainty
                          0.00    0.55   clock reconvergence pessimism
                          0.32    0.87   library removal time
                                  0.87   data required time
-----------------------------------------------------------------------------
                                  0.87   data required time
                                 -2.37   data arrival time
-----------------------------------------------------------------------------
                                  1.50   slack (MET)


Startpoint: reset (input port clocked by clk)
Endpoint: _316_ (removal check against rising-edge clock clk)
Path Group: asynchronous
Path Type: min

Fanout     Cap    Slew   Delay    Time   Description
-----------------------------------------------------------------------------
                          0.00    0.00   clock clk (rise edge)
                          0.00    0.00   clock network delay (propagated)
                          2.00    2.00 v input external delay
                  0.01    0.00    2.00 v reset (in)
     1    0.00                           reset (net)
                  0.01    0.00    2.00 v input9/A (sky130_fd_sc_hd__buf_2)
                  0.07    0.14    2.14 v input9/X (sky130_fd_sc_hd__buf_2)
     7    0.02                           net9 (net)
                  0.07    0.00    2.14 v _281_/A (sky130_fd_sc_hd__buf_4)
                  0.07    0.18    2.32 v _281_/X (sky130_fd_sc_hd__buf_4)
    10    0.04                           _145_ (net)
                  0.07    0.00    2.32 v _282_/A (sky130_fd_sc_hd__inv_2)
                  0.03    0.05    2.37 ^ _282_/Y (sky130_fd_sc_hd__inv_2)
     1    0.00                           _023_ (net)
                  0.03    0.00    2.37 ^ _316_/RESET_B (sky130_fd_sc_hd__dfrtp_1)
                                  2.37   data arrival time

                          0.00    0.00   clock clk (rise edge)
                          0.00    0.00   clock source latency
                  0.04    0.03    0.03 ^ clk (in)
     1    0.01                           clk (net)
                  0.04    0.00    0.03 ^ clkbuf_0_clk/A (sky130_fd_sc_hd__clkbuf_16)
                  0.05    0.14    0.17 ^ clkbuf_0_clk/X (sky130_fd_sc_hd__clkbuf_16)
     4    0.03                           clknet_0_clk (net)
                  0.05    0.00    0.17 ^ clkbuf_2_0__f_clk/A (sky130_fd_sc_hd__clkbuf_16)
                  0.04    0.13    0.30 ^ clkbuf_2_0__f_clk/X (sky130_fd_sc_hd__clkbuf_16)
     9    0.02                           clknet_2_0__leaf_clk (net)
                  0.04    0.00    0.30 ^ _316_/CLK (sky130_fd_sc_hd__dfrtp_1)
                          0.25    0.55   clock uncertainty
                          0.00    0.55   clock reconvergence pessimism
                          0.32    0.87   library removal time
                                  0.87   data required time
-----------------------------------------------------------------------------
                                  0.87   data required time
                                 -2.37   data arrival time
-----------------------------------------------------------------------------
                                  1.50   slack (MET)


Startpoint: reset (input port clocked by clk)
Endpoint: _317_ (removal check against rising-edge clock clk)
Path Group: asynchronous
Path Type: min

Fanout     Cap    Slew   Delay    Time   Description
-----------------------------------------------------------------------------
                          0.00    0.00   clock clk (rise edge)
                          0.00    0.00   clock network delay (propagated)
                          2.00    2.00 v input external delay
                  0.01    0.00    2.00 v reset (in)
     1    0.00                           reset (net)
                  0.01    0.00    2.00 v input9/A (sky130_fd_sc_hd__buf_2)
                  0.07    0.14    2.14 v input9/X (sky130_fd_sc_hd__buf_2)
     7    0.02                           net9 (net)
                  0.07    0.00    2.14 v _281_/A (sky130_fd_sc_hd__buf_4)
                  0.07    0.18    2.32 v _281_/X (sky130_fd_sc_hd__buf_4)
    10    0.04                           _145_ (net)
                  0.07    0.00    2.32 v _283_/A (sky130_fd_sc_hd__inv_2)
                  0.03    0.05    2.37 ^ _283_/Y (sky130_fd_sc_hd__inv_2)
     1    0.00                           _024_ (net)
                  0.03    0.00    2.37 ^ _317_/RESET_B (sky130_fd_sc_hd__dfrtp_1)
                                  2.37   data arrival time

                          0.00    0.00   clock clk (rise edge)
                          0.00    0.00   clock source latency
                  0.04    0.03    0.03 ^ clk (in)
     1    0.01                           clk (net)
                  0.04    0.00    0.03 ^ clkbuf_0_clk/A (sky130_fd_sc_hd__clkbuf_16)
                  0.05    0.14    0.17 ^ clkbuf_0_clk/X (sky130_fd_sc_hd__clkbuf_16)
     4    0.03                           clknet_0_clk (net)
                  0.05    0.00    0.17 ^ clkbuf_2_0__f_clk/A (sky130_fd_sc_hd__clkbuf_16)
                  0.04    0.13    0.30 ^ clkbuf_2_0__f_clk/X (sky130_fd_sc_hd__clkbuf_16)
     9    0.02                           clknet_2_0__leaf_clk (net)
                  0.04    0.00    0.30 ^ _317_/CLK (sky130_fd_sc_hd__dfrtp_1)
                          0.25    0.55   clock uncertainty
                          0.00    0.55   clock reconvergence pessimism
                          0.32    0.87   library removal time
                                  0.87   data required time
-----------------------------------------------------------------------------
                                  0.87   data required time
                                 -2.37   data arrival time
-----------------------------------------------------------------------------
                                  1.50   slack (MET)


Startpoint: reset (input port clocked by clk)
Endpoint: _318_ (removal check against rising-edge clock clk)
Path Group: asynchronous
Path Type: min

Fanout     Cap    Slew   Delay    Time   Description
-----------------------------------------------------------------------------
                          0.00    0.00   clock clk (rise edge)
                          0.00    0.00   clock network delay (propagated)
                          2.00    2.00 v input external delay
                  0.01    0.00    2.00 v reset (in)
     1    0.00                           reset (net)
                  0.01    0.00    2.00 v input9/A (sky130_fd_sc_hd__buf_2)
                  0.07    0.14    2.14 v input9/X (sky130_fd_sc_hd__buf_2)
     7    0.02                           net9 (net)
                  0.07    0.00    2.14 v _281_/A (sky130_fd_sc_hd__buf_4)
                  0.07    0.18    2.32 v _281_/X (sky130_fd_sc_hd__buf_4)
    10    0.04                           _145_ (net)
                  0.07    0.00    2.32 v _284_/A (sky130_fd_sc_hd__inv_2)
                  0.03    0.05    2.37 ^ _284_/Y (sky130_fd_sc_hd__inv_2)
     1    0.00                           _025_ (net)
                  0.03    0.00    2.37 ^ _318_/RESET_B (sky130_fd_sc_hd__dfrtp_1)
                                  2.37   data arrival time

                          0.00    0.00   clock clk (rise edge)
                          0.00    0.00   clock source latency
                  0.04    0.03    0.03 ^ clk (in)
     1    0.01                           clk (net)
                  0.04    0.00    0.03 ^ clkbuf_0_clk/A (sky130_fd_sc_hd__clkbuf_16)
                  0.05    0.14    0.17 ^ clkbuf_0_clk/X (sky130_fd_sc_hd__clkbuf_16)
     4    0.03                           clknet_0_clk (net)
                  0.05    0.00    0.17 ^ clkbuf_2_0__f_clk/A (sky130_fd_sc_hd__clkbuf_16)
                  0.04    0.13    0.30 ^ clkbuf_2_0__f_clk/X (sky130_fd_sc_hd__clkbuf_16)
     9    0.02                           clknet_2_0__leaf_clk (net)
                  0.04    0.00    0.30 ^ _318_/CLK (sky130_fd_sc_hd__dfrtp_1)
                          0.25    0.55   clock uncertainty
                          0.00    0.55   clock reconvergence pessimism
                          0.32    0.87   library removal time
                                  0.87   data required time
-----------------------------------------------------------------------------
                                  0.87   data required time
                                 -2.37   data arrival time
-----------------------------------------------------------------------------
                                  1.50   slack (MET)


Startpoint: reset (input port clocked by clk)
Endpoint: _319_ (removal check against rising-edge clock clk)
Path Group: asynchronous
Path Type: min

Fanout     Cap    Slew   Delay    Time   Description
-----------------------------------------------------------------------------
                          0.00    0.00   clock clk (rise edge)
                          0.00    0.00   clock network delay (propagated)
                          2.00    2.00 v input external delay
                  0.01    0.00    2.00 v reset (in)
     1    0.00                           reset (net)
                  0.01    0.00    2.00 v input9/A (sky130_fd_sc_hd__buf_2)
                  0.07    0.14    2.14 v input9/X (sky130_fd_sc_hd__buf_2)
     7    0.02                           net9 (net)
                  0.07    0.00    2.14 v _281_/A (sky130_fd_sc_hd__buf_4)
                  0.07    0.18    2.32 v _281_/X (sky130_fd_sc_hd__buf_4)
    10    0.04                           _145_ (net)
                  0.07    0.00    2.32 v _285_/A (sky130_fd_sc_hd__inv_2)
                  0.03    0.05    2.37 ^ _285_/Y (sky130_fd_sc_hd__inv_2)
     1    0.00                           _026_ (net)
                  0.03    0.00    2.37 ^ _319_/RESET_B (sky130_fd_sc_hd__dfrtp_1)
                                  2.37   data arrival time

                          0.00    0.00   clock clk (rise edge)
                          0.00    0.00   clock source latency
                  0.04    0.03    0.03 ^ clk (in)
     1    0.01                           clk (net)
                  0.04    0.00    0.03 ^ clkbuf_0_clk/A (sky130_fd_sc_hd__clkbuf_16)
                  0.05    0.14    0.17 ^ clkbuf_0_clk/X (sky130_fd_sc_hd__clkbuf_16)
     4    0.03                           clknet_0_clk (net)
                  0.05    0.00    0.17 ^ clkbuf_2_0__f_clk/A (sky130_fd_sc_hd__clkbuf_16)
                  0.04    0.13    0.30 ^ clkbuf_2_0__f_clk/X (sky130_fd_sc_hd__clkbuf_16)
     9    0.02                           clknet_2_0__leaf_clk (net)
                  0.04    0.00    0.30 ^ _319_/CLK (sky130_fd_sc_hd__dfrtp_1)
                          0.25    0.55   clock uncertainty
                          0.00    0.55   clock reconvergence pessimism
                          0.32    0.87   library removal time
                                  0.87   data required time
-----------------------------------------------------------------------------
                                  0.87   data required time
                                 -2.37   data arrival time
-----------------------------------------------------------------------------
                                  1.50   slack (MET)


Startpoint: reset (input port clocked by clk)
Endpoint: _320_ (removal check against rising-edge clock clk)
Path Group: asynchronous
Path Type: min

Fanout     Cap    Slew   Delay    Time   Description
-----------------------------------------------------------------------------
                          0.00    0.00   clock clk (rise edge)
                          0.00    0.00   clock network delay (propagated)
                          2.00    2.00 v input external delay
                  0.01    0.00    2.00 v reset (in)
     1    0.00                           reset (net)
                  0.01    0.00    2.00 v input9/A (sky130_fd_sc_hd__buf_2)
                  0.07    0.14    2.14 v input9/X (sky130_fd_sc_hd__buf_2)
     7    0.02                           net9 (net)
                  0.07    0.00    2.14 v _281_/A (sky130_fd_sc_hd__buf_4)
                  0.07    0.18    2.32 v _281_/X (sky130_fd_sc_hd__buf_4)
    10    0.04                           _145_ (net)
                  0.07    0.00    2.32 v _286_/A (sky130_fd_sc_hd__inv_2)
                  0.03    0.05    2.37 ^ _286_/Y (sky130_fd_sc_hd__inv_2)
     1    0.00                           _027_ (net)
                  0.03    0.00    2.37 ^ _320_/RESET_B (sky130_fd_sc_hd__dfrtp_1)
                                  2.37   data arrival time

                          0.00    0.00   clock clk (rise edge)
                          0.00    0.00   clock source latency
                  0.04    0.03    0.03 ^ clk (in)
     1    0.01                           clk (net)
                  0.04    0.00    0.03 ^ clkbuf_0_clk/A (sky130_fd_sc_hd__clkbuf_16)
                  0.05    0.14    0.17 ^ clkbuf_0_clk/X (sky130_fd_sc_hd__clkbuf_16)
     4    0.03                           clknet_0_clk (net)
                  0.05    0.00    0.17 ^ clkbuf_2_0__f_clk/A (sky130_fd_sc_hd__clkbuf_16)
                  0.04    0.13    0.30 ^ clkbuf_2_0__f_clk/X (sky130_fd_sc_hd__clkbuf_16)
     9    0.02                           clknet_2_0__leaf_clk (net)
                  0.04    0.00    0.30 ^ _320_/CLK (sky130_fd_sc_hd__dfrtp_1)
                          0.25    0.55   clock uncertainty
                          0.00    0.55   clock reconvergence pessimism
                          0.32    0.87   library removal time
                                  0.87   data required time
-----------------------------------------------------------------------------
                                  0.87   data required time
                                 -2.37   data arrival time
-----------------------------------------------------------------------------
                                  1.50   slack (MET)


Startpoint: reset (input port clocked by clk)
Endpoint: _321_ (removal check against rising-edge clock clk)
Path Group: asynchronous
Path Type: min

Fanout     Cap    Slew   Delay    Time   Description
-----------------------------------------------------------------------------
                          0.00    0.00   clock clk (rise edge)
                          0.00    0.00   clock network delay (propagated)
                          2.00    2.00 v input external delay
                  0.01    0.00    2.00 v reset (in)
     1    0.00                           reset (net)
                  0.01    0.00    2.00 v input9/A (sky130_fd_sc_hd__buf_2)
                  0.07    0.14    2.14 v input9/X (sky130_fd_sc_hd__buf_2)
     7    0.02                           net9 (net)
                  0.07    0.00    2.14 v _281_/A (sky130_fd_sc_hd__buf_4)
                  0.07    0.18    2.32 v _281_/X (sky130_fd_sc_hd__buf_4)
    10    0.04                           _145_ (net)
                  0.07    0.00    2.32 v _287_/A (sky130_fd_sc_hd__inv_2)
                  0.03    0.05    2.37 ^ _287_/Y (sky130_fd_sc_hd__inv_2)
     1    0.00                           _028_ (net)
                  0.03    0.00    2.37 ^ _321_/RESET_B (sky130_fd_sc_hd__dfrtp_1)
                                  2.37   data arrival time

                          0.00    0.00   clock clk (rise edge)
                          0.00    0.00   clock source latency
                  0.04    0.03    0.03 ^ clk (in)
     1    0.01                           clk (net)
                  0.04    0.00    0.03 ^ clkbuf_0_clk/A (sky130_fd_sc_hd__clkbuf_16)
                  0.05    0.14    0.17 ^ clkbuf_0_clk/X (sky130_fd_sc_hd__clkbuf_16)
     4    0.03                           clknet_0_clk (net)
                  0.05    0.00    0.17 ^ clkbuf_2_0__f_clk/A (sky130_fd_sc_hd__clkbuf_16)
                  0.04    0.13    0.30 ^ clkbuf_2_0__f_clk/X (sky130_fd_sc_hd__clkbuf_16)
     9    0.02                           clknet_2_0__leaf_clk (net)
                  0.04    0.00    0.30 ^ _321_/CLK (sky130_fd_sc_hd__dfrtp_1)
                          0.25    0.55   clock uncertainty
                          0.00    0.55   clock reconvergence pessimism
                          0.32    0.87   library removal time
                                  0.87   data required time
-----------------------------------------------------------------------------
                                  0.87   data required time
                                 -2.37   data arrival time
-----------------------------------------------------------------------------
                                  1.50   slack (MET)


Startpoint: reset (input port clocked by clk)
Endpoint: _301_ (removal check against rising-edge clock clk)
Path Group: asynchronous
Path Type: min

Fanout     Cap    Slew   Delay    Time   Description
-----------------------------------------------------------------------------
                          0.00    0.00   clock clk (rise edge)
                          0.00    0.00   clock network delay (propagated)
                          2.00    2.00 v input external delay
                  0.01    0.00    2.00 v reset (in)
     1    0.00                           reset (net)
                  0.01    0.00    2.00 v input9/A (sky130_fd_sc_hd__buf_2)
                  0.07    0.14    2.14 v input9/X (sky130_fd_sc_hd__buf_2)
     7    0.02                           net9 (net)
                  0.07    0.00    2.14 v _259_/A (sky130_fd_sc_hd__buf_4)
                  0.07    0.18    2.32 v _259_/X (sky130_fd_sc_hd__buf_4)
    10    0.04                           _143_ (net)
                  0.07    0.00    2.32 v _265_/A (sky130_fd_sc_hd__inv_2)
                  0.03    0.05    2.37 ^ _265_/Y (sky130_fd_sc_hd__inv_2)
     1    0.00                           _042_ (net)
                  0.03    0.00    2.37 ^ _301_/RESET_B (sky130_fd_sc_hd__dfrtp_2)
                                  2.37   data arrival time

                          0.00    0.00   clock clk (rise edge)
                          0.00    0.00   clock source latency
                  0.04    0.03    0.03 ^ clk (in)
     1    0.01                           clk (net)
                  0.04    0.00    0.03 ^ clkbuf_0_clk/A (sky130_fd_sc_hd__clkbuf_16)
                  0.05    0.14    0.17 ^ clkbuf_0_clk/X (sky130_fd_sc_hd__clkbuf_16)
     4    0.03                           clknet_0_clk (net)
                  0.05    0.00    0.17 ^ clkbuf_2_3__f_clk/A (sky130_fd_sc_hd__clkbuf_16)
                  0.04    0.13    0.30 ^ clkbuf_2_3__f_clk/X (sky130_fd_sc_hd__clkbuf_16)
     8    0.01                           clknet_2_3__leaf_clk (net)
                  0.04    0.00    0.30 ^ _301_/CLK (sky130_fd_sc_hd__dfrtp_2)
                          0.25    0.55   clock uncertainty
                          0.00    0.55   clock reconvergence pessimism
                          0.31    0.87   library removal time
                                  0.87   data required time
-----------------------------------------------------------------------------
                                  0.87   data required time
                                 -2.37   data arrival time
-----------------------------------------------------------------------------
                                  1.50   slack (MET)


Startpoint: reset (input port clocked by clk)
Endpoint: _300_ (removal check against rising-edge clock clk)
Path Group: asynchronous
Path Type: min

Fanout     Cap    Slew   Delay    Time   Description
-----------------------------------------------------------------------------
                          0.00    0.00   clock clk (rise edge)
                          0.00    0.00   clock network delay (propagated)
                          2.00    2.00 v input external delay
                  0.01    0.00    2.00 v reset (in)
     1    0.00                           reset (net)
                  0.01    0.00    2.00 v input9/A (sky130_fd_sc_hd__buf_2)
                  0.07    0.14    2.14 v input9/X (sky130_fd_sc_hd__buf_2)
     7    0.02                           net9 (net)
                  0.07    0.00    2.14 v _259_/A (sky130_fd_sc_hd__buf_4)
                  0.07    0.18    2.32 v _259_/X (sky130_fd_sc_hd__buf_4)
    10    0.04                           _143_ (net)
                  0.07    0.00    2.32 v _264_/A (sky130_fd_sc_hd__inv_2)
                  0.03    0.05    2.37 ^ _264_/Y (sky130_fd_sc_hd__inv_2)
     1    0.00                           _041_ (net)
                  0.03    0.00    2.37 ^ _300_/RESET_B (sky130_fd_sc_hd__dfrtp_4)
                                  2.37   data arrival time

                          0.00    0.00   clock clk (rise edge)
                          0.00    0.00   clock source latency
                  0.04    0.03    0.03 ^ clk (in)
     1    0.01                           clk (net)
                  0.04    0.00    0.03 ^ clkbuf_0_clk/A (sky130_fd_sc_hd__clkbuf_16)
                  0.05    0.14    0.17 ^ clkbuf_0_clk/X (sky130_fd_sc_hd__clkbuf_16)
     4    0.03                           clknet_0_clk (net)
                  0.05    0.00    0.17 ^ clkbuf_2_3__f_clk/A (sky130_fd_sc_hd__clkbuf_16)
                  0.04    0.13    0.30 ^ clkbuf_2_3__f_clk/X (sky130_fd_sc_hd__clkbuf_16)
     8    0.01                           clknet_2_3__leaf_clk (net)
                  0.04    0.00    0.30 ^ _300_/CLK (sky130_fd_sc_hd__dfrtp_4)
                          0.25    0.55   clock uncertainty
                          0.00    0.55   clock reconvergence pessimism
                          0.31    0.87   library removal time
                                  0.87   data required time
-----------------------------------------------------------------------------
                                  0.87   data required time
                                 -2.37   data arrival time
-----------------------------------------------------------------------------
                                  1.50   slack (MET)


Startpoint: reset (input port clocked by clk)
Endpoint: _302_ (removal check against rising-edge clock clk)
Path Group: asynchronous
Path Type: min

Fanout     Cap    Slew   Delay    Time   Description
-----------------------------------------------------------------------------
                          0.00    0.00   clock clk (rise edge)
                          0.00    0.00   clock network delay (propagated)
                          2.00    2.00 v input external delay
                  0.01    0.00    2.00 v reset (in)
     1    0.00                           reset (net)
                  0.01    0.00    2.00 v input9/A (sky130_fd_sc_hd__buf_2)
                  0.07    0.14    2.14 v input9/X (sky130_fd_sc_hd__buf_2)
     7    0.02                           net9 (net)
                  0.07    0.00    2.14 v _259_/A (sky130_fd_sc_hd__buf_4)
                  0.07    0.18    2.32 v _259_/X (sky130_fd_sc_hd__buf_4)
    10    0.04                           _143_ (net)
                  0.07    0.00    2.32 v _266_/A (sky130_fd_sc_hd__inv_2)
                  0.03    0.05    2.37 ^ _266_/Y (sky130_fd_sc_hd__inv_2)
     1    0.00                           _043_ (net)
                  0.03    0.00    2.37 ^ _302_/RESET_B (sky130_fd_sc_hd__dfrtp_1)
                                  2.37   data arrival time

                          0.00    0.00   clock clk (rise edge)
                          0.00    0.00   clock source latency
                  0.04    0.03    0.03 ^ clk (in)
     1    0.01                           clk (net)
                  0.04    0.00    0.03 ^ clkbuf_0_clk/A (sky130_fd_sc_hd__clkbuf_16)
                  0.05    0.14    0.17 ^ clkbuf_0_clk/X (sky130_fd_sc_hd__clkbuf_16)
     4    0.03                           clknet_0_clk (net)
                  0.05    0.00    0.17 ^ clkbuf_2_3__f_clk/A (sky130_fd_sc_hd__clkbuf_16)
                  0.04    0.13    0.30 ^ clkbuf_2_3__f_clk/X (sky130_fd_sc_hd__clkbuf_16)
     8    0.01                           clknet_2_3__leaf_clk (net)
                  0.04    0.00    0.30 ^ _302_/CLK (sky130_fd_sc_hd__dfrtp_1)
                          0.25    0.55   clock uncertainty
                          0.00    0.55   clock reconvergence pessimism
                          0.31    0.87   library removal time
                                  0.87   data required time
-----------------------------------------------------------------------------
                                  0.87   data required time
                                 -2.37   data arrival time
-----------------------------------------------------------------------------
                                  1.50   slack (MET)


Startpoint: reset (input port clocked by clk)
Endpoint: _309_ (removal check against rising-edge clock clk)
Path Group: asynchronous
Path Type: min

Fanout     Cap    Slew   Delay    Time   Description
-----------------------------------------------------------------------------
                          0.00    0.00   clock clk (rise edge)
                          0.00    0.00   clock network delay (propagated)
                          2.00    2.00 v input external delay
                  0.01    0.00    2.00 v reset (in)
     1    0.00                           reset (net)
                  0.01    0.00    2.00 v input9/A (sky130_fd_sc_hd__buf_2)
                  0.07    0.14    2.14 v input9/X (sky130_fd_sc_hd__buf_2)
     7    0.02                           net9 (net)
                  0.07    0.00    2.14 v _270_/A (sky130_fd_sc_hd__buf_4)
                  0.07    0.18    2.32 v _270_/X (sky130_fd_sc_hd__buf_4)
    10    0.04                           _144_ (net)
                  0.07    0.00    2.32 v _274_/A (sky130_fd_sc_hd__inv_2)
                  0.03    0.05    2.37 ^ _274_/Y (sky130_fd_sc_hd__inv_2)
     1    0.00                           _050_ (net)
                  0.03    0.00    2.37 ^ _309_/RESET_B (sky130_fd_sc_hd__dfrtp_1)
                                  2.37   data arrival time

                          0.00    0.00   clock clk (rise edge)
                          0.00    0.00   clock source latency
                  0.04    0.03    0.03 ^ clk (in)
     1    0.01                           clk (net)
                  0.04    0.00    0.03 ^ clkbuf_0_clk/A (sky130_fd_sc_hd__clkbuf_16)
                  0.05    0.14    0.17 ^ clkbuf_0_clk/X (sky130_fd_sc_hd__clkbuf_16)
     4    0.03                           clknet_0_clk (net)
                  0.05    0.00    0.17 ^ clkbuf_2_3__f_clk/A (sky130_fd_sc_hd__clkbuf_16)
                  0.04    0.13    0.30 ^ clkbuf_2_3__f_clk/X (sky130_fd_sc_hd__clkbuf_16)
     8    0.01                           clknet_2_3__leaf_clk (net)
                  0.04    0.00    0.30 ^ _309_/CLK (sky130_fd_sc_hd__dfrtp_1)
                          0.25    0.55   clock uncertainty
                          0.00    0.55   clock reconvergence pessimism
                          0.31    0.87   library removal time
                                  0.87   data required time
-----------------------------------------------------------------------------
                                  0.87   data required time
                                 -2.37   data arrival time
-----------------------------------------------------------------------------
                                  1.50   slack (MET)


Startpoint: reset (input port clocked by clk)
Endpoint: _310_ (removal check against rising-edge clock clk)
Path Group: asynchronous
Path Type: min

Fanout     Cap    Slew   Delay    Time   Description
-----------------------------------------------------------------------------
                          0.00    0.00   clock clk (rise edge)
                          0.00    0.00   clock network delay (propagated)
                          2.00    2.00 v input external delay
                  0.01    0.00    2.00 v reset (in)
     1    0.00                           reset (net)
                  0.01    0.00    2.00 v input9/A (sky130_fd_sc_hd__buf_2)
                  0.07    0.14    2.14 v input9/X (sky130_fd_sc_hd__buf_2)
     7    0.02                           net9 (net)
                  0.07    0.00    2.14 v _270_/A (sky130_fd_sc_hd__buf_4)
                  0.07    0.18    2.32 v _270_/X (sky130_fd_sc_hd__buf_4)
    10    0.04                           _144_ (net)
                  0.07    0.00    2.32 v _275_/A (sky130_fd_sc_hd__inv_2)
                  0.03    0.05    2.37 ^ _275_/Y (sky130_fd_sc_hd__inv_2)
     1    0.00                           _051_ (net)
                  0.03    0.00    2.37 ^ _310_/RESET_B (sky130_fd_sc_hd__dfrtp_1)
                                  2.37   data arrival time

                          0.00    0.00   clock clk (rise edge)
                          0.00    0.00   clock source latency
                  0.04    0.03    0.03 ^ clk (in)
     1    0.01                           clk (net)
                  0.04    0.00    0.03 ^ clkbuf_0_clk/A (sky130_fd_sc_hd__clkbuf_16)
                  0.05    0.14    0.17 ^ clkbuf_0_clk/X (sky130_fd_sc_hd__clkbuf_16)
     4    0.03                           clknet_0_clk (net)
                  0.05    0.00    0.17 ^ clkbuf_2_3__f_clk/A (sky130_fd_sc_hd__clkbuf_16)
                  0.04    0.13    0.30 ^ clkbuf_2_3__f_clk/X (sky130_fd_sc_hd__clkbuf_16)
     8    0.01                           clknet_2_3__leaf_clk (net)
                  0.04    0.00    0.30 ^ _310_/CLK (sky130_fd_sc_hd__dfrtp_1)
                          0.25    0.55   clock uncertainty
                          0.00    0.55   clock reconvergence pessimism
                          0.31    0.87   library removal time
                                  0.87   data required time
-----------------------------------------------------------------------------
                                  0.87   data required time
                                 -2.37   data arrival time
-----------------------------------------------------------------------------
                                  1.50   slack (MET)


Startpoint: reset (input port clocked by clk)
Endpoint: _311_ (removal check against rising-edge clock clk)
Path Group: asynchronous
Path Type: min

Fanout     Cap    Slew   Delay    Time   Description
-----------------------------------------------------------------------------
                          0.00    0.00   clock clk (rise edge)
                          0.00    0.00   clock network delay (propagated)
                          2.00    2.00 v input external delay
                  0.01    0.00    2.00 v reset (in)
     1    0.00                           reset (net)
                  0.01    0.00    2.00 v input9/A (sky130_fd_sc_hd__buf_2)
                  0.07    0.14    2.14 v input9/X (sky130_fd_sc_hd__buf_2)
     7    0.02                           net9 (net)
                  0.07    0.00    2.14 v _270_/A (sky130_fd_sc_hd__buf_4)
                  0.07    0.18    2.32 v _270_/X (sky130_fd_sc_hd__buf_4)
    10    0.04                           _144_ (net)
                  0.07    0.00    2.32 v _276_/A (sky130_fd_sc_hd__inv_2)
                  0.03    0.05    2.37 ^ _276_/Y (sky130_fd_sc_hd__inv_2)
     1    0.00                           _052_ (net)
                  0.03    0.00    2.37 ^ _311_/RESET_B (sky130_fd_sc_hd__dfrtp_1)
                                  2.37   data arrival time

                          0.00    0.00   clock clk (rise edge)
                          0.00    0.00   clock source latency
                  0.04    0.03    0.03 ^ clk (in)
     1    0.01                           clk (net)
                  0.04    0.00    0.03 ^ clkbuf_0_clk/A (sky130_fd_sc_hd__clkbuf_16)
                  0.05    0.14    0.17 ^ clkbuf_0_clk/X (sky130_fd_sc_hd__clkbuf_16)
     4    0.03                           clknet_0_clk (net)
                  0.05    0.00    0.17 ^ clkbuf_2_3__f_clk/A (sky130_fd_sc_hd__clkbuf_16)
                  0.04    0.13    0.30 ^ clkbuf_2_3__f_clk/X (sky130_fd_sc_hd__clkbuf_16)
     8    0.01                           clknet_2_3__leaf_clk (net)
                  0.04    0.00    0.30 ^ _311_/CLK (sky130_fd_sc_hd__dfrtp_1)
                          0.25    0.55   clock uncertainty
                          0.00    0.55   clock reconvergence pessimism
                          0.31    0.87   library removal time
                                  0.87   data required time
-----------------------------------------------------------------------------
                                  0.87   data required time
                                 -2.37   data arrival time
-----------------------------------------------------------------------------
                                  1.50   slack (MET)


Startpoint: reset (input port clocked by clk)
Endpoint: _312_ (removal check against rising-edge clock clk)
Path Group: asynchronous
Path Type: min

Fanout     Cap    Slew   Delay    Time   Description
-----------------------------------------------------------------------------
                          0.00    0.00   clock clk (rise edge)
                          0.00    0.00   clock network delay (propagated)
                          2.00    2.00 v input external delay
                  0.01    0.00    2.00 v reset (in)
     1    0.00                           reset (net)
                  0.01    0.00    2.00 v input9/A (sky130_fd_sc_hd__buf_2)
                  0.07    0.14    2.14 v input9/X (sky130_fd_sc_hd__buf_2)
     7    0.02                           net9 (net)
                  0.07    0.00    2.14 v _270_/A (sky130_fd_sc_hd__buf_4)
                  0.07    0.18    2.32 v _270_/X (sky130_fd_sc_hd__buf_4)
    10    0.04                           _144_ (net)
                  0.07    0.00    2.32 v _277_/A (sky130_fd_sc_hd__inv_2)
                  0.03    0.05    2.37 ^ _277_/Y (sky130_fd_sc_hd__inv_2)
     1    0.00                           _053_ (net)
                  0.03    0.00    2.37 ^ _312_/RESET_B (sky130_fd_sc_hd__dfrtp_1)
                                  2.37   data arrival time

                          0.00    0.00   clock clk (rise edge)
                          0.00    0.00   clock source latency
                  0.04    0.03    0.03 ^ clk (in)
     1    0.01                           clk (net)
                  0.04    0.00    0.03 ^ clkbuf_0_clk/A (sky130_fd_sc_hd__clkbuf_16)
                  0.05    0.14    0.17 ^ clkbuf_0_clk/X (sky130_fd_sc_hd__clkbuf_16)
     4    0.03                           clknet_0_clk (net)
                  0.05    0.00    0.17 ^ clkbuf_2_3__f_clk/A (sky130_fd_sc_hd__clkbuf_16)
                  0.04    0.13    0.30 ^ clkbuf_2_3__f_clk/X (sky130_fd_sc_hd__clkbuf_16)
     8    0.01                           clknet_2_3__leaf_clk (net)
                  0.04    0.00    0.30 ^ _312_/CLK (sky130_fd_sc_hd__dfrtp_1)
                          0.25    0.55   clock uncertainty
                          0.00    0.55   clock reconvergence pessimism
                          0.31    0.87   library removal time
                                  0.87   data required time
-----------------------------------------------------------------------------
                                  0.87   data required time
                                 -2.37   data arrival time
-----------------------------------------------------------------------------
                                  1.50   slack (MET)


Startpoint: reset (input port clocked by clk)
Endpoint: _313_ (removal check against rising-edge clock clk)
Path Group: asynchronous
Path Type: min

Fanout     Cap    Slew   Delay    Time   Description
-----------------------------------------------------------------------------
                          0.00    0.00   clock clk (rise edge)
                          0.00    0.00   clock network delay (propagated)
                          2.00    2.00 v input external delay
                  0.01    0.00    2.00 v reset (in)
     1    0.00                           reset (net)
                  0.01    0.00    2.00 v input9/A (sky130_fd_sc_hd__buf_2)
                  0.07    0.14    2.14 v input9/X (sky130_fd_sc_hd__buf_2)
     7    0.02                           net9 (net)
                  0.07    0.00    2.14 v _270_/A (sky130_fd_sc_hd__buf_4)
                  0.07    0.18    2.32 v _270_/X (sky130_fd_sc_hd__buf_4)
    10    0.04                           _144_ (net)
                  0.07    0.00    2.32 v _278_/A (sky130_fd_sc_hd__inv_2)
                  0.03    0.05    2.37 ^ _278_/Y (sky130_fd_sc_hd__inv_2)
     1    0.00                           _020_ (net)
                  0.03    0.00    2.37 ^ _313_/RESET_B (sky130_fd_sc_hd__dfrtp_1)
                                  2.37   data arrival time

                          0.00    0.00   clock clk (rise edge)
                          0.00    0.00   clock source latency
                  0.04    0.03    0.03 ^ clk (in)
     1    0.01                           clk (net)
                  0.04    0.00    0.03 ^ clkbuf_0_clk/A (sky130_fd_sc_hd__clkbuf_16)
                  0.05    0.14    0.17 ^ clkbuf_0_clk/X (sky130_fd_sc_hd__clkbuf_16)
     4    0.03                           clknet_0_clk (net)
                  0.05    0.00    0.17 ^ clkbuf_2_3__f_clk/A (sky130_fd_sc_hd__clkbuf_16)
                  0.04    0.13    0.30 ^ clkbuf_2_3__f_clk/X (sky130_fd_sc_hd__clkbuf_16)
     8    0.01                           clknet_2_3__leaf_clk (net)
                  0.04    0.00    0.30 ^ _313_/CLK (sky130_fd_sc_hd__dfrtp_1)
                          0.25    0.55   clock uncertainty
                          0.00    0.55   clock reconvergence pessimism
                          0.31    0.87   library removal time
                                  0.87   data required time
-----------------------------------------------------------------------------
                                  0.87   data required time
                                 -2.37   data arrival time
-----------------------------------------------------------------------------
                                  1.50   slack (MET)


Startpoint: reset (input port clocked by clk)
Endpoint: _315_ (removal check against rising-edge clock clk)
Path Group: asynchronous
Path Type: min

Fanout     Cap    Slew   Delay    Time   Description
-----------------------------------------------------------------------------
                          0.00    0.00   clock clk (rise edge)
                          0.00    0.00   clock network delay (propagated)
                          2.00    2.00 v input external delay
                  0.01    0.00    2.00 v reset (in)
     1    0.00                           reset (net)
                  0.01    0.00    2.00 v input9/A (sky130_fd_sc_hd__buf_2)
                  0.07    0.14    2.14 v input9/X (sky130_fd_sc_hd__buf_2)
     7    0.02                           net9 (net)
                  0.07    0.00    2.14 v _270_/A (sky130_fd_sc_hd__buf_4)
                  0.07    0.18    2.32 v _270_/X (sky130_fd_sc_hd__buf_4)
    10    0.04                           _144_ (net)
                  0.07    0.00    2.32 v _280_/A (sky130_fd_sc_hd__inv_2)
                  0.03    0.05    2.37 ^ _280_/Y (sky130_fd_sc_hd__inv_2)
     1    0.00                           _022_ (net)
                  0.03    0.00    2.37 ^ _315_/RESET_B (sky130_fd_sc_hd__dfrtp_2)
                                  2.37   data arrival time

                          0.00    0.00   clock clk (rise edge)
                          0.00    0.00   clock source latency
                  0.04    0.03    0.03 ^ clk (in)
     1    0.01                           clk (net)
                  0.04    0.00    0.03 ^ clkbuf_0_clk/A (sky130_fd_sc_hd__clkbuf_16)
                  0.05    0.14    0.17 ^ clkbuf_0_clk/X (sky130_fd_sc_hd__clkbuf_16)
     4    0.03                           clknet_0_clk (net)
                  0.05    0.00    0.17 ^ clkbuf_2_2__f_clk/A (sky130_fd_sc_hd__clkbuf_16)
                  0.03    0.13    0.30 ^ clkbuf_2_2__f_clk/X (sky130_fd_sc_hd__clkbuf_16)
     6    0.01                           clknet_2_2__leaf_clk (net)
                  0.03    0.00    0.30 ^ _315_/CLK (sky130_fd_sc_hd__dfrtp_2)
                          0.25    0.55   clock uncertainty
                          0.00    0.55   clock reconvergence pessimism
                          0.31    0.86   library removal time
                                  0.86   data required time
-----------------------------------------------------------------------------
                                  0.86   data required time
                                 -2.37   data arrival time
-----------------------------------------------------------------------------
                                  1.51   slack (MET)


Startpoint: reset (input port clocked by clk)
Endpoint: _297_ (removal check against rising-edge clock clk)
Path Group: asynchronous
Path Type: min

Fanout     Cap    Slew   Delay    Time   Description
-----------------------------------------------------------------------------
                          0.00    0.00   clock clk (rise edge)
                          0.00    0.00   clock network delay (propagated)
                          2.00    2.00 v input external delay
                  0.01    0.00    2.00 v reset (in)
     1    0.00                           reset (net)
                  0.01    0.00    2.00 v input9/A (sky130_fd_sc_hd__buf_2)
                  0.07    0.14    2.14 v input9/X (sky130_fd_sc_hd__buf_2)
     7    0.02                           net9 (net)
                  0.07    0.00    2.14 v _259_/A (sky130_fd_sc_hd__buf_4)
                  0.07    0.18    2.32 v _259_/X (sky130_fd_sc_hd__buf_4)
    10    0.04                           _143_ (net)
                  0.07    0.00    2.32 v _261_/A (sky130_fd_sc_hd__inv_2)
                  0.03    0.05    2.37 ^ _261_/Y (sky130_fd_sc_hd__inv_2)
     1    0.00                           _038_ (net)
                  0.03    0.00    2.37 ^ _297_/RESET_B (sky130_fd_sc_hd__dfrtp_4)
                                  2.37   data arrival time

                          0.00    0.00   clock clk (rise edge)
                          0.00    0.00   clock source latency
                  0.04    0.03    0.03 ^ clk (in)
     1    0.01                           clk (net)
                  0.04    0.00    0.03 ^ clkbuf_0_clk/A (sky130_fd_sc_hd__clkbuf_16)
                  0.05    0.14    0.17 ^ clkbuf_0_clk/X (sky130_fd_sc_hd__clkbuf_16)
     4    0.03                           clknet_0_clk (net)
                  0.05    0.00    0.17 ^ clkbuf_2_2__f_clk/A (sky130_fd_sc_hd__clkbuf_16)
                  0.03    0.13    0.30 ^ clkbuf_2_2__f_clk/X (sky130_fd_sc_hd__clkbuf_16)
     6    0.01                           clknet_2_2__leaf_clk (net)
                  0.03    0.00    0.30 ^ _297_/CLK (sky130_fd_sc_hd__dfrtp_4)
                          0.25    0.55   clock uncertainty
                          0.00    0.55   clock reconvergence pessimism
                          0.31    0.86   library removal time
                                  0.86   data required time
-----------------------------------------------------------------------------
                                  0.86   data required time
                                 -2.37   data arrival time
-----------------------------------------------------------------------------
                                  1.51   slack (MET)


Startpoint: reset (input port clocked by clk)
Endpoint: _299_ (removal check against rising-edge clock clk)
Path Group: asynchronous
Path Type: min

Fanout     Cap    Slew   Delay    Time   Description
-----------------------------------------------------------------------------
                          0.00    0.00   clock clk (rise edge)
                          0.00    0.00   clock network delay (propagated)
                          2.00    2.00 v input external delay
                  0.01    0.00    2.00 v reset (in)
     1    0.00                           reset (net)
                  0.01    0.00    2.00 v input9/A (sky130_fd_sc_hd__buf_2)
                  0.07    0.14    2.14 v input9/X (sky130_fd_sc_hd__buf_2)
     7    0.02                           net9 (net)
                  0.07    0.00    2.14 v _259_/A (sky130_fd_sc_hd__buf_4)
                  0.07    0.18    2.32 v _259_/X (sky130_fd_sc_hd__buf_4)
    10    0.04                           _143_ (net)
                  0.07    0.00    2.32 v _263_/A (sky130_fd_sc_hd__inv_2)
                  0.03    0.05    2.37 ^ _263_/Y (sky130_fd_sc_hd__inv_2)
     1    0.00                           _040_ (net)
                  0.03    0.00    2.37 ^ _299_/RESET_B (sky130_fd_sc_hd__dfrtp_1)
                                  2.37   data arrival time

                          0.00    0.00   clock clk (rise edge)
                          0.00    0.00   clock source latency
                  0.04    0.03    0.03 ^ clk (in)
     1    0.01                           clk (net)
                  0.04    0.00    0.03 ^ clkbuf_0_clk/A (sky130_fd_sc_hd__clkbuf_16)
                  0.05    0.14    0.17 ^ clkbuf_0_clk/X (sky130_fd_sc_hd__clkbuf_16)
     4    0.03                           clknet_0_clk (net)
                  0.05    0.00    0.17 ^ clkbuf_2_2__f_clk/A (sky130_fd_sc_hd__clkbuf_16)
                  0.03    0.13    0.30 ^ clkbuf_2_2__f_clk/X (sky130_fd_sc_hd__clkbuf_16)
     6    0.01                           clknet_2_2__leaf_clk (net)
                  0.03    0.00    0.30 ^ _299_/CLK (sky130_fd_sc_hd__dfrtp_1)
                          0.25    0.55   clock uncertainty
                          0.00    0.55   clock reconvergence pessimism
                          0.31    0.86   library removal time
                                  0.86   data required time
-----------------------------------------------------------------------------
                                  0.86   data required time
                                 -2.37   data arrival time
-----------------------------------------------------------------------------
                                  1.51   slack (MET)


Startpoint: reset (input port clocked by clk)
Endpoint: _303_ (removal check against rising-edge clock clk)
Path Group: asynchronous
Path Type: min

Fanout     Cap    Slew   Delay    Time   Description
-----------------------------------------------------------------------------
                          0.00    0.00   clock clk (rise edge)
                          0.00    0.00   clock network delay (propagated)
                          2.00    2.00 v input external delay
                  0.01    0.00    2.00 v reset (in)
     1    0.00                           reset (net)
                  0.01    0.00    2.00 v input9/A (sky130_fd_sc_hd__buf_2)
                  0.07    0.14    2.14 v input9/X (sky130_fd_sc_hd__buf_2)
     7    0.02                           net9 (net)
                  0.07    0.00    2.14 v _259_/A (sky130_fd_sc_hd__buf_4)
                  0.07    0.18    2.32 v _259_/X (sky130_fd_sc_hd__buf_4)
    10    0.04                           _143_ (net)
                  0.07    0.00    2.32 v _267_/A (sky130_fd_sc_hd__inv_2)
                  0.03    0.05    2.37 ^ _267_/Y (sky130_fd_sc_hd__inv_2)
     1    0.00                           _044_ (net)
                  0.03    0.00    2.37 ^ _303_/RESET_B (sky130_fd_sc_hd__dfrtp_1)
                                  2.37   data arrival time

                          0.00    0.00   clock clk (rise edge)
                          0.00    0.00   clock source latency
                  0.04    0.03    0.03 ^ clk (in)
     1    0.01                           clk (net)
                  0.04    0.00    0.03 ^ clkbuf_0_clk/A (sky130_fd_sc_hd__clkbuf_16)
                  0.05    0.14    0.17 ^ clkbuf_0_clk/X (sky130_fd_sc_hd__clkbuf_16)
     4    0.03                           clknet_0_clk (net)
                  0.05    0.00    0.17 ^ clkbuf_2_2__f_clk/A (sky130_fd_sc_hd__clkbuf_16)
                  0.03    0.13    0.30 ^ clkbuf_2_2__f_clk/X (sky130_fd_sc_hd__clkbuf_16)
     6    0.01                           clknet_2_2__leaf_clk (net)
                  0.03    0.00    0.30 ^ _303_/CLK (sky130_fd_sc_hd__dfrtp_1)
                          0.25    0.55   clock uncertainty
                          0.00    0.55   clock reconvergence pessimism
                          0.31    0.86   library removal time
                                  0.86   data required time
-----------------------------------------------------------------------------
                                  0.86   data required time
                                 -2.37   data arrival time
-----------------------------------------------------------------------------
                                  1.51   slack (MET)


Startpoint: reset (input port clocked by clk)
Endpoint: _305_ (removal check against rising-edge clock clk)
Path Group: asynchronous
Path Type: min

Fanout     Cap    Slew   Delay    Time   Description
-----------------------------------------------------------------------------
                          0.00    0.00   clock clk (rise edge)
                          0.00    0.00   clock network delay (propagated)
                          2.00    2.00 v input external delay
                  0.01    0.00    2.00 v reset (in)
     1    0.00                           reset (net)
                  0.01    0.00    2.00 v input9/A (sky130_fd_sc_hd__buf_2)
                  0.07    0.14    2.14 v input9/X (sky130_fd_sc_hd__buf_2)
     7    0.02                           net9 (net)
                  0.07    0.00    2.14 v _259_/A (sky130_fd_sc_hd__buf_4)
                  0.07    0.18    2.32 v _259_/X (sky130_fd_sc_hd__buf_4)
    10    0.04                           _143_ (net)
                  0.07    0.00    2.32 v _269_/A (sky130_fd_sc_hd__inv_2)
                  0.03    0.05    2.37 ^ _269_/Y (sky130_fd_sc_hd__inv_2)
     1    0.00                           _046_ (net)
                  0.03    0.00    2.37 ^ _305_/RESET_B (sky130_fd_sc_hd__dfrtp_1)
                                  2.37   data arrival time

                          0.00    0.00   clock clk (rise edge)
                          0.00    0.00   clock source latency
                  0.04    0.03    0.03 ^ clk (in)
     1    0.01                           clk (net)
                  0.04    0.00    0.03 ^ clkbuf_0_clk/A (sky130_fd_sc_hd__clkbuf_16)
                  0.05    0.14    0.17 ^ clkbuf_0_clk/X (sky130_fd_sc_hd__clkbuf_16)
     4    0.03                           clknet_0_clk (net)
                  0.05    0.00    0.17 ^ clkbuf_2_2__f_clk/A (sky130_fd_sc_hd__clkbuf_16)
                  0.03    0.13    0.30 ^ clkbuf_2_2__f_clk/X (sky130_fd_sc_hd__clkbuf_16)
     6    0.01                           clknet_2_2__leaf_clk (net)
                  0.03    0.00    0.30 ^ _305_/CLK (sky130_fd_sc_hd__dfrtp_1)
                          0.25    0.55   clock uncertainty
                          0.00    0.55   clock reconvergence pessimism
                          0.31    0.86   library removal time
                                  0.86   data required time
-----------------------------------------------------------------------------
                                  0.86   data required time
                                 -2.37   data arrival time
-----------------------------------------------------------------------------
                                  1.51   slack (MET)


Startpoint: reset (input port clocked by clk)
Endpoint: _296_ (removal check against rising-edge clock clk)
Path Group: asynchronous
Path Type: min

Fanout     Cap    Slew   Delay    Time   Description
-----------------------------------------------------------------------------
                          0.00    0.00   clock clk (rise edge)
                          0.00    0.00   clock network delay (propagated)
                          2.00    2.00 v input external delay
                  0.01    0.00    2.00 v reset (in)
     1    0.00                           reset (net)
                  0.01    0.00    2.00 v input9/A (sky130_fd_sc_hd__buf_2)
                  0.07    0.14    2.14 v input9/X (sky130_fd_sc_hd__buf_2)
     7    0.02                           net9 (net)
                  0.07    0.00    2.14 v _259_/A (sky130_fd_sc_hd__buf_4)
                  0.07    0.18    2.32 v _259_/X (sky130_fd_sc_hd__buf_4)
    10    0.04                           _143_ (net)
                  0.07    0.00    2.32 v _260_/A (sky130_fd_sc_hd__inv_2)
                  0.03    0.05    2.37 ^ _260_/Y (sky130_fd_sc_hd__inv_2)
     1    0.00                           _037_ (net)
                  0.03    0.00    2.37 ^ _296_/SET_B (sky130_fd_sc_hd__dfstp_1)
                                  2.37   data arrival time

                          0.00    0.00   clock clk (rise edge)
                          0.00    0.00   clock source latency
                  0.04    0.03    0.03 ^ clk (in)
     1    0.01                           clk (net)
                  0.04    0.00    0.03 ^ clkbuf_0_clk/A (sky130_fd_sc_hd__clkbuf_16)
                  0.05    0.14    0.17 ^ clkbuf_0_clk/X (sky130_fd_sc_hd__clkbuf_16)
     4    0.03                           clknet_0_clk (net)
                  0.05    0.00    0.17 ^ clkbuf_2_1__f_clk/A (sky130_fd_sc_hd__clkbuf_16)
                  0.04    0.14    0.31 ^ clkbuf_2_1__f_clk/X (sky130_fd_sc_hd__clkbuf_16)
    11    0.02                           clknet_2_1__leaf_clk (net)
                  0.04    0.00    0.31 ^ _296_/CLK (sky130_fd_sc_hd__dfstp_1)
                          0.25    0.56   clock uncertainty
                          0.00    0.56   clock reconvergence pessimism
                          0.16    0.71   library removal time
                                  0.71   data required time
-----------------------------------------------------------------------------
                                  0.71   data required time
                                 -2.37   data arrival time
-----------------------------------------------------------------------------
                                  1.66   slack (MET)


Startpoint: reset (input port clocked by clk)
Endpoint: _304_ (removal check against rising-edge clock clk)
Path Group: asynchronous
Path Type: min

Fanout     Cap    Slew   Delay    Time   Description
-----------------------------------------------------------------------------
                          0.00    0.00   clock clk (rise edge)
                          0.00    0.00   clock network delay (propagated)
                          2.00    2.00 v input external delay
                  0.01    0.00    2.00 v reset (in)
     1    0.00                           reset (net)
                  0.01    0.00    2.00 v input9/A (sky130_fd_sc_hd__buf_2)
                  0.07    0.14    2.14 v input9/X (sky130_fd_sc_hd__buf_2)
     7    0.02                           net9 (net)
                  0.07    0.00    2.14 v _259_/A (sky130_fd_sc_hd__buf_4)
                  0.07    0.18    2.32 v _259_/X (sky130_fd_sc_hd__buf_4)
    10    0.04                           _143_ (net)
                  0.07    0.00    2.32 v _268_/A (sky130_fd_sc_hd__inv_2)
                  0.03    0.05    2.37 ^ _268_/Y (sky130_fd_sc_hd__inv_2)
     1    0.00                           _045_ (net)
                  0.03    0.00    2.37 ^ _304_/SET_B (sky130_fd_sc_hd__dfstp_1)
                                  2.37   data arrival time

                          0.00    0.00   clock clk (rise edge)
                          0.00    0.00   clock source latency
                  0.04    0.03    0.03 ^ clk (in)
     1    0.01                           clk (net)
                  0.04    0.00    0.03 ^ clkbuf_0_clk/A (sky130_fd_sc_hd__clkbuf_16)
                  0.05    0.14    0.17 ^ clkbuf_0_clk/X (sky130_fd_sc_hd__clkbuf_16)
     4    0.03                           clknet_0_clk (net)
                  0.05    0.00    0.17 ^ clkbuf_2_2__f_clk/A (sky130_fd_sc_hd__clkbuf_16)
                  0.03    0.13    0.30 ^ clkbuf_2_2__f_clk/X (sky130_fd_sc_hd__clkbuf_16)
     6    0.01                           clknet_2_2__leaf_clk (net)
                  0.03    0.00    0.30 ^ _304_/CLK (sky130_fd_sc_hd__dfstp_1)
                          0.25    0.55   clock uncertainty
                          0.00    0.55   clock reconvergence pessimism
                          0.15    0.70   library removal time
                                  0.70   data required time
-----------------------------------------------------------------------------
                                  0.70   data required time
                                 -2.37   data arrival time
-----------------------------------------------------------------------------
                                  1.67   slack (MET)


Startpoint: _305_ (rising edge-triggered flip-flop clocked by clk)
Endpoint: busy (output port clocked by clk)
Path Group: clk
Path Type: min

Fanout     Cap    Slew   Delay    Time   Description
-----------------------------------------------------------------------------
                          0.00    0.00   clock clk (rise edge)
                          0.00    0.00   clock source latency
                  0.04    0.03    0.03 ^ clk (in)
     1    0.01                           clk (net)
                  0.04    0.00    0.03 ^ clkbuf_0_clk/A (sky130_fd_sc_hd__clkbuf_16)
                  0.05    0.13    0.15 ^ clkbuf_0_clk/X (sky130_fd_sc_hd__clkbuf_16)
     4    0.03                           clknet_0_clk (net)
                  0.05    0.00    0.15 ^ clkbuf_2_2__f_clk/A (sky130_fd_sc_hd__clkbuf_16)
                  0.03    0.11    0.27 ^ clkbuf_2_2__f_clk/X (sky130_fd_sc_hd__clkbuf_16)
     6    0.01                           clknet_2_2__leaf_clk (net)
                  0.03    0.00    0.27 ^ _305_/CLK (sky130_fd_sc_hd__dfrtp_1)
                  0.04    0.29    0.56 ^ _305_/Q (sky130_fd_sc_hd__dfrtp_1)
     1    0.00                           net11 (net)
                  0.04    0.00    0.56 ^ output11/A (sky130_fd_sc_hd__clkbuf_4)
                  0.11    0.17    0.73 ^ output11/X (sky130_fd_sc_hd__clkbuf_4)
     1    0.03                           busy (net)
                  0.11    0.00    0.73 ^ busy (out)
                                  0.73   data arrival time

                          0.00    0.00   clock clk (rise edge)
                          0.00    0.00   clock network delay (propagated)
                          0.25    0.25   clock uncertainty
                          0.00    0.25   clock reconvergence pessimism
                         -2.00   -1.75   output external delay
                                 -1.75   data required time
-----------------------------------------------------------------------------
                                 -1.75   data required time
                                 -0.73   data arrival time
-----------------------------------------------------------------------------
                                  2.48   slack (MET)


Startpoint: _304_ (rising edge-triggered flip-flop clocked by clk)
Endpoint: tx (output port clocked by clk)
Path Group: clk
Path Type: min

Fanout     Cap    Slew   Delay    Time   Description
-----------------------------------------------------------------------------
                          0.00    0.00   clock clk (rise edge)
                          0.00    0.00   clock source latency
                  0.04    0.03    0.03 ^ clk (in)
     1    0.01                           clk (net)
                  0.04    0.00    0.03 ^ clkbuf_0_clk/A (sky130_fd_sc_hd__clkbuf_16)
                  0.05    0.13    0.15 ^ clkbuf_0_clk/X (sky130_fd_sc_hd__clkbuf_16)
     4    0.03                           clknet_0_clk (net)
                  0.05    0.00    0.15 ^ clkbuf_2_2__f_clk/A (sky130_fd_sc_hd__clkbuf_16)
                  0.03    0.11    0.27 ^ clkbuf_2_2__f_clk/X (sky130_fd_sc_hd__clkbuf_16)
     6    0.01                           clknet_2_2__leaf_clk (net)
                  0.03    0.00    0.27 ^ _304_/CLK (sky130_fd_sc_hd__dfstp_1)
                  0.02    0.32    0.59 v _304_/Q (sky130_fd_sc_hd__dfstp_1)
     1    0.00                           net12 (net)
                  0.02    0.00    0.59 v output12/A (sky130_fd_sc_hd__clkbuf_4)
                  0.08    0.16    0.75 v output12/X (sky130_fd_sc_hd__clkbuf_4)
     1    0.03                           tx (net)
                  0.08    0.00    0.75 v tx (out)
                                  0.75   data arrival time

                          0.00    0.00   clock clk (rise edge)
                          0.00    0.00   clock network delay (propagated)
                          0.25    0.25   clock uncertainty
                          0.00    0.25   clock reconvergence pessimism
                         -2.00   -1.75   output external delay
                                 -1.75   data required time
-----------------------------------------------------------------------------
                                 -1.75   data required time
                                 -0.75   data arrival time
-----------------------------------------------------------------------------
                                  2.50   slack (MET)



