
===========================================================================
report_checks -path_delay max (Setup)
============================================================================
======================= Typical Corner ===================================

Startpoint: start (input port clocked by clk)
Endpoint: _305_ (rising edge-triggered flip-flop clocked by clk)
Path Group: clk
Path Type: max

Fanout     Cap    Slew   Delay    Time   Description
-----------------------------------------------------------------------------
                  0.15    0.00    0.00   clock clk (rise edge)
                          0.00    0.00   clock network delay (ideal)
                          2.00    2.00 v input external delay
                  0.03    0.02    2.02 v start (in)
     3    0.01                           start (net)
                  0.03    0.00    2.02 v _251_/A0 (sky130_fd_sc_hd__mux2_2)
                  0.04    0.25    2.27 v _251_/X (sky130_fd_sc_hd__mux2_2)
     1    0.00                           _137_ (net)
                  0.04    0.00    2.27 v _252_/C (sky130_fd_sc_hd__or3_2)
                  0.07    0.41    2.68 v _252_/X (sky130_fd_sc_hd__or3_2)
     1    0.00                           _138_ (net)
                  0.07    0.00    2.68 v _253_/A (sky130_fd_sc_hd__buf_1)
                  0.02    0.10    2.78 v _253_/X (sky130_fd_sc_hd__buf_1)
     1    0.00                           _146_ (net)
                  0.02    0.00    2.78 v _305_/D (sky130_fd_sc_hd__dfrtp_2)
                                  2.78   data arrival time

                  0.15   10.00   10.00   clock clk (rise edge)
                          0.00   10.00   clock network delay (ideal)
                         -0.25    9.75   clock uncertainty
                          0.00    9.75   clock reconvergence pessimism
                                  9.75 ^ _305_/CLK (sky130_fd_sc_hd__dfrtp_2)
                         -0.08    9.67   library setup time
                                  9.67   data required time
-----------------------------------------------------------------------------
                                  9.67   data required time
                                 -2.78   data arrival time
-----------------------------------------------------------------------------
                                  6.89   slack (MET)


Startpoint: _326_ (rising edge-triggered flip-flop clocked by clk)
Endpoint: _299_ (rising edge-triggered flip-flop clocked by clk)
Path Group: clk
Path Type: max

Fanout     Cap    Slew   Delay    Time   Description
-----------------------------------------------------------------------------
                  0.15    0.00    0.00   clock clk (rise edge)
                          0.00    0.00   clock network delay (ideal)
                  0.15    0.00    0.00 ^ _326_/CLK (sky130_fd_sc_hd__dfrtp_2)
                  0.07    0.48    0.48 v _326_/Q (sky130_fd_sc_hd__dfrtp_2)
     6    0.01                           baud_count[12] (net)
                  0.07    0.00    0.48 v _167_/B (sky130_fd_sc_hd__or4_2)
                  0.11    0.70    1.17 v _167_/X (sky130_fd_sc_hd__or4_2)
     2    0.01                           _077_ (net)
                  0.11    0.00    1.17 v _184_/B (sky130_fd_sc_hd__or4_2)
                  0.14    0.75    1.92 v _184_/X (sky130_fd_sc_hd__or4_2)
     6    0.01                           _090_ (net)
                  0.14    0.00    1.92 v _186_/C (sky130_fd_sc_hd__or4_2)
                  0.09    0.64    2.57 v _186_/X (sky130_fd_sc_hd__or4_2)
     1    0.00                           _091_ (net)
                  0.09    0.00    2.57 v _187_/B1_N (sky130_fd_sc_hd__a21bo_2)
                  0.03    0.21    2.77 ^ _187_/X (sky130_fd_sc_hd__a21bo_2)
     1    0.00                           _019_ (net)
                  0.03    0.00    2.77 ^ _299_/D (sky130_fd_sc_hd__dfrtp_2)
                                  2.77   data arrival time

                  0.15   10.00   10.00   clock clk (rise edge)
                          0.00   10.00   clock network delay (ideal)
                         -0.25    9.75   clock uncertainty
                          0.00    9.75   clock reconvergence pessimism
                                  9.75 ^ _299_/CLK (sky130_fd_sc_hd__dfrtp_2)
                         -0.04    9.71   library setup time
                                  9.71   data required time
-----------------------------------------------------------------------------
                                  9.71   data required time
                                 -2.77   data arrival time
-----------------------------------------------------------------------------
                                  6.93   slack (MET)


Startpoint: _326_ (rising edge-triggered flip-flop clocked by clk)
Endpoint: _297_ (rising edge-triggered flip-flop clocked by clk)
Path Group: clk
Path Type: max

Fanout     Cap    Slew   Delay    Time   Description
-----------------------------------------------------------------------------
                  0.15    0.00    0.00   clock clk (rise edge)
                          0.00    0.00   clock network delay (ideal)
                  0.15    0.00    0.00 ^ _326_/CLK (sky130_fd_sc_hd__dfrtp_2)
                  0.07    0.48    0.48 v _326_/Q (sky130_fd_sc_hd__dfrtp_2)
     6    0.01                           baud_count[12] (net)
                  0.07    0.00    0.48 v _167_/B (sky130_fd_sc_hd__or4_2)
                  0.11    0.70    1.17 v _167_/X (sky130_fd_sc_hd__or4_2)
     2    0.01                           _077_ (net)
                  0.11    0.00    1.17 v _184_/B (sky130_fd_sc_hd__or4_2)
                  0.14    0.75    1.92 v _184_/X (sky130_fd_sc_hd__or4_2)
     6    0.01                           _090_ (net)
                  0.14    0.00    1.92 v _188_/B (sky130_fd_sc_hd__or3_2)
                  0.07    0.49    2.41 v _188_/X (sky130_fd_sc_hd__or3_2)
     1    0.00                           _092_ (net)
                  0.07    0.00    2.41 v _189_/B1 (sky130_fd_sc_hd__a22o_2)
                  0.04    0.22    2.63 v _189_/X (sky130_fd_sc_hd__a22o_2)
     1    0.00                           _017_ (net)
                  0.04    0.00    2.63 v _297_/D (sky130_fd_sc_hd__dfrtp_2)
                                  2.63   data arrival time

                  0.15   10.00   10.00   clock clk (rise edge)
                          0.00   10.00   clock network delay (ideal)
                         -0.25    9.75   clock uncertainty
                          0.00    9.75   clock reconvergence pessimism
                                  9.75 ^ _297_/CLK (sky130_fd_sc_hd__dfrtp_2)
                         -0.09    9.66   library setup time
                                  9.66   data required time
-----------------------------------------------------------------------------
                                  9.66   data required time
                                 -2.63   data arrival time
-----------------------------------------------------------------------------
                                  7.03   slack (MET)


Startpoint: _304_ (rising edge-triggered flip-flop clocked by clk)
Endpoint: tx (output port clocked by clk)
Path Group: clk
Path Type: max

Fanout     Cap    Slew   Delay    Time   Description
-----------------------------------------------------------------------------
                  0.15    0.00    0.00   clock clk (rise edge)
                          0.00    0.00   clock network delay (ideal)
                  0.15    0.00    0.00 ^ _304_/CLK (sky130_fd_sc_hd__dfstp_2)
                  0.17    0.69    0.69 ^ _304_/Q (sky130_fd_sc_hd__dfstp_2)
     1    0.03                           tx (net)
                  0.17    0.00    0.69 ^ tx (out)
                                  0.69   data arrival time

                  0.15   10.00   10.00   clock clk (rise edge)
                          0.00   10.00   clock network delay (ideal)
                         -0.25    9.75   clock uncertainty
                          0.00    9.75   clock reconvergence pessimism
                         -2.00    7.75   output external delay
                                  7.75   data required time
-----------------------------------------------------------------------------
                                  7.75   data required time
                                 -0.69   data arrival time
-----------------------------------------------------------------------------
                                  7.06   slack (MET)


Startpoint: start (input port clocked by clk)
Endpoint: _306_ (rising edge-triggered flip-flop clocked by clk)
Path Group: clk
Path Type: max

Fanout     Cap    Slew   Delay    Time   Description
-----------------------------------------------------------------------------
                  0.15    0.00    0.00   clock clk (rise edge)
                          0.00    0.00   clock network delay (ideal)
                          2.00    2.00 v input external delay
                  0.03    0.02    2.02 v start (in)
     3    0.01                           start (net)
                  0.03    0.00    2.02 v _148_/A (sky130_fd_sc_hd__nand2_2)
                  0.16    0.14    2.15 ^ _148_/Y (sky130_fd_sc_hd__nand2_2)
     9    0.03                           _066_ (net)
                  0.16    0.00    2.15 ^ _163_/S (sky130_fd_sc_hd__mux2_2)
                  0.05    0.36    2.51 v _163_/X (sky130_fd_sc_hd__mux2_2)
     1    0.00                           _074_ (net)
                  0.05    0.00    2.51 v _164_/A (sky130_fd_sc_hd__buf_1)
                  0.02    0.09    2.60 v _164_/X (sky130_fd_sc_hd__buf_1)
     1    0.00                           _058_ (net)
                  0.02    0.00    2.60 v _306_/D (sky130_fd_sc_hd__dfrtp_2)
                                  2.60   data arrival time

                  0.15   10.00   10.00   clock clk (rise edge)
                          0.00   10.00   clock network delay (ideal)
                         -0.25    9.75   clock uncertainty
                          0.00    9.75   clock reconvergence pessimism
                                  9.75 ^ _306_/CLK (sky130_fd_sc_hd__dfrtp_2)
                         -0.08    9.67   library setup time
                                  9.67   data required time
-----------------------------------------------------------------------------
                                  9.67   data required time
                                 -2.60   data arrival time
-----------------------------------------------------------------------------
                                  7.07   slack (MET)


Startpoint: start (input port clocked by clk)
Endpoint: _307_ (rising edge-triggered flip-flop clocked by clk)
Path Group: clk
Path Type: max

Fanout     Cap    Slew   Delay    Time   Description
-----------------------------------------------------------------------------
                  0.15    0.00    0.00   clock clk (rise edge)
                          0.00    0.00   clock network delay (ideal)
                          2.00    2.00 v input external delay
                  0.03    0.02    2.02 v start (in)
     3    0.01                           start (net)
                  0.03    0.00    2.02 v _148_/A (sky130_fd_sc_hd__nand2_2)
                  0.16    0.14    2.15 ^ _148_/Y (sky130_fd_sc_hd__nand2_2)
     9    0.03                           _066_ (net)
                  0.16    0.00    2.15 ^ _161_/S (sky130_fd_sc_hd__mux2_2)
                  0.05    0.36    2.51 v _161_/X (sky130_fd_sc_hd__mux2_2)
     1    0.00                           _073_ (net)
                  0.05    0.00    2.51 v _162_/A (sky130_fd_sc_hd__buf_1)
                  0.02    0.09    2.60 v _162_/X (sky130_fd_sc_hd__buf_1)
     1    0.00                           _059_ (net)
                  0.02    0.00    2.60 v _307_/D (sky130_fd_sc_hd__dfrtp_2)
                                  2.60   data arrival time

                  0.15   10.00   10.00   clock clk (rise edge)
                          0.00   10.00   clock network delay (ideal)
                         -0.25    9.75   clock uncertainty
                          0.00    9.75   clock reconvergence pessimism
                                  9.75 ^ _307_/CLK (sky130_fd_sc_hd__dfrtp_2)
                         -0.08    9.67   library setup time
                                  9.67   data required time
-----------------------------------------------------------------------------
                                  9.67   data required time
                                 -2.60   data arrival time
-----------------------------------------------------------------------------
                                  7.07   slack (MET)


Startpoint: start (input port clocked by clk)
Endpoint: _308_ (rising edge-triggered flip-flop clocked by clk)
Path Group: clk
Path Type: max

Fanout     Cap    Slew   Delay    Time   Description
-----------------------------------------------------------------------------
                  0.15    0.00    0.00   clock clk (rise edge)
                          0.00    0.00   clock network delay (ideal)
                          2.00    2.00 v input external delay
                  0.03    0.02    2.02 v start (in)
     3    0.01                           start (net)
                  0.03    0.00    2.02 v _148_/A (sky130_fd_sc_hd__nand2_2)
                  0.16    0.14    2.15 ^ _148_/Y (sky130_fd_sc_hd__nand2_2)
     9    0.03                           _066_ (net)
                  0.16    0.00    2.15 ^ _159_/S (sky130_fd_sc_hd__mux2_2)
                  0.05    0.36    2.51 v _159_/X (sky130_fd_sc_hd__mux2_2)
     1    0.00                           _072_ (net)
                  0.05    0.00    2.51 v _160_/A (sky130_fd_sc_hd__buf_1)
                  0.02    0.09    2.60 v _160_/X (sky130_fd_sc_hd__buf_1)
     1    0.00                           _060_ (net)
                  0.02    0.00    2.60 v _308_/D (sky130_fd_sc_hd__dfrtp_2)
                                  2.60   data arrival time

                  0.15   10.00   10.00   clock clk (rise edge)
                          0.00   10.00   clock network delay (ideal)
                         -0.25    9.75   clock uncertainty
                          0.00    9.75   clock reconvergence pessimism
                                  9.75 ^ _308_/CLK (sky130_fd_sc_hd__dfrtp_2)
                         -0.08    9.67   library setup time
                                  9.67   data required time
-----------------------------------------------------------------------------
                                  9.67   data required time
                                 -2.60   data arrival time
-----------------------------------------------------------------------------
                                  7.07   slack (MET)


Startpoint: start (input port clocked by clk)
Endpoint: _309_ (rising edge-triggered flip-flop clocked by clk)
Path Group: clk
Path Type: max

Fanout     Cap    Slew   Delay    Time   Description
-----------------------------------------------------------------------------
                  0.15    0.00    0.00   clock clk (rise edge)
                          0.00    0.00   clock network delay (ideal)
                          2.00    2.00 v input external delay
                  0.03    0.02    2.02 v start (in)
     3    0.01                           start (net)
                  0.03    0.00    2.02 v _148_/A (sky130_fd_sc_hd__nand2_2)
                  0.16    0.14    2.15 ^ _148_/Y (sky130_fd_sc_hd__nand2_2)
     9    0.03                           _066_ (net)
                  0.16    0.00    2.15 ^ _157_/S (sky130_fd_sc_hd__mux2_2)
                  0.05    0.36    2.51 v _157_/X (sky130_fd_sc_hd__mux2_2)
     1    0.00                           _071_ (net)
                  0.05    0.00    2.51 v _158_/A (sky130_fd_sc_hd__buf_1)
                  0.02    0.09    2.60 v _158_/X (sky130_fd_sc_hd__buf_1)
     1    0.00                           _061_ (net)
                  0.02    0.00    2.60 v _309_/D (sky130_fd_sc_hd__dfrtp_2)
                                  2.60   data arrival time

                  0.15   10.00   10.00   clock clk (rise edge)
                          0.00   10.00   clock network delay (ideal)
                         -0.25    9.75   clock uncertainty
                          0.00    9.75   clock reconvergence pessimism
                                  9.75 ^ _309_/CLK (sky130_fd_sc_hd__dfrtp_2)
                         -0.08    9.67   library setup time
                                  9.67   data required time
-----------------------------------------------------------------------------
                                  9.67   data required time
                                 -2.60   data arrival time
-----------------------------------------------------------------------------
                                  7.07   slack (MET)


Startpoint: start (input port clocked by clk)
Endpoint: _310_ (rising edge-triggered flip-flop clocked by clk)
Path Group: clk
Path Type: max

Fanout     Cap    Slew   Delay    Time   Description
-----------------------------------------------------------------------------
                  0.15    0.00    0.00   clock clk (rise edge)
                          0.00    0.00   clock network delay (ideal)
                          2.00    2.00 v input external delay
                  0.03    0.02    2.02 v start (in)
     3    0.01                           start (net)
                  0.03    0.00    2.02 v _148_/A (sky130_fd_sc_hd__nand2_2)
                  0.16    0.14    2.15 ^ _148_/Y (sky130_fd_sc_hd__nand2_2)
     9    0.03                           _066_ (net)
                  0.16    0.00    2.15 ^ _155_/S (sky130_fd_sc_hd__mux2_2)
                  0.05    0.36    2.51 v _155_/X (sky130_fd_sc_hd__mux2_2)
     1    0.00                           _070_ (net)
                  0.05    0.00    2.51 v _156_/A (sky130_fd_sc_hd__buf_1)
                  0.02    0.09    2.60 v _156_/X (sky130_fd_sc_hd__buf_1)
     1    0.00                           _062_ (net)
                  0.02    0.00    2.60 v _310_/D (sky130_fd_sc_hd__dfrtp_2)
                                  2.60   data arrival time

                  0.15   10.00   10.00   clock clk (rise edge)
                          0.00   10.00   clock network delay (ideal)
                         -0.25    9.75   clock uncertainty
                          0.00    9.75   clock reconvergence pessimism
                                  9.75 ^ _310_/CLK (sky130_fd_sc_hd__dfrtp_2)
                         -0.08    9.67   library setup time
                                  9.67   data required time
-----------------------------------------------------------------------------
                                  9.67   data required time
                                 -2.60   data arrival time
-----------------------------------------------------------------------------
                                  7.07   slack (MET)


Startpoint: start (input port clocked by clk)
Endpoint: _311_ (rising edge-triggered flip-flop clocked by clk)
Path Group: clk
Path Type: max

Fanout     Cap    Slew   Delay    Time   Description
-----------------------------------------------------------------------------
                  0.15    0.00    0.00   clock clk (rise edge)
                          0.00    0.00   clock network delay (ideal)
                          2.00    2.00 v input external delay
                  0.03    0.02    2.02 v start (in)
     3    0.01                           start (net)
                  0.03    0.00    2.02 v _148_/A (sky130_fd_sc_hd__nand2_2)
                  0.16    0.14    2.15 ^ _148_/Y (sky130_fd_sc_hd__nand2_2)
     9    0.03                           _066_ (net)
                  0.16    0.00    2.15 ^ _153_/S (sky130_fd_sc_hd__mux2_2)
                  0.05    0.36    2.51 v _153_/X (sky130_fd_sc_hd__mux2_2)
     1    0.00                           _069_ (net)
                  0.05    0.00    2.51 v _154_/A (sky130_fd_sc_hd__buf_1)
                  0.02    0.09    2.60 v _154_/X (sky130_fd_sc_hd__buf_1)
     1    0.00                           _063_ (net)
                  0.02    0.00    2.60 v _311_/D (sky130_fd_sc_hd__dfrtp_2)
                                  2.60   data arrival time

                  0.15   10.00   10.00   clock clk (rise edge)
                          0.00   10.00   clock network delay (ideal)
                         -0.25    9.75   clock uncertainty
                          0.00    9.75   clock reconvergence pessimism
                                  9.75 ^ _311_/CLK (sky130_fd_sc_hd__dfrtp_2)
                         -0.08    9.67   library setup time
                                  9.67   data required time
-----------------------------------------------------------------------------
                                  9.67   data required time
                                 -2.60   data arrival time
-----------------------------------------------------------------------------
                                  7.07   slack (MET)


Startpoint: start (input port clocked by clk)
Endpoint: _312_ (rising edge-triggered flip-flop clocked by clk)
Path Group: clk
Path Type: max

Fanout     Cap    Slew   Delay    Time   Description
-----------------------------------------------------------------------------
                  0.15    0.00    0.00   clock clk (rise edge)
                          0.00    0.00   clock network delay (ideal)
                          2.00    2.00 v input external delay
                  0.03    0.02    2.02 v start (in)
     3    0.01                           start (net)
                  0.03    0.00    2.02 v _148_/A (sky130_fd_sc_hd__nand2_2)
                  0.16    0.14    2.15 ^ _148_/Y (sky130_fd_sc_hd__nand2_2)
     9    0.03                           _066_ (net)
                  0.16    0.00    2.15 ^ _151_/S (sky130_fd_sc_hd__mux2_2)
                  0.05    0.36    2.51 v _151_/X (sky130_fd_sc_hd__mux2_2)
     1    0.00                           _068_ (net)
                  0.05    0.00    2.51 v _152_/A (sky130_fd_sc_hd__buf_1)
                  0.02    0.09    2.60 v _152_/X (sky130_fd_sc_hd__buf_1)
     1    0.00                           _064_ (net)
                  0.02    0.00    2.60 v _312_/D (sky130_fd_sc_hd__dfrtp_2)
                                  2.60   data arrival time

                  0.15   10.00   10.00   clock clk (rise edge)
                          0.00   10.00   clock network delay (ideal)
                         -0.25    9.75   clock uncertainty
                          0.00    9.75   clock reconvergence pessimism
                                  9.75 ^ _312_/CLK (sky130_fd_sc_hd__dfrtp_2)
                         -0.08    9.67   library setup time
                                  9.67   data required time
-----------------------------------------------------------------------------
                                  9.67   data required time
                                 -2.60   data arrival time
-----------------------------------------------------------------------------
                                  7.07   slack (MET)


Startpoint: start (input port clocked by clk)
Endpoint: _313_ (rising edge-triggered flip-flop clocked by clk)
Path Group: clk
Path Type: max

Fanout     Cap    Slew   Delay    Time   Description
-----------------------------------------------------------------------------
                  0.15    0.00    0.00   clock clk (rise edge)
                          0.00    0.00   clock network delay (ideal)
                          2.00    2.00 v input external delay
                  0.03    0.02    2.02 v start (in)
     3    0.01                           start (net)
                  0.03    0.00    2.02 v _148_/A (sky130_fd_sc_hd__nand2_2)
                  0.16    0.14    2.15 ^ _148_/Y (sky130_fd_sc_hd__nand2_2)
     9    0.03                           _066_ (net)
                  0.16    0.00    2.15 ^ _149_/S (sky130_fd_sc_hd__mux2_2)
                  0.05    0.36    2.51 v _149_/X (sky130_fd_sc_hd__mux2_2)
     1    0.00                           _067_ (net)
                  0.05    0.00    2.51 v _150_/A (sky130_fd_sc_hd__buf_1)
                  0.02    0.09    2.60 v _150_/X (sky130_fd_sc_hd__buf_1)
     1    0.00                           _065_ (net)
                  0.02    0.00    2.60 v _313_/D (sky130_fd_sc_hd__dfrtp_2)
                                  2.60   data arrival time

                  0.15   10.00   10.00   clock clk (rise edge)
                          0.00   10.00   clock network delay (ideal)
                         -0.25    9.75   clock uncertainty
                          0.00    9.75   clock reconvergence pessimism
                                  9.75 ^ _313_/CLK (sky130_fd_sc_hd__dfrtp_2)
                         -0.08    9.67   library setup time
                                  9.67   data required time
-----------------------------------------------------------------------------
                                  9.67   data required time
                                 -2.60   data arrival time
-----------------------------------------------------------------------------
                                  7.07   slack (MET)


Startpoint: _305_ (rising edge-triggered flip-flop clocked by clk)
Endpoint: busy (output port clocked by clk)
Path Group: clk
Path Type: max

Fanout     Cap    Slew   Delay    Time   Description
-----------------------------------------------------------------------------
                  0.15    0.00    0.00   clock clk (rise edge)
                          0.00    0.00   clock network delay (ideal)
                  0.15    0.00    0.00 ^ _305_/CLK (sky130_fd_sc_hd__dfrtp_2)
                  0.11    0.53    0.53 v _305_/Q (sky130_fd_sc_hd__dfrtp_2)
     1    0.03                           busy (net)
                  0.11    0.00    0.53 v busy (out)
                                  0.53   data arrival time

                  0.15   10.00   10.00   clock clk (rise edge)
                          0.00   10.00   clock network delay (ideal)
                         -0.25    9.75   clock uncertainty
                          0.00    9.75   clock reconvergence pessimism
                         -2.00    7.75   output external delay
                                  7.75   data required time
-----------------------------------------------------------------------------
                                  7.75   data required time
                                 -0.53   data arrival time
-----------------------------------------------------------------------------
                                  7.22   slack (MET)


Startpoint: _326_ (rising edge-triggered flip-flop clocked by clk)
Endpoint: _303_ (rising edge-triggered flip-flop clocked by clk)
Path Group: clk
Path Type: max

Fanout     Cap    Slew   Delay    Time   Description
-----------------------------------------------------------------------------
                  0.15    0.00    0.00   clock clk (rise edge)
                          0.00    0.00   clock network delay (ideal)
                  0.15    0.00    0.00 ^ _326_/CLK (sky130_fd_sc_hd__dfrtp_2)
                  0.07    0.48    0.48 v _326_/Q (sky130_fd_sc_hd__dfrtp_2)
     6    0.01                           baud_count[12] (net)
                  0.07    0.00    0.48 v _167_/B (sky130_fd_sc_hd__or4_2)
                  0.11    0.70    1.17 v _167_/X (sky130_fd_sc_hd__or4_2)
     2    0.01                           _077_ (net)
                  0.11    0.00    1.17 v _170_/B (sky130_fd_sc_hd__nor4_2)
                  0.38    0.42    1.59 ^ _170_/Y (sky130_fd_sc_hd__nor4_2)
     4    0.01                           _080_ (net)
                  0.38    0.00    1.59 ^ _171_/A1 (sky130_fd_sc_hd__mux2_2)
                  0.12    0.31    1.90 ^ _171_/X (sky130_fd_sc_hd__mux2_2)
     5    0.02                           _081_ (net)
                  0.12    0.00    1.90 ^ _172_/B1_N (sky130_fd_sc_hd__a21bo_2)
                  0.04    0.24    2.14 v _172_/X (sky130_fd_sc_hd__a21bo_2)
     2    0.00                           _082_ (net)
                  0.04    0.00    2.14 v _173_/B (sky130_fd_sc_hd__and2_2)
                  0.03    0.18    2.33 v _173_/X (sky130_fd_sc_hd__and2_2)
     1    0.00                           _083_ (net)
                  0.03    0.00    2.33 v _174_/A (sky130_fd_sc_hd__buf_1)
                  0.02    0.08    2.41 v _174_/X (sky130_fd_sc_hd__buf_1)
     1    0.00                           _057_ (net)
                  0.02    0.00    2.41 v _303_/D (sky130_fd_sc_hd__dfrtp_2)
                                  2.41   data arrival time

                  0.15   10.00   10.00   clock clk (rise edge)
                          0.00   10.00   clock network delay (ideal)
                         -0.25    9.75   clock uncertainty
                          0.00    9.75   clock reconvergence pessimism
                                  9.75 ^ _303_/CLK (sky130_fd_sc_hd__dfrtp_2)
                         -0.08    9.67   library setup time
                                  9.67   data required time
-----------------------------------------------------------------------------
                                  9.67   data required time
                                 -2.41   data arrival time
-----------------------------------------------------------------------------
                                  7.26   slack (MET)


Startpoint: start (input port clocked by clk)
Endpoint: _298_ (rising edge-triggered flip-flop clocked by clk)
Path Group: clk
Path Type: max

Fanout     Cap    Slew   Delay    Time   Description
-----------------------------------------------------------------------------
                  0.15    0.00    0.00   clock clk (rise edge)
                          0.00    0.00   clock network delay (ideal)
                          2.00    2.00 v input external delay
                  0.03    0.02    2.02 v start (in)
     3    0.01                           start (net)
                  0.03    0.00    2.02 v _148_/A (sky130_fd_sc_hd__nand2_2)
                  0.16    0.14    2.15 ^ _148_/Y (sky130_fd_sc_hd__nand2_2)
     9    0.03                           _066_ (net)
                  0.16    0.00    2.15 ^ _185_/B1_N (sky130_fd_sc_hd__a21bo_2)
                  0.03    0.25    2.40 v _185_/X (sky130_fd_sc_hd__a21bo_2)
     1    0.00                           _018_ (net)
                  0.03    0.00    2.40 v _298_/D (sky130_fd_sc_hd__dfrtp_2)
                                  2.40   data arrival time

                  0.15   10.00   10.00   clock clk (rise edge)
                          0.00   10.00   clock network delay (ideal)
                         -0.25    9.75   clock uncertainty
                          0.00    9.75   clock reconvergence pessimism
                                  9.75 ^ _298_/CLK (sky130_fd_sc_hd__dfrtp_2)
                         -0.09    9.66   library setup time
                                  9.66   data required time
-----------------------------------------------------------------------------
                                  9.66   data required time
                                 -2.40   data arrival time
-----------------------------------------------------------------------------
                                  7.27   slack (MET)


Startpoint: _326_ (rising edge-triggered flip-flop clocked by clk)
Endpoint: _302_ (rising edge-triggered flip-flop clocked by clk)
Path Group: clk
Path Type: max

Fanout     Cap    Slew   Delay    Time   Description
-----------------------------------------------------------------------------
                  0.15    0.00    0.00   clock clk (rise edge)
                          0.00    0.00   clock network delay (ideal)
                  0.15    0.00    0.00 ^ _326_/CLK (sky130_fd_sc_hd__dfrtp_2)
                  0.07    0.48    0.48 v _326_/Q (sky130_fd_sc_hd__dfrtp_2)
     6    0.01                           baud_count[12] (net)
                  0.07    0.00    0.48 v _167_/B (sky130_fd_sc_hd__or4_2)
                  0.11    0.70    1.17 v _167_/X (sky130_fd_sc_hd__or4_2)
     2    0.01                           _077_ (net)
                  0.11    0.00    1.17 v _170_/B (sky130_fd_sc_hd__nor4_2)
                  0.38    0.42    1.59 ^ _170_/Y (sky130_fd_sc_hd__nor4_2)
     4    0.01                           _080_ (net)
                  0.38    0.00    1.59 ^ _171_/A1 (sky130_fd_sc_hd__mux2_2)
                  0.12    0.31    1.90 ^ _171_/X (sky130_fd_sc_hd__mux2_2)
     5    0.02                           _081_ (net)
                  0.12    0.00    1.90 ^ _172_/B1_N (sky130_fd_sc_hd__a21bo_2)
                  0.04    0.24    2.14 v _172_/X (sky130_fd_sc_hd__a21bo_2)
     2    0.00                           _082_ (net)
                  0.04    0.00    2.14 v _176_/A (sky130_fd_sc_hd__and2_2)
                  0.03    0.16    2.30 v _176_/X (sky130_fd_sc_hd__and2_2)
     1    0.00                           _085_ (net)
                  0.03    0.00    2.30 v _177_/A (sky130_fd_sc_hd__buf_1)
                  0.02    0.08    2.39 v _177_/X (sky130_fd_sc_hd__buf_1)
     1    0.00                           _056_ (net)
                  0.02    0.00    2.39 v _302_/D (sky130_fd_sc_hd__dfrtp_2)
                                  2.39   data arrival time

                  0.15   10.00   10.00   clock clk (rise edge)
                          0.00   10.00   clock network delay (ideal)
                         -0.25    9.75   clock uncertainty
                          0.00    9.75   clock reconvergence pessimism
                                  9.75 ^ _302_/CLK (sky130_fd_sc_hd__dfrtp_2)
                         -0.08    9.67   library setup time
                                  9.67   data required time
-----------------------------------------------------------------------------
                                  9.67   data required time
                                 -2.39   data arrival time
-----------------------------------------------------------------------------
                                  7.28   slack (MET)


Startpoint: start (input port clocked by clk)
Endpoint: _296_ (rising edge-triggered flip-flop clocked by clk)
Path Group: clk
Path Type: max

Fanout     Cap    Slew   Delay    Time   Description
-----------------------------------------------------------------------------
                  0.15    0.00    0.00   clock clk (rise edge)
                          0.00    0.00   clock network delay (ideal)
                          2.00    2.00 ^ input external delay
                  0.06    0.04    2.04 ^ start (in)
     3    0.01                           start (net)
                  0.06    0.00    2.04 ^ _190_/A (sky130_fd_sc_hd__inv_2)
                  0.02    0.03    2.07 v _190_/Y (sky130_fd_sc_hd__inv_2)
     1    0.00                           _093_ (net)
                  0.02    0.00    2.07 v _191_/A1 (sky130_fd_sc_hd__a22o_2)
                  0.04    0.22    2.29 v _191_/X (sky130_fd_sc_hd__a22o_2)
     1    0.00                           _016_ (net)
                  0.04    0.00    2.29 v _296_/D (sky130_fd_sc_hd__dfstp_2)
                                  2.29   data arrival time

                  0.15   10.00   10.00   clock clk (rise edge)
                          0.00   10.00   clock network delay (ideal)
                         -0.25    9.75   clock uncertainty
                          0.00    9.75   clock reconvergence pessimism
                                  9.75 ^ _296_/CLK (sky130_fd_sc_hd__dfstp_2)
                         -0.05    9.70   library setup time
                                  9.70   data required time
-----------------------------------------------------------------------------
                                  9.70   data required time
                                 -2.29   data arrival time
-----------------------------------------------------------------------------
                                  7.41   slack (MET)


Startpoint: reset (input port clocked by clk)
Endpoint: _296_ (recovery check against rising-edge clock clk)
Path Group: asynchronous
Path Type: max

Fanout     Cap    Slew   Delay    Time   Description
-----------------------------------------------------------------------------
                  0.15    0.00    0.00   clock clk (rise edge)
                          0.00    0.00   clock network delay (ideal)
                          2.00    2.00 v input external delay
                  0.05    0.04    2.04 v reset (in)
     7    0.02                           reset (net)
                  0.05    0.00    2.04 v _259_/A (sky130_fd_sc_hd__buf_1)
                  0.25    0.27    2.31 v _259_/X (sky130_fd_sc_hd__buf_1)
    10    0.04                           _143_ (net)
                  0.25    0.00    2.31 v _260_/A (sky130_fd_sc_hd__inv_2)
                  0.06    0.10    2.42 ^ _260_/Y (sky130_fd_sc_hd__inv_2)
     1    0.00                           _037_ (net)
                  0.06    0.00    2.42 ^ _296_/SET_B (sky130_fd_sc_hd__dfstp_2)
                                  2.42   data arrival time

                  0.15   10.00   10.00   clock clk (rise edge)
                          0.00   10.00   clock network delay (ideal)
                         -0.25    9.75   clock uncertainty
                          0.00    9.75   clock reconvergence pessimism
                                  9.75 ^ _296_/CLK (sky130_fd_sc_hd__dfstp_2)
                          0.16    9.91   library recovery time
                                  9.91   data required time
-----------------------------------------------------------------------------
                                  9.91   data required time
                                 -2.42   data arrival time
-----------------------------------------------------------------------------
                                  7.50   slack (MET)


Startpoint: reset (input port clocked by clk)
Endpoint: _304_ (recovery check against rising-edge clock clk)
Path Group: asynchronous
Path Type: max

Fanout     Cap    Slew   Delay    Time   Description
-----------------------------------------------------------------------------
                  0.15    0.00    0.00   clock clk (rise edge)
                          0.00    0.00   clock network delay (ideal)
                          2.00    2.00 v input external delay
                  0.05    0.04    2.04 v reset (in)
     7    0.02                           reset (net)
                  0.05    0.00    2.04 v _259_/A (sky130_fd_sc_hd__buf_1)
                  0.25    0.27    2.31 v _259_/X (sky130_fd_sc_hd__buf_1)
    10    0.04                           _143_ (net)
                  0.25    0.00    2.31 v _268_/A (sky130_fd_sc_hd__inv_2)
                  0.06    0.10    2.42 ^ _268_/Y (sky130_fd_sc_hd__inv_2)
     1    0.00                           _045_ (net)
                  0.06    0.00    2.42 ^ _304_/SET_B (sky130_fd_sc_hd__dfstp_2)
                                  2.42   data arrival time

                  0.15   10.00   10.00   clock clk (rise edge)
                          0.00   10.00   clock network delay (ideal)
                         -0.25    9.75   clock uncertainty
                          0.00    9.75   clock reconvergence pessimism
                                  9.75 ^ _304_/CLK (sky130_fd_sc_hd__dfstp_2)
                          0.16    9.91   library recovery time
                                  9.91   data required time
-----------------------------------------------------------------------------
                                  9.91   data required time
                                 -2.42   data arrival time
-----------------------------------------------------------------------------
                                  7.50   slack (MET)


Startpoint: _326_ (rising edge-triggered flip-flop clocked by clk)
Endpoint: _318_ (rising edge-triggered flip-flop clocked by clk)
Path Group: clk
Path Type: max

Fanout     Cap    Slew   Delay    Time   Description
-----------------------------------------------------------------------------
                  0.15    0.00    0.00   clock clk (rise edge)
                          0.00    0.00   clock network delay (ideal)
                  0.15    0.00    0.00 ^ _326_/CLK (sky130_fd_sc_hd__dfrtp_2)
                  0.07    0.48    0.48 v _326_/Q (sky130_fd_sc_hd__dfrtp_2)
     6    0.01                           baud_count[12] (net)
                  0.07    0.00    0.48 v _167_/B (sky130_fd_sc_hd__or4_2)
                  0.11    0.70    1.17 v _167_/X (sky130_fd_sc_hd__or4_2)
     2    0.01                           _077_ (net)
                  0.11    0.00    1.17 v _184_/B (sky130_fd_sc_hd__or4_2)
                  0.14    0.75    1.92 v _184_/X (sky130_fd_sc_hd__or4_2)
     6    0.01                           _090_ (net)
                  0.14    0.00    1.92 v _209_/B1 (sky130_fd_sc_hd__o211a_2)
                  0.04    0.17    2.10 v _209_/X (sky130_fd_sc_hd__o211a_2)
     1    0.00                           _010_ (net)
                  0.04    0.00    2.10 v _318_/D (sky130_fd_sc_hd__dfrtp_2)
                                  2.10   data arrival time

                  0.15   10.00   10.00   clock clk (rise edge)
                          0.00   10.00   clock network delay (ideal)
                         -0.25    9.75   clock uncertainty
                          0.00    9.75   clock reconvergence pessimism
                                  9.75 ^ _318_/CLK (sky130_fd_sc_hd__dfrtp_2)
                         -0.09    9.66   library setup time
                                  9.66   data required time
-----------------------------------------------------------------------------
                                  9.66   data required time
                                 -2.10   data arrival time
-----------------------------------------------------------------------------
                                  7.56   slack (MET)


Startpoint: reset (input port clocked by clk)
Endpoint: _297_ (recovery check against rising-edge clock clk)
Path Group: asynchronous
Path Type: max

Fanout     Cap    Slew   Delay    Time   Description
-----------------------------------------------------------------------------
                  0.15    0.00    0.00   clock clk (rise edge)
                          0.00    0.00   clock network delay (ideal)
                          2.00    2.00 v input external delay
                  0.05    0.04    2.04 v reset (in)
     7    0.02                           reset (net)
                  0.05    0.00    2.04 v _259_/A (sky130_fd_sc_hd__buf_1)
                  0.25    0.27    2.31 v _259_/X (sky130_fd_sc_hd__buf_1)
    10    0.04                           _143_ (net)
                  0.25    0.00    2.31 v _261_/A (sky130_fd_sc_hd__inv_2)
                  0.06    0.10    2.42 ^ _261_/Y (sky130_fd_sc_hd__inv_2)
     1    0.00                           _038_ (net)
                  0.06    0.00    2.42 ^ _297_/RESET_B (sky130_fd_sc_hd__dfrtp_2)
                                  2.42   data arrival time

                  0.15   10.00   10.00   clock clk (rise edge)
                          0.00   10.00   clock network delay (ideal)
                         -0.25    9.75   clock uncertainty
                          0.00    9.75   clock reconvergence pessimism
                                  9.75 ^ _297_/CLK (sky130_fd_sc_hd__dfrtp_2)
                          0.25   10.00   library recovery time
                                 10.00   data required time
-----------------------------------------------------------------------------
                                 10.00   data required time
                                 -2.42   data arrival time
-----------------------------------------------------------------------------
                                  7.58   slack (MET)


Startpoint: reset (input port clocked by clk)
Endpoint: _298_ (recovery check against rising-edge clock clk)
Path Group: asynchronous
Path Type: max

Fanout     Cap    Slew   Delay    Time   Description
-----------------------------------------------------------------------------
                  0.15    0.00    0.00   clock clk (rise edge)
                          0.00    0.00   clock network delay (ideal)
                          2.00    2.00 v input external delay
                  0.05    0.04    2.04 v reset (in)
     7    0.02                           reset (net)
                  0.05    0.00    2.04 v _259_/A (sky130_fd_sc_hd__buf_1)
                  0.25    0.27    2.31 v _259_/X (sky130_fd_sc_hd__buf_1)
    10    0.04                           _143_ (net)
                  0.25    0.00    2.31 v _262_/A (sky130_fd_sc_hd__inv_2)
                  0.06    0.10    2.42 ^ _262_/Y (sky130_fd_sc_hd__inv_2)
     1    0.00                           _039_ (net)
                  0.06    0.00    2.42 ^ _298_/RESET_B (sky130_fd_sc_hd__dfrtp_2)
                                  2.42   data arrival time

                  0.15   10.00   10.00   clock clk (rise edge)
                          0.00   10.00   clock network delay (ideal)
                         -0.25    9.75   clock uncertainty
                          0.00    9.75   clock reconvergence pessimism
                                  9.75 ^ _298_/CLK (sky130_fd_sc_hd__dfrtp_2)
                          0.25   10.00   library recovery time
                                 10.00   data required time
-----------------------------------------------------------------------------
                                 10.00   data required time
                                 -2.42   data arrival time
-----------------------------------------------------------------------------
                                  7.58   slack (MET)


Startpoint: reset (input port clocked by clk)
Endpoint: _299_ (recovery check against rising-edge clock clk)
Path Group: asynchronous
Path Type: max

Fanout     Cap    Slew   Delay    Time   Description
-----------------------------------------------------------------------------
                  0.15    0.00    0.00   clock clk (rise edge)
                          0.00    0.00   clock network delay (ideal)
                          2.00    2.00 v input external delay
                  0.05    0.04    2.04 v reset (in)
     7    0.02                           reset (net)
                  0.05    0.00    2.04 v _259_/A (sky130_fd_sc_hd__buf_1)
                  0.25    0.27    2.31 v _259_/X (sky130_fd_sc_hd__buf_1)
    10    0.04                           _143_ (net)
                  0.25    0.00    2.31 v _263_/A (sky130_fd_sc_hd__inv_2)
                  0.06    0.10    2.42 ^ _263_/Y (sky130_fd_sc_hd__inv_2)
     1    0.00                           _040_ (net)
                  0.06    0.00    2.42 ^ _299_/RESET_B (sky130_fd_sc_hd__dfrtp_2)
                                  2.42   data arrival time

                  0.15   10.00   10.00   clock clk (rise edge)
                          0.00   10.00   clock network delay (ideal)
                         -0.25    9.75   clock uncertainty
                          0.00    9.75   clock reconvergence pessimism
                                  9.75 ^ _299_/CLK (sky130_fd_sc_hd__dfrtp_2)
                          0.25   10.00   library recovery time
                                 10.00   data required time
-----------------------------------------------------------------------------
                                 10.00   data required time
                                 -2.42   data arrival time
-----------------------------------------------------------------------------
                                  7.58   slack (MET)


Startpoint: reset (input port clocked by clk)
Endpoint: _300_ (recovery check against rising-edge clock clk)
Path Group: asynchronous
Path Type: max

Fanout     Cap    Slew   Delay    Time   Description
-----------------------------------------------------------------------------
                  0.15    0.00    0.00   clock clk (rise edge)
                          0.00    0.00   clock network delay (ideal)
                          2.00    2.00 v input external delay
                  0.05    0.04    2.04 v reset (in)
     7    0.02                           reset (net)
                  0.05    0.00    2.04 v _259_/A (sky130_fd_sc_hd__buf_1)
                  0.25    0.27    2.31 v _259_/X (sky130_fd_sc_hd__buf_1)
    10    0.04                           _143_ (net)
                  0.25    0.00    2.31 v _264_/A (sky130_fd_sc_hd__inv_2)
                  0.06    0.10    2.42 ^ _264_/Y (sky130_fd_sc_hd__inv_2)
     1    0.00                           _041_ (net)
                  0.06    0.00    2.42 ^ _300_/RESET_B (sky130_fd_sc_hd__dfrtp_2)
                                  2.42   data arrival time

                  0.15   10.00   10.00   clock clk (rise edge)
                          0.00   10.00   clock network delay (ideal)
                         -0.25    9.75   clock uncertainty
                          0.00    9.75   clock reconvergence pessimism
                                  9.75 ^ _300_/CLK (sky130_fd_sc_hd__dfrtp_2)
                          0.25   10.00   library recovery time
                                 10.00   data required time
-----------------------------------------------------------------------------
                                 10.00   data required time
                                 -2.42   data arrival time
-----------------------------------------------------------------------------
                                  7.58   slack (MET)


Startpoint: reset (input port clocked by clk)
Endpoint: _301_ (recovery check against rising-edge clock clk)
Path Group: asynchronous
Path Type: max

Fanout     Cap    Slew   Delay    Time   Description
-----------------------------------------------------------------------------
                  0.15    0.00    0.00   clock clk (rise edge)
                          0.00    0.00   clock network delay (ideal)
                          2.00    2.00 v input external delay
                  0.05    0.04    2.04 v reset (in)
     7    0.02                           reset (net)
                  0.05    0.00    2.04 v _259_/A (sky130_fd_sc_hd__buf_1)
                  0.25    0.27    2.31 v _259_/X (sky130_fd_sc_hd__buf_1)
    10    0.04                           _143_ (net)
                  0.25    0.00    2.31 v _265_/A (sky130_fd_sc_hd__inv_2)
                  0.06    0.10    2.42 ^ _265_/Y (sky130_fd_sc_hd__inv_2)
     1    0.00                           _042_ (net)
                  0.06    0.00    2.42 ^ _301_/RESET_B (sky130_fd_sc_hd__dfrtp_2)
                                  2.42   data arrival time

                  0.15   10.00   10.00   clock clk (rise edge)
                          0.00   10.00   clock network delay (ideal)
                         -0.25    9.75   clock uncertainty
                          0.00    9.75   clock reconvergence pessimism
                                  9.75 ^ _301_/CLK (sky130_fd_sc_hd__dfrtp_2)
                          0.25   10.00   library recovery time
                                 10.00   data required time
-----------------------------------------------------------------------------
                                 10.00   data required time
                                 -2.42   data arrival time
-----------------------------------------------------------------------------
                                  7.58   slack (MET)


Startpoint: reset (input port clocked by clk)
Endpoint: _302_ (recovery check against rising-edge clock clk)
Path Group: asynchronous
Path Type: max

Fanout     Cap    Slew   Delay    Time   Description
-----------------------------------------------------------------------------
                  0.15    0.00    0.00   clock clk (rise edge)
                          0.00    0.00   clock network delay (ideal)
                          2.00    2.00 v input external delay
                  0.05    0.04    2.04 v reset (in)
     7    0.02                           reset (net)
                  0.05    0.00    2.04 v _259_/A (sky130_fd_sc_hd__buf_1)
                  0.25    0.27    2.31 v _259_/X (sky130_fd_sc_hd__buf_1)
    10    0.04                           _143_ (net)
                  0.25    0.00    2.31 v _266_/A (sky130_fd_sc_hd__inv_2)
                  0.06    0.10    2.42 ^ _266_/Y (sky130_fd_sc_hd__inv_2)
     1    0.00                           _043_ (net)
                  0.06    0.00    2.42 ^ _302_/RESET_B (sky130_fd_sc_hd__dfrtp_2)
                                  2.42   data arrival time

                  0.15   10.00   10.00   clock clk (rise edge)
                          0.00   10.00   clock network delay (ideal)
                         -0.25    9.75   clock uncertainty
                          0.00    9.75   clock reconvergence pessimism
                                  9.75 ^ _302_/CLK (sky130_fd_sc_hd__dfrtp_2)
                          0.25   10.00   library recovery time
                                 10.00   data required time
-----------------------------------------------------------------------------
                                 10.00   data required time
                                 -2.42   data arrival time
-----------------------------------------------------------------------------
                                  7.58   slack (MET)


Startpoint: reset (input port clocked by clk)
Endpoint: _303_ (recovery check against rising-edge clock clk)
Path Group: asynchronous
Path Type: max

Fanout     Cap    Slew   Delay    Time   Description
-----------------------------------------------------------------------------
                  0.15    0.00    0.00   clock clk (rise edge)
                          0.00    0.00   clock network delay (ideal)
                          2.00    2.00 v input external delay
                  0.05    0.04    2.04 v reset (in)
     7    0.02                           reset (net)
                  0.05    0.00    2.04 v _259_/A (sky130_fd_sc_hd__buf_1)
                  0.25    0.27    2.31 v _259_/X (sky130_fd_sc_hd__buf_1)
    10    0.04                           _143_ (net)
                  0.25    0.00    2.31 v _267_/A (sky130_fd_sc_hd__inv_2)
                  0.06    0.10    2.42 ^ _267_/Y (sky130_fd_sc_hd__inv_2)
     1    0.00                           _044_ (net)
                  0.06    0.00    2.42 ^ _303_/RESET_B (sky130_fd_sc_hd__dfrtp_2)
                                  2.42   data arrival time

                  0.15   10.00   10.00   clock clk (rise edge)
                          0.00   10.00   clock network delay (ideal)
                         -0.25    9.75   clock uncertainty
                          0.00    9.75   clock reconvergence pessimism
                                  9.75 ^ _303_/CLK (sky130_fd_sc_hd__dfrtp_2)
                          0.25   10.00   library recovery time
                                 10.00   data required time
-----------------------------------------------------------------------------
                                 10.00   data required time
                                 -2.42   data arrival time
-----------------------------------------------------------------------------
                                  7.58   slack (MET)


Startpoint: reset (input port clocked by clk)
Endpoint: _305_ (recovery check against rising-edge clock clk)
Path Group: asynchronous
Path Type: max

Fanout     Cap    Slew   Delay    Time   Description
-----------------------------------------------------------------------------
                  0.15    0.00    0.00   clock clk (rise edge)
                          0.00    0.00   clock network delay (ideal)
                          2.00    2.00 v input external delay
                  0.05    0.04    2.04 v reset (in)
     7    0.02                           reset (net)
                  0.05    0.00    2.04 v _259_/A (sky130_fd_sc_hd__buf_1)
                  0.25    0.27    2.31 v _259_/X (sky130_fd_sc_hd__buf_1)
    10    0.04                           _143_ (net)
                  0.25    0.00    2.31 v _269_/A (sky130_fd_sc_hd__inv_2)
                  0.06    0.10    2.42 ^ _269_/Y (sky130_fd_sc_hd__inv_2)
     1    0.00                           _046_ (net)
                  0.06    0.00    2.42 ^ _305_/RESET_B (sky130_fd_sc_hd__dfrtp_2)
                                  2.42   data arrival time

                  0.15   10.00   10.00   clock clk (rise edge)
                          0.00   10.00   clock network delay (ideal)
                         -0.25    9.75   clock uncertainty
                          0.00    9.75   clock reconvergence pessimism
                                  9.75 ^ _305_/CLK (sky130_fd_sc_hd__dfrtp_2)
                          0.25   10.00   library recovery time
                                 10.00   data required time
-----------------------------------------------------------------------------
                                 10.00   data required time
                                 -2.42   data arrival time
-----------------------------------------------------------------------------
                                  7.58   slack (MET)


Startpoint: reset (input port clocked by clk)
Endpoint: _306_ (recovery check against rising-edge clock clk)
Path Group: asynchronous
Path Type: max

Fanout     Cap    Slew   Delay    Time   Description
-----------------------------------------------------------------------------
                  0.15    0.00    0.00   clock clk (rise edge)
                          0.00    0.00   clock network delay (ideal)
                          2.00    2.00 v input external delay
                  0.05    0.04    2.04 v reset (in)
     7    0.02                           reset (net)
                  0.05    0.00    2.04 v _270_/A (sky130_fd_sc_hd__buf_1)
                  0.25    0.27    2.31 v _270_/X (sky130_fd_sc_hd__buf_1)
    10    0.04                           _144_ (net)
                  0.25    0.00    2.31 v _271_/A (sky130_fd_sc_hd__inv_2)
                  0.06    0.10    2.42 ^ _271_/Y (sky130_fd_sc_hd__inv_2)
     1    0.00                           _047_ (net)
                  0.06    0.00    2.42 ^ _306_/RESET_B (sky130_fd_sc_hd__dfrtp_2)
                                  2.42   data arrival time

                  0.15   10.00   10.00   clock clk (rise edge)
                          0.00   10.00   clock network delay (ideal)
                         -0.25    9.75   clock uncertainty
                          0.00    9.75   clock reconvergence pessimism
                                  9.75 ^ _306_/CLK (sky130_fd_sc_hd__dfrtp_2)
                          0.25   10.00   library recovery time
                                 10.00   data required time
-----------------------------------------------------------------------------
                                 10.00   data required time
                                 -2.42   data arrival time
-----------------------------------------------------------------------------
                                  7.58   slack (MET)


Startpoint: reset (input port clocked by clk)
Endpoint: _307_ (recovery check against rising-edge clock clk)
Path Group: asynchronous
Path Type: max

Fanout     Cap    Slew   Delay    Time   Description
-----------------------------------------------------------------------------
                  0.15    0.00    0.00   clock clk (rise edge)
                          0.00    0.00   clock network delay (ideal)
                          2.00    2.00 v input external delay
                  0.05    0.04    2.04 v reset (in)
     7    0.02                           reset (net)
                  0.05    0.00    2.04 v _270_/A (sky130_fd_sc_hd__buf_1)
                  0.25    0.27    2.31 v _270_/X (sky130_fd_sc_hd__buf_1)
    10    0.04                           _144_ (net)
                  0.25    0.00    2.31 v _272_/A (sky130_fd_sc_hd__inv_2)
                  0.06    0.10    2.42 ^ _272_/Y (sky130_fd_sc_hd__inv_2)
     1    0.00                           _048_ (net)
                  0.06    0.00    2.42 ^ _307_/RESET_B (sky130_fd_sc_hd__dfrtp_2)
                                  2.42   data arrival time

                  0.15   10.00   10.00   clock clk (rise edge)
                          0.00   10.00   clock network delay (ideal)
                         -0.25    9.75   clock uncertainty
                          0.00    9.75   clock reconvergence pessimism
                                  9.75 ^ _307_/CLK (sky130_fd_sc_hd__dfrtp_2)
                          0.25   10.00   library recovery time
                                 10.00   data required time
-----------------------------------------------------------------------------
                                 10.00   data required time
                                 -2.42   data arrival time
-----------------------------------------------------------------------------
                                  7.58   slack (MET)


Startpoint: reset (input port clocked by clk)
Endpoint: _308_ (recovery check against rising-edge clock clk)
Path Group: asynchronous
Path Type: max

Fanout     Cap    Slew   Delay    Time   Description
-----------------------------------------------------------------------------
                  0.15    0.00    0.00   clock clk (rise edge)
                          0.00    0.00   clock network delay (ideal)
                          2.00    2.00 v input external delay
                  0.05    0.04    2.04 v reset (in)
     7    0.02                           reset (net)
                  0.05    0.00    2.04 v _270_/A (sky130_fd_sc_hd__buf_1)
                  0.25    0.27    2.31 v _270_/X (sky130_fd_sc_hd__buf_1)
    10    0.04                           _144_ (net)
                  0.25    0.00    2.31 v _273_/A (sky130_fd_sc_hd__inv_2)
                  0.06    0.10    2.42 ^ _273_/Y (sky130_fd_sc_hd__inv_2)
     1    0.00                           _049_ (net)
                  0.06    0.00    2.42 ^ _308_/RESET_B (sky130_fd_sc_hd__dfrtp_2)
                                  2.42   data arrival time

                  0.15   10.00   10.00   clock clk (rise edge)
                          0.00   10.00   clock network delay (ideal)
                         -0.25    9.75   clock uncertainty
                          0.00    9.75   clock reconvergence pessimism
                                  9.75 ^ _308_/CLK (sky130_fd_sc_hd__dfrtp_2)
                          0.25   10.00   library recovery time
                                 10.00   data required time
-----------------------------------------------------------------------------
                                 10.00   data required time
                                 -2.42   data arrival time
-----------------------------------------------------------------------------
                                  7.58   slack (MET)


Startpoint: reset (input port clocked by clk)
Endpoint: _309_ (recovery check against rising-edge clock clk)
Path Group: asynchronous
Path Type: max

Fanout     Cap    Slew   Delay    Time   Description
-----------------------------------------------------------------------------
                  0.15    0.00    0.00   clock clk (rise edge)
                          0.00    0.00   clock network delay (ideal)
                          2.00    2.00 v input external delay
                  0.05    0.04    2.04 v reset (in)
     7    0.02                           reset (net)
                  0.05    0.00    2.04 v _270_/A (sky130_fd_sc_hd__buf_1)
                  0.25    0.27    2.31 v _270_/X (sky130_fd_sc_hd__buf_1)
    10    0.04                           _144_ (net)
                  0.25    0.00    2.31 v _274_/A (sky130_fd_sc_hd__inv_2)
                  0.06    0.10    2.42 ^ _274_/Y (sky130_fd_sc_hd__inv_2)
     1    0.00                           _050_ (net)
                  0.06    0.00    2.42 ^ _309_/RESET_B (sky130_fd_sc_hd__dfrtp_2)
                                  2.42   data arrival time

                  0.15   10.00   10.00   clock clk (rise edge)
                          0.00   10.00   clock network delay (ideal)
                         -0.25    9.75   clock uncertainty
                          0.00    9.75   clock reconvergence pessimism
                                  9.75 ^ _309_/CLK (sky130_fd_sc_hd__dfrtp_2)
                          0.25   10.00   library recovery time
                                 10.00   data required time
-----------------------------------------------------------------------------
                                 10.00   data required time
                                 -2.42   data arrival time
-----------------------------------------------------------------------------
                                  7.58   slack (MET)


Startpoint: reset (input port clocked by clk)
Endpoint: _310_ (recovery check against rising-edge clock clk)
Path Group: asynchronous
Path Type: max

Fanout     Cap    Slew   Delay    Time   Description
-----------------------------------------------------------------------------
                  0.15    0.00    0.00   clock clk (rise edge)
                          0.00    0.00   clock network delay (ideal)
                          2.00    2.00 v input external delay
                  0.05    0.04    2.04 v reset (in)
     7    0.02                           reset (net)
                  0.05    0.00    2.04 v _270_/A (sky130_fd_sc_hd__buf_1)
                  0.25    0.27    2.31 v _270_/X (sky130_fd_sc_hd__buf_1)
    10    0.04                           _144_ (net)
                  0.25    0.00    2.31 v _275_/A (sky130_fd_sc_hd__inv_2)
                  0.06    0.10    2.42 ^ _275_/Y (sky130_fd_sc_hd__inv_2)
     1    0.00                           _051_ (net)
                  0.06    0.00    2.42 ^ _310_/RESET_B (sky130_fd_sc_hd__dfrtp_2)
                                  2.42   data arrival time

                  0.15   10.00   10.00   clock clk (rise edge)
                          0.00   10.00   clock network delay (ideal)
                         -0.25    9.75   clock uncertainty
                          0.00    9.75   clock reconvergence pessimism
                                  9.75 ^ _310_/CLK (sky130_fd_sc_hd__dfrtp_2)
                          0.25   10.00   library recovery time
                                 10.00   data required time
-----------------------------------------------------------------------------
                                 10.00   data required time
                                 -2.42   data arrival time
-----------------------------------------------------------------------------
                                  7.58   slack (MET)


Startpoint: reset (input port clocked by clk)
Endpoint: _311_ (recovery check against rising-edge clock clk)
Path Group: asynchronous
Path Type: max

Fanout     Cap    Slew   Delay    Time   Description
-----------------------------------------------------------------------------
                  0.15    0.00    0.00   clock clk (rise edge)
                          0.00    0.00   clock network delay (ideal)
                          2.00    2.00 v input external delay
                  0.05    0.04    2.04 v reset (in)
     7    0.02                           reset (net)
                  0.05    0.00    2.04 v _270_/A (sky130_fd_sc_hd__buf_1)
                  0.25    0.27    2.31 v _270_/X (sky130_fd_sc_hd__buf_1)
    10    0.04                           _144_ (net)
                  0.25    0.00    2.31 v _276_/A (sky130_fd_sc_hd__inv_2)
                  0.06    0.10    2.42 ^ _276_/Y (sky130_fd_sc_hd__inv_2)
     1    0.00                           _052_ (net)
                  0.06    0.00    2.42 ^ _311_/RESET_B (sky130_fd_sc_hd__dfrtp_2)
                                  2.42   data arrival time

                  0.15   10.00   10.00   clock clk (rise edge)
                          0.00   10.00   clock network delay (ideal)
                         -0.25    9.75   clock uncertainty
                          0.00    9.75   clock reconvergence pessimism
                                  9.75 ^ _311_/CLK (sky130_fd_sc_hd__dfrtp_2)
                          0.25   10.00   library recovery time
                                 10.00   data required time
-----------------------------------------------------------------------------
                                 10.00   data required time
                                 -2.42   data arrival time
-----------------------------------------------------------------------------
                                  7.58   slack (MET)


Startpoint: reset (input port clocked by clk)
Endpoint: _312_ (recovery check against rising-edge clock clk)
Path Group: asynchronous
Path Type: max

Fanout     Cap    Slew   Delay    Time   Description
-----------------------------------------------------------------------------
                  0.15    0.00    0.00   clock clk (rise edge)
                          0.00    0.00   clock network delay (ideal)
                          2.00    2.00 v input external delay
                  0.05    0.04    2.04 v reset (in)
     7    0.02                           reset (net)
                  0.05    0.00    2.04 v _270_/A (sky130_fd_sc_hd__buf_1)
                  0.25    0.27    2.31 v _270_/X (sky130_fd_sc_hd__buf_1)
    10    0.04                           _144_ (net)
                  0.25    0.00    2.31 v _277_/A (sky130_fd_sc_hd__inv_2)
                  0.06    0.10    2.42 ^ _277_/Y (sky130_fd_sc_hd__inv_2)
     1    0.00                           _053_ (net)
                  0.06    0.00    2.42 ^ _312_/RESET_B (sky130_fd_sc_hd__dfrtp_2)
                                  2.42   data arrival time

                  0.15   10.00   10.00   clock clk (rise edge)
                          0.00   10.00   clock network delay (ideal)
                         -0.25    9.75   clock uncertainty
                          0.00    9.75   clock reconvergence pessimism
                                  9.75 ^ _312_/CLK (sky130_fd_sc_hd__dfrtp_2)
                          0.25   10.00   library recovery time
                                 10.00   data required time
-----------------------------------------------------------------------------
                                 10.00   data required time
                                 -2.42   data arrival time
-----------------------------------------------------------------------------
                                  7.58   slack (MET)


Startpoint: reset (input port clocked by clk)
Endpoint: _313_ (recovery check against rising-edge clock clk)
Path Group: asynchronous
Path Type: max

Fanout     Cap    Slew   Delay    Time   Description
-----------------------------------------------------------------------------
                  0.15    0.00    0.00   clock clk (rise edge)
                          0.00    0.00   clock network delay (ideal)
                          2.00    2.00 v input external delay
                  0.05    0.04    2.04 v reset (in)
     7    0.02                           reset (net)
                  0.05    0.00    2.04 v _270_/A (sky130_fd_sc_hd__buf_1)
                  0.25    0.27    2.31 v _270_/X (sky130_fd_sc_hd__buf_1)
    10    0.04                           _144_ (net)
                  0.25    0.00    2.31 v _278_/A (sky130_fd_sc_hd__inv_2)
                  0.06    0.10    2.42 ^ _278_/Y (sky130_fd_sc_hd__inv_2)
     1    0.00                           _020_ (net)
                  0.06    0.00    2.42 ^ _313_/RESET_B (sky130_fd_sc_hd__dfrtp_2)
                                  2.42   data arrival time

                  0.15   10.00   10.00   clock clk (rise edge)
                          0.00   10.00   clock network delay (ideal)
                         -0.25    9.75   clock uncertainty
                          0.00    9.75   clock reconvergence pessimism
                                  9.75 ^ _313_/CLK (sky130_fd_sc_hd__dfrtp_2)
                          0.25   10.00   library recovery time
                                 10.00   data required time
-----------------------------------------------------------------------------
                                 10.00   data required time
                                 -2.42   data arrival time
-----------------------------------------------------------------------------
                                  7.58   slack (MET)


Startpoint: reset (input port clocked by clk)
Endpoint: _314_ (recovery check against rising-edge clock clk)
Path Group: asynchronous
Path Type: max

Fanout     Cap    Slew   Delay    Time   Description
-----------------------------------------------------------------------------
                  0.15    0.00    0.00   clock clk (rise edge)
                          0.00    0.00   clock network delay (ideal)
                          2.00    2.00 v input external delay
                  0.05    0.04    2.04 v reset (in)
     7    0.02                           reset (net)
                  0.05    0.00    2.04 v _270_/A (sky130_fd_sc_hd__buf_1)
                  0.25    0.27    2.31 v _270_/X (sky130_fd_sc_hd__buf_1)
    10    0.04                           _144_ (net)
                  0.25    0.00    2.31 v _279_/A (sky130_fd_sc_hd__inv_2)
                  0.06    0.10    2.42 ^ _279_/Y (sky130_fd_sc_hd__inv_2)
     1    0.00                           _021_ (net)
                  0.06    0.00    2.42 ^ _314_/RESET_B (sky130_fd_sc_hd__dfrtp_2)
                                  2.42   data arrival time

                  0.15   10.00   10.00   clock clk (rise edge)
                          0.00   10.00   clock network delay (ideal)
                         -0.25    9.75   clock uncertainty
                          0.00    9.75   clock reconvergence pessimism
                                  9.75 ^ _314_/CLK (sky130_fd_sc_hd__dfrtp_2)
                          0.25   10.00   library recovery time
                                 10.00   data required time
-----------------------------------------------------------------------------
                                 10.00   data required time
                                 -2.42   data arrival time
-----------------------------------------------------------------------------
                                  7.58   slack (MET)


Startpoint: reset (input port clocked by clk)
Endpoint: _315_ (recovery check against rising-edge clock clk)
Path Group: asynchronous
Path Type: max

Fanout     Cap    Slew   Delay    Time   Description
-----------------------------------------------------------------------------
                  0.15    0.00    0.00   clock clk (rise edge)
                          0.00    0.00   clock network delay (ideal)
                          2.00    2.00 v input external delay
                  0.05    0.04    2.04 v reset (in)
     7    0.02                           reset (net)
                  0.05    0.00    2.04 v _270_/A (sky130_fd_sc_hd__buf_1)
                  0.25    0.27    2.31 v _270_/X (sky130_fd_sc_hd__buf_1)
    10    0.04                           _144_ (net)
                  0.25    0.00    2.31 v _280_/A (sky130_fd_sc_hd__inv_2)
                  0.06    0.10    2.42 ^ _280_/Y (sky130_fd_sc_hd__inv_2)
     1    0.00                           _022_ (net)
                  0.06    0.00    2.42 ^ _315_/RESET_B (sky130_fd_sc_hd__dfrtp_2)
                                  2.42   data arrival time

                  0.15   10.00   10.00   clock clk (rise edge)
                          0.00   10.00   clock network delay (ideal)
                         -0.25    9.75   clock uncertainty
                          0.00    9.75   clock reconvergence pessimism
                                  9.75 ^ _315_/CLK (sky130_fd_sc_hd__dfrtp_2)
                          0.25   10.00   library recovery time
                                 10.00   data required time
-----------------------------------------------------------------------------
                                 10.00   data required time
                                 -2.42   data arrival time
-----------------------------------------------------------------------------
                                  7.58   slack (MET)


Startpoint: reset (input port clocked by clk)
Endpoint: _316_ (recovery check against rising-edge clock clk)
Path Group: asynchronous
Path Type: max

Fanout     Cap    Slew   Delay    Time   Description
-----------------------------------------------------------------------------
                  0.15    0.00    0.00   clock clk (rise edge)
                          0.00    0.00   clock network delay (ideal)
                          2.00    2.00 v input external delay
                  0.05    0.04    2.04 v reset (in)
     7    0.02                           reset (net)
                  0.05    0.00    2.04 v _281_/A (sky130_fd_sc_hd__buf_1)
                  0.25    0.27    2.31 v _281_/X (sky130_fd_sc_hd__buf_1)
    10    0.04                           _145_ (net)
                  0.25    0.00    2.31 v _282_/A (sky130_fd_sc_hd__inv_2)
                  0.06    0.10    2.42 ^ _282_/Y (sky130_fd_sc_hd__inv_2)
     1    0.00                           _023_ (net)
                  0.06    0.00    2.42 ^ _316_/RESET_B (sky130_fd_sc_hd__dfrtp_2)
                                  2.42   data arrival time

                  0.15   10.00   10.00   clock clk (rise edge)
                          0.00   10.00   clock network delay (ideal)
                         -0.25    9.75   clock uncertainty
                          0.00    9.75   clock reconvergence pessimism
                                  9.75 ^ _316_/CLK (sky130_fd_sc_hd__dfrtp_2)
                          0.25   10.00   library recovery time
                                 10.00   data required time
-----------------------------------------------------------------------------
                                 10.00   data required time
                                 -2.42   data arrival time
-----------------------------------------------------------------------------
                                  7.58   slack (MET)


Startpoint: reset (input port clocked by clk)
Endpoint: _317_ (recovery check against rising-edge clock clk)
Path Group: asynchronous
Path Type: max

Fanout     Cap    Slew   Delay    Time   Description
-----------------------------------------------------------------------------
                  0.15    0.00    0.00   clock clk (rise edge)
                          0.00    0.00   clock network delay (ideal)
                          2.00    2.00 v input external delay
                  0.05    0.04    2.04 v reset (in)
     7    0.02                           reset (net)
                  0.05    0.00    2.04 v _281_/A (sky130_fd_sc_hd__buf_1)
                  0.25    0.27    2.31 v _281_/X (sky130_fd_sc_hd__buf_1)
    10    0.04                           _145_ (net)
                  0.25    0.00    2.31 v _283_/A (sky130_fd_sc_hd__inv_2)
                  0.06    0.10    2.42 ^ _283_/Y (sky130_fd_sc_hd__inv_2)
     1    0.00                           _024_ (net)
                  0.06    0.00    2.42 ^ _317_/RESET_B (sky130_fd_sc_hd__dfrtp_2)
                                  2.42   data arrival time

                  0.15   10.00   10.00   clock clk (rise edge)
                          0.00   10.00   clock network delay (ideal)
                         -0.25    9.75   clock uncertainty
                          0.00    9.75   clock reconvergence pessimism
                                  9.75 ^ _317_/CLK (sky130_fd_sc_hd__dfrtp_2)
                          0.25   10.00   library recovery time
                                 10.00   data required time
-----------------------------------------------------------------------------
                                 10.00   data required time
                                 -2.42   data arrival time
-----------------------------------------------------------------------------
                                  7.58   slack (MET)


Startpoint: reset (input port clocked by clk)
Endpoint: _318_ (recovery check against rising-edge clock clk)
Path Group: asynchronous
Path Type: max

Fanout     Cap    Slew   Delay    Time   Description
-----------------------------------------------------------------------------
                  0.15    0.00    0.00   clock clk (rise edge)
                          0.00    0.00   clock network delay (ideal)
                          2.00    2.00 v input external delay
                  0.05    0.04    2.04 v reset (in)
     7    0.02                           reset (net)
                  0.05    0.00    2.04 v _281_/A (sky130_fd_sc_hd__buf_1)
                  0.25    0.27    2.31 v _281_/X (sky130_fd_sc_hd__buf_1)
    10    0.04                           _145_ (net)
                  0.25    0.00    2.31 v _284_/A (sky130_fd_sc_hd__inv_2)
                  0.06    0.10    2.42 ^ _284_/Y (sky130_fd_sc_hd__inv_2)
     1    0.00                           _025_ (net)
                  0.06    0.00    2.42 ^ _318_/RESET_B (sky130_fd_sc_hd__dfrtp_2)
                                  2.42   data arrival time

                  0.15   10.00   10.00   clock clk (rise edge)
                          0.00   10.00   clock network delay (ideal)
                         -0.25    9.75   clock uncertainty
                          0.00    9.75   clock reconvergence pessimism
                                  9.75 ^ _318_/CLK (sky130_fd_sc_hd__dfrtp_2)
                          0.25   10.00   library recovery time
                                 10.00   data required time
-----------------------------------------------------------------------------
                                 10.00   data required time
                                 -2.42   data arrival time
-----------------------------------------------------------------------------
                                  7.58   slack (MET)


Startpoint: reset (input port clocked by clk)
Endpoint: _319_ (recovery check against rising-edge clock clk)
Path Group: asynchronous
Path Type: max

Fanout     Cap    Slew   Delay    Time   Description
-----------------------------------------------------------------------------
                  0.15    0.00    0.00   clock clk (rise edge)
                          0.00    0.00   clock network delay (ideal)
                          2.00    2.00 v input external delay
                  0.05    0.04    2.04 v reset (in)
     7    0.02                           reset (net)
                  0.05    0.00    2.04 v _281_/A (sky130_fd_sc_hd__buf_1)
                  0.25    0.27    2.31 v _281_/X (sky130_fd_sc_hd__buf_1)
    10    0.04                           _145_ (net)
                  0.25    0.00    2.31 v _285_/A (sky130_fd_sc_hd__inv_2)
                  0.06    0.10    2.42 ^ _285_/Y (sky130_fd_sc_hd__inv_2)
     1    0.00                           _026_ (net)
                  0.06    0.00    2.42 ^ _319_/RESET_B (sky130_fd_sc_hd__dfrtp_2)
                                  2.42   data arrival time

                  0.15   10.00   10.00   clock clk (rise edge)
                          0.00   10.00   clock network delay (ideal)
                         -0.25    9.75   clock uncertainty
                          0.00    9.75   clock reconvergence pessimism
                                  9.75 ^ _319_/CLK (sky130_fd_sc_hd__dfrtp_2)
                          0.25   10.00   library recovery time
                                 10.00   data required time
-----------------------------------------------------------------------------
                                 10.00   data required time
                                 -2.42   data arrival time
-----------------------------------------------------------------------------
                                  7.58   slack (MET)


Startpoint: reset (input port clocked by clk)
Endpoint: _320_ (recovery check against rising-edge clock clk)
Path Group: asynchronous
Path Type: max

Fanout     Cap    Slew   Delay    Time   Description
-----------------------------------------------------------------------------
                  0.15    0.00    0.00   clock clk (rise edge)
                          0.00    0.00   clock network delay (ideal)
                          2.00    2.00 v input external delay
                  0.05    0.04    2.04 v reset (in)
     7    0.02                           reset (net)
                  0.05    0.00    2.04 v _281_/A (sky130_fd_sc_hd__buf_1)
                  0.25    0.27    2.31 v _281_/X (sky130_fd_sc_hd__buf_1)
    10    0.04                           _145_ (net)
                  0.25    0.00    2.31 v _286_/A (sky130_fd_sc_hd__inv_2)
                  0.06    0.10    2.42 ^ _286_/Y (sky130_fd_sc_hd__inv_2)
     1    0.00                           _027_ (net)
                  0.06    0.00    2.42 ^ _320_/RESET_B (sky130_fd_sc_hd__dfrtp_2)
                                  2.42   data arrival time

                  0.15   10.00   10.00   clock clk (rise edge)
                          0.00   10.00   clock network delay (ideal)
                         -0.25    9.75   clock uncertainty
                          0.00    9.75   clock reconvergence pessimism
                                  9.75 ^ _320_/CLK (sky130_fd_sc_hd__dfrtp_2)
                          0.25   10.00   library recovery time
                                 10.00   data required time
-----------------------------------------------------------------------------
                                 10.00   data required time
                                 -2.42   data arrival time
-----------------------------------------------------------------------------
                                  7.58   slack (MET)


Startpoint: reset (input port clocked by clk)
Endpoint: _321_ (recovery check against rising-edge clock clk)
Path Group: asynchronous
Path Type: max

Fanout     Cap    Slew   Delay    Time   Description
-----------------------------------------------------------------------------
                  0.15    0.00    0.00   clock clk (rise edge)
                          0.00    0.00   clock network delay (ideal)
                          2.00    2.00 v input external delay
                  0.05    0.04    2.04 v reset (in)
     7    0.02                           reset (net)
                  0.05    0.00    2.04 v _281_/A (sky130_fd_sc_hd__buf_1)
                  0.25    0.27    2.31 v _281_/X (sky130_fd_sc_hd__buf_1)
    10    0.04                           _145_ (net)
                  0.25    0.00    2.31 v _287_/A (sky130_fd_sc_hd__inv_2)
                  0.06    0.10    2.42 ^ _287_/Y (sky130_fd_sc_hd__inv_2)
     1    0.00                           _028_ (net)
                  0.06    0.00    2.42 ^ _321_/RESET_B (sky130_fd_sc_hd__dfrtp_2)
                                  2.42   data arrival time

                  0.15   10.00   10.00   clock clk (rise edge)
                          0.00   10.00   clock network delay (ideal)
                         -0.25    9.75   clock uncertainty
                          0.00    9.75   clock reconvergence pessimism
                                  9.75 ^ _321_/CLK (sky130_fd_sc_hd__dfrtp_2)
                          0.25   10.00   library recovery time
                                 10.00   data required time
-----------------------------------------------------------------------------
                                 10.00   data required time
                                 -2.42   data arrival time
-----------------------------------------------------------------------------
                                  7.58   slack (MET)


Startpoint: reset (input port clocked by clk)
Endpoint: _322_ (recovery check against rising-edge clock clk)
Path Group: asynchronous
Path Type: max

Fanout     Cap    Slew   Delay    Time   Description
-----------------------------------------------------------------------------
                  0.15    0.00    0.00   clock clk (rise edge)
                          0.00    0.00   clock network delay (ideal)
                          2.00    2.00 v input external delay
                  0.05    0.04    2.04 v reset (in)
     7    0.02                           reset (net)
                  0.05    0.00    2.04 v _281_/A (sky130_fd_sc_hd__buf_1)
                  0.25    0.27    2.31 v _281_/X (sky130_fd_sc_hd__buf_1)
    10    0.04                           _145_ (net)
                  0.25    0.00    2.31 v _288_/A (sky130_fd_sc_hd__inv_2)
                  0.06    0.10    2.42 ^ _288_/Y (sky130_fd_sc_hd__inv_2)
     1    0.00                           _029_ (net)
                  0.06    0.00    2.42 ^ _322_/RESET_B (sky130_fd_sc_hd__dfrtp_2)
                                  2.42   data arrival time

                  0.15   10.00   10.00   clock clk (rise edge)
                          0.00   10.00   clock network delay (ideal)
                         -0.25    9.75   clock uncertainty
                          0.00    9.75   clock reconvergence pessimism
                                  9.75 ^ _322_/CLK (sky130_fd_sc_hd__dfrtp_2)
                          0.25   10.00   library recovery time
                                 10.00   data required time
-----------------------------------------------------------------------------
                                 10.00   data required time
                                 -2.42   data arrival time
-----------------------------------------------------------------------------
                                  7.58   slack (MET)


Startpoint: reset (input port clocked by clk)
Endpoint: _323_ (recovery check against rising-edge clock clk)
Path Group: asynchronous
Path Type: max

Fanout     Cap    Slew   Delay    Time   Description
-----------------------------------------------------------------------------
                  0.15    0.00    0.00   clock clk (rise edge)
                          0.00    0.00   clock network delay (ideal)
                          2.00    2.00 v input external delay
                  0.05    0.04    2.04 v reset (in)
     7    0.02                           reset (net)
                  0.05    0.00    2.04 v _281_/A (sky130_fd_sc_hd__buf_1)
                  0.25    0.27    2.31 v _281_/X (sky130_fd_sc_hd__buf_1)
    10    0.04                           _145_ (net)
                  0.25    0.00    2.31 v _289_/A (sky130_fd_sc_hd__inv_2)
                  0.06    0.10    2.42 ^ _289_/Y (sky130_fd_sc_hd__inv_2)
     1    0.00                           _030_ (net)
                  0.06    0.00    2.42 ^ _323_/RESET_B (sky130_fd_sc_hd__dfrtp_2)
                                  2.42   data arrival time

                  0.15   10.00   10.00   clock clk (rise edge)
                          0.00   10.00   clock network delay (ideal)
                         -0.25    9.75   clock uncertainty
                          0.00    9.75   clock reconvergence pessimism
                                  9.75 ^ _323_/CLK (sky130_fd_sc_hd__dfrtp_2)
                          0.25   10.00   library recovery time
                                 10.00   data required time
-----------------------------------------------------------------------------
                                 10.00   data required time
                                 -2.42   data arrival time
-----------------------------------------------------------------------------
                                  7.58   slack (MET)


Startpoint: reset (input port clocked by clk)
Endpoint: _324_ (recovery check against rising-edge clock clk)
Path Group: asynchronous
Path Type: max

Fanout     Cap    Slew   Delay    Time   Description
-----------------------------------------------------------------------------
                  0.15    0.00    0.00   clock clk (rise edge)
                          0.00    0.00   clock network delay (ideal)
                          2.00    2.00 v input external delay
                  0.05    0.04    2.04 v reset (in)
     7    0.02                           reset (net)
                  0.05    0.00    2.04 v _281_/A (sky130_fd_sc_hd__buf_1)
                  0.25    0.27    2.31 v _281_/X (sky130_fd_sc_hd__buf_1)
    10    0.04                           _145_ (net)
                  0.25    0.00    2.31 v _290_/A (sky130_fd_sc_hd__inv_2)
                  0.06    0.10    2.42 ^ _290_/Y (sky130_fd_sc_hd__inv_2)
     1    0.00                           _031_ (net)
                  0.06    0.00    2.42 ^ _324_/RESET_B (sky130_fd_sc_hd__dfrtp_2)
                                  2.42   data arrival time

                  0.15   10.00   10.00   clock clk (rise edge)
                          0.00   10.00   clock network delay (ideal)
                         -0.25    9.75   clock uncertainty
                          0.00    9.75   clock reconvergence pessimism
                                  9.75 ^ _324_/CLK (sky130_fd_sc_hd__dfrtp_2)
                          0.25   10.00   library recovery time
                                 10.00   data required time
-----------------------------------------------------------------------------
                                 10.00   data required time
                                 -2.42   data arrival time
-----------------------------------------------------------------------------
                                  7.58   slack (MET)


Startpoint: reset (input port clocked by clk)
Endpoint: _325_ (recovery check against rising-edge clock clk)
Path Group: asynchronous
Path Type: max

Fanout     Cap    Slew   Delay    Time   Description
-----------------------------------------------------------------------------
                  0.15    0.00    0.00   clock clk (rise edge)
                          0.00    0.00   clock network delay (ideal)
                          2.00    2.00 v input external delay
                  0.05    0.04    2.04 v reset (in)
     7    0.02                           reset (net)
                  0.05    0.00    2.04 v _281_/A (sky130_fd_sc_hd__buf_1)
                  0.25    0.27    2.31 v _281_/X (sky130_fd_sc_hd__buf_1)
    10    0.04                           _145_ (net)
                  0.25    0.00    2.31 v _291_/A (sky130_fd_sc_hd__inv_2)
                  0.06    0.10    2.42 ^ _291_/Y (sky130_fd_sc_hd__inv_2)
     1    0.00                           _032_ (net)
                  0.06    0.00    2.42 ^ _325_/RESET_B (sky130_fd_sc_hd__dfrtp_2)
                                  2.42   data arrival time

                  0.15   10.00   10.00   clock clk (rise edge)
                          0.00   10.00   clock network delay (ideal)
                         -0.25    9.75   clock uncertainty
                          0.00    9.75   clock reconvergence pessimism
                                  9.75 ^ _325_/CLK (sky130_fd_sc_hd__dfrtp_2)
                          0.25   10.00   library recovery time
                                 10.00   data required time
-----------------------------------------------------------------------------
                                 10.00   data required time
                                 -2.42   data arrival time
-----------------------------------------------------------------------------
                                  7.58   slack (MET)


Startpoint: _326_ (rising edge-triggered flip-flop clocked by clk)
Endpoint: _301_ (rising edge-triggered flip-flop clocked by clk)
Path Group: clk
Path Type: max

Fanout     Cap    Slew   Delay    Time   Description
-----------------------------------------------------------------------------
                  0.15    0.00    0.00   clock clk (rise edge)
                          0.00    0.00   clock network delay (ideal)
                  0.15    0.00    0.00 ^ _326_/CLK (sky130_fd_sc_hd__dfrtp_2)
                  0.07    0.48    0.48 v _326_/Q (sky130_fd_sc_hd__dfrtp_2)
     6    0.01                           baud_count[12] (net)
                  0.07    0.00    0.48 v _167_/B (sky130_fd_sc_hd__or4_2)
                  0.11    0.70    1.17 v _167_/X (sky130_fd_sc_hd__or4_2)
     2    0.01                           _077_ (net)
                  0.11    0.00    1.17 v _170_/B (sky130_fd_sc_hd__nor4_2)
                  0.38    0.42    1.59 ^ _170_/Y (sky130_fd_sc_hd__nor4_2)
     4    0.01                           _080_ (net)
                  0.38    0.00    1.59 ^ _171_/A1 (sky130_fd_sc_hd__mux2_2)
                  0.12    0.31    1.90 ^ _171_/X (sky130_fd_sc_hd__mux2_2)
     5    0.02                           _081_ (net)
                  0.12    0.00    1.90 ^ _180_/A2 (sky130_fd_sc_hd__a21oi_2)
                  0.05    0.07    1.97 v _180_/Y (sky130_fd_sc_hd__a21oi_2)
     1    0.00                           _088_ (net)
                  0.05    0.00    1.97 v _181_/B1 (sky130_fd_sc_hd__a21oi_2)
                  0.07    0.09    2.07 ^ _181_/Y (sky130_fd_sc_hd__a21oi_2)
     1    0.00                           _055_ (net)
                  0.07    0.00    2.07 ^ _301_/D (sky130_fd_sc_hd__dfrtp_2)
                                  2.07   data arrival time

                  0.15   10.00   10.00   clock clk (rise edge)
                          0.00   10.00   clock network delay (ideal)
                         -0.25    9.75   clock uncertainty
                          0.00    9.75   clock reconvergence pessimism
                                  9.75 ^ _301_/CLK (sky130_fd_sc_hd__dfrtp_2)
                         -0.05    9.70   library setup time
                                  9.70   data required time
-----------------------------------------------------------------------------
                                  9.70   data required time
                                 -2.07   data arrival time
-----------------------------------------------------------------------------
                                  7.63   slack (MET)


Startpoint: _326_ (rising edge-triggered flip-flop clocked by clk)
Endpoint: _300_ (rising edge-triggered flip-flop clocked by clk)
Path Group: clk
Path Type: max

Fanout     Cap    Slew   Delay    Time   Description
-----------------------------------------------------------------------------
                  0.15    0.00    0.00   clock clk (rise edge)
                          0.00    0.00   clock network delay (ideal)
                  0.15    0.00    0.00 ^ _326_/CLK (sky130_fd_sc_hd__dfrtp_2)
                  0.07    0.48    0.48 v _326_/Q (sky130_fd_sc_hd__dfrtp_2)
     6    0.01                           baud_count[12] (net)
                  0.07    0.00    0.48 v _167_/B (sky130_fd_sc_hd__or4_2)
                  0.11    0.70    1.17 v _167_/X (sky130_fd_sc_hd__or4_2)
     2    0.01                           _077_ (net)
                  0.11    0.00    1.17 v _170_/B (sky130_fd_sc_hd__nor4_2)
                  0.38    0.42    1.59 ^ _170_/Y (sky130_fd_sc_hd__nor4_2)
     4    0.01                           _080_ (net)
                  0.38    0.00    1.59 ^ _171_/A1 (sky130_fd_sc_hd__mux2_2)
                  0.12    0.31    1.90 ^ _171_/X (sky130_fd_sc_hd__mux2_2)
     5    0.02                           _081_ (net)
                  0.12    0.00    1.90 ^ _183_/A2 (sky130_fd_sc_hd__a21oi_2)
                  0.05    0.07    1.97 v _183_/Y (sky130_fd_sc_hd__a21oi_2)
     1    0.00                           _054_ (net)
                  0.05    0.00    1.97 v _300_/D (sky130_fd_sc_hd__dfrtp_2)
                                  1.97   data arrival time

                  0.15   10.00   10.00   clock clk (rise edge)
                          0.00   10.00   clock network delay (ideal)
                         -0.25    9.75   clock uncertainty
                          0.00    9.75   clock reconvergence pessimism
                                  9.75 ^ _300_/CLK (sky130_fd_sc_hd__dfrtp_2)
                         -0.09    9.66   library setup time
                                  9.66   data required time
-----------------------------------------------------------------------------
                                  9.66   data required time
                                 -1.97   data arrival time
-----------------------------------------------------------------------------
                                  7.69   slack (MET)


Startpoint: reset (input port clocked by clk)
Endpoint: _326_ (recovery check against rising-edge clock clk)
Path Group: asynchronous
Path Type: max

Fanout     Cap    Slew   Delay    Time   Description
-----------------------------------------------------------------------------
                  0.15    0.00    0.00   clock clk (rise edge)
                          0.00    0.00   clock network delay (ideal)
                          2.00    2.00 v input external delay
                  0.05    0.04    2.04 v reset (in)
     7    0.02                           reset (net)
                  0.05    0.00    2.04 v _292_/A (sky130_fd_sc_hd__inv_2)
                  0.03    0.05    2.09 ^ _292_/Y (sky130_fd_sc_hd__inv_2)
     1    0.00                           _033_ (net)
                  0.03    0.00    2.09 ^ _326_/RESET_B (sky130_fd_sc_hd__dfrtp_2)
                                  2.09   data arrival time

                  0.15   10.00   10.00   clock clk (rise edge)
                          0.00   10.00   clock network delay (ideal)
                         -0.25    9.75   clock uncertainty
                          0.00    9.75   clock reconvergence pessimism
                                  9.75 ^ _326_/CLK (sky130_fd_sc_hd__dfrtp_2)
                          0.26   10.01   library recovery time
                                 10.01   data required time
-----------------------------------------------------------------------------
                                 10.01   data required time
                                 -2.09   data arrival time
-----------------------------------------------------------------------------
                                  7.92   slack (MET)


Startpoint: reset (input port clocked by clk)
Endpoint: _327_ (recovery check against rising-edge clock clk)
Path Group: asynchronous
Path Type: max

Fanout     Cap    Slew   Delay    Time   Description
-----------------------------------------------------------------------------
                  0.15    0.00    0.00   clock clk (rise edge)
                          0.00    0.00   clock network delay (ideal)
                          2.00    2.00 v input external delay
                  0.05    0.04    2.04 v reset (in)
     7    0.02                           reset (net)
                  0.05    0.00    2.04 v _293_/A (sky130_fd_sc_hd__inv_2)
                  0.03    0.05    2.09 ^ _293_/Y (sky130_fd_sc_hd__inv_2)
     1    0.00                           _034_ (net)
                  0.03    0.00    2.09 ^ _327_/RESET_B (sky130_fd_sc_hd__dfrtp_2)
                                  2.09   data arrival time

                  0.15   10.00   10.00   clock clk (rise edge)
                          0.00   10.00   clock network delay (ideal)
                         -0.25    9.75   clock uncertainty
                          0.00    9.75   clock reconvergence pessimism
                                  9.75 ^ _327_/CLK (sky130_fd_sc_hd__dfrtp_2)
                          0.26   10.01   library recovery time
                                 10.01   data required time
-----------------------------------------------------------------------------
                                 10.01   data required time
                                 -2.09   data arrival time
-----------------------------------------------------------------------------
                                  7.92   slack (MET)


Startpoint: reset (input port clocked by clk)
Endpoint: _328_ (recovery check against rising-edge clock clk)
Path Group: asynchronous
Path Type: max

Fanout     Cap    Slew   Delay    Time   Description
-----------------------------------------------------------------------------
                  0.15    0.00    0.00   clock clk (rise edge)
                          0.00    0.00   clock network delay (ideal)
                          2.00    2.00 v input external delay
                  0.05    0.04    2.04 v reset (in)
     7    0.02                           reset (net)
                  0.05    0.00    2.04 v _294_/A (sky130_fd_sc_hd__inv_2)
                  0.03    0.05    2.09 ^ _294_/Y (sky130_fd_sc_hd__inv_2)
     1    0.00                           _035_ (net)
                  0.03    0.00    2.09 ^ _328_/RESET_B (sky130_fd_sc_hd__dfrtp_2)
                                  2.09   data arrival time

                  0.15   10.00   10.00   clock clk (rise edge)
                          0.00   10.00   clock network delay (ideal)
                         -0.25    9.75   clock uncertainty
                          0.00    9.75   clock reconvergence pessimism
                                  9.75 ^ _328_/CLK (sky130_fd_sc_hd__dfrtp_2)
                          0.26   10.01   library recovery time
                                 10.01   data required time
-----------------------------------------------------------------------------
                                 10.01   data required time
                                 -2.09   data arrival time
-----------------------------------------------------------------------------
                                  7.92   slack (MET)


Startpoint: reset (input port clocked by clk)
Endpoint: _329_ (recovery check against rising-edge clock clk)
Path Group: asynchronous
Path Type: max

Fanout     Cap    Slew   Delay    Time   Description
-----------------------------------------------------------------------------
                  0.15    0.00    0.00   clock clk (rise edge)
                          0.00    0.00   clock network delay (ideal)
                          2.00    2.00 v input external delay
                  0.05    0.04    2.04 v reset (in)
     7    0.02                           reset (net)
                  0.05    0.00    2.04 v _295_/A (sky130_fd_sc_hd__inv_2)
                  0.03    0.05    2.09 ^ _295_/Y (sky130_fd_sc_hd__inv_2)
     1    0.00                           _036_ (net)
                  0.03    0.00    2.09 ^ _329_/RESET_B (sky130_fd_sc_hd__dfrtp_2)
                                  2.09   data arrival time

                  0.15   10.00   10.00   clock clk (rise edge)
                          0.00   10.00   clock network delay (ideal)
                         -0.25    9.75   clock uncertainty
                          0.00    9.75   clock reconvergence pessimism
                                  9.75 ^ _329_/CLK (sky130_fd_sc_hd__dfrtp_2)
                          0.26   10.01   library recovery time
                                 10.01   data required time
-----------------------------------------------------------------------------
                                 10.01   data required time
                                 -2.09   data arrival time
-----------------------------------------------------------------------------
                                  7.92   slack (MET)


Startpoint: _314_ (rising edge-triggered flip-flop clocked by clk)
Endpoint: _324_ (rising edge-triggered flip-flop clocked by clk)
Path Group: clk
Path Type: max

Fanout     Cap    Slew   Delay    Time   Description
-----------------------------------------------------------------------------
                  0.15    0.00    0.00   clock clk (rise edge)
                          0.00    0.00   clock network delay (ideal)
                  0.15    0.00    0.00 ^ _314_/CLK (sky130_fd_sc_hd__dfrtp_2)
                  0.13    0.47    0.47 ^ _314_/Q (sky130_fd_sc_hd__dfrtp_2)
     8    0.02                           baud_count[0] (net)
                  0.13    0.00    0.47 ^ _207_/B (sky130_fd_sc_hd__and4_2)
                  0.12    0.31    0.78 ^ _207_/X (sky130_fd_sc_hd__and4_2)
     7    0.02                           _105_ (net)
                  0.12    0.00    0.78 ^ _220_/A (sky130_fd_sc_hd__and3_2)
                  0.11    0.26    1.04 ^ _220_/X (sky130_fd_sc_hd__and3_2)
     5    0.02                           _115_ (net)
                  0.11    0.00    1.04 ^ _227_/C (sky130_fd_sc_hd__nand3_2)
                  0.09    0.12    1.16 v _227_/Y (sky130_fd_sc_hd__nand3_2)
     4    0.01                           _120_ (net)
                  0.09    0.00    1.16 v _231_/B (sky130_fd_sc_hd__or2_2)
                  0.05    0.29    1.45 v _231_/X (sky130_fd_sc_hd__or2_2)
     1    0.00                           _123_ (net)
                  0.05    0.00    1.45 v _232_/C (sky130_fd_sc_hd__and3_2)
                  0.04    0.21    1.66 v _232_/X (sky130_fd_sc_hd__and3_2)
     1    0.00                           _124_ (net)
                  0.04    0.00    1.66 v _233_/A (sky130_fd_sc_hd__buf_1)
                  0.02    0.08    1.74 v _233_/X (sky130_fd_sc_hd__buf_1)
     1    0.00                           _001_ (net)
                  0.02    0.00    1.74 v _324_/D (sky130_fd_sc_hd__dfrtp_2)
                                  1.74   data arrival time

                  0.15   10.00   10.00   clock clk (rise edge)
                          0.00   10.00   clock network delay (ideal)
                         -0.25    9.75   clock uncertainty
                          0.00    9.75   clock reconvergence pessimism
                                  9.75 ^ _324_/CLK (sky130_fd_sc_hd__dfrtp_2)
                         -0.08    9.67   library setup time
                                  9.67   data required time
-----------------------------------------------------------------------------
                                  9.67   data required time
                                 -1.74   data arrival time
-----------------------------------------------------------------------------
                                  7.93   slack (MET)


Startpoint: _300_ (rising edge-triggered flip-flop clocked by clk)
Endpoint: _304_ (rising edge-triggered flip-flop clocked by clk)
Path Group: clk
Path Type: max

Fanout     Cap    Slew   Delay    Time   Description
-----------------------------------------------------------------------------
                  0.15    0.00    0.00   clock clk (rise edge)
                          0.00    0.00   clock network delay (ideal)
                  0.15    0.00    0.00 ^ _300_/CLK (sky130_fd_sc_hd__dfrtp_2)
                  0.18    0.51    0.51 ^ _300_/Q (sky130_fd_sc_hd__dfrtp_2)
     8    0.04                           bit_index[0] (net)
                  0.18    0.00    0.51 ^ _256_/S0 (sky130_fd_sc_hd__mux4_2)
                  0.07    0.53    1.04 v _256_/X (sky130_fd_sc_hd__mux4_2)
     1    0.00                           _141_ (net)
                  0.07    0.00    1.04 v _257_/A (sky130_fd_sc_hd__or2b_2)
                  0.05    0.30    1.34 v _257_/X (sky130_fd_sc_hd__or2b_2)
     1    0.00                           _142_ (net)
                  0.05    0.00    1.34 v _258_/A3 (sky130_fd_sc_hd__a311o_2)
                  0.05    0.39    1.73 v _258_/X (sky130_fd_sc_hd__a311o_2)
     1    0.00                           _147_ (net)
                  0.05    0.00    1.73 v _304_/D (sky130_fd_sc_hd__dfstp_2)
                                  1.73   data arrival time

                  0.15   10.00   10.00   clock clk (rise edge)
                          0.00   10.00   clock network delay (ideal)
                         -0.25    9.75   clock uncertainty
                          0.00    9.75   clock reconvergence pessimism
                                  9.75 ^ _304_/CLK (sky130_fd_sc_hd__dfstp_2)
                         -0.05    9.70   library setup time
                                  9.70   data required time
-----------------------------------------------------------------------------
                                  9.70   data required time
                                 -1.73   data arrival time
-----------------------------------------------------------------------------
                                  7.97   slack (MET)


Startpoint: _314_ (rising edge-triggered flip-flop clocked by clk)
Endpoint: _327_ (rising edge-triggered flip-flop clocked by clk)
Path Group: clk
Path Type: max

Fanout     Cap    Slew   Delay    Time   Description
-----------------------------------------------------------------------------
                  0.15    0.00    0.00   clock clk (rise edge)
                          0.00    0.00   clock network delay (ideal)
                  0.15    0.00    0.00 ^ _314_/CLK (sky130_fd_sc_hd__dfrtp_2)
                  0.13    0.47    0.47 ^ _314_/Q (sky130_fd_sc_hd__dfrtp_2)
     8    0.02                           baud_count[0] (net)
                  0.13    0.00    0.47 ^ _207_/B (sky130_fd_sc_hd__and4_2)
                  0.12    0.31    0.78 ^ _207_/X (sky130_fd_sc_hd__and4_2)
     7    0.02                           _105_ (net)
                  0.12    0.00    0.78 ^ _236_/A (sky130_fd_sc_hd__and4_2)
                  0.12    0.30    1.08 ^ _236_/X (sky130_fd_sc_hd__and4_2)
     6    0.02                           _127_ (net)
                  0.12    0.00    1.08 ^ _242_/C (sky130_fd_sc_hd__and3_2)
                  0.09    0.24    1.32 ^ _242_/X (sky130_fd_sc_hd__and3_2)
     3    0.01                           _131_ (net)
                  0.09    0.00    1.32 ^ _243_/A (sky130_fd_sc_hd__inv_2)
                  0.02    0.03    1.35 v _243_/Y (sky130_fd_sc_hd__inv_2)
     1    0.00                           _132_ (net)
                  0.02    0.00    1.35 v _244_/C (sky130_fd_sc_hd__and3_2)
                  0.04    0.20    1.54 v _244_/X (sky130_fd_sc_hd__and3_2)
     1    0.00                           _133_ (net)
                  0.04    0.00    1.54 v _245_/A (sky130_fd_sc_hd__buf_1)
                  0.02    0.08    1.62 v _245_/X (sky130_fd_sc_hd__buf_1)
     1    0.00                           _004_ (net)
                  0.02    0.00    1.62 v _327_/D (sky130_fd_sc_hd__dfrtp_2)
                                  1.62   data arrival time

                  0.15   10.00   10.00   clock clk (rise edge)
                          0.00   10.00   clock network delay (ideal)
                         -0.25    9.75   clock uncertainty
                          0.00    9.75   clock reconvergence pessimism
                                  9.75 ^ _327_/CLK (sky130_fd_sc_hd__dfrtp_2)
                         -0.08    9.67   library setup time
                                  9.67   data required time
-----------------------------------------------------------------------------
                                  9.67   data required time
                                 -1.62   data arrival time
-----------------------------------------------------------------------------
                                  8.05   slack (MET)


Startpoint: _297_ (rising edge-triggered flip-flop clocked by clk)
Endpoint: _314_ (rising edge-triggered flip-flop clocked by clk)
Path Group: clk
Path Type: max

Fanout     Cap    Slew   Delay    Time   Description
-----------------------------------------------------------------------------
                  0.15    0.00    0.00   clock clk (rise edge)
                          0.00    0.00   clock network delay (ideal)
                  0.15    0.00    0.00 ^ _297_/CLK (sky130_fd_sc_hd__dfrtp_2)
                  0.08    0.50    0.50 v _297_/Q (sky130_fd_sc_hd__dfrtp_2)
     8    0.02                           state[1] (net)
                  0.08    0.00    0.50 v _192_/B (sky130_fd_sc_hd__or3_2)
                  0.11    0.52    1.02 v _192_/X (sky130_fd_sc_hd__or3_2)
     7    0.01                           _094_ (net)
                  0.11    0.00    1.02 v _193_/A (sky130_fd_sc_hd__buf_1)
                  0.11    0.20    1.22 v _193_/X (sky130_fd_sc_hd__buf_1)
    10    0.02                           _095_ (net)
                  0.11    0.00    1.22 v _194_/B (sky130_fd_sc_hd__and2b_2)
                  0.03    0.22    1.44 v _194_/X (sky130_fd_sc_hd__and2b_2)
     1    0.00                           _096_ (net)
                  0.03    0.00    1.44 v _195_/A (sky130_fd_sc_hd__buf_1)
                  0.02    0.08    1.52 v _195_/X (sky130_fd_sc_hd__buf_1)
     1    0.00                           _000_ (net)
                  0.02    0.00    1.52 v _314_/D (sky130_fd_sc_hd__dfrtp_2)
                                  1.52   data arrival time

                  0.15   10.00   10.00   clock clk (rise edge)
                          0.00   10.00   clock network delay (ideal)
                         -0.25    9.75   clock uncertainty
                          0.00    9.75   clock reconvergence pessimism
                                  9.75 ^ _314_/CLK (sky130_fd_sc_hd__dfrtp_2)
                         -0.08    9.67   library setup time
                                  9.67   data required time
-----------------------------------------------------------------------------
                                  9.67   data required time
                                 -1.52   data arrival time
-----------------------------------------------------------------------------
                                  8.14   slack (MET)


Startpoint: _297_ (rising edge-triggered flip-flop clocked by clk)
Endpoint: _322_ (rising edge-triggered flip-flop clocked by clk)
Path Group: clk
Path Type: max

Fanout     Cap    Slew   Delay    Time   Description
-----------------------------------------------------------------------------
                  0.15    0.00    0.00   clock clk (rise edge)
                          0.00    0.00   clock network delay (ideal)
                  0.15    0.00    0.00 ^ _297_/CLK (sky130_fd_sc_hd__dfrtp_2)
                  0.08    0.50    0.50 v _297_/Q (sky130_fd_sc_hd__dfrtp_2)
     8    0.02                           state[1] (net)
                  0.08    0.00    0.50 v _192_/B (sky130_fd_sc_hd__or3_2)
                  0.11    0.52    1.02 v _192_/X (sky130_fd_sc_hd__or3_2)
     7    0.01                           _094_ (net)
                  0.11    0.00    1.02 v _193_/A (sky130_fd_sc_hd__buf_1)
                  0.11    0.20    1.22 v _193_/X (sky130_fd_sc_hd__buf_1)
    10    0.02                           _095_ (net)
                  0.11    0.00    1.22 v _224_/B1_N (sky130_fd_sc_hd__a21boi_2)
                  0.04    0.18    1.40 v _224_/Y (sky130_fd_sc_hd__a21boi_2)
     1    0.00                           _118_ (net)
                  0.04    0.00    1.40 v _225_/B1 (sky130_fd_sc_hd__o21a_2)
                  0.03    0.11    1.51 v _225_/X (sky130_fd_sc_hd__o21a_2)
     1    0.00                           _014_ (net)
                  0.03    0.00    1.51 v _322_/D (sky130_fd_sc_hd__dfrtp_2)
                                  1.51   data arrival time

                  0.15   10.00   10.00   clock clk (rise edge)
                          0.00   10.00   clock network delay (ideal)
                         -0.25    9.75   clock uncertainty
                          0.00    9.75   clock reconvergence pessimism
                                  9.75 ^ _322_/CLK (sky130_fd_sc_hd__dfrtp_2)
                         -0.09    9.66   library setup time
                                  9.66   data required time
-----------------------------------------------------------------------------
                                  9.66   data required time
                                 -1.51   data arrival time
-----------------------------------------------------------------------------
                                  8.15   slack (MET)


Startpoint: _297_ (rising edge-triggered flip-flop clocked by clk)
Endpoint: _326_ (rising edge-triggered flip-flop clocked by clk)
Path Group: clk
Path Type: max

Fanout     Cap    Slew   Delay    Time   Description
-----------------------------------------------------------------------------
                  0.15    0.00    0.00   clock clk (rise edge)
                          0.00    0.00   clock network delay (ideal)
                  0.15    0.00    0.00 ^ _297_/CLK (sky130_fd_sc_hd__dfrtp_2)
                  0.08    0.50    0.50 v _297_/Q (sky130_fd_sc_hd__dfrtp_2)
     8    0.02                           state[1] (net)
                  0.08    0.00    0.50 v _192_/B (sky130_fd_sc_hd__or3_2)
                  0.11    0.52    1.02 v _192_/X (sky130_fd_sc_hd__or3_2)
     7    0.01                           _094_ (net)
                  0.11    0.00    1.02 v _193_/A (sky130_fd_sc_hd__buf_1)
                  0.11    0.20    1.22 v _193_/X (sky130_fd_sc_hd__buf_1)
    10    0.02                           _095_ (net)
                  0.11    0.00    1.22 v _239_/B1_N (sky130_fd_sc_hd__a21boi_2)
                  0.04    0.18    1.40 v _239_/Y (sky130_fd_sc_hd__a21boi_2)
     1    0.00                           _129_ (net)
                  0.04    0.00    1.40 v _240_/B1 (sky130_fd_sc_hd__o21a_2)
                  0.03    0.11    1.51 v _240_/X (sky130_fd_sc_hd__o21a_2)
     1    0.00                           _003_ (net)
                  0.03    0.00    1.51 v _326_/D (sky130_fd_sc_hd__dfrtp_2)
                                  1.51   data arrival time

                  0.15   10.00   10.00   clock clk (rise edge)
                          0.00   10.00   clock network delay (ideal)
                         -0.25    9.75   clock uncertainty
                          0.00    9.75   clock reconvergence pessimism
                                  9.75 ^ _326_/CLK (sky130_fd_sc_hd__dfrtp_2)
                         -0.09    9.66   library setup time
                                  9.66   data required time
-----------------------------------------------------------------------------
                                  9.66   data required time
                                 -1.51   data arrival time
-----------------------------------------------------------------------------
                                  8.15   slack (MET)


Startpoint: _297_ (rising edge-triggered flip-flop clocked by clk)
Endpoint: _320_ (rising edge-triggered flip-flop clocked by clk)
Path Group: clk
Path Type: max

Fanout     Cap    Slew   Delay    Time   Description
-----------------------------------------------------------------------------
                  0.15    0.00    0.00   clock clk (rise edge)
                          0.00    0.00   clock network delay (ideal)
                  0.15    0.00    0.00 ^ _297_/CLK (sky130_fd_sc_hd__dfrtp_2)
                  0.08    0.50    0.50 v _297_/Q (sky130_fd_sc_hd__dfrtp_2)
     8    0.02                           state[1] (net)
                  0.08    0.00    0.50 v _192_/B (sky130_fd_sc_hd__or3_2)
                  0.11    0.52    1.02 v _192_/X (sky130_fd_sc_hd__or3_2)
     7    0.01                           _094_ (net)
                  0.11    0.00    1.02 v _193_/A (sky130_fd_sc_hd__buf_1)
                  0.11    0.20    1.22 v _193_/X (sky130_fd_sc_hd__buf_1)
    10    0.02                           _095_ (net)
                  0.11    0.00    1.22 v _216_/B1_N (sky130_fd_sc_hd__a21boi_2)
                  0.04    0.18    1.40 v _216_/Y (sky130_fd_sc_hd__a21boi_2)
     1    0.00                           _112_ (net)
                  0.04    0.00    1.40 v _217_/B1 (sky130_fd_sc_hd__o21a_2)
                  0.03    0.11    1.51 v _217_/X (sky130_fd_sc_hd__o21a_2)
     1    0.00                           _012_ (net)
                  0.03    0.00    1.51 v _320_/D (sky130_fd_sc_hd__dfrtp_2)
                                  1.51   data arrival time

                  0.15   10.00   10.00   clock clk (rise edge)
                          0.00   10.00   clock network delay (ideal)
                         -0.25    9.75   clock uncertainty
                          0.00    9.75   clock reconvergence pessimism
                                  9.75 ^ _320_/CLK (sky130_fd_sc_hd__dfrtp_2)
                         -0.09    9.66   library setup time
                                  9.66   data required time
-----------------------------------------------------------------------------
                                  9.66   data required time
                                 -1.51   data arrival time
-----------------------------------------------------------------------------
                                  8.15   slack (MET)


Startpoint: _297_ (rising edge-triggered flip-flop clocked by clk)
Endpoint: _328_ (rising edge-triggered flip-flop clocked by clk)
Path Group: clk
Path Type: max

Fanout     Cap    Slew   Delay    Time   Description
-----------------------------------------------------------------------------
                  0.15    0.00    0.00   clock clk (rise edge)
                          0.00    0.00   clock network delay (ideal)
                  0.15    0.00    0.00 ^ _297_/CLK (sky130_fd_sc_hd__dfrtp_2)
                  0.08    0.50    0.50 v _297_/Q (sky130_fd_sc_hd__dfrtp_2)
     8    0.02                           state[1] (net)
                  0.08    0.00    0.50 v _192_/B (sky130_fd_sc_hd__or3_2)
                  0.11    0.52    1.02 v _192_/X (sky130_fd_sc_hd__or3_2)
     7    0.01                           _094_ (net)
                  0.11    0.00    1.02 v _193_/A (sky130_fd_sc_hd__buf_1)
                  0.11    0.20    1.22 v _193_/X (sky130_fd_sc_hd__buf_1)
    10    0.02                           _095_ (net)
                  0.11    0.00    1.22 v _246_/B1_N (sky130_fd_sc_hd__a21boi_2)
                  0.04    0.18    1.40 v _246_/Y (sky130_fd_sc_hd__a21boi_2)
     1    0.00                           _134_ (net)
                  0.04    0.00    1.40 v _247_/B1 (sky130_fd_sc_hd__o21a_2)
                  0.03    0.11    1.51 v _247_/X (sky130_fd_sc_hd__o21a_2)
     1    0.00                           _005_ (net)
                  0.03    0.00    1.51 v _328_/D (sky130_fd_sc_hd__dfrtp_2)
                                  1.51   data arrival time

                  0.15   10.00   10.00   clock clk (rise edge)
                          0.00   10.00   clock network delay (ideal)
                         -0.25    9.75   clock uncertainty
                          0.00    9.75   clock reconvergence pessimism
                                  9.75 ^ _328_/CLK (sky130_fd_sc_hd__dfrtp_2)
                         -0.09    9.66   library setup time
                                  9.66   data required time
-----------------------------------------------------------------------------
                                  9.66   data required time
                                 -1.51   data arrival time
-----------------------------------------------------------------------------
                                  8.15   slack (MET)


Startpoint: _297_ (rising edge-triggered flip-flop clocked by clk)
Endpoint: _321_ (rising edge-triggered flip-flop clocked by clk)
Path Group: clk
Path Type: max

Fanout     Cap    Slew   Delay    Time   Description
-----------------------------------------------------------------------------
                  0.15    0.00    0.00   clock clk (rise edge)
                          0.00    0.00   clock network delay (ideal)
                  0.15    0.00    0.00 ^ _297_/CLK (sky130_fd_sc_hd__dfrtp_2)
                  0.08    0.50    0.50 v _297_/Q (sky130_fd_sc_hd__dfrtp_2)
     8    0.02                           state[1] (net)
                  0.08    0.00    0.50 v _192_/B (sky130_fd_sc_hd__or3_2)
                  0.11    0.52    1.02 v _192_/X (sky130_fd_sc_hd__or3_2)
     7    0.01                           _094_ (net)
                  0.11    0.00    1.02 v _193_/A (sky130_fd_sc_hd__buf_1)
                  0.11    0.20    1.22 v _193_/X (sky130_fd_sc_hd__buf_1)
    10    0.02                           _095_ (net)
                  0.11    0.00    1.22 v _222_/A (sky130_fd_sc_hd__and3_2)
                  0.04    0.20    1.42 v _222_/X (sky130_fd_sc_hd__and3_2)
     1    0.00                           _117_ (net)
                  0.04    0.00    1.42 v _223_/A (sky130_fd_sc_hd__buf_1)
                  0.02    0.08    1.51 v _223_/X (sky130_fd_sc_hd__buf_1)
     1    0.00                           _013_ (net)
                  0.02    0.00    1.51 v _321_/D (sky130_fd_sc_hd__dfrtp_2)
                                  1.51   data arrival time

                  0.15   10.00   10.00   clock clk (rise edge)
                          0.00   10.00   clock network delay (ideal)
                         -0.25    9.75   clock uncertainty
                          0.00    9.75   clock reconvergence pessimism
                                  9.75 ^ _321_/CLK (sky130_fd_sc_hd__dfrtp_2)
                         -0.08    9.67   library setup time
                                  9.67   data required time
-----------------------------------------------------------------------------
                                  9.67   data required time
                                 -1.51   data arrival time
-----------------------------------------------------------------------------
                                  8.16   slack (MET)


Startpoint: _297_ (rising edge-triggered flip-flop clocked by clk)
Endpoint: _319_ (rising edge-triggered flip-flop clocked by clk)
Path Group: clk
Path Type: max

Fanout     Cap    Slew   Delay    Time   Description
-----------------------------------------------------------------------------
                  0.15    0.00    0.00   clock clk (rise edge)
                          0.00    0.00   clock network delay (ideal)
                  0.15    0.00    0.00 ^ _297_/CLK (sky130_fd_sc_hd__dfrtp_2)
                  0.08    0.50    0.50 v _297_/Q (sky130_fd_sc_hd__dfrtp_2)
     8    0.02                           state[1] (net)
                  0.08    0.00    0.50 v _192_/B (sky130_fd_sc_hd__or3_2)
                  0.11    0.52    1.02 v _192_/X (sky130_fd_sc_hd__or3_2)
     7    0.01                           _094_ (net)
                  0.11    0.00    1.02 v _193_/A (sky130_fd_sc_hd__buf_1)
                  0.11    0.20    1.22 v _193_/X (sky130_fd_sc_hd__buf_1)
    10    0.02                           _095_ (net)
                  0.11    0.00    1.22 v _214_/A (sky130_fd_sc_hd__and3_2)
                  0.04    0.20    1.42 v _214_/X (sky130_fd_sc_hd__and3_2)
     1    0.00                           _111_ (net)
                  0.04    0.00    1.42 v _215_/A (sky130_fd_sc_hd__buf_1)
                  0.02    0.08    1.51 v _215_/X (sky130_fd_sc_hd__buf_1)
     1    0.00                           _011_ (net)
                  0.02    0.00    1.51 v _319_/D (sky130_fd_sc_hd__dfrtp_2)
                                  1.51   data arrival time

                  0.15   10.00   10.00   clock clk (rise edge)
                          0.00   10.00   clock network delay (ideal)
                         -0.25    9.75   clock uncertainty
                          0.00    9.75   clock reconvergence pessimism
                                  9.75 ^ _319_/CLK (sky130_fd_sc_hd__dfrtp_2)
                         -0.08    9.67   library setup time
                                  9.67   data required time
-----------------------------------------------------------------------------
                                  9.67   data required time
                                 -1.51   data arrival time
-----------------------------------------------------------------------------
                                  8.16   slack (MET)


Startpoint: _314_ (rising edge-triggered flip-flop clocked by clk)
Endpoint: _329_ (rising edge-triggered flip-flop clocked by clk)
Path Group: clk
Path Type: max

Fanout     Cap    Slew   Delay    Time   Description
-----------------------------------------------------------------------------
                  0.15    0.00    0.00   clock clk (rise edge)
                          0.00    0.00   clock network delay (ideal)
                  0.15    0.00    0.00 ^ _314_/CLK (sky130_fd_sc_hd__dfrtp_2)
                  0.13    0.47    0.47 ^ _314_/Q (sky130_fd_sc_hd__dfrtp_2)
     8    0.02                           baud_count[0] (net)
                  0.13    0.00    0.47 ^ _207_/B (sky130_fd_sc_hd__and4_2)
                  0.12    0.31    0.78 ^ _207_/X (sky130_fd_sc_hd__and4_2)
     7    0.02                           _105_ (net)
                  0.12    0.00    0.78 ^ _236_/A (sky130_fd_sc_hd__and4_2)
                  0.12    0.30    1.08 ^ _236_/X (sky130_fd_sc_hd__and4_2)
     6    0.02                           _127_ (net)
                  0.12    0.00    1.08 ^ _248_/D (sky130_fd_sc_hd__and4_2)
                  0.09    0.28    1.35 ^ _248_/X (sky130_fd_sc_hd__and4_2)
     2    0.01                           _135_ (net)
                  0.09    0.00    1.35 ^ _249_/A2 (sky130_fd_sc_hd__o21ai_2)
                  0.07    0.06    1.41 v _249_/Y (sky130_fd_sc_hd__o21ai_2)
     1    0.00                           _136_ (net)
                  0.07    0.00    1.41 v _250_/B1 (sky130_fd_sc_hd__a21oi_2)
                  0.07    0.10    1.51 ^ _250_/Y (sky130_fd_sc_hd__a21oi_2)
     1    0.00                           _006_ (net)
                  0.07    0.00    1.51 ^ _329_/D (sky130_fd_sc_hd__dfrtp_2)
                                  1.51   data arrival time

                  0.15   10.00   10.00   clock clk (rise edge)
                          0.00   10.00   clock network delay (ideal)
                         -0.25    9.75   clock uncertainty
                          0.00    9.75   clock reconvergence pessimism
                                  9.75 ^ _329_/CLK (sky130_fd_sc_hd__dfrtp_2)
                         -0.05    9.70   library setup time
                                  9.70   data required time
-----------------------------------------------------------------------------
                                  9.70   data required time
                                 -1.51   data arrival time
-----------------------------------------------------------------------------
                                  8.18   slack (MET)


Startpoint: _314_ (rising edge-triggered flip-flop clocked by clk)
Endpoint: _323_ (rising edge-triggered flip-flop clocked by clk)
Path Group: clk
Path Type: max

Fanout     Cap    Slew   Delay    Time   Description
-----------------------------------------------------------------------------
                  0.15    0.00    0.00   clock clk (rise edge)
                          0.00    0.00   clock network delay (ideal)
                  0.15    0.00    0.00 ^ _314_/CLK (sky130_fd_sc_hd__dfrtp_2)
                  0.08    0.50    0.50 v _314_/Q (sky130_fd_sc_hd__dfrtp_2)
     8    0.02                           baud_count[0] (net)
                  0.08    0.00    0.50 v _207_/B (sky130_fd_sc_hd__and4_2)
                  0.07    0.27    0.77 v _207_/X (sky130_fd_sc_hd__and4_2)
     7    0.02                           _105_ (net)
                  0.07    0.00    0.77 v _220_/A (sky130_fd_sc_hd__and3_2)
                  0.07    0.23    1.00 v _220_/X (sky130_fd_sc_hd__and3_2)
     5    0.02                           _115_ (net)
                  0.07    0.00    1.00 v _226_/B (sky130_fd_sc_hd__and2_2)
                  0.04    0.20    1.20 v _226_/X (sky130_fd_sc_hd__and2_2)
     1    0.00                           _119_ (net)
                  0.04    0.00    1.20 v _228_/A2 (sky130_fd_sc_hd__o211a_2)
                  0.04    0.23    1.44 v _228_/X (sky130_fd_sc_hd__o211a_2)
     1    0.00                           _015_ (net)
                  0.04    0.00    1.44 v _323_/D (sky130_fd_sc_hd__dfrtp_2)
                                  1.44   data arrival time

                  0.15   10.00   10.00   clock clk (rise edge)
                          0.00   10.00   clock network delay (ideal)
                         -0.25    9.75   clock uncertainty
                          0.00    9.75   clock reconvergence pessimism
                                  9.75 ^ _323_/CLK (sky130_fd_sc_hd__dfrtp_2)
                         -0.09    9.66   library setup time
                                  9.66   data required time
-----------------------------------------------------------------------------
                                  9.66   data required time
                                 -1.44   data arrival time
-----------------------------------------------------------------------------
                                  8.23   slack (MET)


Startpoint: _314_ (rising edge-triggered flip-flop clocked by clk)
Endpoint: _325_ (rising edge-triggered flip-flop clocked by clk)
Path Group: clk
Path Type: max

Fanout     Cap    Slew   Delay    Time   Description
-----------------------------------------------------------------------------
                  0.15    0.00    0.00   clock clk (rise edge)
                          0.00    0.00   clock network delay (ideal)
                  0.15    0.00    0.00 ^ _314_/CLK (sky130_fd_sc_hd__dfrtp_2)
                  0.08    0.50    0.50 v _314_/Q (sky130_fd_sc_hd__dfrtp_2)
     8    0.02                           baud_count[0] (net)
                  0.08    0.00    0.50 v _207_/B (sky130_fd_sc_hd__and4_2)
                  0.07    0.27    0.77 v _207_/X (sky130_fd_sc_hd__and4_2)
     7    0.02                           _105_ (net)
                  0.07    0.00    0.77 v _220_/A (sky130_fd_sc_hd__and3_2)
                  0.07    0.23    1.00 v _220_/X (sky130_fd_sc_hd__and3_2)
     5    0.02                           _115_ (net)
                  0.07    0.00    1.00 v _227_/C (sky130_fd_sc_hd__nand3_2)
                  0.09    0.12    1.12 ^ _227_/Y (sky130_fd_sc_hd__nand3_2)
     4    0.01                           _120_ (net)
                  0.09    0.00    1.12 ^ _234_/B (sky130_fd_sc_hd__nor2_2)
                  0.02    0.04    1.16 v _234_/Y (sky130_fd_sc_hd__nor2_2)
     1    0.00                           _125_ (net)
                  0.02    0.00    1.16 v _238_/A2 (sky130_fd_sc_hd__o211a_2)
                  0.04    0.23    1.38 v _238_/X (sky130_fd_sc_hd__o211a_2)
     1    0.00                           _002_ (net)
                  0.04    0.00    1.38 v _325_/D (sky130_fd_sc_hd__dfrtp_2)
                                  1.38   data arrival time

                  0.15   10.00   10.00   clock clk (rise edge)
                          0.00   10.00   clock network delay (ideal)
                         -0.25    9.75   clock uncertainty
                          0.00    9.75   clock reconvergence pessimism
                                  9.75 ^ _325_/CLK (sky130_fd_sc_hd__dfrtp_2)
                         -0.09    9.66   library setup time
                                  9.66   data required time
-----------------------------------------------------------------------------
                                  9.66   data required time
                                 -1.38   data arrival time
-----------------------------------------------------------------------------
                                  8.28   slack (MET)


Startpoint: _297_ (rising edge-triggered flip-flop clocked by clk)
Endpoint: _316_ (rising edge-triggered flip-flop clocked by clk)
Path Group: clk
Path Type: max

Fanout     Cap    Slew   Delay    Time   Description
-----------------------------------------------------------------------------
                  0.15    0.00    0.00   clock clk (rise edge)
                          0.00    0.00   clock network delay (ideal)
                  0.15    0.00    0.00 ^ _297_/CLK (sky130_fd_sc_hd__dfrtp_2)
                  0.08    0.50    0.50 v _297_/Q (sky130_fd_sc_hd__dfrtp_2)
     8    0.02                           state[1] (net)
                  0.08    0.00    0.50 v _192_/B (sky130_fd_sc_hd__or3_2)
                  0.11    0.52    1.02 v _192_/X (sky130_fd_sc_hd__or3_2)
     7    0.01                           _094_ (net)
                  0.11    0.00    1.02 v _202_/B (sky130_fd_sc_hd__and3_2)
                  0.04    0.22    1.25 v _202_/X (sky130_fd_sc_hd__and3_2)
     1    0.00                           _102_ (net)
                  0.04    0.00    1.25 v _203_/A (sky130_fd_sc_hd__buf_1)
                  0.02    0.08    1.33 v _203_/X (sky130_fd_sc_hd__buf_1)
     1    0.00                           _008_ (net)
                  0.02    0.00    1.33 v _316_/D (sky130_fd_sc_hd__dfrtp_2)
                                  1.33   data arrival time

                  0.15   10.00   10.00   clock clk (rise edge)
                          0.00   10.00   clock network delay (ideal)
                         -0.25    9.75   clock uncertainty
                          0.00    9.75   clock reconvergence pessimism
                                  9.75 ^ _316_/CLK (sky130_fd_sc_hd__dfrtp_2)
                         -0.08    9.67   library setup time
                                  9.67   data required time
-----------------------------------------------------------------------------
                                  9.67   data required time
                                 -1.33   data arrival time
-----------------------------------------------------------------------------
                                  8.34   slack (MET)


Startpoint: _297_ (rising edge-triggered flip-flop clocked by clk)
Endpoint: _317_ (rising edge-triggered flip-flop clocked by clk)
Path Group: clk
Path Type: max

Fanout     Cap    Slew   Delay    Time   Description
-----------------------------------------------------------------------------
                  0.15    0.00    0.00   clock clk (rise edge)
                          0.00    0.00   clock network delay (ideal)
                  0.15    0.00    0.00 ^ _297_/CLK (sky130_fd_sc_hd__dfrtp_2)
                  0.08    0.50    0.50 v _297_/Q (sky130_fd_sc_hd__dfrtp_2)
     8    0.02                           state[1] (net)
                  0.08    0.00    0.50 v _192_/B (sky130_fd_sc_hd__or3_2)
                  0.11    0.52    1.02 v _192_/X (sky130_fd_sc_hd__or3_2)
     7    0.01                           _094_ (net)
                  0.11    0.00    1.02 v _205_/B (sky130_fd_sc_hd__and3_2)
                  0.04    0.22    1.25 v _205_/X (sky130_fd_sc_hd__and3_2)
     1    0.00                           _104_ (net)
                  0.04    0.00    1.25 v _206_/A (sky130_fd_sc_hd__buf_1)
                  0.02    0.08    1.33 v _206_/X (sky130_fd_sc_hd__buf_1)
     1    0.00                           _009_ (net)
                  0.02    0.00    1.33 v _317_/D (sky130_fd_sc_hd__dfrtp_2)
                                  1.33   data arrival time

                  0.15   10.00   10.00   clock clk (rise edge)
                          0.00   10.00   clock network delay (ideal)
                         -0.25    9.75   clock uncertainty
                          0.00    9.75   clock reconvergence pessimism
                                  9.75 ^ _317_/CLK (sky130_fd_sc_hd__dfrtp_2)
                         -0.08    9.67   library setup time
                                  9.67   data required time
-----------------------------------------------------------------------------
                                  9.67   data required time
                                 -1.33   data arrival time
-----------------------------------------------------------------------------
                                  8.34   slack (MET)


Startpoint: _297_ (rising edge-triggered flip-flop clocked by clk)
Endpoint: _315_ (rising edge-triggered flip-flop clocked by clk)
Path Group: clk
Path Type: max

Fanout     Cap    Slew   Delay    Time   Description
-----------------------------------------------------------------------------
                  0.15    0.00    0.00   clock clk (rise edge)
                          0.00    0.00   clock network delay (ideal)
                  0.15    0.00    0.00 ^ _297_/CLK (sky130_fd_sc_hd__dfrtp_2)
                  0.08    0.50    0.50 v _297_/Q (sky130_fd_sc_hd__dfrtp_2)
     8    0.02                           state[1] (net)
                  0.08    0.00    0.50 v _192_/B (sky130_fd_sc_hd__or3_2)
                  0.11    0.52    1.02 v _192_/X (sky130_fd_sc_hd__or3_2)
     7    0.01                           _094_ (net)
                  0.11    0.00    1.02 v _198_/B (sky130_fd_sc_hd__and3_2)
                  0.04    0.22    1.25 v _198_/X (sky130_fd_sc_hd__and3_2)
     1    0.00                           _099_ (net)
                  0.04    0.00    1.25 v _199_/A (sky130_fd_sc_hd__buf_1)
                  0.02    0.08    1.33 v _199_/X (sky130_fd_sc_hd__buf_1)
     1    0.00                           _007_ (net)
                  0.02    0.00    1.33 v _315_/D (sky130_fd_sc_hd__dfrtp_2)
                                  1.33   data arrival time

                  0.15   10.00   10.00   clock clk (rise edge)
                          0.00   10.00   clock network delay (ideal)
                         -0.25    9.75   clock uncertainty
                          0.00    9.75   clock reconvergence pessimism
                                  9.75 ^ _315_/CLK (sky130_fd_sc_hd__dfrtp_2)
                         -0.08    9.67   library setup time
                                  9.67   data required time
-----------------------------------------------------------------------------
                                  9.67   data required time
                                 -1.33   data arrival time
-----------------------------------------------------------------------------
                                  8.34   slack (MET)



